"constraint_name";"table_name";"column_name";"foreign_table_name";"foreign_column_name";"constraint_type"
"a1342012_azie_fk";"autocert_134_2012";"codice_azienda";"aziende";"codice_azienda";"FOREIGN KEY"
"abi_azie_fk";"abi";"codice_azienda";"aziende";"codice_azienda";"FOREIGN KEY"
"abil_prof_fk";"abilitazioni";"nome_profilo";"profili";"nome";"FOREIGN KEY"
"agda__cal_sync__fk";"agenda";"prog_cal_sync";"calendari_sincronizzati";"id_cal_sync";"FOREIGN KEY"
"agda__cal_sync__fk";"agenda";"prog_cal_sync";"calendari_sincronizzati";"prog_cal_sync";"FOREIGN KEY"
"agda__cal_sync__fk";"agenda";"id_cal_sync";"calendari_sincronizzati";"id_cal_sync";"FOREIGN KEY"
"agda__cal_sync__fk";"agenda";"id_cal_sync";"calendari_sincronizzati";"prog_cal_sync";"FOREIGN KEY"
"agda__prg__fk";"agenda";"id_progetto";"progetti";"codice_azienda";"FOREIGN KEY"
"agda__prg__fk";"agenda";"id_progetto";"progetti";"id_progetto";"FOREIGN KEY"
"agda__prg__fk";"agenda";"codice_azienda";"progetti";"codice_azienda";"FOREIGN KEY"
"agda__prg__fk";"agenda";"codice_azienda";"progetti";"id_progetto";"FOREIGN KEY"
"agda__prg_fs__fk";"agenda";"codice_azienda";"progetti_fasi";"id_fase";"FOREIGN KEY"
"agda__prg_fs__fk";"agenda";"codice_azienda";"progetti_fasi";"codice_azienda";"FOREIGN KEY"
"agda__prg_fs__fk";"agenda";"id_fase";"progetti_fasi";"id_fase";"FOREIGN KEY"
"agda__prg_fs__fk";"agenda";"id_fase";"progetti_fasi";"codice_azienda";"FOREIGN KEY"
"agda_agda_fk";"agenda";"id_agenda_rif";"agenda";"id_agenda";"FOREIGN KEY"
"agda_agda_fk";"agenda";"id_agenda_rif";"agenda";"codice_azienda";"FOREIGN KEY"
"agda_agda_fk";"agenda";"codice_azienda";"agenda";"id_agenda";"FOREIGN KEY"
"agda_agda_fk";"agenda";"codice_azienda";"agenda";"codice_azienda";"FOREIGN KEY"
"agda_agda_pdre_fk";"agenda";"codice_azienda";"agenda";"codice_azienda";"FOREIGN KEY"
"agda_agda_pdre_fk";"agenda";"codice_azienda";"agenda";"id_agenda";"FOREIGN KEY"
"agda_agda_pdre_fk";"agenda";"id_agenda_parent";"agenda";"codice_azienda";"FOREIGN KEY"
"agda_agda_pdre_fk";"agenda";"id_agenda_parent";"agenda";"id_agenda";"FOREIGN KEY"
"agda_grpl_fk";"agenda";"id_gruppo_lavoro";"gruppi_lavoro";"codice_part";"FOREIGN KEY"
"agda_grpl_fk";"agenda";"id_gruppo_lavoro";"gruppi_lavoro";"id_gruppo_lavoro";"FOREIGN KEY"
"agda_grpl_fk";"agenda";"codice_part";"gruppi_lavoro";"codice_part";"FOREIGN KEY"
"agda_grpl_fk";"agenda";"codice_part";"gruppi_lavoro";"id_gruppo_lavoro";"FOREIGN KEY"
"agda_tlim_fk";"agenda";"codice_azienda";"tipi_luogo_impegni";"codice_azienda";"FOREIGN KEY"
"agda_tlim_fk";"agenda";"codice_azienda";"tipi_luogo_impegni";"codice_tipo_luogo";"FOREIGN KEY"
"agda_tlim_fk";"agenda";"codice_tipo_luogo";"tipi_luogo_impegni";"codice_azienda";"FOREIGN KEY"
"agda_tlim_fk";"agenda";"codice_tipo_luogo";"tipi_luogo_impegni";"codice_tipo_luogo";"FOREIGN KEY"
"ageo__anid__fk";"aree_geografiche";"id_anagrafica_capo_area";"anagrafiche_id";"id_anagrafica";"FOREIGN KEY"
"ageo__anid__fk";"aree_geografiche";"id_anagrafica_capo_area";"anagrafiche_id";"codice_part";"FOREIGN KEY"
"ageo__anid__fk";"aree_geografiche";"codice_part";"anagrafiche_id";"id_anagrafica";"FOREIGN KEY"
"ageo__anid__fk";"aree_geografiche";"codice_part";"anagrafiche_id";"codice_part";"FOREIGN KEY"
"ageo__azie__fk";"aree_geografiche";"codice_azienda";"aziende";"codice_azienda";"FOREIGN KEY"
"ageo__comu__fk";"aree_geografiche";"codice_comune";"comuni";"codice_comune";"FOREIGN KEY"
"ageo__prnc__fk";"aree_geografiche";"codice_provincia";"province";"codice_provincia";"FOREIGN KEY"
"ageoz__ageo__fk";"aree_geografiche_zone";"codice_azienda";"aree_geografiche";"codice_azienda";"FOREIGN KEY"
"ageoz__ageo__fk";"aree_geografiche_zone";"codice_azienda";"aree_geografiche";"id_area_geografica";"FOREIGN KEY"
"ageoz__ageo__fk";"aree_geografiche_zone";"id_area_geografica";"aree_geografiche";"codice_azienda";"FOREIGN KEY"
"ageoz__ageo__fk";"aree_geografiche_zone";"id_area_geografica";"aree_geografiche";"id_area_geografica";"FOREIGN KEY"
"ageoz__zone__fk";"aree_geografiche_zone";"codice_azienda";"zone";"codice_azienda";"FOREIGN KEY"
"ageoz__zone__fk";"aree_geografiche_zone";"codice_azienda";"zone";"codice_zona";"FOREIGN KEY"
"ageoz__zone__fk";"aree_geografiche_zone";"codice_zona";"zone";"codice_azienda";"FOREIGN KEY"
"ageoz__zone__fk";"aree_geografiche_zone";"codice_zona";"zone";"codice_zona";"FOREIGN KEY"
"agmt_agmt_fk";"argomenti";"id_argomento_parent";"argomenti";"id_argomento";"FOREIGN KEY"
"aiva_azie_fk";"aliquote";"codice_azienda";"aziende";"codice_azienda";"FOREIGN KEY"
"alqt_c770_fk";"aliquote";"quadro_770";"causali_770";"codice_causale_770";"FOREIGN KEY"
"alqt_c770_fk";"aliquote";"quadro_770";"causali_770";"quadro_770";"FOREIGN KEY"
"alqt_c770_fk";"aliquote";"codice_causale_770";"causali_770";"codice_causale_770";"FOREIGN KEY"
"alqt_c770_fk";"aliquote";"codice_causale_770";"causali_770";"quadro_770";"FOREIGN KEY"
"alqt_cari_fk";"aliquote";"codice_causale_rit";"causali_ritenute";"codice_causale_rit";"FOREIGN KEY"
"alqt_prtz_fk";"aliquote";"codice_part";"partizioni";"codice_part";"FOREIGN KEY"
"amcm__anid__fk";"anagrafiche_marchi_commerciali";"codice_part";"anagrafiche_id";"id_anagrafica";"FOREIGN KEY"
"amcm__anid__fk";"anagrafiche_marchi_commerciali";"codice_part";"anagrafiche_id";"codice_part";"FOREIGN KEY"
"amcm__anid__fk";"anagrafiche_marchi_commerciali";"id_anagrafica";"anagrafiche_id";"id_anagrafica";"FOREIGN KEY"
"amcm__anid__fk";"anagrafiche_marchi_commerciali";"id_anagrafica";"anagrafiche_id";"codice_part";"FOREIGN KEY"
"amcm__mrcm__fk";"anagrafiche_marchi_commerciali";"id_marchio_commerciale";"marchi_commerciali";"codice_part";"FOREIGN KEY"
"amcm__mrcm__fk";"anagrafiche_marchi_commerciali";"id_marchio_commerciale";"marchi_commerciali";"id_marchio_commerciale";"FOREIGN KEY"
"amcm__mrcm__fk";"anagrafiche_marchi_commerciali";"codice_part";"marchi_commerciali";"codice_part";"FOREIGN KEY"
"amcm__mrcm__fk";"anagrafiche_marchi_commerciali";"codice_part";"marchi_commerciali";"id_marchio_commerciale";"FOREIGN KEY"
"amin__anid__fk";"email_inbox";"id_cliente";"anagrafiche_id";"codice_part";"FOREIGN KEY"
"amin__anid__fk";"email_inbox";"id_cliente";"anagrafiche_id";"id_anagrafica";"FOREIGN KEY"
"amin__anid__fk";"email_inbox";"codice_part";"anagrafiche_id";"codice_part";"FOREIGN KEY"
"amin__anid__fk";"email_inbox";"codice_part";"anagrafiche_id";"id_anagrafica";"FOREIGN KEY"
"anag_ft_fk";"anagrafiche_ft";"codice_part";"anagrafiche_vr";"codice_part";"FOREIGN KEY"
"anag_ft_fk";"anagrafiche_ft";"codice_part";"anagrafiche_vr";"prog_vr";"FOREIGN KEY"
"anag_ft_fk";"anagrafiche_ft";"codice_part";"anagrafiche_vr";"id_anagrafica";"FOREIGN KEY"
"anag_ft_fk";"anagrafiche_ft";"prog_vr";"anagrafiche_vr";"codice_part";"FOREIGN KEY"
"anag_ft_fk";"anagrafiche_ft";"prog_vr";"anagrafiche_vr";"prog_vr";"FOREIGN KEY"
"anag_ft_fk";"anagrafiche_ft";"prog_vr";"anagrafiche_vr";"id_anagrafica";"FOREIGN KEY"
"anag_ft_fk";"anagrafiche_ft";"id_anagrafica";"anagrafiche_vr";"codice_part";"FOREIGN KEY"
"anag_ft_fk";"anagrafiche_ft";"id_anagrafica";"anagrafiche_vr";"prog_vr";"FOREIGN KEY"
"anag_ft_fk";"anagrafiche_ft";"id_anagrafica";"anagrafiche_vr";"id_anagrafica";"FOREIGN KEY"
"anas_anas_fk";"anagrafiche_statistiche";"codice_azienda";"anagrafiche_statistiche";"codice_statistico";"FOREIGN KEY"
"anas_anas_fk";"anagrafiche_statistiche";"codice_azienda";"anagrafiche_statistiche";"codice_azienda";"FOREIGN KEY"
"anas_anas_fk";"anagrafiche_statistiche";"codice_statistico_padre";"anagrafiche_statistiche";"codice_statistico";"FOREIGN KEY"
"anas_anas_fk";"anagrafiche_statistiche";"codice_statistico_padre";"anagrafiche_statistiche";"codice_azienda";"FOREIGN KEY"
"ancl__fk";"anagrafiche_cli";"codice_azienda";"derivazioni_contatto";"codice_azienda";"FOREIGN KEY"
"ancl__fk";"anagrafiche_cli";"codice_azienda";"derivazioni_contatto";"codice_derivazione";"FOREIGN KEY"
"ancl__fk";"anagrafiche_cli";"codice_derivazione_contatto";"derivazioni_contatto";"codice_azienda";"FOREIGN KEY"
"ancl__fk";"anagrafiche_cli";"codice_derivazione_contatto";"derivazioni_contatto";"codice_derivazione";"FOREIGN KEY"
"ancl_alqt_eiva_fk";"anagrafiche_cli";"codice_part";"aliquote";"codice_aliquota";"FOREIGN KEY"
"ancl_alqt_eiva_fk";"anagrafiche_cli";"codice_part";"aliquote";"codice_part";"FOREIGN KEY"
"ancl_alqt_eiva_fk";"anagrafiche_cli";"codice_esenzione_iva";"aliquote";"codice_aliquota";"FOREIGN KEY"
"ancl_alqt_eiva_fk";"anagrafiche_cli";"codice_esenzione_iva";"aliquote";"codice_part";"FOREIGN KEY"
"ancl_alqt_iva_fk";"anagrafiche_cli";"codice_aliquota_iva";"aliquote";"codice_aliquota";"FOREIGN KEY"
"ancl_alqt_iva_fk";"anagrafiche_cli";"codice_aliquota_iva";"aliquote";"codice_part";"FOREIGN KEY"
"ancl_alqt_iva_fk";"anagrafiche_cli";"codice_part";"aliquote";"codice_aliquota";"FOREIGN KEY"
"ancl_alqt_iva_fk";"anagrafiche_cli";"codice_part";"aliquote";"codice_part";"FOREIGN KEY"
"ancl_anas_fk";"anagrafiche_cli";"codice_azienda";"anagrafiche_statistiche";"codice_statistico";"FOREIGN KEY"
"ancl_anas_fk";"anagrafiche_cli";"codice_azienda";"anagrafiche_statistiche";"codice_azienda";"FOREIGN KEY"
"ancl_anas_fk";"anagrafiche_cli";"codice_statistico";"anagrafiche_statistiche";"codice_statistico";"FOREIGN KEY"
"ancl_anas_fk";"anagrafiche_cli";"codice_statistico";"anagrafiche_statistiche";"codice_azienda";"FOREIGN KEY"
"ancl_anid_age1_fk";"anagrafiche_cli";"codice_part";"anagrafiche_id";"id_anagrafica";"FOREIGN KEY"
"ancl_anid_age1_fk";"anagrafiche_cli";"codice_part";"anagrafiche_id";"codice_part";"FOREIGN KEY"
"ancl_anid_age1_fk";"anagrafiche_cli";"id_agente_primario";"anagrafiche_id";"id_anagrafica";"FOREIGN KEY"
"ancl_anid_age1_fk";"anagrafiche_cli";"id_agente_primario";"anagrafiche_id";"codice_part";"FOREIGN KEY"
"ancl_anid_age2_fk";"anagrafiche_cli";"id_agente_secondario";"anagrafiche_id";"id_anagrafica";"FOREIGN KEY"
"ancl_anid_age2_fk";"anagrafiche_cli";"id_agente_secondario";"anagrafiche_id";"codice_part";"FOREIGN KEY"
"ancl_anid_age2_fk";"anagrafiche_cli";"codice_part";"anagrafiche_id";"id_anagrafica";"FOREIGN KEY"
"ancl_anid_age2_fk";"anagrafiche_cli";"codice_part";"anagrafiche_id";"codice_part";"FOREIGN KEY"
"ancl_anid_fk";"anagrafiche_cli";"id_anagrafica";"anagrafiche_id";"codice_part";"FOREIGN KEY"
"ancl_anid_fk";"anagrafiche_cli";"id_anagrafica";"anagrafiche_id";"id_anagrafica";"FOREIGN KEY"
"ancl_anid_fk";"anagrafiche_cli";"codice_part";"anagrafiche_id";"codice_part";"FOREIGN KEY"
"ancl_anid_fk";"anagrafiche_cli";"codice_part";"anagrafiche_id";"id_anagrafica";"FOREIGN KEY"
"ancl_anid_vett_fk";"anagrafiche_cli";"codice_part";"anagrafiche_id";"codice_part";"FOREIGN KEY"
"ancl_anid_vett_fk";"anagrafiche_cli";"codice_part";"anagrafiche_id";"id_anagrafica";"FOREIGN KEY"
"ancl_anid_vett_fk";"anagrafiche_cli";"id_vettore";"anagrafiche_id";"codice_part";"FOREIGN KEY"
"ancl_anid_vett_fk";"anagrafiche_cli";"id_vettore";"anagrafiche_id";"id_anagrafica";"FOREIGN KEY"
"ancl_caub_fk";"anagrafiche_cli";"codice_azienda";"causali_bolle";"codice_azienda";"FOREIGN KEY"
"ancl_caub_fk";"anagrafiche_cli";"codice_azienda";"causali_bolle";"codice_causale";"FOREIGN KEY"
"ancl_caub_fk";"anagrafiche_cli";"codice_causale_ddt";"causali_bolle";"codice_azienda";"FOREIGN KEY"
"ancl_caub_fk";"anagrafiche_cli";"codice_causale_ddt";"causali_bolle";"codice_causale";"FOREIGN KEY"
"ancl_cc_fk";"anagrafiche_cli";"id_conto_corrente_azienda";"conti_correnti";"id_conto_corrente";"FOREIGN KEY"
"ancl_cc_fk";"anagrafiche_cli";"id_conto_corrente_azienda";"conti_correnti";"codice_azienda";"FOREIGN KEY"
"ancl_cc_fk";"anagrafiche_cli";"codice_azienda";"conti_correnti";"id_conto_corrente";"FOREIGN KEY"
"ancl_cc_fk";"anagrafiche_cli";"codice_azienda";"conti_correnti";"codice_azienda";"FOREIGN KEY"
"ancl_ceco_fk";"anagrafiche_cli";"id_centro_costo";"centri_costo";"codice_azienda";"FOREIGN KEY"
"ancl_ceco_fk";"anagrafiche_cli";"id_centro_costo";"centri_costo";"id_centro_costo";"FOREIGN KEY"
"ancl_ceco_fk";"anagrafiche_cli";"codice_azienda";"centri_costo";"codice_azienda";"FOREIGN KEY"
"ancl_ceco_fk";"anagrafiche_cli";"codice_azienda";"centri_costo";"id_centro_costo";"FOREIGN KEY"
"ancl_clft_fk";"anagrafiche_cli";"id_classe_fatt";"classi_fatturazione";"id_classe_fatt";"FOREIGN KEY"
"ancl_clft_fk";"anagrafiche_cli";"id_classe_fatt";"classi_fatturazione";"codice_azienda";"FOREIGN KEY"
"ancl_clft_fk";"anagrafiche_cli";"codice_azienda";"classi_fatturazione";"id_classe_fatt";"FOREIGN KEY"
"ancl_clft_fk";"anagrafiche_cli";"codice_azienda";"classi_fatturazione";"codice_azienda";"FOREIGN KEY"
"ancl_coss_fk";"anagrafiche_cli";"codice_studio_settore";"codici_studi_settore";"codice";"FOREIGN KEY"
"ancl_cpag_fk";"anagrafiche_cli";"id_condizione_pagamento";"condizioni_pagamento";"id_condizione_pagamento";"FOREIGN KEY"
"ancl_cpag_fk";"anagrafiche_cli";"id_condizione_pagamento";"condizioni_pagamento";"codice_azienda";"FOREIGN KEY"
"ancl_cpag_fk";"anagrafiche_cli";"codice_azienda";"condizioni_pagamento";"id_condizione_pagamento";"FOREIGN KEY"
"ancl_cpag_fk";"anagrafiche_cli";"codice_azienda";"condizioni_pagamento";"codice_azienda";"FOREIGN KEY"
"ancl_lige_fk";"anagrafiche_cli";"codice_listino";"listini_generali";"codice_azienda";"FOREIGN KEY"
"ancl_lige_fk";"anagrafiche_cli";"codice_listino";"listini_generali";"codice_listino";"FOREIGN KEY"
"ancl_lige_fk";"anagrafiche_cli";"codice_azienda";"listini_generali";"codice_azienda";"FOREIGN KEY"
"ancl_lige_fk";"anagrafiche_cli";"codice_azienda";"listini_generali";"codice_listino";"FOREIGN KEY"
"ancl_port_fk";"anagrafiche_cli";"codice_azienda";"tipi_porto";"codice_azienda";"FOREIGN KEY"
"ancl_port_fk";"anagrafiche_cli";"codice_azienda";"tipi_porto";"codice";"FOREIGN KEY"
"ancl_port_fk";"anagrafiche_cli";"codice_porto";"tipi_porto";"codice_azienda";"FOREIGN KEY"
"ancl_port_fk";"anagrafiche_cli";"codice_porto";"tipi_porto";"codice";"FOREIGN KEY"
"ancl_poso_fk";"anagrafiche_cli";"id_politica_sollecito";"politiche_sollecito";"codice_azienda";"FOREIGN KEY"
"ancl_poso_fk";"anagrafiche_cli";"id_politica_sollecito";"politiche_sollecito";"id_politica";"FOREIGN KEY"
"ancl_poso_fk";"anagrafiche_cli";"codice_azienda";"politiche_sollecito";"codice_azienda";"FOREIGN KEY"
"ancl_poso_fk";"anagrafiche_cli";"codice_azienda";"politiche_sollecito";"id_politica";"FOREIGN KEY"
"ancl_soco_fk";"anagrafiche_cli";"id_sottoconto_ricavo";"sottoconti";"id_sottoconto";"FOREIGN KEY"
"ancl_soco_fk";"anagrafiche_cli";"id_sottoconto_ricavo";"sottoconti";"id_pdc";"FOREIGN KEY"
"ancl_soco_fk";"anagrafiche_cli";"id_sottoconto_ricavo";"sottoconti";"codice_part";"FOREIGN KEY"
"ancl_soco_fk";"anagrafiche_cli";"id_sottoconto_ricavo";"sottoconti";"codice_template_fiscale";"FOREIGN KEY"
"ancl_soco_fk";"anagrafiche_cli";"id_pdc";"sottoconti";"id_sottoconto";"FOREIGN KEY"
"ancl_soco_fk";"anagrafiche_cli";"id_pdc";"sottoconti";"id_pdc";"FOREIGN KEY"
"ancl_soco_fk";"anagrafiche_cli";"id_pdc";"sottoconti";"codice_part";"FOREIGN KEY"
"ancl_soco_fk";"anagrafiche_cli";"id_pdc";"sottoconti";"codice_template_fiscale";"FOREIGN KEY"
"ancl_soco_fk";"anagrafiche_cli";"codice_template_fiscale";"sottoconti";"id_sottoconto";"FOREIGN KEY"
"ancl_soco_fk";"anagrafiche_cli";"codice_template_fiscale";"sottoconti";"id_pdc";"FOREIGN KEY"
"ancl_soco_fk";"anagrafiche_cli";"codice_template_fiscale";"sottoconti";"codice_part";"FOREIGN KEY"
"ancl_soco_fk";"anagrafiche_cli";"codice_template_fiscale";"sottoconti";"codice_template_fiscale";"FOREIGN KEY"
"ancl_soco_fk";"anagrafiche_cli";"codice_part";"sottoconti";"id_sottoconto";"FOREIGN KEY"
"ancl_soco_fk";"anagrafiche_cli";"codice_part";"sottoconti";"id_pdc";"FOREIGN KEY"
"ancl_soco_fk";"anagrafiche_cli";"codice_part";"sottoconti";"codice_part";"FOREIGN KEY"
"ancl_soco_fk";"anagrafiche_cli";"codice_part";"sottoconti";"codice_template_fiscale";"FOREIGN KEY"
"ancl_sped_fk";"anagrafiche_cli";"codice_azienda";"tipi_spedizione";"codice_azienda";"FOREIGN KEY"
"ancl_sped_fk";"anagrafiche_cli";"codice_azienda";"tipi_spedizione";"codice";"FOREIGN KEY"
"ancl_sped_fk";"anagrafiche_cli";"codice_spedizione";"tipi_spedizione";"codice_azienda";"FOREIGN KEY"
"ancl_sped_fk";"anagrafiche_cli";"codice_spedizione";"tipi_spedizione";"codice";"FOREIGN KEY"
"ancl_tana_fk";"anagrafiche_cli";"codice_azienda";"tipi_anagrafiche";"id_tipo_anagrafica";"FOREIGN KEY"
"ancl_tana_fk";"anagrafiche_cli";"codice_azienda";"tipi_anagrafiche";"codice_azienda";"FOREIGN KEY"
"ancl_tana_fk";"anagrafiche_cli";"id_tipo_anagrafica";"tipi_anagrafiche";"id_tipo_anagrafica";"FOREIGN KEY"
"ancl_tana_fk";"anagrafiche_cli";"id_tipo_anagrafica";"tipi_anagrafiche";"codice_azienda";"FOREIGN KEY"
"ancl_zone_fk";"anagrafiche_cli";"codice_zona";"zone";"codice_azienda";"FOREIGN KEY"
"ancl_zone_fk";"anagrafiche_cli";"codice_zona";"zone";"codice_zona";"FOREIGN KEY"
"ancl_zone_fk";"anagrafiche_cli";"codice_azienda";"zone";"codice_azienda";"FOREIGN KEY"
"ancl_zone_fk";"anagrafiche_cli";"codice_azienda";"zone";"codice_zona";"FOREIGN KEY"
"ancol_anid_fk";"anagrafiche_col";"codice_part";"anagrafiche_id";"id_anagrafica";"FOREIGN KEY"
"ancol_anid_fk";"anagrafiche_col";"codice_part";"anagrafiche_id";"codice_part";"FOREIGN KEY"
"ancol_anid_fk";"anagrafiche_col";"id_anagrafica";"anagrafiche_id";"id_anagrafica";"FOREIGN KEY"
"ancol_anid_fk";"anagrafiche_col";"id_anagrafica";"anagrafiche_id";"codice_part";"FOREIGN KEY"
"anct_anfr_fk";"anagrafiche_cat_tecn";"codice_part";"anagrafiche_id";"id_anagrafica";"FOREIGN KEY"
"anct_anfr_fk";"anagrafiche_cat_tecn";"codice_part";"anagrafiche_id";"codice_part";"FOREIGN KEY"
"anct_anfr_fk";"anagrafiche_cat_tecn";"id_fornitore";"anagrafiche_id";"id_anagrafica";"FOREIGN KEY"
"anct_anfr_fk";"anagrafiche_cat_tecn";"id_fornitore";"anagrafiche_id";"codice_part";"FOREIGN KEY"
"anct_cate_fk";"anagrafiche_cat_tecn";"codice_azienda";"categorie_commerciali";"codice_azienda";"FOREIGN KEY"
"anct_cate_fk";"anagrafiche_cat_tecn";"codice_azienda";"categorie_commerciali";"codice_cat_comm";"FOREIGN KEY"
"anct_cate_fk";"anagrafiche_cat_tecn";"codice_cat_comm";"categorie_commerciali";"codice_azienda";"FOREIGN KEY"
"anct_cate_fk";"anagrafiche_cat_tecn";"codice_cat_comm";"categorie_commerciali";"codice_cat_comm";"FOREIGN KEY"
"anfr_alqt_fk";"anagrafiche_for";"codice_part";"aliquote";"codice_part";"FOREIGN KEY"
"anfr_alqt_fk";"anagrafiche_for";"codice_part";"aliquote";"codice_aliquota";"FOREIGN KEY"
"anfr_alqt_fk";"anagrafiche_for";"codice_aliquota_iva";"aliquote";"codice_part";"FOREIGN KEY"
"anfr_alqt_fk";"anagrafiche_for";"codice_aliquota_iva";"aliquote";"codice_aliquota";"FOREIGN KEY"
"anfr_anid_age2_fk";"anagrafiche_for";"id_agente_secondario";"anagrafiche_id";"codice_part";"FOREIGN KEY"
"anfr_anid_age2_fk";"anagrafiche_for";"id_agente_secondario";"anagrafiche_id";"id_anagrafica";"FOREIGN KEY"
"anfr_anid_age2_fk";"anagrafiche_for";"codice_part";"anagrafiche_id";"codice_part";"FOREIGN KEY"
"anfr_anid_age2_fk";"anagrafiche_for";"codice_part";"anagrafiche_id";"id_anagrafica";"FOREIGN KEY"
"anfr_anid_fk";"anagrafiche_for";"codice_part";"anagrafiche_id";"codice_part";"FOREIGN KEY"
"anfr_anid_fk";"anagrafiche_for";"codice_part";"anagrafiche_id";"id_anagrafica";"FOREIGN KEY"
"anfr_anid_fk";"anagrafiche_for";"id_anagrafica";"anagrafiche_id";"codice_part";"FOREIGN KEY"
"anfr_anid_fk";"anagrafiche_for";"id_anagrafica";"anagrafiche_id";"id_anagrafica";"FOREIGN KEY"
"anfr_anid_vett_fk";"anagrafiche_for";"id_vettore";"anagrafiche_id";"id_anagrafica";"FOREIGN KEY"
"anfr_anid_vett_fk";"anagrafiche_for";"id_vettore";"anagrafiche_id";"codice_part";"FOREIGN KEY"
"anfr_anid_vett_fk";"anagrafiche_for";"codice_part";"anagrafiche_id";"id_anagrafica";"FOREIGN KEY"
"anfr_anid_vett_fk";"anagrafiche_for";"codice_part";"anagrafiche_id";"codice_part";"FOREIGN KEY"
"anfr_caub_fk";"anagrafiche_for";"codice_azienda";"causali_bolle";"codice_causale";"FOREIGN KEY"
"anfr_caub_fk";"anagrafiche_for";"codice_azienda";"causali_bolle";"codice_azienda";"FOREIGN KEY"
"anfr_caub_fk";"anagrafiche_for";"codice_causale_ddt";"causali_bolle";"codice_causale";"FOREIGN KEY"
"anfr_caub_fk";"anagrafiche_for";"codice_causale_ddt";"causali_bolle";"codice_azienda";"FOREIGN KEY"
"anfr_cc_fk";"anagrafiche_for";"id_conto_corrente_azienda";"conti_correnti";"codice_azienda";"FOREIGN KEY"
"anfr_cc_fk";"anagrafiche_for";"id_conto_corrente_azienda";"conti_correnti";"id_conto_corrente";"FOREIGN KEY"
"anfr_cc_fk";"anagrafiche_for";"codice_azienda";"conti_correnti";"codice_azienda";"FOREIGN KEY"
"anfr_cc_fk";"anagrafiche_for";"codice_azienda";"conti_correnti";"id_conto_corrente";"FOREIGN KEY"
"anfr_cpag_fk";"anagrafiche_for";"codice_azienda";"condizioni_pagamento";"id_condizione_pagamento";"FOREIGN KEY"
"anfr_cpag_fk";"anagrafiche_for";"codice_azienda";"condizioni_pagamento";"codice_azienda";"FOREIGN KEY"
"anfr_cpag_fk";"anagrafiche_for";"id_condizione_pagamento";"condizioni_pagamento";"id_condizione_pagamento";"FOREIGN KEY"
"anfr_cpag_fk";"anagrafiche_for";"id_condizione_pagamento";"condizioni_pagamento";"codice_azienda";"FOREIGN KEY"
"anfr_port_fk";"anagrafiche_for";"codice_azienda";"tipi_porto";"codice";"FOREIGN KEY"
"anfr_port_fk";"anagrafiche_for";"codice_azienda";"tipi_porto";"codice_azienda";"FOREIGN KEY"
"anfr_port_fk";"anagrafiche_for";"codice_porto";"tipi_porto";"codice";"FOREIGN KEY"
"anfr_port_fk";"anagrafiche_for";"codice_porto";"tipi_porto";"codice_azienda";"FOREIGN KEY"
"anfr_soco_fk";"anagrafiche_for";"id_sottoconto_costo";"sottoconti";"id_sottoconto";"FOREIGN KEY"
"anfr_soco_fk";"anagrafiche_for";"id_sottoconto_costo";"sottoconti";"codice_part";"FOREIGN KEY"
"anfr_soco_fk";"anagrafiche_for";"id_sottoconto_costo";"sottoconti";"id_pdc";"FOREIGN KEY"
"anfr_soco_fk";"anagrafiche_for";"id_sottoconto_costo";"sottoconti";"codice_template_fiscale";"FOREIGN KEY"
"anfr_soco_fk";"anagrafiche_for";"id_pdc";"sottoconti";"id_sottoconto";"FOREIGN KEY"
"anfr_soco_fk";"anagrafiche_for";"id_pdc";"sottoconti";"codice_part";"FOREIGN KEY"
"anfr_soco_fk";"anagrafiche_for";"id_pdc";"sottoconti";"id_pdc";"FOREIGN KEY"
"anfr_soco_fk";"anagrafiche_for";"id_pdc";"sottoconti";"codice_template_fiscale";"FOREIGN KEY"
"anfr_soco_fk";"anagrafiche_for";"codice_template_fiscale";"sottoconti";"id_sottoconto";"FOREIGN KEY"
"anfr_soco_fk";"anagrafiche_for";"codice_template_fiscale";"sottoconti";"codice_part";"FOREIGN KEY"
"anfr_soco_fk";"anagrafiche_for";"codice_template_fiscale";"sottoconti";"id_pdc";"FOREIGN KEY"
"anfr_soco_fk";"anagrafiche_for";"codice_template_fiscale";"sottoconti";"codice_template_fiscale";"FOREIGN KEY"
"anfr_soco_fk";"anagrafiche_for";"codice_part";"sottoconti";"id_sottoconto";"FOREIGN KEY"
"anfr_soco_fk";"anagrafiche_for";"codice_part";"sottoconti";"codice_part";"FOREIGN KEY"
"anfr_soco_fk";"anagrafiche_for";"codice_part";"sottoconti";"id_pdc";"FOREIGN KEY"
"anfr_soco_fk";"anagrafiche_for";"codice_part";"sottoconti";"codice_template_fiscale";"FOREIGN KEY"
"anfr_sped_fk";"anagrafiche_for";"codice_azienda";"tipi_spedizione";"codice";"FOREIGN KEY"
"anfr_sped_fk";"anagrafiche_for";"codice_azienda";"tipi_spedizione";"codice_azienda";"FOREIGN KEY"
"anfr_sped_fk";"anagrafiche_for";"codice_spedizione";"tipi_spedizione";"codice";"FOREIGN KEY"
"anfr_sped_fk";"anagrafiche_for";"codice_spedizione";"tipi_spedizione";"codice_azienda";"FOREIGN KEY"
"anfr_tana_fk";"anagrafiche_for";"id_tipo_anagrafica";"tipi_anagrafiche";"codice_azienda";"FOREIGN KEY"
"anfr_tana_fk";"anagrafiche_for";"id_tipo_anagrafica";"tipi_anagrafiche";"id_tipo_anagrafica";"FOREIGN KEY"
"anfr_tana_fk";"anagrafiche_for";"codice_azienda";"tipi_anagrafiche";"codice_azienda";"FOREIGN KEY"
"anfr_tana_fk";"anagrafiche_for";"codice_azienda";"tipi_anagrafiche";"id_tipo_anagrafica";"FOREIGN KEY"
"anfr_tscp_fk";"anagrafiche_for";"codice_azienda";"tipo_scale_provvigioni";"codice_azienda";"FOREIGN KEY"
"anfr_tscp_fk";"anagrafiche_for";"codice_azienda";"tipo_scale_provvigioni";"id_tipo_scala_provv";"FOREIGN KEY"
"anfr_tscp_fk";"anagrafiche_for";"id_tipo_scala_provv";"tipo_scale_provvigioni";"codice_azienda";"FOREIGN KEY"
"anfr_tscp_fk";"anagrafiche_for";"id_tipo_scala_provv";"tipo_scale_provvigioni";"id_tipo_scala_provv";"FOREIGN KEY"
"anfr_zone_fk";"anagrafiche_for";"codice_azienda";"zone";"codice_zona";"FOREIGN KEY"
"anfr_zone_fk";"anagrafiche_for";"codice_azienda";"zone";"codice_azienda";"FOREIGN KEY"
"anfr_zone_fk";"anagrafiche_for";"codice_zona";"zone";"codice_zona";"FOREIGN KEY"
"anfr_zone_fk";"anagrafiche_for";"codice_zona";"zone";"codice_azienda";"FOREIGN KEY"
"anid_anid_actb_fk";"anagrafiche_id";"id_anagrafica_contabile";"anagrafiche_id";"codice_part";"FOREIGN KEY"
"anid_anid_actb_fk";"anagrafiche_id";"id_anagrafica_contabile";"anagrafiche_id";"id_anagrafica";"FOREIGN KEY"
"anid_anid_actb_fk";"anagrafiche_id";"codice_part";"anagrafiche_id";"codice_part";"FOREIGN KEY"
"anid_anid_actb_fk";"anagrafiche_id";"codice_part";"anagrafiche_id";"id_anagrafica";"FOREIGN KEY"
"anid_anid_dfsc_fk";"anagrafiche_id";"codice_part";"anagrafiche_id";"codice_part";"FOREIGN KEY"
"anid_anid_dfsc_fk";"anagrafiche_id";"codice_part";"anagrafiche_id";"id_anagrafica";"FOREIGN KEY"
"anid_anid_dfsc_fk";"anagrafiche_id";"id_domicilio_fiscale";"anagrafiche_id";"codice_part";"FOREIGN KEY"
"anid_anid_dfsc_fk";"anagrafiche_id";"id_domicilio_fiscale";"anagrafiche_id";"id_anagrafica";"FOREIGN KEY"
"anid_anid_ft_fk";"anagrafiche_id";"codice_part";"anagrafiche_id";"id_anagrafica";"FOREIGN KEY"
"anid_anid_ft_fk";"anagrafiche_id";"codice_part";"anagrafiche_id";"codice_part";"FOREIGN KEY"
"anid_anid_ft_fk";"anagrafiche_id";"id_anagrafica_ft";"anagrafiche_id";"id_anagrafica";"FOREIGN KEY"
"anid_anid_ft_fk";"anagrafiche_id";"id_anagrafica_ft";"anagrafiche_id";"codice_part";"FOREIGN KEY"
"anid_anid_prnc_fk";"anagrafiche_id";"id_anagrafica_principale";"anagrafiche_id";"id_anagrafica";"FOREIGN KEY"
"anid_anid_prnc_fk";"anagrafiche_id";"id_anagrafica_principale";"anagrafiche_id";"codice_part";"FOREIGN KEY"
"anid_anid_prnc_fk";"anagrafiche_id";"codice_part";"anagrafiche_id";"id_anagrafica";"FOREIGN KEY"
"anid_anid_prnc_fk";"anagrafiche_id";"codice_part";"anagrafiche_id";"codice_part";"FOREIGN KEY"
"anid_anid_sleg_fk";"anagrafiche_id";"codice_part";"anagrafiche_id";"codice_part";"FOREIGN KEY"
"anid_anid_sleg_fk";"anagrafiche_id";"codice_part";"anagrafiche_id";"id_anagrafica";"FOREIGN KEY"
"anid_anid_sleg_fk";"anagrafiche_id";"id_sede_legale";"anagrafiche_id";"codice_part";"FOREIGN KEY"
"anid_anid_sleg_fk";"anagrafiche_id";"id_sede_legale";"anagrafiche_id";"id_anagrafica";"FOREIGN KEY"
"anid_anid_spft_fk";"anagrafiche_id";"codice_part";"anagrafiche_id";"codice_part";"FOREIGN KEY"
"anid_anid_spft_fk";"anagrafiche_id";"codice_part";"anagrafiche_id";"id_anagrafica";"FOREIGN KEY"
"anid_anid_spft_fk";"anagrafiche_id";"id_spedizione_fattura";"anagrafiche_id";"codice_part";"FOREIGN KEY"
"anid_anid_spft_fk";"anagrafiche_id";"id_spedizione_fattura";"anagrafiche_id";"id_anagrafica";"FOREIGN KEY"
"anid_anvr_fk";"anagrafiche_id";"codice_part";"anagrafiche_vr";"id_anagrafica";"FOREIGN KEY"
"anid_anvr_fk";"anagrafiche_id";"codice_part";"anagrafiche_vr";"codice_part";"FOREIGN KEY"
"anid_anvr_fk";"anagrafiche_id";"codice_part";"anagrafiche_vr";"prog_vr";"FOREIGN KEY"
"anid_anvr_fk";"anagrafiche_id";"id_anagrafica";"anagrafiche_vr";"id_anagrafica";"FOREIGN KEY"
"anid_anvr_fk";"anagrafiche_id";"id_anagrafica";"anagrafiche_vr";"codice_part";"FOREIGN KEY"
"anid_anvr_fk";"anagrafiche_id";"id_anagrafica";"anagrafiche_vr";"prog_vr";"FOREIGN KEY"
"anid_anvr_fk";"anagrafiche_id";"prog_vr_corr";"anagrafiche_vr";"id_anagrafica";"FOREIGN KEY"
"anid_anvr_fk";"anagrafiche_id";"prog_vr_corr";"anagrafiche_vr";"codice_part";"FOREIGN KEY"
"anid_anvr_fk";"anagrafiche_id";"prog_vr_corr";"anagrafiche_vr";"prog_vr";"FOREIGN KEY"
"anid_nazi_fk";"anagrafiche_id";"codice_nazionalita";"nazioni";"codice_nazione";"FOREIGN KEY"
"anid_prtz_fk";"anagrafiche_id";"codice_part";"partizioni";"codice_part";"FOREIGN KEY"
"anid_valu_fk";"anagrafiche_id";"id_valuta";"valute";"codice_part";"FOREIGN KEY"
"anid_valu_fk";"anagrafiche_id";"id_valuta";"valute";"id_valuta";"FOREIGN KEY"
"anid_valu_fk";"anagrafiche_id";"codice_part";"valute";"codice_part";"FOREIGN KEY"
"anid_valu_fk";"anagrafiche_id";"codice_part";"valute";"id_valuta";"FOREIGN KEY"
"anrf_artn_fk";"articoli_normativi_rif";"id_testo_normativo";"articoli_normativi";"id_testo_normativo";"FOREIGN KEY"
"anrf_artn_fk";"articoli_normativi_rif";"id_testo_normativo";"articoli_normativi";"codice_articolo_normativo";"FOREIGN KEY"
"anrf_artn_fk";"articoli_normativi_rif";"codice_articolo_normativo";"articoli_normativi";"id_testo_normativo";"FOREIGN KEY"
"anrf_artn_fk";"articoli_normativi_rif";"codice_articolo_normativo";"articoli_normativi";"codice_articolo_normativo";"FOREIGN KEY"
"anrf_artn_rif_fk";"articoli_normativi_rif";"codice_articolo_normativo_rif";"articoli_normativi";"id_testo_normativo";"FOREIGN KEY"
"anrf_artn_rif_fk";"articoli_normativi_rif";"codice_articolo_normativo_rif";"articoli_normativi";"codice_articolo_normativo";"FOREIGN KEY"
"anrf_artn_rif_fk";"articoli_normativi_rif";"id_testo_normativo_rif";"articoli_normativi";"id_testo_normativo";"FOREIGN KEY"
"anrf_artn_rif_fk";"articoli_normativi_rif";"id_testo_normativo_rif";"articoli_normativi";"codice_articolo_normativo";"FOREIGN KEY"
"anrs_anid_fk";"anagrafiche_ris";"codice_part";"anagrafiche_id";"codice_part";"FOREIGN KEY"
"anrs_anid_fk";"anagrafiche_ris";"codice_part";"anagrafiche_id";"id_anagrafica";"FOREIGN KEY"
"anrs_anid_fk";"anagrafiche_ris";"id_anagrafica";"anagrafiche_id";"codice_part";"FOREIGN KEY"
"anrs_anid_fk";"anagrafiche_ris";"id_anagrafica";"anagrafiche_id";"id_anagrafica";"FOREIGN KEY"
"anrs_tiri_fk";"anagrafiche_ris";"codice_azienda";"tipi_risorsa";"id_tipo_risorsa";"FOREIGN KEY"
"anrs_tiri_fk";"anagrafiche_ris";"codice_azienda";"tipi_risorsa";"codice_azienda";"FOREIGN KEY"
"anrs_tiri_fk";"anagrafiche_ris";"id_tipo_risorsa";"tipi_risorsa";"id_tipo_risorsa";"FOREIGN KEY"
"anrs_tiri_fk";"anagrafiche_ris";"id_tipo_risorsa";"tipi_risorsa";"codice_azienda";"FOREIGN KEY"
"anvr__grcm__fk";"anagrafiche_vr";"id_gruppo_commerciale";"gruppi_commerciali";"id_gruppo_commerciale";"FOREIGN KEY"
"anvr__grcm__fk";"anagrafiche_vr";"id_gruppo_commerciale";"gruppi_commerciali";"codice_part";"FOREIGN KEY"
"anvr__grcm__fk";"anagrafiche_vr";"codice_part";"gruppi_commerciali";"id_gruppo_commerciale";"FOREIGN KEY"
"anvr__grcm__fk";"anagrafiche_vr";"codice_part";"gruppi_commerciali";"codice_part";"FOREIGN KEY"
"anvr__tpcl__fk";"anagrafiche_vr";"id_tipo_clientela";"tipi_clientela";"id_tipo_clientela";"FOREIGN KEY"
"anvr__tpcl__fk";"anagrafiche_vr";"id_tipo_clientela";"tipi_clientela";"codice_part";"FOREIGN KEY"
"anvr__tpcl__fk";"anagrafiche_vr";"codice_part";"tipi_clientela";"id_tipo_clientela";"FOREIGN KEY"
"anvr__tpcl__fk";"anagrafiche_vr";"codice_part";"tipi_clientela";"codice_part";"FOREIGN KEY"
"anvr_alqt_en_fk";"anagrafiche_vr";"codice_part";"aliquote";"codice_part";"FOREIGN KEY"
"anvr_alqt_en_fk";"anagrafiche_vr";"codice_part";"aliquote";"codice_aliquota";"FOREIGN KEY"
"anvr_alqt_en_fk";"anagrafiche_vr";"codice_aliquota_en";"aliquote";"codice_part";"FOREIGN KEY"
"anvr_alqt_en_fk";"anagrafiche_vr";"codice_aliquota_en";"aliquote";"codice_aliquota";"FOREIGN KEY"
"anvr_alqt_ra_fk";"anagrafiche_vr";"codice_aliquota_ra";"aliquote";"codice_part";"FOREIGN KEY"
"anvr_alqt_ra_fk";"anagrafiche_vr";"codice_aliquota_ra";"aliquote";"codice_aliquota";"FOREIGN KEY"
"anvr_alqt_ra_fk";"anagrafiche_vr";"codice_part";"aliquote";"codice_part";"FOREIGN KEY"
"anvr_alqt_ra_fk";"anagrafiche_vr";"codice_part";"aliquote";"codice_aliquota";"FOREIGN KEY"
"anvr_anid_fk";"anagrafiche_vr";"id_anagrafica";"anagrafiche_id";"codice_part";"FOREIGN KEY"
"anvr_anid_fk";"anagrafiche_vr";"id_anagrafica";"anagrafiche_id";"id_anagrafica";"FOREIGN KEY"
"anvr_anid_fk";"anagrafiche_vr";"codice_part";"anagrafiche_id";"codice_part";"FOREIGN KEY"
"anvr_anid_fk";"anagrafiche_vr";"codice_part";"anagrafiche_id";"id_anagrafica";"FOREIGN KEY"
"anvr_lang_fk";"anagrafiche_vr";"codice_lingua";"lingue";"codice_lingua";"FOREIGN KEY"
"anvr_nazi_fk";"anagrafiche_vr";"codice_nazione";"nazioni";"codice_nazione";"FOREIGN KEY"
"aodg_aodg_fk";"assemblee_odg";"codice_azienda";"assemblee_odg";"codice_azienda";"FOREIGN KEY"
"aodg_aodg_fk";"assemblee_odg";"codice_azienda";"assemblee_odg";"id_assemblea";"FOREIGN KEY"
"aodg_aodg_fk";"assemblee_odg";"codice_azienda";"assemblee_odg";"id_odg";"FOREIGN KEY"
"aodg_aodg_fk";"assemblee_odg";"id_odg_parent";"assemblee_odg";"codice_azienda";"FOREIGN KEY"
"aodg_aodg_fk";"assemblee_odg";"id_odg_parent";"assemblee_odg";"id_assemblea";"FOREIGN KEY"
"aodg_aodg_fk";"assemblee_odg";"id_odg_parent";"assemblee_odg";"id_odg";"FOREIGN KEY"
"aodg_aodg_fk";"assemblee_odg";"id_assemblea";"assemblee_odg";"codice_azienda";"FOREIGN KEY"
"aodg_aodg_fk";"assemblee_odg";"id_assemblea";"assemblee_odg";"id_assemblea";"FOREIGN KEY"
"aodg_aodg_fk";"assemblee_odg";"id_assemblea";"assemblee_odg";"id_odg";"FOREIGN KEY"
"aodg_asmb_fk";"assemblee_odg";"id_assemblea";"assemblee";"codice_azienda";"FOREIGN KEY"
"aodg_asmb_fk";"assemblee_odg";"id_assemblea";"assemblee";"id_assemblea";"FOREIGN KEY"
"aodg_asmb_fk";"assemblee_odg";"codice_azienda";"assemblee";"codice_azienda";"FOREIGN KEY"
"aodg_asmb_fk";"assemblee_odg";"codice_azienda";"assemblee";"id_assemblea";"FOREIGN KEY"
"apdv__anid__fk";"anagrafiche_pdv";"codice_part";"anagrafiche_id";"codice_part";"FOREIGN KEY"
"apdv__anid__fk";"anagrafiche_pdv";"codice_part";"anagrafiche_id";"id_anagrafica";"FOREIGN KEY"
"apdv__anid__fk";"anagrafiche_pdv";"id_anagrafica";"anagrafiche_id";"codice_part";"FOREIGN KEY"
"apdv__anid__fk";"anagrafiche_pdv";"id_anagrafica";"anagrafiche_id";"id_anagrafica";"FOREIGN KEY"
"apdv__anid_brand__fk";"anagrafiche_pdv";"codice_part";"anagrafiche_id";"codice_part";"FOREIGN KEY"
"apdv__anid_brand__fk";"anagrafiche_pdv";"codice_part";"anagrafiche_id";"id_anagrafica";"FOREIGN KEY"
"apdv__anid_brand__fk";"anagrafiche_pdv";"id_anagrafica_brand";"anagrafiche_id";"codice_part";"FOREIGN KEY"
"apdv__anid_brand__fk";"anagrafiche_pdv";"id_anagrafica_brand";"anagrafiche_id";"id_anagrafica";"FOREIGN KEY"
"aprm_alqt_fk";"aliquote_parametri";"codice_aliquota";"aliquote";"codice_part";"FOREIGN KEY"
"aprm_alqt_fk";"aliquote_parametri";"codice_aliquota";"aliquote";"codice_aliquota";"FOREIGN KEY"
"aprm_alqt_fk";"aliquote_parametri";"codice_part";"aliquote";"codice_part";"FOREIGN KEY"
"aprm_alqt_fk";"aliquote_parametri";"codice_part";"aliquote";"codice_aliquota";"FOREIGN KEY"
"arti_alqt_acq_fk";"articoli";"codice_aliquota_iva_acq";"aliquote";"codice_aliquota";"FOREIGN KEY"
"arti_alqt_acq_fk";"articoli";"codice_aliquota_iva_acq";"aliquote";"codice_part";"FOREIGN KEY"
"arti_alqt_acq_fk";"articoli";"codice_part";"aliquote";"codice_aliquota";"FOREIGN KEY"
"arti_alqt_acq_fk";"articoli";"codice_part";"aliquote";"codice_part";"FOREIGN KEY"
"arti_alqt_fk";"articoli";"codice_aliquota_iva";"aliquote";"codice_part";"FOREIGN KEY"
"arti_alqt_fk";"articoli";"codice_aliquota_iva";"aliquote";"codice_aliquota";"FOREIGN KEY"
"arti_alqt_fk";"articoli";"codice_part";"aliquote";"codice_part";"FOREIGN KEY"
"arti_alqt_fk";"articoli";"codice_part";"aliquote";"codice_aliquota";"FOREIGN KEY"
"arti_arti_fk_sost";"articoli";"codice_azienda";"articoli";"id_articolo";"FOREIGN KEY"
"arti_arti_fk_sost";"articoli";"codice_azienda";"articoli";"codice_azienda";"FOREIGN KEY"
"arti_arti_fk_sost";"articoli";"id_sostituto";"articoli";"id_articolo";"FOREIGN KEY"
"arti_arti_fk_sost";"articoli";"id_sostituto";"articoli";"codice_azienda";"FOREIGN KEY"
"arti_caco_fk";"articoli";"codice_cat_comm";"categorie_commerciali";"codice_cat_comm";"FOREIGN KEY"
"arti_caco_fk";"articoli";"codice_cat_comm";"categorie_commerciali";"codice_azienda";"FOREIGN KEY"
"arti_caco_fk";"articoli";"codice_azienda";"categorie_commerciali";"codice_cat_comm";"FOREIGN KEY"
"arti_caco_fk";"articoli";"codice_azienda";"categorie_commerciali";"codice_azienda";"FOREIGN KEY"
"arti_fre_mepe_fk";"articoli";"codice_metodo_pesca";"fre_metodi_pesca";"codice_metodo";"FOREIGN KEY"
"arti_prod_fk";"articoli";"codice_produttore";"produttori";"codice_produttore";"FOREIGN KEY"
"arti_prod_fk";"articoli";"codice_produttore";"produttori";"codice_azienda";"FOREIGN KEY"
"arti_prod_fk";"articoli";"codice_azienda";"produttori";"codice_produttore";"FOREIGN KEY"
"arti_prod_fk";"articoli";"codice_azienda";"produttori";"codice_azienda";"FOREIGN KEY"
"arti_serv_fk";"articoli";"id_servizio";"servizi";"codice_part";"FOREIGN KEY"
"arti_serv_fk";"articoli";"id_servizio";"servizi";"id_servizio";"FOREIGN KEY"
"arti_serv_fk";"articoli";"codice_part";"servizi";"codice_part";"FOREIGN KEY"
"arti_serv_fk";"articoli";"codice_part";"servizi";"id_servizio";"FOREIGN KEY"
"arti_soco_acq_fk";"articoli";"id_pdc";"sottoconti";"id_sottoconto";"FOREIGN KEY"
"arti_soco_acq_fk";"articoli";"id_pdc";"sottoconti";"id_pdc";"FOREIGN KEY"
"arti_soco_acq_fk";"articoli";"id_pdc";"sottoconti";"codice_part";"FOREIGN KEY"
"arti_soco_acq_fk";"articoli";"id_pdc";"sottoconti";"codice_template_fiscale";"FOREIGN KEY"
"arti_soco_acq_fk";"articoli";"codice_template_fiscale";"sottoconti";"id_sottoconto";"FOREIGN KEY"
"arti_soco_acq_fk";"articoli";"codice_template_fiscale";"sottoconti";"id_pdc";"FOREIGN KEY"
"arti_soco_acq_fk";"articoli";"codice_template_fiscale";"sottoconti";"codice_part";"FOREIGN KEY"
"arti_soco_acq_fk";"articoli";"codice_template_fiscale";"sottoconti";"codice_template_fiscale";"FOREIGN KEY"
"arti_soco_acq_fk";"articoli";"id_sottoconto_acq";"sottoconti";"id_sottoconto";"FOREIGN KEY"
"arti_soco_acq_fk";"articoli";"id_sottoconto_acq";"sottoconti";"id_pdc";"FOREIGN KEY"
"arti_soco_acq_fk";"articoli";"id_sottoconto_acq";"sottoconti";"codice_part";"FOREIGN KEY"
"arti_soco_acq_fk";"articoli";"id_sottoconto_acq";"sottoconti";"codice_template_fiscale";"FOREIGN KEY"
"arti_soco_acq_fk";"articoli";"codice_part";"sottoconti";"id_sottoconto";"FOREIGN KEY"
"arti_soco_acq_fk";"articoli";"codice_part";"sottoconti";"id_pdc";"FOREIGN KEY"
"arti_soco_acq_fk";"articoli";"codice_part";"sottoconti";"codice_part";"FOREIGN KEY"
"arti_soco_acq_fk";"articoli";"codice_part";"sottoconti";"codice_template_fiscale";"FOREIGN KEY"
"arti_soco_fk";"articoli";"id_sottoconto";"sottoconti";"codice_template_fiscale";"FOREIGN KEY"
"arti_soco_fk";"articoli";"id_sottoconto";"sottoconti";"id_pdc";"FOREIGN KEY"
"arti_soco_fk";"articoli";"id_sottoconto";"sottoconti";"codice_part";"FOREIGN KEY"
"arti_soco_fk";"articoli";"id_sottoconto";"sottoconti";"id_sottoconto";"FOREIGN KEY"
"arti_soco_fk";"articoli";"codice_template_fiscale";"sottoconti";"codice_template_fiscale";"FOREIGN KEY"
"arti_soco_fk";"articoli";"codice_template_fiscale";"sottoconti";"id_pdc";"FOREIGN KEY"
"arti_soco_fk";"articoli";"codice_template_fiscale";"sottoconti";"codice_part";"FOREIGN KEY"
"arti_soco_fk";"articoli";"codice_template_fiscale";"sottoconti";"id_sottoconto";"FOREIGN KEY"
"arti_soco_fk";"articoli";"id_pdc";"sottoconti";"codice_template_fiscale";"FOREIGN KEY"
"arti_soco_fk";"articoli";"id_pdc";"sottoconti";"id_pdc";"FOREIGN KEY"
"arti_soco_fk";"articoli";"id_pdc";"sottoconti";"codice_part";"FOREIGN KEY"
"arti_soco_fk";"articoli";"id_pdc";"sottoconti";"id_sottoconto";"FOREIGN KEY"
"arti_soco_fk";"articoli";"codice_part";"sottoconti";"codice_template_fiscale";"FOREIGN KEY"
"arti_soco_fk";"articoli";"codice_part";"sottoconti";"id_pdc";"FOREIGN KEY"
"arti_soco_fk";"articoli";"codice_part";"sottoconti";"codice_part";"FOREIGN KEY"
"arti_soco_fk";"articoli";"codice_part";"sottoconti";"id_sottoconto";"FOREIGN KEY"
"arti_tiar_fk";"articoli";"codice_azienda";"tipi_articolo";"codice_tipo_articolo";"FOREIGN KEY"
"arti_tiar_fk";"articoli";"codice_azienda";"tipi_articolo";"codice_azienda";"FOREIGN KEY"
"arti_tiar_fk";"articoli";"codice_tipo_articolo";"tipi_articolo";"codice_tipo_articolo";"FOREIGN KEY"
"arti_tiar_fk";"articoli";"codice_tipo_articolo";"tipi_articolo";"codice_azienda";"FOREIGN KEY"
"arti_um_cf";"articoli";"codice_azienda";"unita_misura";"codice_azienda";"FOREIGN KEY"
"arti_um_cf";"articoli";"codice_azienda";"unita_misura";"codice_um";"FOREIGN KEY"
"arti_um_cf";"articoli";"codice_um_cf";"unita_misura";"codice_azienda";"FOREIGN KEY"
"arti_um_cf";"articoli";"codice_um_cf";"unita_misura";"codice_um";"FOREIGN KEY"
"arti_um_fk_acq";"articoli";"codice_um_acquisto";"unita_misura";"codice_um";"FOREIGN KEY"
"arti_um_fk_acq";"articoli";"codice_um_acquisto";"unita_misura";"codice_azienda";"FOREIGN KEY"
"arti_um_fk_acq";"articoli";"codice_azienda";"unita_misura";"codice_um";"FOREIGN KEY"
"arti_um_fk_acq";"articoli";"codice_azienda";"unita_misura";"codice_azienda";"FOREIGN KEY"
"arti_um_fk_comm";"articoli";"codice_azienda";"unita_misura";"codice_azienda";"FOREIGN KEY"
"arti_um_fk_comm";"articoli";"codice_azienda";"unita_misura";"codice_um";"FOREIGN KEY"
"arti_um_fk_comm";"articoli";"codice_um_comm";"unita_misura";"codice_azienda";"FOREIGN KEY"
"arti_um_fk_comm";"articoli";"codice_um_comm";"unita_misura";"codice_um";"FOREIGN KEY"
"arti_umsc_fk";"articoli";"codice_um_scaglione";"um_scaglioni";"codice_um";"FOREIGN KEY"
"arti_unim_fk";"articoli";"codice_azienda";"unita_misura";"codice_azienda";"FOREIGN KEY"
"arti_unim_fk";"articoli";"codice_azienda";"unita_misura";"codice_um";"FOREIGN KEY"
"arti_unim_fk";"articoli";"codice_um";"unita_misura";"codice_azienda";"FOREIGN KEY"
"arti_unim_fk";"articoli";"codice_um";"unita_misura";"codice_um";"FOREIGN KEY"
"artn_artn_fk";"articoli_normativi";"id_testo_normativo_parent";"articoli_normativi";"codice_articolo_normativo";"FOREIGN KEY"
"artn_artn_fk";"articoli_normativi";"id_testo_normativo_parent";"articoli_normativi";"id_testo_normativo";"FOREIGN KEY"
"artn_artn_fk";"articoli_normativi";"codice_articolo_normativo_parent";"articoli_normativi";"codice_articolo_normativo";"FOREIGN KEY"
"artn_artn_fk";"articoli_normativi";"codice_articolo_normativo_parent";"articoli_normativi";"id_testo_normativo";"FOREIGN KEY"
"artn_tstn_fk";"articoli_normativi";"id_testo_normativo";"testi_normativi";"id_testo_normativo";"FOREIGN KEY"
"arub_magu_fk";"articoli_ubicazioni";"codice_magazzino";"magazzini_ubicazioni";"codice_azienda";"FOREIGN KEY"
"arub_magu_fk";"articoli_ubicazioni";"codice_magazzino";"magazzini_ubicazioni";"codice_magazzino";"FOREIGN KEY"
"arub_magu_fk";"articoli_ubicazioni";"codice_magazzino";"magazzini_ubicazioni";"id_ubicazione";"FOREIGN KEY"
"arub_magu_fk";"articoli_ubicazioni";"codice_azienda";"magazzini_ubicazioni";"codice_azienda";"FOREIGN KEY"
"arub_magu_fk";"articoli_ubicazioni";"codice_azienda";"magazzini_ubicazioni";"codice_magazzino";"FOREIGN KEY"
"arub_magu_fk";"articoli_ubicazioni";"codice_azienda";"magazzini_ubicazioni";"id_ubicazione";"FOREIGN KEY"
"arub_magu_fk";"articoli_ubicazioni";"id_ubicazione";"magazzini_ubicazioni";"codice_azienda";"FOREIGN KEY"
"arub_magu_fk";"articoli_ubicazioni";"id_ubicazione";"magazzini_ubicazioni";"codice_magazzino";"FOREIGN KEY"
"arub_magu_fk";"articoli_ubicazioni";"id_ubicazione";"magazzini_ubicazioni";"id_ubicazione";"FOREIGN KEY"
"arub_vari_fk";"articoli_ubicazioni";"codice_azienda";"articoli_varianti";"codice_azienda";"FOREIGN KEY"
"arub_vari_fk";"articoli_ubicazioni";"codice_azienda";"articoli_varianti";"codice_variante";"FOREIGN KEY"
"arub_vari_fk";"articoli_ubicazioni";"codice_azienda";"articoli_varianti";"id_articolo";"FOREIGN KEY"
"arub_vari_fk";"articoli_ubicazioni";"codice_variante";"articoli_varianti";"codice_azienda";"FOREIGN KEY"
"arub_vari_fk";"articoli_ubicazioni";"codice_variante";"articoli_varianti";"codice_variante";"FOREIGN KEY"
"arub_vari_fk";"articoli_ubicazioni";"codice_variante";"articoli_varianti";"id_articolo";"FOREIGN KEY"
"arub_vari_fk";"articoli_ubicazioni";"id_articolo";"articoli_varianti";"codice_azienda";"FOREIGN KEY"
"arub_vari_fk";"articoli_ubicazioni";"id_articolo";"articoli_varianti";"codice_variante";"FOREIGN KEY"
"arub_vari_fk";"articoli_ubicazioni";"id_articolo";"articoli_varianti";"id_articolo";"FOREIGN KEY"
"asaz_anas_fk";"assegnazioni_incassi_aziende";"codice_statistico";"anagrafiche_statistiche";"codice_azienda";"FOREIGN KEY"
"asaz_anas_fk";"assegnazioni_incassi_aziende";"codice_statistico";"anagrafiche_statistiche";"codice_statistico";"FOREIGN KEY"
"asaz_anas_fk";"assegnazioni_incassi_aziende";"codice_azienda";"anagrafiche_statistiche";"codice_azienda";"FOREIGN KEY"
"asaz_anas_fk";"assegnazioni_incassi_aziende";"codice_azienda";"anagrafiche_statistiche";"codice_statistico";"FOREIGN KEY"
"asaz_anid_fk";"assegnazioni_incassi_aziende";"codice_part";"anagrafiche_id";"id_anagrafica";"FOREIGN KEY"
"asaz_anid_fk";"assegnazioni_incassi_aziende";"codice_part";"anagrafiche_id";"codice_part";"FOREIGN KEY"
"asaz_anid_fk";"assegnazioni_incassi_aziende";"id_anagrafica";"anagrafiche_id";"id_anagrafica";"FOREIGN KEY"
"asaz_anid_fk";"assegnazioni_incassi_aziende";"id_anagrafica";"anagrafiche_id";"codice_part";"FOREIGN KEY"
"asaz_asin_fk";"assegnazioni_incassi_aziende";"codice_part";"assegnazioni_incassi";"id_assegnazione";"FOREIGN KEY"
"asaz_asin_fk";"assegnazioni_incassi_aziende";"codice_part";"assegnazioni_incassi";"codice_part";"FOREIGN KEY"
"asaz_asin_fk";"assegnazioni_incassi_aziende";"id_assegnazione";"assegnazioni_incassi";"id_assegnazione";"FOREIGN KEY"
"asaz_asin_fk";"assegnazioni_incassi_aziende";"id_assegnazione";"assegnazioni_incassi";"codice_part";"FOREIGN KEY"
"asaz_azie_fk";"assegnazioni_incassi_aziende";"codice_azienda";"aziende";"codice_azienda";"FOREIGN KEY"
"asaz_bank_fk";"assegnazioni_incassi_aziende";"id_conto_corrente";"conti_correnti";"codice_azienda";"FOREIGN KEY"
"asaz_bank_fk";"assegnazioni_incassi_aziende";"id_conto_corrente";"conti_correnti";"id_conto_corrente";"FOREIGN KEY"
"asaz_bank_fk";"assegnazioni_incassi_aziende";"codice_azienda";"conti_correnti";"codice_azienda";"FOREIGN KEY"
"asaz_bank_fk";"assegnazioni_incassi_aziende";"codice_azienda";"conti_correnti";"id_conto_corrente";"FOREIGN KEY"
"asaz_cege_fk";"assegnazioni_incassi_aziende";"codice_part";"centri_gestionali";"codice_part";"FOREIGN KEY"
"asaz_cege_fk";"assegnazioni_incassi_aziende";"codice_part";"centri_gestionali";"id_centro_gest";"FOREIGN KEY"
"asaz_cege_fk";"assegnazioni_incassi_aziende";"id_centro_gest";"centri_gestionali";"codice_part";"FOREIGN KEY"
"asaz_cege_fk";"assegnazioni_incassi_aziende";"id_centro_gest";"centri_gestionali";"id_centro_gest";"FOREIGN KEY"
"asaz_clft_fk";"assegnazioni_incassi_aziende";"id_classe_fatt";"classi_fatturazione";"codice_azienda";"FOREIGN KEY"
"asaz_clft_fk";"assegnazioni_incassi_aziende";"id_classe_fatt";"classi_fatturazione";"id_classe_fatt";"FOREIGN KEY"
"asaz_clft_fk";"assegnazioni_incassi_aziende";"codice_azienda";"classi_fatturazione";"codice_azienda";"FOREIGN KEY"
"asaz_clft_fk";"assegnazioni_incassi_aziende";"codice_azienda";"classi_fatturazione";"id_classe_fatt";"FOREIGN KEY"
"asaz_paga_fk";"assegnazioni_incassi_aziende";"codice_azienda";"condizioni_pagamento";"codice_azienda";"FOREIGN KEY"
"asaz_paga_fk";"assegnazioni_incassi_aziende";"codice_azienda";"condizioni_pagamento";"id_condizione_pagamento";"FOREIGN KEY"
"asaz_paga_fk";"assegnazioni_incassi_aziende";"id_condizione_pagamento";"condizioni_pagamento";"codice_azienda";"FOREIGN KEY"
"asaz_paga_fk";"assegnazioni_incassi_aziende";"id_condizione_pagamento";"condizioni_pagamento";"id_condizione_pagamento";"FOREIGN KEY"
"asaz_sedi_fk";"assegnazioni_incassi_aziende";"codice_sede";"sedi";"codice_sede";"FOREIGN KEY"
"asaz_sedi_fk";"assegnazioni_incassi_aziende";"codice_sede";"sedi";"codice_part";"FOREIGN KEY"
"asaz_sedi_fk";"assegnazioni_incassi_aziende";"codice_part";"sedi";"codice_sede";"FOREIGN KEY"
"asaz_sedi_fk";"assegnazioni_incassi_aziende";"codice_part";"sedi";"codice_part";"FOREIGN KEY"
"asin_anid_fk";"assegnazioni_incassi";"codice_part";"anagrafiche_id";"id_anagrafica";"FOREIGN KEY"
"asin_anid_fk";"assegnazioni_incassi";"codice_part";"anagrafiche_id";"codice_part";"FOREIGN KEY"
"asin_anid_fk";"assegnazioni_incassi";"id_anagrafica";"anagrafiche_id";"id_anagrafica";"FOREIGN KEY"
"asin_anid_fk";"assegnazioni_incassi";"id_anagrafica";"anagrafiche_id";"codice_part";"FOREIGN KEY"
"asin_anso_fk";"assegnazioni_incassi";"codice_part";"anagrafiche_id";"id_anagrafica";"FOREIGN KEY"
"asin_anso_fk";"assegnazioni_incassi";"codice_part";"anagrafiche_id";"codice_part";"FOREIGN KEY"
"asin_anso_fk";"assegnazioni_incassi";"id_anagrafica_sott";"anagrafiche_id";"id_anagrafica";"FOREIGN KEY"
"asin_anso_fk";"assegnazioni_incassi";"id_anagrafica_sott";"anagrafiche_id";"codice_part";"FOREIGN KEY"
"asmb_agda_fk";"assemblee";"id_agenda";"agenda";"id_agenda";"FOREIGN KEY"
"asmb_agda_fk";"assemblee";"id_agenda";"agenda";"codice_azienda";"FOREIGN KEY"
"asmb_agda_fk";"assemblee";"codice_azienda";"agenda";"id_agenda";"FOREIGN KEY"
"asmb_agda_fk";"assemblee";"codice_azienda";"agenda";"codice_azienda";"FOREIGN KEY"
"asmb_anid_pres_fk";"assemblee";"id_presidente";"anagrafiche_id";"codice_part";"FOREIGN KEY"
"asmb_anid_pres_fk";"assemblee";"id_presidente";"anagrafiche_id";"id_anagrafica";"FOREIGN KEY"
"asmb_anid_pres_fk";"assemblee";"codice_part";"anagrafiche_id";"codice_part";"FOREIGN KEY"
"asmb_anid_pres_fk";"assemblee";"codice_part";"anagrafiche_id";"id_anagrafica";"FOREIGN KEY"
"asmb_anid_segr_fk";"assemblee";"id_segretario";"anagrafiche_id";"id_anagrafica";"FOREIGN KEY"
"asmb_anid_segr_fk";"assemblee";"id_segretario";"anagrafiche_id";"codice_part";"FOREIGN KEY"
"asmb_anid_segr_fk";"assemblee";"codice_part";"anagrafiche_id";"id_anagrafica";"FOREIGN KEY"
"asmb_anid_segr_fk";"assemblee";"codice_part";"anagrafiche_id";"codice_part";"FOREIGN KEY"
"asmb_grpl_fk";"assemblee";"codice_part";"gruppi_lavoro";"codice_part";"FOREIGN KEY"
"asmb_grpl_fk";"assemblee";"codice_part";"gruppi_lavoro";"id_gruppo_lavoro";"FOREIGN KEY"
"asmb_grpl_fk";"assemblee";"id_gruppo_lavoro";"gruppi_lavoro";"codice_part";"FOREIGN KEY"
"asmb_grpl_fk";"assemblee";"id_gruppo_lavoro";"gruppi_lavoro";"id_gruppo_lavoro";"FOREIGN KEY"
"asse_bolr_fk";"assegnazioni";"codice_azienda";"bolle_righe";"codice_magazzino";"FOREIGN KEY"
"asse_bolr_fk";"assegnazioni";"codice_azienda";"bolle_righe";"codice_azienda";"FOREIGN KEY"
"asse_bolr_fk";"assegnazioni";"codice_azienda";"bolle_righe";"numero_bolla";"FOREIGN KEY"
"asse_bolr_fk";"assegnazioni";"codice_azienda";"bolle_righe";"numero_riga";"FOREIGN KEY"
"asse_bolr_fk";"assegnazioni";"codice_magazzino_bolla";"bolle_righe";"codice_magazzino";"FOREIGN KEY"
"asse_bolr_fk";"assegnazioni";"codice_magazzino_bolla";"bolle_righe";"codice_azienda";"FOREIGN KEY"
"asse_bolr_fk";"assegnazioni";"codice_magazzino_bolla";"bolle_righe";"numero_bolla";"FOREIGN KEY"
"asse_bolr_fk";"assegnazioni";"codice_magazzino_bolla";"bolle_righe";"numero_riga";"FOREIGN KEY"
"asse_bolr_fk";"assegnazioni";"numero_riga_bolla";"bolle_righe";"codice_magazzino";"FOREIGN KEY"
"asse_bolr_fk";"assegnazioni";"numero_riga_bolla";"bolle_righe";"codice_azienda";"FOREIGN KEY"
"asse_bolr_fk";"assegnazioni";"numero_riga_bolla";"bolle_righe";"numero_bolla";"FOREIGN KEY"
"asse_bolr_fk";"assegnazioni";"numero_riga_bolla";"bolle_righe";"numero_riga";"FOREIGN KEY"
"asse_bolr_fk";"assegnazioni";"numero_bolla";"bolle_righe";"codice_magazzino";"FOREIGN KEY"
"asse_bolr_fk";"assegnazioni";"numero_bolla";"bolle_righe";"codice_azienda";"FOREIGN KEY"
"asse_bolr_fk";"assegnazioni";"numero_bolla";"bolle_righe";"numero_bolla";"FOREIGN KEY"
"asse_bolr_fk";"assegnazioni";"numero_bolla";"bolle_righe";"numero_riga";"FOREIGN KEY"
"asse_comr_fk";"assegnazioni";"codice_azienda";"contratti_materiali";"codice_azienda";"FOREIGN KEY"
"asse_comr_fk";"assegnazioni";"codice_azienda";"contratti_materiali";"id_contratto";"FOREIGN KEY"
"asse_comr_fk";"assegnazioni";"codice_azienda";"contratti_materiali";"numero_riga";"FOREIGN KEY"
"asse_comr_fk";"assegnazioni";"numero_riga_comr";"contratti_materiali";"codice_azienda";"FOREIGN KEY"
"asse_comr_fk";"assegnazioni";"numero_riga_comr";"contratti_materiali";"id_contratto";"FOREIGN KEY"
"asse_comr_fk";"assegnazioni";"numero_riga_comr";"contratti_materiali";"numero_riga";"FOREIGN KEY"
"asse_comr_fk";"assegnazioni";"id_contratto";"contratti_materiali";"codice_azienda";"FOREIGN KEY"
"asse_comr_fk";"assegnazioni";"id_contratto";"contratti_materiali";"id_contratto";"FOREIGN KEY"
"asse_comr_fk";"assegnazioni";"id_contratto";"contratti_materiali";"numero_riga";"FOREIGN KEY"
"asse_fboa_fk";"assegnazioni";"codice_azienda";"fabbisogni_ordini_acquisto";"codice_azienda";"FOREIGN KEY"
"asse_fboa_fk";"assegnazioni";"codice_azienda";"fabbisogni_ordini_acquisto";"numero_ordine";"FOREIGN KEY"
"asse_fboa_fk";"assegnazioni";"codice_azienda";"fabbisogni_ordini_acquisto";"numero_riga";"FOREIGN KEY"
"asse_fboa_fk";"assegnazioni";"codice_azienda";"fabbisogni_ordini_acquisto";"id_articolo";"FOREIGN KEY"
"asse_fboa_fk";"assegnazioni";"codice_azienda";"fabbisogni_ordini_acquisto";"codice_variante";"FOREIGN KEY"
"asse_fboa_fk";"assegnazioni";"numero_riga_orfr";"fabbisogni_ordini_acquisto";"codice_azienda";"FOREIGN KEY"
"asse_fboa_fk";"assegnazioni";"numero_riga_orfr";"fabbisogni_ordini_acquisto";"numero_ordine";"FOREIGN KEY"
"asse_fboa_fk";"assegnazioni";"numero_riga_orfr";"fabbisogni_ordini_acquisto";"numero_riga";"FOREIGN KEY"
"asse_fboa_fk";"assegnazioni";"numero_riga_orfr";"fabbisogni_ordini_acquisto";"id_articolo";"FOREIGN KEY"
"asse_fboa_fk";"assegnazioni";"numero_riga_orfr";"fabbisogni_ordini_acquisto";"codice_variante";"FOREIGN KEY"
"asse_fboa_fk";"assegnazioni";"id_articolo";"fabbisogni_ordini_acquisto";"codice_azienda";"FOREIGN KEY"
"asse_fboa_fk";"assegnazioni";"id_articolo";"fabbisogni_ordini_acquisto";"numero_ordine";"FOREIGN KEY"
"asse_fboa_fk";"assegnazioni";"id_articolo";"fabbisogni_ordini_acquisto";"numero_riga";"FOREIGN KEY"
"asse_fboa_fk";"assegnazioni";"id_articolo";"fabbisogni_ordini_acquisto";"id_articolo";"FOREIGN KEY"
"asse_fboa_fk";"assegnazioni";"id_articolo";"fabbisogni_ordini_acquisto";"codice_variante";"FOREIGN KEY"
"asse_fboa_fk";"assegnazioni";"codice_variante";"fabbisogni_ordini_acquisto";"codice_azienda";"FOREIGN KEY"
"asse_fboa_fk";"assegnazioni";"codice_variante";"fabbisogni_ordini_acquisto";"numero_ordine";"FOREIGN KEY"
"asse_fboa_fk";"assegnazioni";"codice_variante";"fabbisogni_ordini_acquisto";"numero_riga";"FOREIGN KEY"
"asse_fboa_fk";"assegnazioni";"codice_variante";"fabbisogni_ordini_acquisto";"id_articolo";"FOREIGN KEY"
"asse_fboa_fk";"assegnazioni";"codice_variante";"fabbisogni_ordini_acquisto";"codice_variante";"FOREIGN KEY"
"asse_fboa_fk";"assegnazioni";"numero_ordine_for";"fabbisogni_ordini_acquisto";"codice_azienda";"FOREIGN KEY"
"asse_fboa_fk";"assegnazioni";"numero_ordine_for";"fabbisogni_ordini_acquisto";"numero_ordine";"FOREIGN KEY"
"asse_fboa_fk";"assegnazioni";"numero_ordine_for";"fabbisogni_ordini_acquisto";"numero_riga";"FOREIGN KEY"
"asse_fboa_fk";"assegnazioni";"numero_ordine_for";"fabbisogni_ordini_acquisto";"id_articolo";"FOREIGN KEY"
"asse_fboa_fk";"assegnazioni";"numero_ordine_for";"fabbisogni_ordini_acquisto";"codice_variante";"FOREIGN KEY"
"asse_fbop_fk";"assegnazioni";"prog_fase";"fabbisogni_ordini_produzione";"codice_azienda";"FOREIGN KEY"
"asse_fbop_fk";"assegnazioni";"prog_fase";"fabbisogni_ordini_produzione";"numero_ordine";"FOREIGN KEY"
"asse_fbop_fk";"assegnazioni";"prog_fase";"fabbisogni_ordini_produzione";"prog_fase";"FOREIGN KEY"
"asse_fbop_fk";"assegnazioni";"prog_fase";"fabbisogni_ordini_produzione";"prog_fb";"FOREIGN KEY"
"asse_fbop_fk";"assegnazioni";"numero_ordine_prd";"fabbisogni_ordini_produzione";"codice_azienda";"FOREIGN KEY"
"asse_fbop_fk";"assegnazioni";"numero_ordine_prd";"fabbisogni_ordini_produzione";"numero_ordine";"FOREIGN KEY"
"asse_fbop_fk";"assegnazioni";"numero_ordine_prd";"fabbisogni_ordini_produzione";"prog_fase";"FOREIGN KEY"
"asse_fbop_fk";"assegnazioni";"numero_ordine_prd";"fabbisogni_ordini_produzione";"prog_fb";"FOREIGN KEY"
"asse_fbop_fk";"assegnazioni";"prog_fb";"fabbisogni_ordini_produzione";"codice_azienda";"FOREIGN KEY"
"asse_fbop_fk";"assegnazioni";"prog_fb";"fabbisogni_ordini_produzione";"numero_ordine";"FOREIGN KEY"
"asse_fbop_fk";"assegnazioni";"prog_fb";"fabbisogni_ordini_produzione";"prog_fase";"FOREIGN KEY"
"asse_fbop_fk";"assegnazioni";"prog_fb";"fabbisogni_ordini_produzione";"prog_fb";"FOREIGN KEY"
"asse_fbop_fk";"assegnazioni";"codice_azienda";"fabbisogni_ordini_produzione";"codice_azienda";"FOREIGN KEY"
"asse_fbop_fk";"assegnazioni";"codice_azienda";"fabbisogni_ordini_produzione";"numero_ordine";"FOREIGN KEY"
"asse_fbop_fk";"assegnazioni";"codice_azienda";"fabbisogni_ordini_produzione";"prog_fase";"FOREIGN KEY"
"asse_fbop_fk";"assegnazioni";"codice_azienda";"fabbisogni_ordini_produzione";"prog_fb";"FOREIGN KEY"
"asse_lott_fk";"assegnazioni";"numero_lotto";"lotti";"numero_lotto";"FOREIGN KEY"
"asse_lott_fk";"assegnazioni";"numero_lotto";"lotti";"codice_azienda";"FOREIGN KEY"
"asse_lott_fk";"assegnazioni";"numero_lotto";"lotti";"codice_magazzino";"FOREIGN KEY"
"asse_lott_fk";"assegnazioni";"numero_lotto";"lotti";"id_articolo";"FOREIGN KEY"
"asse_lott_fk";"assegnazioni";"numero_lotto";"lotti";"codice_variante";"FOREIGN KEY"
"asse_lott_fk";"assegnazioni";"codice_variante";"lotti";"numero_lotto";"FOREIGN KEY"
"asse_lott_fk";"assegnazioni";"codice_variante";"lotti";"codice_azienda";"FOREIGN KEY"
"asse_lott_fk";"assegnazioni";"codice_variante";"lotti";"codice_magazzino";"FOREIGN KEY"
"asse_lott_fk";"assegnazioni";"codice_variante";"lotti";"id_articolo";"FOREIGN KEY"
"asse_lott_fk";"assegnazioni";"codice_variante";"lotti";"codice_variante";"FOREIGN KEY"
"asse_lott_fk";"assegnazioni";"id_articolo";"lotti";"numero_lotto";"FOREIGN KEY"
"asse_lott_fk";"assegnazioni";"id_articolo";"lotti";"codice_azienda";"FOREIGN KEY"
"asse_lott_fk";"assegnazioni";"id_articolo";"lotti";"codice_magazzino";"FOREIGN KEY"
"asse_lott_fk";"assegnazioni";"id_articolo";"lotti";"id_articolo";"FOREIGN KEY"
"asse_lott_fk";"assegnazioni";"id_articolo";"lotti";"codice_variante";"FOREIGN KEY"
"asse_lott_fk";"assegnazioni";"codice_magazzino";"lotti";"numero_lotto";"FOREIGN KEY"
"asse_lott_fk";"assegnazioni";"codice_magazzino";"lotti";"codice_azienda";"FOREIGN KEY"
"asse_lott_fk";"assegnazioni";"codice_magazzino";"lotti";"codice_magazzino";"FOREIGN KEY"
"asse_lott_fk";"assegnazioni";"codice_magazzino";"lotti";"id_articolo";"FOREIGN KEY"
"asse_lott_fk";"assegnazioni";"codice_magazzino";"lotti";"codice_variante";"FOREIGN KEY"
"asse_lott_fk";"assegnazioni";"codice_azienda";"lotti";"numero_lotto";"FOREIGN KEY"
"asse_lott_fk";"assegnazioni";"codice_azienda";"lotti";"codice_azienda";"FOREIGN KEY"
"asse_lott_fk";"assegnazioni";"codice_azienda";"lotti";"codice_magazzino";"FOREIGN KEY"
"asse_lott_fk";"assegnazioni";"codice_azienda";"lotti";"id_articolo";"FOREIGN KEY"
"asse_lott_fk";"assegnazioni";"codice_azienda";"lotti";"codice_variante";"FOREIGN KEY"
"asse_maga_fk";"assegnazioni";"codice_azienda";"magazzini";"codice_magazzino";"FOREIGN KEY"
"asse_maga_fk";"assegnazioni";"codice_azienda";"magazzini";"codice_azienda";"FOREIGN KEY"
"asse_maga_fk";"assegnazioni";"codice_magazzino";"magazzini";"codice_magazzino";"FOREIGN KEY"
"asse_maga_fk";"assegnazioni";"codice_magazzino";"magazzini";"codice_azienda";"FOREIGN KEY"
"asse_orcl_fk";"assegnazioni";"codice_azienda";"ordini_clienti_righe";"codice_azienda";"FOREIGN KEY"
"asse_orcl_fk";"assegnazioni";"codice_azienda";"ordini_clienti_righe";"numero_riga";"FOREIGN KEY"
"asse_orcl_fk";"assegnazioni";"codice_azienda";"ordini_clienti_righe";"numero_ordine";"FOREIGN KEY"
"asse_orcl_fk";"assegnazioni";"numero_ordine_cli";"ordini_clienti_righe";"codice_azienda";"FOREIGN KEY"
"asse_orcl_fk";"assegnazioni";"numero_ordine_cli";"ordini_clienti_righe";"numero_riga";"FOREIGN KEY"
"asse_orcl_fk";"assegnazioni";"numero_ordine_cli";"ordini_clienti_righe";"numero_ordine";"FOREIGN KEY"
"asse_orcl_fk";"assegnazioni";"numero_riga_orcl";"ordini_clienti_righe";"codice_azienda";"FOREIGN KEY"
"asse_orcl_fk";"assegnazioni";"numero_riga_orcl";"ordini_clienti_righe";"numero_riga";"FOREIGN KEY"
"asse_orcl_fk";"assegnazioni";"numero_riga_orcl";"ordini_clienti_righe";"numero_ordine";"FOREIGN KEY"
"asse_orfr_fk";"assegnazioni";"numero_riga_orfr_a";"ordini_fornitori_righe";"codice_azienda";"FOREIGN KEY"
"asse_orfr_fk";"assegnazioni";"numero_riga_orfr_a";"ordini_fornitori_righe";"numero_riga";"FOREIGN KEY"
"asse_orfr_fk";"assegnazioni";"numero_riga_orfr_a";"ordini_fornitori_righe";"numero_ordine";"FOREIGN KEY"
"asse_orfr_fk";"assegnazioni";"codice_azienda";"ordini_fornitori_righe";"codice_azienda";"FOREIGN KEY"
"asse_orfr_fk";"assegnazioni";"codice_azienda";"ordini_fornitori_righe";"numero_riga";"FOREIGN KEY"
"asse_orfr_fk";"assegnazioni";"codice_azienda";"ordini_fornitori_righe";"numero_ordine";"FOREIGN KEY"
"asse_orfr_fk";"assegnazioni";"numero_ordine_for_a";"ordini_fornitori_righe";"codice_azienda";"FOREIGN KEY"
"asse_orfr_fk";"assegnazioni";"numero_ordine_for_a";"ordini_fornitori_righe";"numero_riga";"FOREIGN KEY"
"asse_orfr_fk";"assegnazioni";"numero_ordine_for_a";"ordini_fornitori_righe";"numero_ordine";"FOREIGN KEY"
"asse_orpf_fk";"assegnazioni";"numero_ordine_prd_a";"ordini_produzione_fasi";"numero_ordine";"FOREIGN KEY"
"asse_orpf_fk";"assegnazioni";"numero_ordine_prd_a";"ordini_produzione_fasi";"prog_fase";"FOREIGN KEY"
"asse_orpf_fk";"assegnazioni";"numero_ordine_prd_a";"ordini_produzione_fasi";"codice_azienda";"FOREIGN KEY"
"asse_orpf_fk";"assegnazioni";"prog_fase_a";"ordini_produzione_fasi";"numero_ordine";"FOREIGN KEY"
"asse_orpf_fk";"assegnazioni";"prog_fase_a";"ordini_produzione_fasi";"prog_fase";"FOREIGN KEY"
"asse_orpf_fk";"assegnazioni";"prog_fase_a";"ordini_produzione_fasi";"codice_azienda";"FOREIGN KEY"
"asse_orpf_fk";"assegnazioni";"codice_azienda";"ordini_produzione_fasi";"numero_ordine";"FOREIGN KEY"
"asse_orpf_fk";"assegnazioni";"codice_azienda";"ordini_produzione_fasi";"prog_fase";"FOREIGN KEY"
"asse_orpf_fk";"assegnazioni";"codice_azienda";"ordini_produzione_fasi";"codice_azienda";"FOREIGN KEY"
"asse_pikr_fk";"assegnazioni";"numero_riga_picking";"picking_righe";"codice_azienda";"FOREIGN KEY"
"asse_pikr_fk";"assegnazioni";"numero_riga_picking";"picking_righe";"numero_riga";"FOREIGN KEY"
"asse_pikr_fk";"assegnazioni";"numero_riga_picking";"picking_righe";"numero_picking";"FOREIGN KEY"
"asse_pikr_fk";"assegnazioni";"numero_riga_picking";"picking_righe";"codice_magazzino";"FOREIGN KEY"
"asse_pikr_fk";"assegnazioni";"numero_picking";"picking_righe";"codice_azienda";"FOREIGN KEY"
"asse_pikr_fk";"assegnazioni";"numero_picking";"picking_righe";"numero_riga";"FOREIGN KEY"
"asse_pikr_fk";"assegnazioni";"numero_picking";"picking_righe";"numero_picking";"FOREIGN KEY"
"asse_pikr_fk";"assegnazioni";"numero_picking";"picking_righe";"codice_magazzino";"FOREIGN KEY"
"asse_pikr_fk";"assegnazioni";"codice_magazzino";"picking_righe";"codice_azienda";"FOREIGN KEY"
"asse_pikr_fk";"assegnazioni";"codice_magazzino";"picking_righe";"numero_riga";"FOREIGN KEY"
"asse_pikr_fk";"assegnazioni";"codice_magazzino";"picking_righe";"numero_picking";"FOREIGN KEY"
"asse_pikr_fk";"assegnazioni";"codice_magazzino";"picking_righe";"codice_magazzino";"FOREIGN KEY"
"asse_pikr_fk";"assegnazioni";"codice_azienda";"picking_righe";"codice_azienda";"FOREIGN KEY"
"asse_pikr_fk";"assegnazioni";"codice_azienda";"picking_righe";"numero_riga";"FOREIGN KEY"
"asse_pikr_fk";"assegnazioni";"codice_azienda";"picking_righe";"numero_picking";"FOREIGN KEY"
"asse_pikr_fk";"assegnazioni";"codice_azienda";"picking_righe";"codice_magazzino";"FOREIGN KEY"
"asse_rdar_fk";"assegnazioni";"numero_riga_rda";"richieste_acquisto_righe";"codice_azienda";"FOREIGN KEY"
"asse_rdar_fk";"assegnazioni";"numero_riga_rda";"richieste_acquisto_righe";"numero_rda";"FOREIGN KEY"
"asse_rdar_fk";"assegnazioni";"numero_riga_rda";"richieste_acquisto_righe";"numero_riga";"FOREIGN KEY"
"asse_rdar_fk";"assegnazioni";"numero_rda";"richieste_acquisto_righe";"codice_azienda";"FOREIGN KEY"
"asse_rdar_fk";"assegnazioni";"numero_rda";"richieste_acquisto_righe";"numero_rda";"FOREIGN KEY"
"asse_rdar_fk";"assegnazioni";"numero_rda";"richieste_acquisto_righe";"numero_riga";"FOREIGN KEY"
"asse_rdar_fk";"assegnazioni";"codice_azienda";"richieste_acquisto_righe";"codice_azienda";"FOREIGN KEY"
"asse_rdar_fk";"assegnazioni";"codice_azienda";"richieste_acquisto_righe";"numero_rda";"FOREIGN KEY"
"asse_rdar_fk";"assegnazioni";"codice_azienda";"richieste_acquisto_righe";"numero_riga";"FOREIGN KEY"
"asse_vari_fk";"assegnazioni";"codice_variante";"articoli_varianti";"codice_azienda";"FOREIGN KEY"
"asse_vari_fk";"assegnazioni";"codice_variante";"articoli_varianti";"id_articolo";"FOREIGN KEY"
"asse_vari_fk";"assegnazioni";"codice_variante";"articoli_varianti";"codice_variante";"FOREIGN KEY"
"asse_vari_fk";"assegnazioni";"id_articolo";"articoli_varianti";"codice_azienda";"FOREIGN KEY"
"asse_vari_fk";"assegnazioni";"id_articolo";"articoli_varianti";"id_articolo";"FOREIGN KEY"
"asse_vari_fk";"assegnazioni";"id_articolo";"articoli_varianti";"codice_variante";"FOREIGN KEY"
"asse_vari_fk";"assegnazioni";"codice_azienda";"articoli_varianti";"codice_azienda";"FOREIGN KEY"
"asse_vari_fk";"assegnazioni";"codice_azienda";"articoli_varianti";"id_articolo";"FOREIGN KEY"
"asse_vari_fk";"assegnazioni";"codice_azienda";"articoli_varianti";"codice_variante";"FOREIGN KEY"
"asst_anid_loc_fk";"asset";"codice_part";"anagrafiche_id";"id_anagrafica";"FOREIGN KEY"
"asst_anid_loc_fk";"asset";"codice_part";"anagrafiche_id";"codice_part";"FOREIGN KEY"
"asst_anid_loc_fk";"asset";"id_locazione";"anagrafiche_id";"id_anagrafica";"FOREIGN KEY"
"asst_anid_loc_fk";"asset";"id_locazione";"anagrafiche_id";"codice_part";"FOREIGN KEY"
"asst_anid_pptr_fk";"asset";"codice_part";"anagrafiche_id";"id_anagrafica";"FOREIGN KEY"
"asst_anid_pptr_fk";"asset";"codice_part";"anagrafiche_id";"codice_part";"FOREIGN KEY"
"asst_anid_pptr_fk";"asset";"id_proprietario";"anagrafiche_id";"id_anagrafica";"FOREIGN KEY"
"asst_anid_pptr_fk";"asset";"id_proprietario";"anagrafiche_id";"codice_part";"FOREIGN KEY"
"asst_asst_fk";"asset";"id_asset_parent";"asset";"id_asset";"FOREIGN KEY"
"asst_asst_fk";"asset";"id_asset_parent";"asset";"codice_azienda";"FOREIGN KEY"
"asst_asst_fk";"asset";"codice_azienda";"asset";"id_asset";"FOREIGN KEY"
"asst_asst_fk";"asset";"codice_azienda";"asset";"codice_azienda";"FOREIGN KEY"
"asst_vari_fk";"asset";"codice_azienda";"articoli_varianti";"codice_variante";"FOREIGN KEY"
"asst_vari_fk";"asset";"codice_azienda";"articoli_varianti";"codice_azienda";"FOREIGN KEY"
"asst_vari_fk";"asset";"codice_azienda";"articoli_varianti";"id_articolo";"FOREIGN KEY"
"asst_vari_fk";"asset";"id_articolo";"articoli_varianti";"codice_variante";"FOREIGN KEY"
"asst_vari_fk";"asset";"id_articolo";"articoli_varianti";"codice_azienda";"FOREIGN KEY"
"asst_vari_fk";"asset";"id_articolo";"articoli_varianti";"id_articolo";"FOREIGN KEY"
"asst_vari_fk";"asset";"codice_variante";"articoli_varianti";"codice_variante";"FOREIGN KEY"
"asst_vari_fk";"asset";"codice_variante";"articoli_varianti";"codice_azienda";"FOREIGN KEY"
"asst_vari_fk";"asset";"codice_variante";"articoli_varianti";"id_articolo";"FOREIGN KEY"
"assx_asse_fk_next";"assegnazioni_xref";"id_next";"assegnazioni";"codice_azienda";"FOREIGN KEY"
"assx_asse_fk_next";"assegnazioni_xref";"id_next";"assegnazioni";"id";"FOREIGN KEY"
"assx_asse_fk_next";"assegnazioni_xref";"codice_azienda";"assegnazioni";"codice_azienda";"FOREIGN KEY"
"assx_asse_fk_next";"assegnazioni_xref";"codice_azienda";"assegnazioni";"id";"FOREIGN KEY"
"assx_asse_fk_prev";"assegnazioni_xref";"codice_azienda";"assegnazioni";"codice_azienda";"FOREIGN KEY"
"assx_asse_fk_prev";"assegnazioni_xref";"codice_azienda";"assegnazioni";"id";"FOREIGN KEY"
"assx_asse_fk_prev";"assegnazioni_xref";"id_prev";"assegnazioni";"codice_azienda";"FOREIGN KEY"
"assx_asse_fk_prev";"assegnazioni_xref";"id_prev";"assegnazioni";"id";"FOREIGN KEY"
"astm_asst_fk";"asset_movimenti";"id_asset";"asset";"codice_azienda";"FOREIGN KEY"
"astm_asst_fk";"asset_movimenti";"id_asset";"asset";"id_asset";"FOREIGN KEY"
"astm_asst_fk";"asset_movimenti";"codice_azienda";"asset";"codice_azienda";"FOREIGN KEY"
"astm_asst_fk";"asset_movimenti";"codice_azienda";"asset";"id_asset";"FOREIGN KEY"
"astm_bolr_fk";"asset_movimenti";"codice_azienda";"bolle_righe";"codice_azienda";"FOREIGN KEY"
"astm_bolr_fk";"asset_movimenti";"codice_azienda";"bolle_righe";"codice_magazzino";"FOREIGN KEY"
"astm_bolr_fk";"asset_movimenti";"codice_azienda";"bolle_righe";"numero_bolla";"FOREIGN KEY"
"astm_bolr_fk";"asset_movimenti";"codice_azienda";"bolle_righe";"numero_riga";"FOREIGN KEY"
"astm_bolr_fk";"asset_movimenti";"numero_bolla";"bolle_righe";"codice_azienda";"FOREIGN KEY"
"astm_bolr_fk";"asset_movimenti";"numero_bolla";"bolle_righe";"codice_magazzino";"FOREIGN KEY"
"astm_bolr_fk";"asset_movimenti";"numero_bolla";"bolle_righe";"numero_bolla";"FOREIGN KEY"
"astm_bolr_fk";"asset_movimenti";"numero_bolla";"bolle_righe";"numero_riga";"FOREIGN KEY"
"astm_bolr_fk";"asset_movimenti";"codice_magazzino";"bolle_righe";"codice_azienda";"FOREIGN KEY"
"astm_bolr_fk";"asset_movimenti";"codice_magazzino";"bolle_righe";"codice_magazzino";"FOREIGN KEY"
"astm_bolr_fk";"asset_movimenti";"codice_magazzino";"bolle_righe";"numero_bolla";"FOREIGN KEY"
"astm_bolr_fk";"asset_movimenti";"codice_magazzino";"bolle_righe";"numero_riga";"FOREIGN KEY"
"astm_bolr_fk";"asset_movimenti";"numero_riga";"bolle_righe";"codice_azienda";"FOREIGN KEY"
"astm_bolr_fk";"asset_movimenti";"numero_riga";"bolle_righe";"codice_magazzino";"FOREIGN KEY"
"astm_bolr_fk";"asset_movimenti";"numero_riga";"bolle_righe";"numero_bolla";"FOREIGN KEY"
"astm_bolr_fk";"asset_movimenti";"numero_riga";"bolle_righe";"numero_riga";"FOREIGN KEY"
"atda_alqt_fk";"aliquote_tipi_doc_az";"codice_aliquota";"aliquote";"codice_aliquota";"FOREIGN KEY"
"atda_alqt_fk";"aliquote_tipi_doc_az";"codice_aliquota";"aliquote";"codice_part";"FOREIGN KEY"
"atda_alqt_fk";"aliquote_tipi_doc_az";"codice_part";"aliquote";"codice_aliquota";"FOREIGN KEY"
"atda_alqt_fk";"aliquote_tipi_doc_az";"codice_part";"aliquote";"codice_part";"FOREIGN KEY"
"atda_tdaz_fk";"aliquote_tipi_doc_az";"codice_azienda";"tipi_doc_az";"codice_azienda";"FOREIGN KEY"
"atda_tdaz_fk";"aliquote_tipi_doc_az";"codice_azienda";"tipi_doc_az";"codice_tipo_doc_az";"FOREIGN KEY"
"atda_tdaz_fk";"aliquote_tipi_doc_az";"codice_azienda";"tipi_doc_az";"codice_tipo_doc";"FOREIGN KEY"
"atda_tdaz_fk";"aliquote_tipi_doc_az";"codice_tipo_doc";"tipi_doc_az";"codice_azienda";"FOREIGN KEY"
"atda_tdaz_fk";"aliquote_tipi_doc_az";"codice_tipo_doc";"tipi_doc_az";"codice_tipo_doc_az";"FOREIGN KEY"
"atda_tdaz_fk";"aliquote_tipi_doc_az";"codice_tipo_doc";"tipi_doc_az";"codice_tipo_doc";"FOREIGN KEY"
"atda_tdaz_fk";"aliquote_tipi_doc_az";"codice_tipo_doc_az";"tipi_doc_az";"codice_azienda";"FOREIGN KEY"
"atda_tdaz_fk";"aliquote_tipi_doc_az";"codice_tipo_doc_az";"tipi_doc_az";"codice_tipo_doc_az";"FOREIGN KEY"
"atda_tdaz_fk";"aliquote_tipi_doc_az";"codice_tipo_doc_az";"tipi_doc_az";"codice_tipo_doc";"FOREIGN KEY"
"atfm_docu_fk";"anticipo_fatture_movim";"codice_azienda";"documenti";"codice_azienda";"FOREIGN KEY"
"atfm_docu_fk";"anticipo_fatture_movim";"codice_azienda";"documenti";"id_documento";"FOREIGN KEY"
"atfm_docu_fk";"anticipo_fatture_movim";"id_documento";"documenti";"codice_azienda";"FOREIGN KEY"
"atfm_docu_fk";"anticipo_fatture_movim";"id_documento";"documenti";"id_documento";"FOREIGN KEY"
"atfm_docu_rvca_fk";"anticipo_fatture_movim";"id_documento_revoca";"documenti";"codice_azienda";"FOREIGN KEY"
"atfm_docu_rvca_fk";"anticipo_fatture_movim";"id_documento_revoca";"documenti";"id_documento";"FOREIGN KEY"
"atfm_docu_rvca_fk";"anticipo_fatture_movim";"codice_azienda";"documenti";"codice_azienda";"FOREIGN KEY"
"atfm_docu_rvca_fk";"anticipo_fatture_movim";"codice_azienda";"documenti";"id_documento";"FOREIGN KEY"
"atfm_part_fk";"anticipo_fatture_movim";"codice_azienda";"partitario";"id_partitario";"FOREIGN KEY"
"atfm_part_fk";"anticipo_fatture_movim";"codice_azienda";"partitario";"codice_azienda";"FOREIGN KEY"
"atfm_part_fk";"anticipo_fatture_movim";"id_partitario";"partitario";"id_partitario";"FOREIGN KEY"
"atfm_part_fk";"anticipo_fatture_movim";"id_partitario";"partitario";"codice_azienda";"FOREIGN KEY"
"atre_cspt_fk";"attrezzature";"id_cespite";"ce_cespiti";"codice_azienda";"FOREIGN KEY"
"atre_cspt_fk";"attrezzature";"id_cespite";"ce_cespiti";"id_cespite";"FOREIGN KEY"
"atre_cspt_fk";"attrezzature";"codice_azienda";"ce_cespiti";"codice_azienda";"FOREIGN KEY"
"atre_cspt_fk";"attrezzature";"codice_azienda";"ce_cespiti";"id_cespite";"FOREIGN KEY"
"atre_tiri_fk";"attrezzature";"codice_azienda";"tipi_risorsa";"codice_azienda";"FOREIGN KEY"
"atre_tiri_fk";"attrezzature";"codice_azienda";"tipi_risorsa";"id_tipo_risorsa";"FOREIGN KEY"
"atre_tiri_fk";"attrezzature";"id_tipo_risorsa";"tipi_risorsa";"codice_azienda";"FOREIGN KEY"
"atre_tiri_fk";"attrezzature";"id_tipo_risorsa";"tipi_risorsa";"id_tipo_risorsa";"FOREIGN KEY"
"atti__anid_cli__fk";"attivita";"id_cliente";"anagrafiche_id";"id_anagrafica";"FOREIGN KEY"
"atti__anid_cli__fk";"attivita";"id_cliente";"anagrafiche_id";"codice_part";"FOREIGN KEY"
"atti__anid_cli__fk";"attivita";"codice_part";"anagrafiche_id";"id_anagrafica";"FOREIGN KEY"
"atti__anid_cli__fk";"attivita";"codice_part";"anagrafiche_id";"codice_part";"FOREIGN KEY"
"atti__anid_sede_cli__fk";"attivita";"codice_part";"anagrafiche_id";"codice_part";"FOREIGN KEY"
"atti__anid_sede_cli__fk";"attivita";"codice_part";"anagrafiche_id";"id_anagrafica";"FOREIGN KEY"
"atti__anid_sede_cli__fk";"attivita";"id_cliente_sede";"anagrafiche_id";"codice_part";"FOREIGN KEY"
"atti__anid_sede_cli__fk";"attivita";"id_cliente_sede";"anagrafiche_id";"id_anagrafica";"FOREIGN KEY"
"atti__mtst__fk";"attivita";"id_modello_test";"modelli_test";"codice_azienda";"FOREIGN KEY"
"atti__mtst__fk";"attivita";"id_modello_test";"modelli_test";"id_modello_test";"FOREIGN KEY"
"atti__mtst__fk";"attivita";"codice_azienda";"modelli_test";"codice_azienda";"FOREIGN KEY"
"atti__mtst__fk";"attivita";"codice_azienda";"modelli_test";"id_modello_test";"FOREIGN KEY"
"atti__pcda__fk";"attivita";"id_procedura";"procedure_aziendali";"id_procedura";"FOREIGN KEY"
"atti__pcda__fk";"attivita";"id_procedura";"procedure_aziendali";"codice_azienda";"FOREIGN KEY"
"atti__pcda__fk";"attivita";"codice_azienda";"procedure_aziendali";"id_procedura";"FOREIGN KEY"
"atti__pcda__fk";"attivita";"codice_azienda";"procedure_aziendali";"codice_azienda";"FOREIGN KEY"
"atti__tp_fs_prg_fk";"attivita";"id_tipo_fase";"tipi_fasi_progetti";"id_tipo_fase";"FOREIGN KEY"
"atti__tp_fs_prg_fk";"attivita";"id_tipo_fase";"tipi_fasi_progetti";"codice_azienda";"FOREIGN KEY"
"atti__tp_fs_prg_fk";"attivita";"codice_azienda";"tipi_fasi_progetti";"id_tipo_fase";"FOREIGN KEY"
"atti__tp_fs_prg_fk";"attivita";"codice_azienda";"tipi_fasi_progetti";"codice_azienda";"FOREIGN KEY"
"atti_atti_fk";"attivita";"codice_azienda";"attivita";"codice_attivita";"FOREIGN KEY"
"atti_atti_fk";"attivita";"codice_azienda";"attivita";"codice_azienda";"FOREIGN KEY"
"atti_atti_fk";"attivita";"codice_attivita_parent";"attivita";"codice_attivita";"FOREIGN KEY"
"atti_atti_fk";"attivita";"codice_attivita_parent";"attivita";"codice_azienda";"FOREIGN KEY"
"atti_tiat_fk";"attivita";"codice_tipo_attivita";"tipi_attivita";"codice_tipo_attivita";"FOREIGN KEY"
"atti_tiat_fk";"attivita";"codice_tipo_attivita";"tipi_attivita";"codice_azienda";"FOREIGN KEY"
"atti_tiat_fk";"attivita";"codice_azienda";"tipi_attivita";"codice_tipo_attivita";"FOREIGN KEY"
"atti_tiat_fk";"attivita";"codice_azienda";"tipi_attivita";"codice_azienda";"FOREIGN KEY"
"atti_vari_fk";"attivita";"codice_variante";"articoli_varianti";"codice_variante";"FOREIGN KEY"
"atti_vari_fk";"attivita";"codice_variante";"articoli_varianti";"codice_azienda";"FOREIGN KEY"
"atti_vari_fk";"attivita";"codice_variante";"articoli_varianti";"id_articolo";"FOREIGN KEY"
"atti_vari_fk";"attivita";"codice_azienda";"articoli_varianti";"codice_variante";"FOREIGN KEY"
"atti_vari_fk";"attivita";"codice_azienda";"articoli_varianti";"codice_azienda";"FOREIGN KEY"
"atti_vari_fk";"attivita";"codice_azienda";"articoli_varianti";"id_articolo";"FOREIGN KEY"
"atti_vari_fk";"attivita";"id_articolo";"articoli_varianti";"codice_variante";"FOREIGN KEY"
"atti_vari_fk";"attivita";"id_articolo";"articoli_varianti";"codice_azienda";"FOREIGN KEY"
"atti_vari_fk";"attivita";"id_articolo";"articoli_varianti";"id_articolo";"FOREIGN KEY"
"aute_azie_aut_fk";"autorizzazioni_epc";"codice_azienda_autorizzata";"aziende";"codice_azienda";"FOREIGN KEY"
"aute_azie_fk";"autorizzazioni_epc";"codice_azienda";"aziende";"codice_azienda";"FOREIGN KEY"
"aute_prtz_fk";"autorizzazioni_epc";"codice_part";"partizioni";"codice_part";"FOREIGN KEY"
"aute_soco_fk";"autorizzazioni_epc";"codice_template_fiscale";"sottoconti";"id_sottoconto";"FOREIGN KEY"
"aute_soco_fk";"autorizzazioni_epc";"codice_template_fiscale";"sottoconti";"codice_part";"FOREIGN KEY"
"aute_soco_fk";"autorizzazioni_epc";"codice_template_fiscale";"sottoconti";"id_pdc";"FOREIGN KEY"
"aute_soco_fk";"autorizzazioni_epc";"codice_template_fiscale";"sottoconti";"codice_template_fiscale";"FOREIGN KEY"
"aute_soco_fk";"autorizzazioni_epc";"codice_part";"sottoconti";"id_sottoconto";"FOREIGN KEY"
"aute_soco_fk";"autorizzazioni_epc";"codice_part";"sottoconti";"codice_part";"FOREIGN KEY"
"aute_soco_fk";"autorizzazioni_epc";"codice_part";"sottoconti";"id_pdc";"FOREIGN KEY"
"aute_soco_fk";"autorizzazioni_epc";"codice_part";"sottoconti";"codice_template_fiscale";"FOREIGN KEY"
"aute_soco_fk";"autorizzazioni_epc";"id_sottoconto";"sottoconti";"id_sottoconto";"FOREIGN KEY"
"aute_soco_fk";"autorizzazioni_epc";"id_sottoconto";"sottoconti";"codice_part";"FOREIGN KEY"
"aute_soco_fk";"autorizzazioni_epc";"id_sottoconto";"sottoconti";"id_pdc";"FOREIGN KEY"
"aute_soco_fk";"autorizzazioni_epc";"id_sottoconto";"sottoconti";"codice_template_fiscale";"FOREIGN KEY"
"aute_soco_fk";"autorizzazioni_epc";"id_pdc";"sottoconti";"id_sottoconto";"FOREIGN KEY"
"aute_soco_fk";"autorizzazioni_epc";"id_pdc";"sottoconti";"codice_part";"FOREIGN KEY"
"aute_soco_fk";"autorizzazioni_epc";"id_pdc";"sottoconti";"id_pdc";"FOREIGN KEY"
"aute_soco_fk";"autorizzazioni_epc";"id_pdc";"sottoconti";"codice_template_fiscale";"FOREIGN KEY"
"auto__anid__fk";"autorizzazioni";"codice_part";"anagrafiche_id";"codice_part";"FOREIGN KEY"
"auto__anid__fk";"autorizzazioni";"codice_part";"anagrafiche_id";"id_anagrafica";"FOREIGN KEY"
"auto__anid__fk";"autorizzazioni";"id_anagrafica";"anagrafiche_id";"codice_part";"FOREIGN KEY"
"auto__anid__fk";"autorizzazioni";"id_anagrafica";"anagrafiche_id";"id_anagrafica";"FOREIGN KEY"
"auto__invu__fk";"autorizzazioni";"codice_invito";"inviti_utenti";"codice_invito";"FOREIGN KEY"
"auto_azie_fk";"autorizzazioni";"codice_azienda";"aziende";"codice_azienda";"FOREIGN KEY"
"auto_grpi_fk";"autorizzazioni";"codice_gruppo_aziende";"gruppi";"codice_gruppo";"FOREIGN KEY"
"auto_grut_fk";"autorizzazioni";"codice_gruppo_utenti";"gruppi_utenti";"codice_gruppo_utenti";"FOREIGN KEY"
"auto_prof_fk";"autorizzazioni";"nome_profilo";"profili";"nome";"FOREIGN KEY"
"auto_sedi_fk";"autorizzazioni";"codice_azienda";"sedi_azienda";"codice_azienda";"FOREIGN KEY"
"auto_sedi_fk";"autorizzazioni";"codice_azienda";"sedi_azienda";"codice_sede";"FOREIGN KEY"
"auto_sedi_fk";"autorizzazioni";"codice_sede";"sedi_azienda";"codice_azienda";"FOREIGN KEY"
"auto_sedi_fk";"autorizzazioni";"codice_sede";"sedi_azienda";"codice_sede";"FOREIGN KEY"
"auto_uten_fk";"autorizzazioni";"login_utente";"utenti";"login";"FOREIGN KEY"
"avib__tiim__fk";"articoli_varianti_imballi";"id_tipo_imballo";"tipi_imballo";"codice_azienda";"FOREIGN KEY"
"avib__tiim__fk";"articoli_varianti_imballi";"id_tipo_imballo";"tipi_imballo";"id_tipo_imballo";"FOREIGN KEY"
"avib__tiim__fk";"articoli_varianti_imballi";"codice_azienda";"tipi_imballo";"codice_azienda";"FOREIGN KEY"
"avib__tiim__fk";"articoli_varianti_imballi";"codice_azienda";"tipi_imballo";"id_tipo_imballo";"FOREIGN KEY"
"avib__vari__fk";"articoli_varianti_imballi";"id_articolo";"articoli_varianti";"codice_variante";"FOREIGN KEY"
"avib__vari__fk";"articoli_varianti_imballi";"id_articolo";"articoli_varianti";"id_articolo";"FOREIGN KEY"
"avib__vari__fk";"articoli_varianti_imballi";"id_articolo";"articoli_varianti";"codice_azienda";"FOREIGN KEY"
"avib__vari__fk";"articoli_varianti_imballi";"codice_azienda";"articoli_varianti";"codice_variante";"FOREIGN KEY"
"avib__vari__fk";"articoli_varianti_imballi";"codice_azienda";"articoli_varianti";"id_articolo";"FOREIGN KEY"
"avib__vari__fk";"articoli_varianti_imballi";"codice_azienda";"articoli_varianti";"codice_azienda";"FOREIGN KEY"
"avib__vari__fk";"articoli_varianti_imballi";"codice_variante";"articoli_varianti";"codice_variante";"FOREIGN KEY"
"avib__vari__fk";"articoli_varianti_imballi";"codice_variante";"articoli_varianti";"id_articolo";"FOREIGN KEY"
"avib__vari__fk";"articoli_varianti_imballi";"codice_variante";"articoli_varianti";"codice_azienda";"FOREIGN KEY"
"avli_vari_fk";"articoli_varianti_limiti";"codice_variante";"articoli_varianti";"id_articolo";"FOREIGN KEY"
"avli_vari_fk";"articoli_varianti_limiti";"codice_variante";"articoli_varianti";"codice_variante";"FOREIGN KEY"
"avli_vari_fk";"articoli_varianti_limiti";"codice_variante";"articoli_varianti";"codice_azienda";"FOREIGN KEY"
"avli_vari_fk";"articoli_varianti_limiti";"codice_azienda";"articoli_varianti";"id_articolo";"FOREIGN KEY"
"avli_vari_fk";"articoli_varianti_limiti";"codice_azienda";"articoli_varianti";"codice_variante";"FOREIGN KEY"
"avli_vari_fk";"articoli_varianti_limiti";"codice_azienda";"articoli_varianti";"codice_azienda";"FOREIGN KEY"
"avli_vari_fk";"articoli_varianti_limiti";"id_articolo";"articoli_varianti";"id_articolo";"FOREIGN KEY"
"avli_vari_fk";"articoli_varianti_limiti";"id_articolo";"articoli_varianti";"codice_variante";"FOREIGN KEY"
"avli_vari_fk";"articoli_varianti_limiti";"id_articolo";"articoli_varianti";"codice_azienda";"FOREIGN KEY"
"avvi__msg_fk";"avvisi";"codice_azienda";"messaggi";"codice_azienda";"FOREIGN KEY"
"avvi__msg_fk";"avvisi";"codice_azienda";"messaggi";"id_tipo_messaggio";"FOREIGN KEY"
"avvi__msg_fk";"avvisi";"codice_azienda";"messaggi";"id_messaggio";"FOREIGN KEY"
"avvi__msg_fk";"avvisi";"id_tipo_messaggio";"messaggi";"codice_azienda";"FOREIGN KEY"
"avvi__msg_fk";"avvisi";"id_tipo_messaggio";"messaggi";"id_tipo_messaggio";"FOREIGN KEY"
"avvi__msg_fk";"avvisi";"id_tipo_messaggio";"messaggi";"id_messaggio";"FOREIGN KEY"
"avvi__msg_fk";"avvisi";"id_messaggio";"messaggi";"codice_azienda";"FOREIGN KEY"
"avvi__msg_fk";"avvisi";"id_messaggio";"messaggi";"id_tipo_messaggio";"FOREIGN KEY"
"avvi__msg_fk";"avvisi";"id_messaggio";"messaggi";"id_messaggio";"FOREIGN KEY"
"avvi_emal_fk";"avvisi";"codice_azienda";"email";"email_id";"FOREIGN KEY"
"avvi_emal_fk";"avvisi";"codice_azienda";"email";"codice_azienda";"FOREIGN KEY"
"avvi_emal_fk";"avvisi";"email_id";"email";"email_id";"FOREIGN KEY"
"avvi_emal_fk";"avvisi";"email_id";"email";"codice_azienda";"FOREIGN KEY"
"avvi_tavv_fk";"avvisi";"id_tipo_avviso";"tipi_avviso";"codice_azienda";"FOREIGN KEY"
"avvi_tavv_fk";"avvisi";"id_tipo_avviso";"tipi_avviso";"id_tipo_avviso";"FOREIGN KEY"
"avvi_tavv_fk";"avvisi";"codice_azienda";"tipi_avviso";"codice_azienda";"FOREIGN KEY"
"avvi_tavv_fk";"avvisi";"codice_azienda";"tipi_avviso";"id_tipo_avviso";"FOREIGN KEY"
"azie__azie_cfg__fk";"aziende_cfg";"codice_azienda";"aziende";"codice_azienda";"FOREIGN KEY"
"azie_anag_fk";"aziende";"codice_part";"anagrafiche_id";"codice_part";"FOREIGN KEY"
"azie_anag_fk";"aziende";"codice_part";"anagrafiche_id";"id_anagrafica";"FOREIGN KEY"
"azie_anag_fk";"aziende";"id_anagrafica";"anagrafiche_id";"codice_part";"FOREIGN KEY"
"azie_anag_fk";"aziende";"id_anagrafica";"anagrafiche_id";"id_anagrafica";"FOREIGN KEY"
"azie_anid_fk_rl";"aziende";"rleg_id";"anagrafiche_id";"codice_part";"FOREIGN KEY"
"azie_anid_fk_rl";"aziende";"rleg_id";"anagrafiche_id";"id_anagrafica";"FOREIGN KEY"
"azie_anid_fk_rl";"aziende";"codice_part";"anagrafiche_id";"codice_part";"FOREIGN KEY"
"azie_anid_fk_rl";"aziende";"codice_part";"anagrafiche_id";"id_anagrafica";"FOREIGN KEY"
"azie_cgrp_fk";"aziende";"codice_gruppo_ce";"ce_gruppi";"codice_gruppo_ce";"FOREIGN KEY"
"azie_cspc_fk";"aziende";"codice_gruppo_ce";"ce_specie";"codice_gruppo_ce";"FOREIGN KEY"
"azie_cspc_fk";"aziende";"codice_gruppo_ce";"ce_specie";"codice_specie_ce";"FOREIGN KEY"
"azie_cspc_fk";"aziende";"codice_specie_ce";"ce_specie";"codice_gruppo_ce";"FOREIGN KEY"
"azie_cspc_fk";"aziende";"codice_specie_ce";"ce_specie";"codice_specie_ce";"FOREIGN KEY"
"azie_grpi_fk";"aziende";"codice_gruppo";"gruppi";"codice_gruppo";"FOREIGN KEY"
"azie_port_fk";"aziende";"codice_porto";"tipi_porto";"codice";"FOREIGN KEY"
"azie_port_fk";"aziende";"codice_porto";"tipi_porto";"codice_azienda";"FOREIGN KEY"
"azie_port_fk";"aziende";"codice_azienda";"tipi_porto";"codice";"FOREIGN KEY"
"azie_port_fk";"aziende";"codice_azienda";"tipi_porto";"codice_azienda";"FOREIGN KEY"
"azie_prtz_fk";"aziende";"codice_part";"partizioni";"codice_part";"FOREIGN KEY"
"azie_rncn_fk";"rinnovo_contratti";"codice_azienda";"aziende";"codice_azienda";"FOREIGN KEY"
"azie_sped_fk";"aziende";"codice_spedizione";"tipi_spedizione";"codice";"FOREIGN KEY"
"azie_sped_fk";"aziende";"codice_spedizione";"tipi_spedizione";"codice_azienda";"FOREIGN KEY"
"azie_sped_fk";"aziende";"codice_azienda";"tipi_spedizione";"codice";"FOREIGN KEY"
"azie_sped_fk";"aziende";"codice_azienda";"tipi_spedizione";"codice_azienda";"FOREIGN KEY"
"basf_azie_fk";"batch_servizi_fatturazione";"codice_azienda";"aziende";"codice_azienda";"FOREIGN KEY"
"basf_scdp_fk";"batch_servizi_fatturazione";"codice_schema";"schemi_dati_produzione";"codice_schema";"FOREIGN KEY"
"basf_serv_fk";"batch_servizi_fatturazione";"id_servizio";"servizi";"codice_part";"FOREIGN KEY"
"basf_serv_fk";"batch_servizi_fatturazione";"id_servizio";"servizi";"id_servizio";"FOREIGN KEY"
"basf_serv_fk";"batch_servizi_fatturazione";"codice_part";"servizi";"codice_part";"FOREIGN KEY"
"basf_serv_fk";"batch_servizi_fatturazione";"codice_part";"servizi";"id_servizio";"FOREIGN KEY"
"basf_sext_fk";"batch_servizi_fatturazione";"codice_sistema_esterno";"sistemi_esterni";"codice_part";"FOREIGN KEY"
"basf_sext_fk";"batch_servizi_fatturazione";"codice_sistema_esterno";"sistemi_esterni";"codice_sistema";"FOREIGN KEY"
"basf_sext_fk";"batch_servizi_fatturazione";"codice_part";"sistemi_esterni";"codice_part";"FOREIGN KEY"
"basf_sext_fk";"batch_servizi_fatturazione";"codice_part";"sistemi_esterni";"codice_sistema";"FOREIGN KEY"
"batchscarichi_eventi";"batch_scarichi";"id_evento";"eventi";"id_evento";"FOREIGN KEY"
"batchscarichi_eventi";"batch_scarichi";"id_evento";"eventi";"codice_azienda";"FOREIGN KEY"
"batchscarichi_eventi";"batch_scarichi";"codice_azienda";"eventi";"id_evento";"FOREIGN KEY"
"batchscarichi_eventi";"batch_scarichi";"codice_azienda";"eventi";"codice_azienda";"FOREIGN KEY"
"bfer_btcf_fk";"batch_fatt_errors";"id_batch_fatt";"batch_fatt";"id_batch_fatt";"FOREIGN KEY"
"bfer_btcf_fk";"batch_fatt_errors";"id_batch_fatt";"batch_fatt";"codice_azienda";"FOREIGN KEY"
"bfer_btcf_fk";"batch_fatt_errors";"codice_azienda";"batch_fatt";"id_batch_fatt";"FOREIGN KEY"
"bfer_btcf_fk";"batch_fatt_errors";"codice_azienda";"batch_fatt";"codice_azienda";"FOREIGN KEY"
"bfer_docu_fk";"batch_fatt_errors";"id_documento";"documenti";"codice_azienda";"FOREIGN KEY"
"bfer_docu_fk";"batch_fatt_errors";"id_documento";"documenti";"id_documento";"FOREIGN KEY"
"bfer_docu_fk";"batch_fatt_errors";"codice_azienda";"documenti";"codice_azienda";"FOREIGN KEY"
"bfer_docu_fk";"batch_fatt_errors";"codice_azienda";"documenti";"id_documento";"FOREIGN KEY"
"bfrr_bfrt_fk";"batch_fatt_criteri_ragg";"codice_azienda";"batch_fatt_criteri";"codice_azienda";"FOREIGN KEY"
"bfrr_bfrt_fk";"batch_fatt_criteri_ragg";"codice_azienda";"batch_fatt_criteri";"id_criterio";"FOREIGN KEY"
"bfrr_bfrt_fk";"batch_fatt_criteri_ragg";"id_criterio";"batch_fatt_criteri";"codice_azienda";"FOREIGN KEY"
"bfrr_bfrt_fk";"batch_fatt_criteri_ragg";"id_criterio";"batch_fatt_criteri";"id_criterio";"FOREIGN KEY"
"bfrr_crir_fk";"batch_fatt_criteri_ragg";"id_crit_ragg";"criteri_ragg_fatt";"id_crit_ragg";"FOREIGN KEY"
"bfrt_azie_fk";"batch_fatt_criteri";"codice_azienda";"aziende";"codice_azienda";"FOREIGN KEY"
"bfrt_cpag_fk_altro";"batch_fatt_criteri";"codice_azienda";"condizioni_pagamento";"codice_azienda";"FOREIGN KEY"
"bfrt_cpag_fk_altro";"batch_fatt_criteri";"codice_azienda";"condizioni_pagamento";"id_condizione_pagamento";"FOREIGN KEY"
"bfrt_cpag_fk_altro";"batch_fatt_criteri";"id_cond_pag_altro";"condizioni_pagamento";"codice_azienda";"FOREIGN KEY"
"bfrt_cpag_fk_altro";"batch_fatt_criteri";"id_cond_pag_altro";"condizioni_pagamento";"id_condizione_pagamento";"FOREIGN KEY"
"bfrt_cpag_fk_riba";"batch_fatt_criteri";"id_cond_pag_riba";"condizioni_pagamento";"codice_azienda";"FOREIGN KEY"
"bfrt_cpag_fk_riba";"batch_fatt_criteri";"id_cond_pag_riba";"condizioni_pagamento";"id_condizione_pagamento";"FOREIGN KEY"
"bfrt_cpag_fk_riba";"batch_fatt_criteri";"codice_azienda";"condizioni_pagamento";"codice_azienda";"FOREIGN KEY"
"bfrt_cpag_fk_riba";"batch_fatt_criteri";"codice_azienda";"condizioni_pagamento";"id_condizione_pagamento";"FOREIGN KEY"
"bfrt_cpag_fk_rid";"batch_fatt_criteri";"codice_azienda";"condizioni_pagamento";"id_condizione_pagamento";"FOREIGN KEY"
"bfrt_cpag_fk_rid";"batch_fatt_criteri";"codice_azienda";"condizioni_pagamento";"codice_azienda";"FOREIGN KEY"
"bfrt_cpag_fk_rid";"batch_fatt_criteri";"id_cond_pag_rid";"condizioni_pagamento";"id_condizione_pagamento";"FOREIGN KEY"
"bfrt_cpag_fk_rid";"batch_fatt_criteri";"id_cond_pag_rid";"condizioni_pagamento";"codice_azienda";"FOREIGN KEY"
"bfrt_tdaz_fk_ft";"batch_fatt_criteri";"codice_tipo_doc";"tipi_doc_az";"codice_tipo_doc";"FOREIGN KEY"
"bfrt_tdaz_fk_ft";"batch_fatt_criteri";"codice_tipo_doc";"tipi_doc_az";"codice_azienda";"FOREIGN KEY"
"bfrt_tdaz_fk_ft";"batch_fatt_criteri";"codice_tipo_doc";"tipi_doc_az";"codice_tipo_doc_az";"FOREIGN KEY"
"bfrt_tdaz_fk_ft";"batch_fatt_criteri";"codice_azienda";"tipi_doc_az";"codice_tipo_doc";"FOREIGN KEY"
"bfrt_tdaz_fk_ft";"batch_fatt_criteri";"codice_azienda";"tipi_doc_az";"codice_azienda";"FOREIGN KEY"
"bfrt_tdaz_fk_ft";"batch_fatt_criteri";"codice_azienda";"tipi_doc_az";"codice_tipo_doc_az";"FOREIGN KEY"
"bfrt_tdaz_fk_ft";"batch_fatt_criteri";"codice_tipo_doc_az_ft";"tipi_doc_az";"codice_tipo_doc";"FOREIGN KEY"
"bfrt_tdaz_fk_ft";"batch_fatt_criteri";"codice_tipo_doc_az_ft";"tipi_doc_az";"codice_azienda";"FOREIGN KEY"
"bfrt_tdaz_fk_ft";"batch_fatt_criteri";"codice_tipo_doc_az_ft";"tipi_doc_az";"codice_tipo_doc_az";"FOREIGN KEY"
"bfrt_tdaz_fk_ftt";"batch_fatt_criteri";"codice_tipo_doc";"tipi_doc_az";"codice_tipo_doc_az";"FOREIGN KEY"
"bfrt_tdaz_fk_ftt";"batch_fatt_criteri";"codice_tipo_doc";"tipi_doc_az";"codice_tipo_doc";"FOREIGN KEY"
"bfrt_tdaz_fk_ftt";"batch_fatt_criteri";"codice_tipo_doc";"tipi_doc_az";"codice_azienda";"FOREIGN KEY"
"bfrt_tdaz_fk_ftt";"batch_fatt_criteri";"codice_tipo_doc_az_ftt";"tipi_doc_az";"codice_tipo_doc_az";"FOREIGN KEY"
"bfrt_tdaz_fk_ftt";"batch_fatt_criteri";"codice_tipo_doc_az_ftt";"tipi_doc_az";"codice_tipo_doc";"FOREIGN KEY"
"bfrt_tdaz_fk_ftt";"batch_fatt_criteri";"codice_tipo_doc_az_ftt";"tipi_doc_az";"codice_azienda";"FOREIGN KEY"
"bfrt_tdaz_fk_ftt";"batch_fatt_criteri";"codice_azienda";"tipi_doc_az";"codice_tipo_doc_az";"FOREIGN KEY"
"bfrt_tdaz_fk_ftt";"batch_fatt_criteri";"codice_azienda";"tipi_doc_az";"codice_tipo_doc";"FOREIGN KEY"
"bfrt_tdaz_fk_ftt";"batch_fatt_criteri";"codice_azienda";"tipi_doc_az";"codice_azienda";"FOREIGN KEY"
"bfrt_tdaz_fk_nc";"batch_fatt_criteri";"codice_tipo_doc_az_nc";"tipi_doc_az";"codice_tipo_doc_az";"FOREIGN KEY"
"bfrt_tdaz_fk_nc";"batch_fatt_criteri";"codice_tipo_doc_az_nc";"tipi_doc_az";"codice_tipo_doc";"FOREIGN KEY"
"bfrt_tdaz_fk_nc";"batch_fatt_criteri";"codice_tipo_doc_az_nc";"tipi_doc_az";"codice_azienda";"FOREIGN KEY"
"bfrt_tdaz_fk_nc";"batch_fatt_criteri";"codice_azienda";"tipi_doc_az";"codice_tipo_doc_az";"FOREIGN KEY"
"bfrt_tdaz_fk_nc";"batch_fatt_criteri";"codice_azienda";"tipi_doc_az";"codice_tipo_doc";"FOREIGN KEY"
"bfrt_tdaz_fk_nc";"batch_fatt_criteri";"codice_azienda";"tipi_doc_az";"codice_azienda";"FOREIGN KEY"
"bfrt_tdaz_fk_nc";"batch_fatt_criteri";"codice_tipo_doc";"tipi_doc_az";"codice_tipo_doc_az";"FOREIGN KEY"
"bfrt_tdaz_fk_nc";"batch_fatt_criteri";"codice_tipo_doc";"tipi_doc_az";"codice_tipo_doc";"FOREIGN KEY"
"bfrt_tdaz_fk_nc";"batch_fatt_criteri";"codice_tipo_doc";"tipi_doc_az";"codice_azienda";"FOREIGN KEY"
"bfrt_tdaz_fk_nct";"batch_fatt_criteri";"codice_azienda";"tipi_doc_az";"codice_tipo_doc";"FOREIGN KEY"
"bfrt_tdaz_fk_nct";"batch_fatt_criteri";"codice_azienda";"tipi_doc_az";"codice_tipo_doc_az";"FOREIGN KEY"
"bfrt_tdaz_fk_nct";"batch_fatt_criteri";"codice_azienda";"tipi_doc_az";"codice_azienda";"FOREIGN KEY"
"bfrt_tdaz_fk_nct";"batch_fatt_criteri";"codice_tipo_doc_az_nct";"tipi_doc_az";"codice_tipo_doc";"FOREIGN KEY"
"bfrt_tdaz_fk_nct";"batch_fatt_criteri";"codice_tipo_doc_az_nct";"tipi_doc_az";"codice_tipo_doc_az";"FOREIGN KEY"
"bfrt_tdaz_fk_nct";"batch_fatt_criteri";"codice_tipo_doc_az_nct";"tipi_doc_az";"codice_azienda";"FOREIGN KEY"
"bfrt_tdaz_fk_nct";"batch_fatt_criteri";"codice_tipo_doc";"tipi_doc_az";"codice_tipo_doc";"FOREIGN KEY"
"bfrt_tdaz_fk_nct";"batch_fatt_criteri";"codice_tipo_doc";"tipi_doc_az";"codice_tipo_doc_az";"FOREIGN KEY"
"bfrt_tdaz_fk_nct";"batch_fatt_criteri";"codice_tipo_doc";"tipi_doc_az";"codice_azienda";"FOREIGN KEY"
"bgdf_azie_fk";"batch_gen_dett_fatt";"codice_azienda";"aziende";"codice_azienda";"FOREIGN KEY"
"bgdf_maga_fk";"batch_gen_dett_fatt";"codice_azienda";"magazzini";"codice_azienda";"FOREIGN KEY"
"bgdf_maga_fk";"batch_gen_dett_fatt";"codice_azienda";"magazzini";"codice_magazzino";"FOREIGN KEY"
"bgdf_maga_fk";"batch_gen_dett_fatt";"codice_magazzino";"magazzini";"codice_azienda";"FOREIGN KEY"
"bgdf_maga_fk";"batch_gen_dett_fatt";"codice_magazzino";"magazzini";"codice_magazzino";"FOREIGN KEY"
"bger_bgdf_fk";"batch_gen_dett_fatt_err";"codice_azienda";"batch_gen_dett_fatt";"id_batch";"FOREIGN KEY"
"bger_bgdf_fk";"batch_gen_dett_fatt_err";"codice_azienda";"batch_gen_dett_fatt";"codice_azienda";"FOREIGN KEY"
"bger_bgdf_fk";"batch_gen_dett_fatt_err";"id_batch";"batch_gen_dett_fatt";"id_batch";"FOREIGN KEY"
"bger_bgdf_fk";"batch_gen_dett_fatt_err";"id_batch";"batch_gen_dett_fatt";"codice_azienda";"FOREIGN KEY"
"blkl_nazi_fk";"black_list";"codice_nazione";"nazioni";"codice_nazione";"FOREIGN KEY"
"bncc_cszn_fk";"branch_consuntivazioni";"codice_azienda";"consuntivazioni";"codice_azienda";"FOREIGN KEY"
"bncc_cszn_fk";"branch_consuntivazioni";"codice_azienda";"consuntivazioni";"id_cons";"FOREIGN KEY"
"bncc_cszn_fk";"branch_consuntivazioni";"id_cons";"consuntivazioni";"codice_azienda";"FOREIGN KEY"
"bncc_cszn_fk";"branch_consuntivazioni";"id_cons";"consuntivazioni";"id_cons";"FOREIGN KEY"
"boll_alqt_fk";"bolle";"codice_part";"aliquote";"codice_aliquota";"FOREIGN KEY"
"boll_alqt_fk";"bolle";"codice_part";"aliquote";"codice_part";"FOREIGN KEY"
"boll_alqt_fk";"bolle";"codice_aliquota_iva";"aliquote";"codice_aliquota";"FOREIGN KEY"
"boll_alqt_fk";"bolle";"codice_aliquota_iva";"aliquote";"codice_part";"FOREIGN KEY"
"boll_anid_fk_emit";"bolle";"codice_part";"anagrafiche_id";"codice_part";"FOREIGN KEY"
"boll_anid_fk_emit";"bolle";"codice_part";"anagrafiche_id";"id_anagrafica";"FOREIGN KEY"
"boll_anid_fk_emit";"bolle";"id_emittente";"anagrafiche_id";"codice_part";"FOREIGN KEY"
"boll_anid_fk_emit";"bolle";"id_emittente";"anagrafiche_id";"id_anagrafica";"FOREIGN KEY"
"boll_anvr_car_fk";"bolle";"prog_vr_car";"anagrafiche_vr";"id_anagrafica";"FOREIGN KEY"
"boll_anvr_car_fk";"bolle";"prog_vr_car";"anagrafiche_vr";"prog_vr";"FOREIGN KEY"
"boll_anvr_car_fk";"bolle";"prog_vr_car";"anagrafiche_vr";"codice_part";"FOREIGN KEY"
"boll_anvr_car_fk";"bolle";"codice_part";"anagrafiche_vr";"id_anagrafica";"FOREIGN KEY"
"boll_anvr_car_fk";"bolle";"codice_part";"anagrafiche_vr";"prog_vr";"FOREIGN KEY"
"boll_anvr_car_fk";"bolle";"codice_part";"anagrafiche_vr";"codice_part";"FOREIGN KEY"
"boll_anvr_car_fk";"bolle";"id_caricatore";"anagrafiche_vr";"id_anagrafica";"FOREIGN KEY"
"boll_anvr_car_fk";"bolle";"id_caricatore";"anagrafiche_vr";"prog_vr";"FOREIGN KEY"
"boll_anvr_car_fk";"bolle";"id_caricatore";"anagrafiche_vr";"codice_part";"FOREIGN KEY"
"boll_anvr_dest_fk";"bolle";"prog_vr_dest";"anagrafiche_vr";"prog_vr";"FOREIGN KEY"
"boll_anvr_dest_fk";"bolle";"prog_vr_dest";"anagrafiche_vr";"id_anagrafica";"FOREIGN KEY"
"boll_anvr_dest_fk";"bolle";"prog_vr_dest";"anagrafiche_vr";"codice_part";"FOREIGN KEY"
"boll_anvr_dest_fk";"bolle";"codice_part";"anagrafiche_vr";"prog_vr";"FOREIGN KEY"
"boll_anvr_dest_fk";"bolle";"codice_part";"anagrafiche_vr";"id_anagrafica";"FOREIGN KEY"
"boll_anvr_dest_fk";"bolle";"codice_part";"anagrafiche_vr";"codice_part";"FOREIGN KEY"
"boll_anvr_dest_fk";"bolle";"id_destinazione";"anagrafiche_vr";"prog_vr";"FOREIGN KEY"
"boll_anvr_dest_fk";"bolle";"id_destinazione";"anagrafiche_vr";"id_anagrafica";"FOREIGN KEY"
"boll_anvr_dest_fk";"bolle";"id_destinazione";"anagrafiche_vr";"codice_part";"FOREIGN KEY"
"boll_anvr_destcl_fk";"bolle";"prog_vr_cl";"anagrafiche_vr";"codice_part";"FOREIGN KEY"
"boll_anvr_destcl_fk";"bolle";"prog_vr_cl";"anagrafiche_vr";"id_anagrafica";"FOREIGN KEY"
"boll_anvr_destcl_fk";"bolle";"prog_vr_cl";"anagrafiche_vr";"prog_vr";"FOREIGN KEY"
"boll_anvr_destcl_fk";"bolle";"codice_part";"anagrafiche_vr";"codice_part";"FOREIGN KEY"
"boll_anvr_destcl_fk";"bolle";"codice_part";"anagrafiche_vr";"id_anagrafica";"FOREIGN KEY"
"boll_anvr_destcl_fk";"bolle";"codice_part";"anagrafiche_vr";"prog_vr";"FOREIGN KEY"
"boll_anvr_destcl_fk";"bolle";"id_destinazione_cl";"anagrafiche_vr";"codice_part";"FOREIGN KEY"
"boll_anvr_destcl_fk";"bolle";"id_destinazione_cl";"anagrafiche_vr";"id_anagrafica";"FOREIGN KEY"
"boll_anvr_destcl_fk";"bolle";"id_destinazione_cl";"anagrafiche_vr";"prog_vr";"FOREIGN KEY"
"boll_anvr_fk";"bolle";"id_anagrafica";"anagrafiche_vr";"id_anagrafica";"FOREIGN KEY"
"boll_anvr_fk";"bolle";"id_anagrafica";"anagrafiche_vr";"codice_part";"FOREIGN KEY"
"boll_anvr_fk";"bolle";"id_anagrafica";"anagrafiche_vr";"prog_vr";"FOREIGN KEY"
"boll_anvr_fk";"bolle";"codice_part";"anagrafiche_vr";"id_anagrafica";"FOREIGN KEY"
"boll_anvr_fk";"bolle";"codice_part";"anagrafiche_vr";"codice_part";"FOREIGN KEY"
"boll_anvr_fk";"bolle";"codice_part";"anagrafiche_vr";"prog_vr";"FOREIGN KEY"
"boll_anvr_fk";"bolle";"prog_vr_anag";"anagrafiche_vr";"id_anagrafica";"FOREIGN KEY"
"boll_anvr_fk";"bolle";"prog_vr_anag";"anagrafiche_vr";"codice_part";"FOREIGN KEY"
"boll_anvr_fk";"bolle";"prog_vr_anag";"anagrafiche_vr";"prog_vr";"FOREIGN KEY"
"boll_anvr_vett_fk";"bolle";"id_vettore";"anagrafiche_vr";"id_anagrafica";"FOREIGN KEY"
"boll_anvr_vett_fk";"bolle";"id_vettore";"anagrafiche_vr";"codice_part";"FOREIGN KEY"
"boll_anvr_vett_fk";"bolle";"id_vettore";"anagrafiche_vr";"prog_vr";"FOREIGN KEY"
"boll_anvr_vett_fk";"bolle";"prog_vr_vett";"anagrafiche_vr";"id_anagrafica";"FOREIGN KEY"
"boll_anvr_vett_fk";"bolle";"prog_vr_vett";"anagrafiche_vr";"codice_part";"FOREIGN KEY"
"boll_anvr_vett_fk";"bolle";"prog_vr_vett";"anagrafiche_vr";"prog_vr";"FOREIGN KEY"
"boll_anvr_vett_fk";"bolle";"codice_part";"anagrafiche_vr";"id_anagrafica";"FOREIGN KEY"
"boll_anvr_vett_fk";"bolle";"codice_part";"anagrafiche_vr";"codice_part";"FOREIGN KEY"
"boll_anvr_vett_fk";"bolle";"codice_part";"anagrafiche_vr";"prog_vr";"FOREIGN KEY"
"boll_arti_fk_lav";"bolle";"codice_azienda";"articoli";"codice_azienda";"FOREIGN KEY"
"boll_arti_fk_lav";"bolle";"codice_azienda";"articoli";"id_articolo";"FOREIGN KEY"
"boll_arti_fk_lav";"bolle";"id_lavorazione";"articoli";"codice_azienda";"FOREIGN KEY"
"boll_arti_fk_lav";"bolle";"id_lavorazione";"articoli";"id_articolo";"FOREIGN KEY"
"boll_asbe_fk";"bolle";"id_aspetto_beni";"aspetto_beni";"codice_azienda";"FOREIGN KEY"
"boll_asbe_fk";"bolle";"id_aspetto_beni";"aspetto_beni";"id";"FOREIGN KEY"
"boll_asbe_fk";"bolle";"codice_azienda";"aspetto_beni";"codice_azienda";"FOREIGN KEY"
"boll_asbe_fk";"bolle";"codice_azienda";"aspetto_beni";"id";"FOREIGN KEY"
"boll_bank_fk";"bolle";"codice_azienda";"conti_correnti";"codice_azienda";"FOREIGN KEY"
"boll_bank_fk";"bolle";"codice_azienda";"conti_correnti";"id_conto_corrente";"FOREIGN KEY"
"boll_bank_fk";"bolle";"id_conto_corrente_az";"conti_correnti";"codice_azienda";"FOREIGN KEY"
"boll_bank_fk";"bolle";"id_conto_corrente_az";"conti_correnti";"id_conto_corrente";"FOREIGN KEY"
"boll_boll_fk";"bolle";"numero_bolla_ref";"bolle";"codice_magazzino";"FOREIGN KEY"
"boll_boll_fk";"bolle";"numero_bolla_ref";"bolle";"codice_azienda";"FOREIGN KEY"
"boll_boll_fk";"bolle";"numero_bolla_ref";"bolle";"numero_bolla";"FOREIGN KEY"
"boll_boll_fk";"bolle";"codice_azienda";"bolle";"codice_magazzino";"FOREIGN KEY"
"boll_boll_fk";"bolle";"codice_azienda";"bolle";"codice_azienda";"FOREIGN KEY"
"boll_boll_fk";"bolle";"codice_azienda";"bolle";"numero_bolla";"FOREIGN KEY"
"boll_boll_fk";"bolle";"codice_magazzino_ref";"bolle";"codice_magazzino";"FOREIGN KEY"
"boll_boll_fk";"bolle";"codice_magazzino_ref";"bolle";"codice_azienda";"FOREIGN KEY"
"boll_boll_fk";"bolle";"codice_magazzino_ref";"bolle";"numero_bolla";"FOREIGN KEY"
"boll_boll_fk_uscita";"bolle";"codice_magazzino";"bolle";"codice_magazzino";"FOREIGN KEY"
"boll_boll_fk_uscita";"bolle";"codice_magazzino";"bolle";"codice_azienda";"FOREIGN KEY"
"boll_boll_fk_uscita";"bolle";"codice_magazzino";"bolle";"numero_bolla";"FOREIGN KEY"
"boll_boll_fk_uscita";"bolle";"numero_bolla_uscita";"bolle";"codice_magazzino";"FOREIGN KEY"
"boll_boll_fk_uscita";"bolle";"numero_bolla_uscita";"bolle";"codice_azienda";"FOREIGN KEY"
"boll_boll_fk_uscita";"bolle";"numero_bolla_uscita";"bolle";"numero_bolla";"FOREIGN KEY"
"boll_boll_fk_uscita";"bolle";"codice_azienda";"bolle";"codice_magazzino";"FOREIGN KEY"
"boll_boll_fk_uscita";"bolle";"codice_azienda";"bolle";"codice_azienda";"FOREIGN KEY"
"boll_boll_fk_uscita";"bolle";"codice_azienda";"bolle";"numero_bolla";"FOREIGN KEY"
"boll_caus_fk";"bolle";"codice_azienda";"causali_bolle";"codice_causale";"FOREIGN KEY"
"boll_caus_fk";"bolle";"codice_azienda";"causali_bolle";"codice_azienda";"FOREIGN KEY"
"boll_caus_fk";"bolle";"codice_causale";"causali_bolle";"codice_causale";"FOREIGN KEY"
"boll_caus_fk";"bolle";"codice_causale";"causali_bolle";"codice_azienda";"FOREIGN KEY"
"boll_cc_fk_terzi";"bolle";"codice_azienda";"conti_correnti";"codice_azienda";"FOREIGN KEY"
"boll_cc_fk_terzi";"bolle";"codice_azienda";"conti_correnti";"id_conto_corrente";"FOREIGN KEY"
"boll_cc_fk_terzi";"bolle";"id_conto_corrente_terzi";"conti_correnti";"codice_azienda";"FOREIGN KEY"
"boll_cc_fk_terzi";"bolle";"id_conto_corrente_terzi";"conti_correnti";"id_conto_corrente";"FOREIGN KEY"
"boll_cntr_fk";"bolle";"id_contratto";"contratti";"codice_azienda";"FOREIGN KEY"
"boll_cntr_fk";"bolle";"id_contratto";"contratti";"id_contratto";"FOREIGN KEY"
"boll_cntr_fk";"bolle";"codice_azienda";"contratti";"codice_azienda";"FOREIGN KEY"
"boll_cntr_fk";"bolle";"codice_azienda";"contratti";"id_contratto";"FOREIGN KEY"
"boll_even_fk";"bolle";"codice_azienda";"eventi";"id_evento";"FOREIGN KEY"
"boll_even_fk";"bolle";"codice_azienda";"eventi";"codice_azienda";"FOREIGN KEY"
"boll_even_fk";"bolle";"id_evento";"eventi";"id_evento";"FOREIGN KEY"
"boll_even_fk";"bolle";"id_evento";"eventi";"codice_azienda";"FOREIGN KEY"
"boll_fatt_fk";"bolle";"codice_azienda";"documenti";"id_documento";"FOREIGN KEY"
"boll_fatt_fk";"bolle";"codice_azienda";"documenti";"codice_azienda";"FOREIGN KEY"
"boll_fatt_fk";"bolle";"id_fattura";"documenti";"id_documento";"FOREIGN KEY"
"boll_fatt_fk";"bolle";"id_fattura";"documenti";"codice_azienda";"FOREIGN KEY"
"boll_maga_fk";"bolle";"codice_magazzino";"magazzini";"codice_magazzino";"FOREIGN KEY"
"boll_maga_fk";"bolle";"codice_magazzino";"magazzini";"codice_azienda";"FOREIGN KEY"
"boll_maga_fk";"bolle";"codice_azienda";"magazzini";"codice_magazzino";"FOREIGN KEY"
"boll_maga_fk";"bolle";"codice_azienda";"magazzini";"codice_azienda";"FOREIGN KEY"
"boll_maga_fk2";"bolle";"codice_azienda";"magazzini";"codice_magazzino";"FOREIGN KEY"
"boll_maga_fk2";"bolle";"codice_azienda";"magazzini";"codice_azienda";"FOREIGN KEY"
"boll_maga_fk2";"bolle";"codice_magazzino2";"magazzini";"codice_magazzino";"FOREIGN KEY"
"boll_maga_fk2";"bolle";"codice_magazzino2";"magazzini";"codice_azienda";"FOREIGN KEY"
"boll_mct_dest_fk";"bolle";"prog_destinazione";"mct_destinazioni";"codice_magazzino";"FOREIGN KEY"
"boll_mct_dest_fk";"bolle";"prog_destinazione";"mct_destinazioni";"codice_azienda";"FOREIGN KEY"
"boll_mct_dest_fk";"bolle";"prog_destinazione";"mct_destinazioni";"prog_destinazione";"FOREIGN KEY"
"boll_mct_dest_fk";"bolle";"prog_destinazione";"mct_destinazioni";"numero_operazione";"FOREIGN KEY"
"boll_mct_dest_fk";"bolle";"codice_azienda";"mct_destinazioni";"codice_magazzino";"FOREIGN KEY"
"boll_mct_dest_fk";"bolle";"codice_azienda";"mct_destinazioni";"codice_azienda";"FOREIGN KEY"
"boll_mct_dest_fk";"bolle";"codice_azienda";"mct_destinazioni";"prog_destinazione";"FOREIGN KEY"
"boll_mct_dest_fk";"bolle";"codice_azienda";"mct_destinazioni";"numero_operazione";"FOREIGN KEY"
"boll_mct_dest_fk";"bolle";"codice_magazzino";"mct_destinazioni";"codice_magazzino";"FOREIGN KEY"
"boll_mct_dest_fk";"bolle";"codice_magazzino";"mct_destinazioni";"codice_azienda";"FOREIGN KEY"
"boll_mct_dest_fk";"bolle";"codice_magazzino";"mct_destinazioni";"prog_destinazione";"FOREIGN KEY"
"boll_mct_dest_fk";"bolle";"codice_magazzino";"mct_destinazioni";"numero_operazione";"FOREIGN KEY"
"boll_mct_dest_fk";"bolle";"numero_operazione";"mct_destinazioni";"codice_magazzino";"FOREIGN KEY"
"boll_mct_dest_fk";"bolle";"numero_operazione";"mct_destinazioni";"codice_azienda";"FOREIGN KEY"
"boll_mct_dest_fk";"bolle";"numero_operazione";"mct_destinazioni";"prog_destinazione";"FOREIGN KEY"
"boll_mct_dest_fk";"bolle";"numero_operazione";"mct_destinazioni";"numero_operazione";"FOREIGN KEY"
"boll_orcl_fk";"bolle";"numero_ordine_cli";"ordini_clienti";"codice_azienda";"FOREIGN KEY"
"boll_orcl_fk";"bolle";"numero_ordine_cli";"ordini_clienti";"numero_ordine";"FOREIGN KEY"
"boll_orcl_fk";"bolle";"codice_azienda";"ordini_clienti";"codice_azienda";"FOREIGN KEY"
"boll_orcl_fk";"bolle";"codice_azienda";"ordini_clienti";"numero_ordine";"FOREIGN KEY"
"boll_orfo_fk";"bolle";"codice_azienda";"ordini_fornitori";"numero_ordine";"FOREIGN KEY"
"boll_orfo_fk";"bolle";"codice_azienda";"ordini_fornitori";"codice_azienda";"FOREIGN KEY"
"boll_orfo_fk";"bolle";"numero_ordine_for";"ordini_fornitori";"numero_ordine";"FOREIGN KEY"
"boll_orfo_fk";"bolle";"numero_ordine_for";"ordini_fornitori";"codice_azienda";"FOREIGN KEY"
"boll_orfr_fk";"bolle";"numero_riga_orfr";"ordini_fornitori_righe";"numero_riga";"FOREIGN KEY"
"boll_orfr_fk";"bolle";"numero_riga_orfr";"ordini_fornitori_righe";"numero_ordine";"FOREIGN KEY"
"boll_orfr_fk";"bolle";"numero_riga_orfr";"ordini_fornitori_righe";"codice_azienda";"FOREIGN KEY"
"boll_orfr_fk";"bolle";"codice_azienda";"ordini_fornitori_righe";"numero_riga";"FOREIGN KEY"
"boll_orfr_fk";"bolle";"codice_azienda";"ordini_fornitori_righe";"numero_ordine";"FOREIGN KEY"
"boll_orfr_fk";"bolle";"codice_azienda";"ordini_fornitori_righe";"codice_azienda";"FOREIGN KEY"
"boll_orfr_fk";"bolle";"numero_ordine_for";"ordini_fornitori_righe";"numero_riga";"FOREIGN KEY"
"boll_orfr_fk";"bolle";"numero_ordine_for";"ordini_fornitori_righe";"numero_ordine";"FOREIGN KEY"
"boll_orfr_fk";"bolle";"numero_ordine_for";"ordini_fornitori_righe";"codice_azienda";"FOREIGN KEY"
"boll_orpf_fk";"bolle";"numero_ordine_prd";"ordini_produzione_fasi";"numero_ordine";"FOREIGN KEY"
"boll_orpf_fk";"bolle";"numero_ordine_prd";"ordini_produzione_fasi";"codice_azienda";"FOREIGN KEY"
"boll_orpf_fk";"bolle";"numero_ordine_prd";"ordini_produzione_fasi";"prog_fase";"FOREIGN KEY"
"boll_orpf_fk";"bolle";"prog_fase";"ordini_produzione_fasi";"numero_ordine";"FOREIGN KEY"
"boll_orpf_fk";"bolle";"prog_fase";"ordini_produzione_fasi";"codice_azienda";"FOREIGN KEY"
"boll_orpf_fk";"bolle";"prog_fase";"ordini_produzione_fasi";"prog_fase";"FOREIGN KEY"
"boll_orpf_fk";"bolle";"codice_azienda";"ordini_produzione_fasi";"numero_ordine";"FOREIGN KEY"
"boll_orpf_fk";"bolle";"codice_azienda";"ordini_produzione_fasi";"codice_azienda";"FOREIGN KEY"
"boll_orpf_fk";"bolle";"codice_azienda";"ordini_produzione_fasi";"prog_fase";"FOREIGN KEY"
"boll_paga_fk";"bolle";"codice_azienda";"condizioni_pagamento";"id_condizione_pagamento";"FOREIGN KEY"
"boll_paga_fk";"bolle";"codice_azienda";"condizioni_pagamento";"codice_azienda";"FOREIGN KEY"
"boll_paga_fk";"bolle";"id_cond_pag";"condizioni_pagamento";"id_condizione_pagamento";"FOREIGN KEY"
"boll_paga_fk";"bolle";"id_cond_pag";"condizioni_pagamento";"codice_azienda";"FOREIGN KEY"
"boll_pick_fk";"bolle";"codice_magazzino";"picking";"numero_picking";"FOREIGN KEY"
"boll_pick_fk";"bolle";"codice_magazzino";"picking";"codice_azienda";"FOREIGN KEY"
"boll_pick_fk";"bolle";"codice_magazzino";"picking";"codice_magazzino";"FOREIGN KEY"
"boll_pick_fk";"bolle";"numero_picking";"picking";"numero_picking";"FOREIGN KEY"
"boll_pick_fk";"bolle";"numero_picking";"picking";"codice_azienda";"FOREIGN KEY"
"boll_pick_fk";"bolle";"numero_picking";"picking";"codice_magazzino";"FOREIGN KEY"
"boll_pick_fk";"bolle";"codice_azienda";"picking";"numero_picking";"FOREIGN KEY"
"boll_pick_fk";"bolle";"codice_azienda";"picking";"codice_azienda";"FOREIGN KEY"
"boll_pick_fk";"bolle";"codice_azienda";"picking";"codice_magazzino";"FOREIGN KEY"
"boll_port_fk";"bolle";"codice_porto";"tipi_porto";"codice";"FOREIGN KEY"
"boll_port_fk";"bolle";"codice_porto";"tipi_porto";"codice_azienda";"FOREIGN KEY"
"boll_port_fk";"bolle";"codice_azienda";"tipi_porto";"codice";"FOREIGN KEY"
"boll_port_fk";"bolle";"codice_azienda";"tipi_porto";"codice_azienda";"FOREIGN KEY"
"boll_sped_fk";"bolle";"codice_azienda";"tipi_spedizione";"codice_azienda";"FOREIGN KEY"
"boll_sped_fk";"bolle";"codice_azienda";"tipi_spedizione";"codice";"FOREIGN KEY"
"boll_sped_fk";"bolle";"codice_spedizione";"tipi_spedizione";"codice_azienda";"FOREIGN KEY"
"boll_sped_fk";"bolle";"codice_spedizione";"tipi_spedizione";"codice";"FOREIGN KEY"
"boll_tido_fk_ent";"causali_bolle";"codice_tipo_doc_az_entrata";"tipi_doc_az";"codice_tipo_doc_az";"FOREIGN KEY"
"boll_tido_fk_ent";"causali_bolle";"codice_tipo_doc_az_entrata";"tipi_doc_az";"codice_tipo_doc";"FOREIGN KEY"
"boll_tido_fk_ent";"causali_bolle";"codice_tipo_doc_az_entrata";"tipi_doc_az";"codice_azienda";"FOREIGN KEY"
"boll_tido_fk_ent";"causali_bolle";"codice_tipo_doc_entrata";"tipi_doc_az";"codice_tipo_doc_az";"FOREIGN KEY"
"boll_tido_fk_ent";"causali_bolle";"codice_tipo_doc_entrata";"tipi_doc_az";"codice_tipo_doc";"FOREIGN KEY"
"boll_tido_fk_ent";"causali_bolle";"codice_tipo_doc_entrata";"tipi_doc_az";"codice_azienda";"FOREIGN KEY"
"boll_tido_fk_ent";"causali_bolle";"codice_azienda";"tipi_doc_az";"codice_tipo_doc_az";"FOREIGN KEY"
"boll_tido_fk_ent";"causali_bolle";"codice_azienda";"tipi_doc_az";"codice_tipo_doc";"FOREIGN KEY"
"boll_tido_fk_ent";"causali_bolle";"codice_azienda";"tipi_doc_az";"codice_azienda";"FOREIGN KEY"
"boll_tido_fk_usc";"causali_bolle";"codice_tipo_doc_az_uscita";"tipi_doc_az";"codice_tipo_doc_az";"FOREIGN KEY"
"boll_tido_fk_usc";"causali_bolle";"codice_tipo_doc_az_uscita";"tipi_doc_az";"codice_tipo_doc";"FOREIGN KEY"
"boll_tido_fk_usc";"causali_bolle";"codice_tipo_doc_az_uscita";"tipi_doc_az";"codice_azienda";"FOREIGN KEY"
"boll_tido_fk_usc";"causali_bolle";"codice_tipo_doc_uscita";"tipi_doc_az";"codice_tipo_doc_az";"FOREIGN KEY"
"boll_tido_fk_usc";"causali_bolle";"codice_tipo_doc_uscita";"tipi_doc_az";"codice_tipo_doc";"FOREIGN KEY"
"boll_tido_fk_usc";"causali_bolle";"codice_tipo_doc_uscita";"tipi_doc_az";"codice_azienda";"FOREIGN KEY"
"boll_tido_fk_usc";"causali_bolle";"codice_azienda";"tipi_doc_az";"codice_tipo_doc_az";"FOREIGN KEY"
"boll_tido_fk_usc";"causali_bolle";"codice_azienda";"tipi_doc_az";"codice_tipo_doc";"FOREIGN KEY"
"boll_tido_fk_usc";"causali_bolle";"codice_azienda";"tipi_doc_az";"codice_azienda";"FOREIGN KEY"
"boll_um_fk_peso";"bolle";"um_peso";"unita_misura";"codice_um";"FOREIGN KEY"
"boll_um_fk_peso";"bolle";"um_peso";"unita_misura";"codice_azienda";"FOREIGN KEY"
"boll_um_fk_peso";"bolle";"codice_azienda";"unita_misura";"codice_um";"FOREIGN KEY"
"boll_um_fk_peso";"bolle";"codice_azienda";"unita_misura";"codice_azienda";"FOREIGN KEY"
"boll_um_fk_volume";"bolle";"um_volume";"unita_misura";"codice_um";"FOREIGN KEY"
"boll_um_fk_volume";"bolle";"um_volume";"unita_misura";"codice_azienda";"FOREIGN KEY"
"boll_um_fk_volume";"bolle";"codice_azienda";"unita_misura";"codice_um";"FOREIGN KEY"
"boll_um_fk_volume";"bolle";"codice_azienda";"unita_misura";"codice_azienda";"FOREIGN KEY"
"boll_valu_fk";"bolle";"codice_part";"valute";"codice_part";"FOREIGN KEY"
"boll_valu_fk";"bolle";"codice_part";"valute";"id_valuta";"FOREIGN KEY"
"boll_valu_fk";"bolle";"id_valuta";"valute";"codice_part";"FOREIGN KEY"
"boll_valu_fk";"bolle";"id_valuta";"valute";"id_valuta";"FOREIGN KEY"
"bolle_bolle_fk_ini";"bolle";"numero_bolla_inizio";"bolle";"codice_magazzino";"FOREIGN KEY"
"bolle_bolle_fk_ini";"bolle";"numero_bolla_inizio";"bolle";"numero_bolla";"FOREIGN KEY"
"bolle_bolle_fk_ini";"bolle";"numero_bolla_inizio";"bolle";"codice_azienda";"FOREIGN KEY"
"bolle_bolle_fk_ini";"bolle";"codice_magazzino_inizio";"bolle";"codice_magazzino";"FOREIGN KEY"
"bolle_bolle_fk_ini";"bolle";"codice_magazzino_inizio";"bolle";"numero_bolla";"FOREIGN KEY"
"bolle_bolle_fk_ini";"bolle";"codice_magazzino_inizio";"bolle";"codice_azienda";"FOREIGN KEY"
"bolle_bolle_fk_ini";"bolle";"codice_azienda";"bolle";"codice_magazzino";"FOREIGN KEY"
"bolle_bolle_fk_ini";"bolle";"codice_azienda";"bolle";"numero_bolla";"FOREIGN KEY"
"bolle_bolle_fk_ini";"bolle";"codice_azienda";"bolle";"codice_azienda";"FOREIGN KEY"
"bolr_alqt_fk";"bolle_righe";"codice_part";"aliquote";"codice_part";"FOREIGN KEY"
"bolr_alqt_fk";"bolle_righe";"codice_part";"aliquote";"codice_aliquota";"FOREIGN KEY"
"bolr_alqt_fk";"bolle_righe";"codice_aliquota_iva";"aliquote";"codice_part";"FOREIGN KEY"
"bolr_alqt_fk";"bolle_righe";"codice_aliquota_iva";"aliquote";"codice_aliquota";"FOREIGN KEY"
"bolr_boll_fk";"bolle_righe";"codice_magazzino";"bolle";"numero_bolla";"FOREIGN KEY"
"bolr_boll_fk";"bolle_righe";"codice_magazzino";"bolle";"codice_magazzino";"FOREIGN KEY"
"bolr_boll_fk";"bolle_righe";"codice_magazzino";"bolle";"codice_azienda";"FOREIGN KEY"
"bolr_boll_fk";"bolle_righe";"codice_azienda";"bolle";"numero_bolla";"FOREIGN KEY"
"bolr_boll_fk";"bolle_righe";"codice_azienda";"bolle";"codice_magazzino";"FOREIGN KEY"
"bolr_boll_fk";"bolle_righe";"codice_azienda";"bolle";"codice_azienda";"FOREIGN KEY"
"bolr_boll_fk";"bolle_righe";"numero_bolla";"bolle";"numero_bolla";"FOREIGN KEY"
"bolr_boll_fk";"bolle_righe";"numero_bolla";"bolle";"codice_magazzino";"FOREIGN KEY"
"bolr_boll_fk";"bolle_righe";"numero_bolla";"bolle";"codice_azienda";"FOREIGN KEY"
"bolr_bolr_fk";"bolle_righe";"numero_bolla_ref";"bolle_righe";"numero_riga";"FOREIGN KEY"
"bolr_bolr_fk";"bolle_righe";"numero_bolla_ref";"bolle_righe";"codice_magazzino";"FOREIGN KEY"
"bolr_bolr_fk";"bolle_righe";"numero_bolla_ref";"bolle_righe";"codice_azienda";"FOREIGN KEY"
"bolr_bolr_fk";"bolle_righe";"numero_bolla_ref";"bolle_righe";"numero_bolla";"FOREIGN KEY"
"bolr_bolr_fk";"bolle_righe";"numero_riga_boll";"bolle_righe";"numero_riga";"FOREIGN KEY"
"bolr_bolr_fk";"bolle_righe";"numero_riga_boll";"bolle_righe";"codice_magazzino";"FOREIGN KEY"
"bolr_bolr_fk";"bolle_righe";"numero_riga_boll";"bolle_righe";"codice_azienda";"FOREIGN KEY"
"bolr_bolr_fk";"bolle_righe";"numero_riga_boll";"bolle_righe";"numero_bolla";"FOREIGN KEY"
"bolr_bolr_fk";"bolle_righe";"codice_azienda";"bolle_righe";"numero_riga";"FOREIGN KEY"
"bolr_bolr_fk";"bolle_righe";"codice_azienda";"bolle_righe";"codice_magazzino";"FOREIGN KEY"
"bolr_bolr_fk";"bolle_righe";"codice_azienda";"bolle_righe";"codice_azienda";"FOREIGN KEY"
"bolr_bolr_fk";"bolle_righe";"codice_azienda";"bolle_righe";"numero_bolla";"FOREIGN KEY"
"bolr_bolr_fk";"bolle_righe";"codice_magazzino_ref";"bolle_righe";"numero_riga";"FOREIGN KEY"
"bolr_bolr_fk";"bolle_righe";"codice_magazzino_ref";"bolle_righe";"codice_magazzino";"FOREIGN KEY"
"bolr_bolr_fk";"bolle_righe";"codice_magazzino_ref";"bolle_righe";"codice_azienda";"FOREIGN KEY"
"bolr_bolr_fk";"bolle_righe";"codice_magazzino_ref";"bolle_righe";"numero_bolla";"FOREIGN KEY"
"bolr_bolr_fk_rie";"bolle_righe";"codice_magazzino_rientro";"bolle_righe";"codice_magazzino";"FOREIGN KEY"
"bolr_bolr_fk_rie";"bolle_righe";"codice_magazzino_rientro";"bolle_righe";"numero_riga";"FOREIGN KEY"
"bolr_bolr_fk_rie";"bolle_righe";"codice_magazzino_rientro";"bolle_righe";"codice_azienda";"FOREIGN KEY"
"bolr_bolr_fk_rie";"bolle_righe";"codice_magazzino_rientro";"bolle_righe";"numero_bolla";"FOREIGN KEY"
"bolr_bolr_fk_rie";"bolle_righe";"numero_riga_rientro";"bolle_righe";"codice_magazzino";"FOREIGN KEY"
"bolr_bolr_fk_rie";"bolle_righe";"numero_riga_rientro";"bolle_righe";"numero_riga";"FOREIGN KEY"
"bolr_bolr_fk_rie";"bolle_righe";"numero_riga_rientro";"bolle_righe";"codice_azienda";"FOREIGN KEY"
"bolr_bolr_fk_rie";"bolle_righe";"numero_riga_rientro";"bolle_righe";"numero_bolla";"FOREIGN KEY"
"bolr_bolr_fk_rie";"bolle_righe";"codice_azienda";"bolle_righe";"codice_magazzino";"FOREIGN KEY"
"bolr_bolr_fk_rie";"bolle_righe";"codice_azienda";"bolle_righe";"numero_riga";"FOREIGN KEY"
"bolr_bolr_fk_rie";"bolle_righe";"codice_azienda";"bolle_righe";"codice_azienda";"FOREIGN KEY"
"bolr_bolr_fk_rie";"bolle_righe";"codice_azienda";"bolle_righe";"numero_bolla";"FOREIGN KEY"
"bolr_bolr_fk_rie";"bolle_righe";"numero_bolla_rientro";"bolle_righe";"codice_magazzino";"FOREIGN KEY"
"bolr_bolr_fk_rie";"bolle_righe";"numero_bolla_rientro";"bolle_righe";"numero_riga";"FOREIGN KEY"
"bolr_bolr_fk_rie";"bolle_righe";"numero_bolla_rientro";"bolle_righe";"codice_azienda";"FOREIGN KEY"
"bolr_bolr_fk_rie";"bolle_righe";"numero_bolla_rientro";"bolle_righe";"numero_bolla";"FOREIGN KEY"
"bolr_comr_fk";"bolle_righe";"codice_azienda";"contratti_materiali";"codice_azienda";"FOREIGN KEY"
"bolr_comr_fk";"bolle_righe";"codice_azienda";"contratti_materiali";"id_contratto";"FOREIGN KEY"
"bolr_comr_fk";"bolle_righe";"codice_azienda";"contratti_materiali";"numero_riga";"FOREIGN KEY"
"bolr_comr_fk";"bolle_righe";"numero_riga_comr";"contratti_materiali";"codice_azienda";"FOREIGN KEY"
"bolr_comr_fk";"bolle_righe";"numero_riga_comr";"contratti_materiali";"id_contratto";"FOREIGN KEY"
"bolr_comr_fk";"bolle_righe";"numero_riga_comr";"contratti_materiali";"numero_riga";"FOREIGN KEY"
"bolr_comr_fk";"bolle_righe";"id_contratto";"contratti_materiali";"codice_azienda";"FOREIGN KEY"
"bolr_comr_fk";"bolle_righe";"id_contratto";"contratti_materiali";"id_contratto";"FOREIGN KEY"
"bolr_comr_fk";"bolle_righe";"id_contratto";"contratti_materiali";"numero_riga";"FOREIGN KEY"
"bolr_fatr_fk";"bolle_righe";"numero_riga_fattura";"righe_documento";"codice_azienda";"FOREIGN KEY"
"bolr_fatr_fk";"bolle_righe";"numero_riga_fattura";"righe_documento";"id_riga_documento";"FOREIGN KEY"
"bolr_fatr_fk";"bolle_righe";"numero_riga_fattura";"righe_documento";"id_documento";"FOREIGN KEY"
"bolr_fatr_fk";"bolle_righe";"codice_azienda";"righe_documento";"codice_azienda";"FOREIGN KEY"
"bolr_fatr_fk";"bolle_righe";"codice_azienda";"righe_documento";"id_riga_documento";"FOREIGN KEY"
"bolr_fatr_fk";"bolle_righe";"codice_azienda";"righe_documento";"id_documento";"FOREIGN KEY"
"bolr_fatr_fk";"bolle_righe";"id_fattura";"righe_documento";"codice_azienda";"FOREIGN KEY"
"bolr_fatr_fk";"bolle_righe";"id_fattura";"righe_documento";"id_riga_documento";"FOREIGN KEY"
"bolr_fatr_fk";"bolle_righe";"id_fattura";"righe_documento";"id_documento";"FOREIGN KEY"
"bolr_fboa_fk";"bolle_righe";"numero_riga_orfr_fb";"fabbisogni_ordini_acquisto";"numero_riga";"FOREIGN KEY"
"bolr_fboa_fk";"bolle_righe";"numero_riga_orfr_fb";"fabbisogni_ordini_acquisto";"numero_ordine";"FOREIGN KEY"
"bolr_fboa_fk";"bolle_righe";"numero_riga_orfr_fb";"fabbisogni_ordini_acquisto";"codice_azienda";"FOREIGN KEY"
"bolr_fboa_fk";"bolle_righe";"numero_riga_orfr_fb";"fabbisogni_ordini_acquisto";"codice_variante";"FOREIGN KEY"
"bolr_fboa_fk";"bolle_righe";"numero_riga_orfr_fb";"fabbisogni_ordini_acquisto";"id_articolo";"FOREIGN KEY"
"bolr_fboa_fk";"bolle_righe";"id_articolo";"fabbisogni_ordini_acquisto";"numero_riga";"FOREIGN KEY"
"bolr_fboa_fk";"bolle_righe";"id_articolo";"fabbisogni_ordini_acquisto";"numero_ordine";"FOREIGN KEY"
"bolr_fboa_fk";"bolle_righe";"id_articolo";"fabbisogni_ordini_acquisto";"codice_azienda";"FOREIGN KEY"
"bolr_fboa_fk";"bolle_righe";"id_articolo";"fabbisogni_ordini_acquisto";"codice_variante";"FOREIGN KEY"
"bolr_fboa_fk";"bolle_righe";"id_articolo";"fabbisogni_ordini_acquisto";"id_articolo";"FOREIGN KEY"
"bolr_fboa_fk";"bolle_righe";"codice_azienda";"fabbisogni_ordini_acquisto";"numero_riga";"FOREIGN KEY"
"bolr_fboa_fk";"bolle_righe";"codice_azienda";"fabbisogni_ordini_acquisto";"numero_ordine";"FOREIGN KEY"
"bolr_fboa_fk";"bolle_righe";"codice_azienda";"fabbisogni_ordini_acquisto";"codice_azienda";"FOREIGN KEY"
"bolr_fboa_fk";"bolle_righe";"codice_azienda";"fabbisogni_ordini_acquisto";"codice_variante";"FOREIGN KEY"
"bolr_fboa_fk";"bolle_righe";"codice_azienda";"fabbisogni_ordini_acquisto";"id_articolo";"FOREIGN KEY"
"bolr_fboa_fk";"bolle_righe";"codice_variante";"fabbisogni_ordini_acquisto";"numero_riga";"FOREIGN KEY"
"bolr_fboa_fk";"bolle_righe";"codice_variante";"fabbisogni_ordini_acquisto";"numero_ordine";"FOREIGN KEY"
"bolr_fboa_fk";"bolle_righe";"codice_variante";"fabbisogni_ordini_acquisto";"codice_azienda";"FOREIGN KEY"
"bolr_fboa_fk";"bolle_righe";"codice_variante";"fabbisogni_ordini_acquisto";"codice_variante";"FOREIGN KEY"
"bolr_fboa_fk";"bolle_righe";"codice_variante";"fabbisogni_ordini_acquisto";"id_articolo";"FOREIGN KEY"
"bolr_fboa_fk";"bolle_righe";"numero_ordine_for_fb";"fabbisogni_ordini_acquisto";"numero_riga";"FOREIGN KEY"
"bolr_fboa_fk";"bolle_righe";"numero_ordine_for_fb";"fabbisogni_ordini_acquisto";"numero_ordine";"FOREIGN KEY"
"bolr_fboa_fk";"bolle_righe";"numero_ordine_for_fb";"fabbisogni_ordini_acquisto";"codice_azienda";"FOREIGN KEY"
"bolr_fboa_fk";"bolle_righe";"numero_ordine_for_fb";"fabbisogni_ordini_acquisto";"codice_variante";"FOREIGN KEY"
"bolr_fboa_fk";"bolle_righe";"numero_ordine_for_fb";"fabbisogni_ordini_acquisto";"id_articolo";"FOREIGN KEY"
"bolr_fbop_fk";"bolle_righe";"prog_fase_forp";"fabbisogni_ordini_produzione";"prog_fb";"FOREIGN KEY"
"bolr_fbop_fk";"bolle_righe";"prog_fase_forp";"fabbisogni_ordini_produzione";"prog_fase";"FOREIGN KEY"
"bolr_fbop_fk";"bolle_righe";"prog_fase_forp";"fabbisogni_ordini_produzione";"numero_ordine";"FOREIGN KEY"
"bolr_fbop_fk";"bolle_righe";"prog_fase_forp";"fabbisogni_ordini_produzione";"codice_azienda";"FOREIGN KEY"
"bolr_fbop_fk";"bolle_righe";"prog_fb";"fabbisogni_ordini_produzione";"prog_fb";"FOREIGN KEY"
"bolr_fbop_fk";"bolle_righe";"prog_fb";"fabbisogni_ordini_produzione";"prog_fase";"FOREIGN KEY"
"bolr_fbop_fk";"bolle_righe";"prog_fb";"fabbisogni_ordini_produzione";"numero_ordine";"FOREIGN KEY"
"bolr_fbop_fk";"bolle_righe";"prog_fb";"fabbisogni_ordini_produzione";"codice_azienda";"FOREIGN KEY"
"bolr_fbop_fk";"bolle_righe";"codice_azienda";"fabbisogni_ordini_produzione";"prog_fb";"FOREIGN KEY"
"bolr_fbop_fk";"bolle_righe";"codice_azienda";"fabbisogni_ordini_produzione";"prog_fase";"FOREIGN KEY"
"bolr_fbop_fk";"bolle_righe";"codice_azienda";"fabbisogni_ordini_produzione";"numero_ordine";"FOREIGN KEY"
"bolr_fbop_fk";"bolle_righe";"codice_azienda";"fabbisogni_ordini_produzione";"codice_azienda";"FOREIGN KEY"
"bolr_fbop_fk";"bolle_righe";"numero_ordine_forp";"fabbisogni_ordini_produzione";"prog_fb";"FOREIGN KEY"
"bolr_fbop_fk";"bolle_righe";"numero_ordine_forp";"fabbisogni_ordini_produzione";"prog_fase";"FOREIGN KEY"
"bolr_fbop_fk";"bolle_righe";"numero_ordine_forp";"fabbisogni_ordini_produzione";"numero_ordine";"FOREIGN KEY"
"bolr_fbop_fk";"bolle_righe";"numero_ordine_forp";"fabbisogni_ordini_produzione";"codice_azienda";"FOREIGN KEY"
"bolr_intm_fk";"bolle_righe";"id_intervento";"interventi_materiali";"codice_azienda";"FOREIGN KEY"
"bolr_intm_fk";"bolle_righe";"id_intervento";"interventi_materiali";"id_materiale";"FOREIGN KEY"
"bolr_intm_fk";"bolle_righe";"id_intervento";"interventi_materiali";"id_intervento";"FOREIGN KEY"
"bolr_intm_fk";"bolle_righe";"codice_azienda";"interventi_materiali";"codice_azienda";"FOREIGN KEY"
"bolr_intm_fk";"bolle_righe";"codice_azienda";"interventi_materiali";"id_materiale";"FOREIGN KEY"
"bolr_intm_fk";"bolle_righe";"codice_azienda";"interventi_materiali";"id_intervento";"FOREIGN KEY"
"bolr_intm_fk";"bolle_righe";"id_materiale";"interventi_materiali";"codice_azienda";"FOREIGN KEY"
"bolr_intm_fk";"bolle_righe";"id_materiale";"interventi_materiali";"id_materiale";"FOREIGN KEY"
"bolr_intm_fk";"bolle_righe";"id_materiale";"interventi_materiali";"id_intervento";"FOREIGN KEY"
"bolr_orcr_fk";"bolle_righe";"numero_riga_orcl";"ordini_clienti_righe";"numero_ordine";"FOREIGN KEY"
"bolr_orcr_fk";"bolle_righe";"numero_riga_orcl";"ordini_clienti_righe";"numero_riga";"FOREIGN KEY"
"bolr_orcr_fk";"bolle_righe";"numero_riga_orcl";"ordini_clienti_righe";"codice_azienda";"FOREIGN KEY"
"bolr_orcr_fk";"bolle_righe";"codice_azienda";"ordini_clienti_righe";"numero_ordine";"FOREIGN KEY"
"bolr_orcr_fk";"bolle_righe";"codice_azienda";"ordini_clienti_righe";"numero_riga";"FOREIGN KEY"
"bolr_orcr_fk";"bolle_righe";"codice_azienda";"ordini_clienti_righe";"codice_azienda";"FOREIGN KEY"
"bolr_orcr_fk";"bolle_righe";"numero_ordine_cli";"ordini_clienti_righe";"numero_ordine";"FOREIGN KEY"
"bolr_orcr_fk";"bolle_righe";"numero_ordine_cli";"ordini_clienti_righe";"numero_riga";"FOREIGN KEY"
"bolr_orcr_fk";"bolle_righe";"numero_ordine_cli";"ordini_clienti_righe";"codice_azienda";"FOREIGN KEY"
"bolr_orfr_fk";"bolle_righe";"numero_riga_orfr";"ordini_fornitori_righe";"numero_riga";"FOREIGN KEY"
"bolr_orfr_fk";"bolle_righe";"numero_riga_orfr";"ordini_fornitori_righe";"numero_ordine";"FOREIGN KEY"
"bolr_orfr_fk";"bolle_righe";"numero_riga_orfr";"ordini_fornitori_righe";"codice_azienda";"FOREIGN KEY"
"bolr_orfr_fk";"bolle_righe";"codice_azienda";"ordini_fornitori_righe";"numero_riga";"FOREIGN KEY"
"bolr_orfr_fk";"bolle_righe";"codice_azienda";"ordini_fornitori_righe";"numero_ordine";"FOREIGN KEY"
"bolr_orfr_fk";"bolle_righe";"codice_azienda";"ordini_fornitori_righe";"codice_azienda";"FOREIGN KEY"
"bolr_orfr_fk";"bolle_righe";"numero_ordine_for";"ordini_fornitori_righe";"numero_riga";"FOREIGN KEY"
"bolr_orfr_fk";"bolle_righe";"numero_ordine_for";"ordini_fornitori_righe";"numero_ordine";"FOREIGN KEY"
"bolr_orfr_fk";"bolle_righe";"numero_ordine_for";"ordini_fornitori_righe";"codice_azienda";"FOREIGN KEY"
"bolr_orpf_fk";"bolle_righe";"prog_fase";"ordini_produzione_fasi";"prog_fase";"FOREIGN KEY"
"bolr_orpf_fk";"bolle_righe";"prog_fase";"ordini_produzione_fasi";"codice_azienda";"FOREIGN KEY"
"bolr_orpf_fk";"bolle_righe";"prog_fase";"ordini_produzione_fasi";"numero_ordine";"FOREIGN KEY"
"bolr_orpf_fk";"bolle_righe";"codice_azienda";"ordini_produzione_fasi";"prog_fase";"FOREIGN KEY"
"bolr_orpf_fk";"bolle_righe";"codice_azienda";"ordini_produzione_fasi";"codice_azienda";"FOREIGN KEY"
"bolr_orpf_fk";"bolle_righe";"codice_azienda";"ordini_produzione_fasi";"numero_ordine";"FOREIGN KEY"
"bolr_orpf_fk";"bolle_righe";"numero_ordine_prd";"ordini_produzione_fasi";"prog_fase";"FOREIGN KEY"
"bolr_orpf_fk";"bolle_righe";"numero_ordine_prd";"ordini_produzione_fasi";"codice_azienda";"FOREIGN KEY"
"bolr_orpf_fk";"bolle_righe";"numero_ordine_prd";"ordini_produzione_fasi";"numero_ordine";"FOREIGN KEY"
"bolr_pikr_fk";"bolle_righe";"numero_riga_picking";"picking_righe";"codice_azienda";"FOREIGN KEY"
"bolr_pikr_fk";"bolle_righe";"numero_riga_picking";"picking_righe";"numero_picking";"FOREIGN KEY"
"bolr_pikr_fk";"bolle_righe";"numero_riga_picking";"picking_righe";"numero_riga";"FOREIGN KEY"
"bolr_pikr_fk";"bolle_righe";"numero_riga_picking";"picking_righe";"codice_magazzino";"FOREIGN KEY"
"bolr_pikr_fk";"bolle_righe";"numero_picking";"picking_righe";"codice_azienda";"FOREIGN KEY"
"bolr_pikr_fk";"bolle_righe";"numero_picking";"picking_righe";"numero_picking";"FOREIGN KEY"
"bolr_pikr_fk";"bolle_righe";"numero_picking";"picking_righe";"numero_riga";"FOREIGN KEY"
"bolr_pikr_fk";"bolle_righe";"numero_picking";"picking_righe";"codice_magazzino";"FOREIGN KEY"
"bolr_pikr_fk";"bolle_righe";"codice_azienda";"picking_righe";"codice_azienda";"FOREIGN KEY"
"bolr_pikr_fk";"bolle_righe";"codice_azienda";"picking_righe";"numero_picking";"FOREIGN KEY"
"bolr_pikr_fk";"bolle_righe";"codice_azienda";"picking_righe";"numero_riga";"FOREIGN KEY"
"bolr_pikr_fk";"bolle_righe";"codice_azienda";"picking_righe";"codice_magazzino";"FOREIGN KEY"
"bolr_pikr_fk";"bolle_righe";"codice_magazzino";"picking_righe";"codice_azienda";"FOREIGN KEY"
"bolr_pikr_fk";"bolle_righe";"codice_magazzino";"picking_righe";"numero_picking";"FOREIGN KEY"
"bolr_pikr_fk";"bolle_righe";"codice_magazzino";"picking_righe";"numero_riga";"FOREIGN KEY"
"bolr_pikr_fk";"bolle_righe";"codice_magazzino";"picking_righe";"codice_magazzino";"FOREIGN KEY"
"bolr_rdar_fk";"bolle_righe";"numero_rda";"richieste_acquisto_righe";"codice_azienda";"FOREIGN KEY"
"bolr_rdar_fk";"bolle_righe";"numero_rda";"richieste_acquisto_righe";"numero_riga";"FOREIGN KEY"
"bolr_rdar_fk";"bolle_righe";"numero_rda";"richieste_acquisto_righe";"numero_rda";"FOREIGN KEY"
"bolr_rdar_fk";"bolle_righe";"numero_riga_rda";"richieste_acquisto_righe";"codice_azienda";"FOREIGN KEY"
"bolr_rdar_fk";"bolle_righe";"numero_riga_rda";"richieste_acquisto_righe";"numero_riga";"FOREIGN KEY"
"bolr_rdar_fk";"bolle_righe";"numero_riga_rda";"richieste_acquisto_righe";"numero_rda";"FOREIGN KEY"
"bolr_rdar_fk";"bolle_righe";"codice_azienda";"richieste_acquisto_righe";"codice_azienda";"FOREIGN KEY"
"bolr_rdar_fk";"bolle_righe";"codice_azienda";"richieste_acquisto_righe";"numero_riga";"FOREIGN KEY"
"bolr_rdar_fk";"bolle_righe";"codice_azienda";"richieste_acquisto_righe";"numero_rda";"FOREIGN KEY"
"bolr_rddr_fk";"bolle_righe";"codice_registro_ddr";"fre_registri_ddr";"codice_registro";"FOREIGN KEY"
"bolr_rddr_fk";"bolle_righe";"codice_registro_ddr";"fre_registri_ddr";"codice_azienda";"FOREIGN KEY"
"bolr_rddr_fk";"bolle_righe";"codice_azienda";"fre_registri_ddr";"codice_registro";"FOREIGN KEY"
"bolr_rddr_fk";"bolle_righe";"codice_azienda";"fre_registri_ddr";"codice_azienda";"FOREIGN KEY"
"bolr_sefa_fk";"bolle_righe";"uuid_dettaglio_fatturabile";"servizi_fatturazione";"codice_azienda";"FOREIGN KEY"
"bolr_sefa_fk";"bolle_righe";"uuid_dettaglio_fatturabile";"servizi_fatturazione";"uuid_servizi_fatturazione";"FOREIGN KEY"
"bolr_sefa_fk";"bolle_righe";"codice_azienda";"servizi_fatturazione";"codice_azienda";"FOREIGN KEY"
"bolr_sefa_fk";"bolle_righe";"codice_azienda";"servizi_fatturazione";"uuid_servizi_fatturazione";"FOREIGN KEY"
"bolr_tiim_fk";"bolle_righe";"codice_azienda";"tipi_imballo";"codice_azienda";"FOREIGN KEY"
"bolr_tiim_fk";"bolle_righe";"codice_azienda";"tipi_imballo";"id_tipo_imballo";"FOREIGN KEY"
"bolr_tiim_fk";"bolle_righe";"id_tipo_imballo";"tipi_imballo";"codice_azienda";"FOREIGN KEY"
"bolr_tiim_fk";"bolle_righe";"id_tipo_imballo";"tipi_imballo";"id_tipo_imballo";"FOREIGN KEY"
"bolr_um_fk_acquisto";"bolle_righe";"codice_azienda";"unita_misura";"codice_um";"FOREIGN KEY"
"bolr_um_fk_acquisto";"bolle_righe";"codice_azienda";"unita_misura";"codice_azienda";"FOREIGN KEY"
"bolr_um_fk_acquisto";"bolle_righe";"codice_um_acqven";"unita_misura";"codice_um";"FOREIGN KEY"
"bolr_um_fk_acquisto";"bolle_righe";"codice_um_acqven";"unita_misura";"codice_azienda";"FOREIGN KEY"
"bolr_vari_fk";"bolle_righe";"codice_variante";"articoli_varianti";"id_articolo";"FOREIGN KEY"
"bolr_vari_fk";"bolle_righe";"codice_variante";"articoli_varianti";"codice_azienda";"FOREIGN KEY"
"bolr_vari_fk";"bolle_righe";"codice_variante";"articoli_varianti";"codice_variante";"FOREIGN KEY"
"bolr_vari_fk";"bolle_righe";"id_articolo";"articoli_varianti";"id_articolo";"FOREIGN KEY"
"bolr_vari_fk";"bolle_righe";"id_articolo";"articoli_varianti";"codice_azienda";"FOREIGN KEY"
"bolr_vari_fk";"bolle_righe";"id_articolo";"articoli_varianti";"codice_variante";"FOREIGN KEY"
"bolr_vari_fk";"bolle_righe";"codice_azienda";"articoli_varianti";"id_articolo";"FOREIGN KEY"
"bolr_vari_fk";"bolle_righe";"codice_azienda";"articoli_varianti";"codice_azienda";"FOREIGN KEY"
"bolr_vari_fk";"bolle_righe";"codice_azienda";"articoli_varianti";"codice_variante";"FOREIGN KEY"
"bolr_vari_fk_finita";"bolle_righe";"id_articolo";"articoli_varianti";"codice_variante";"FOREIGN KEY"
"bolr_vari_fk_finita";"bolle_righe";"id_articolo";"articoli_varianti";"codice_azienda";"FOREIGN KEY"
"bolr_vari_fk_finita";"bolle_righe";"id_articolo";"articoli_varianti";"id_articolo";"FOREIGN KEY"
"bolr_vari_fk_finita";"bolle_righe";"codice_variante_finita";"articoli_varianti";"codice_variante";"FOREIGN KEY"
"bolr_vari_fk_finita";"bolle_righe";"codice_variante_finita";"articoli_varianti";"codice_azienda";"FOREIGN KEY"
"bolr_vari_fk_finita";"bolle_righe";"codice_variante_finita";"articoli_varianti";"id_articolo";"FOREIGN KEY"
"bolr_vari_fk_finita";"bolle_righe";"codice_azienda";"articoli_varianti";"codice_variante";"FOREIGN KEY"
"bolr_vari_fk_finita";"bolle_righe";"codice_azienda";"articoli_varianti";"codice_azienda";"FOREIGN KEY"
"bolr_vari_fk_finita";"bolle_righe";"codice_azienda";"articoli_varianti";"id_articolo";"FOREIGN KEY"
"bolr_vari_fk_gc";"bolle_righe";"codice_variante_gc";"articoli_varianti";"id_articolo";"FOREIGN KEY"
"bolr_vari_fk_gc";"bolle_righe";"codice_variante_gc";"articoli_varianti";"codice_variante";"FOREIGN KEY"
"bolr_vari_fk_gc";"bolle_righe";"codice_variante_gc";"articoli_varianti";"codice_azienda";"FOREIGN KEY"
"bolr_vari_fk_gc";"bolle_righe";"codice_azienda";"articoli_varianti";"id_articolo";"FOREIGN KEY"
"bolr_vari_fk_gc";"bolle_righe";"codice_azienda";"articoli_varianti";"codice_variante";"FOREIGN KEY"
"bolr_vari_fk_gc";"bolle_righe";"codice_azienda";"articoli_varianti";"codice_azienda";"FOREIGN KEY"
"bolr_vari_fk_gc";"bolle_righe";"id_articolo_gc";"articoli_varianti";"id_articolo";"FOREIGN KEY"
"bolr_vari_fk_gc";"bolle_righe";"id_articolo_gc";"articoli_varianti";"codice_variante";"FOREIGN KEY"
"bolr_vari_fk_gc";"bolle_righe";"id_articolo_gc";"articoli_varianti";"codice_azienda";"FOREIGN KEY"
"bpm_defc_deff_fk";"bpm_data_effect_column";"codice_part";"bpm_data_effect";"codice_part";"FOREIGN KEY"
"bpm_defc_deff_fk";"bpm_data_effect_column";"codice_part";"bpm_data_effect";"deff_id";"FOREIGN KEY"
"bpm_defc_deff_fk";"bpm_data_effect_column";"deff_id";"bpm_data_effect";"codice_part";"FOREIGN KEY"
"bpm_defc_deff_fk";"bpm_data_effect_column";"deff_id";"bpm_data_effect";"deff_id";"FOREIGN KEY"
"bpm_deff_deff_fk";"bpm_data_effect";"codice_part";"bpm_data_effect";"codice_part";"FOREIGN KEY"
"bpm_deff_deff_fk";"bpm_data_effect";"codice_part";"bpm_data_effect";"deff_id";"FOREIGN KEY"
"bpm_deff_deff_fk";"bpm_data_effect";"deff_id_parent";"bpm_data_effect";"codice_part";"FOREIGN KEY"
"bpm_deff_deff_fk";"bpm_data_effect";"deff_id_parent";"bpm_data_effect";"deff_id";"FOREIGN KEY"
"bpm_deff_step_fk";"bpm_data_effect";"step_id";"bpm_proc_step";"codice_part";"FOREIGN KEY"
"bpm_deff_step_fk";"bpm_data_effect";"step_id";"bpm_proc_step";"step_id";"FOREIGN KEY"
"bpm_deff_step_fk";"bpm_data_effect";"codice_part";"bpm_proc_step";"codice_part";"FOREIGN KEY"
"bpm_deff_step_fk";"bpm_data_effect";"codice_part";"bpm_proc_step";"step_id";"FOREIGN KEY"
"bpm_flow_step_from_fk";"bpm_flow";"codice_part";"bpm_proc_step";"step_id";"FOREIGN KEY"
"bpm_flow_step_from_fk";"bpm_flow";"codice_part";"bpm_proc_step";"codice_part";"FOREIGN KEY"
"bpm_flow_step_from_fk";"bpm_flow";"step_id_from";"bpm_proc_step";"step_id";"FOREIGN KEY"
"bpm_flow_step_from_fk";"bpm_flow";"step_id_from";"bpm_proc_step";"codice_part";"FOREIGN KEY"
"bpm_flow_step_to_fk";"bpm_flow";"step_id_to";"bpm_proc_step";"codice_part";"FOREIGN KEY"
"bpm_flow_step_to_fk";"bpm_flow";"step_id_to";"bpm_proc_step";"step_id";"FOREIGN KEY"
"bpm_flow_step_to_fk";"bpm_flow";"codice_part";"bpm_proc_step";"codice_part";"FOREIGN KEY"
"bpm_flow_step_to_fk";"bpm_flow";"codice_part";"bpm_proc_step";"step_id";"FOREIGN KEY"
"bpm_inst_proc_fk";"bpm_process_instance";"codice_part";"bpm_process";"codice_part";"FOREIGN KEY"
"bpm_inst_proc_fk";"bpm_process_instance";"codice_part";"bpm_process";"proc_id";"FOREIGN KEY"
"bpm_inst_proc_fk";"bpm_process_instance";"proc_id";"bpm_process";"codice_part";"FOREIGN KEY"
"bpm_inst_proc_fk";"bpm_process_instance";"proc_id";"bpm_process";"proc_id";"FOREIGN KEY"
"bpm_log_step_fk";"bpm_log";"step_id";"bpm_proc_step";"step_id";"FOREIGN KEY"
"bpm_log_step_fk";"bpm_log";"step_id";"bpm_proc_step";"codice_part";"FOREIGN KEY"
"bpm_log_step_fk";"bpm_log";"codice_part";"bpm_proc_step";"step_id";"FOREIGN KEY"
"bpm_log_step_fk";"bpm_log";"codice_part";"bpm_proc_step";"codice_part";"FOREIGN KEY"
"bpm_noti_sins_fk";"bpm_notifications";"codice_part";"bpm_step_instance";"sins_id";"FOREIGN KEY"
"bpm_noti_sins_fk";"bpm_notifications";"codice_part";"bpm_step_instance";"codice_part";"FOREIGN KEY"
"bpm_noti_sins_fk";"bpm_notifications";"sins_id";"bpm_step_instance";"sins_id";"FOREIGN KEY"
"bpm_noti_sins_fk";"bpm_notifications";"sins_id";"bpm_step_instance";"codice_part";"FOREIGN KEY"
"bpm_noti_uten_fk";"bpm_notifications";"login";"utenti";"login";"FOREIGN KEY"
"bpm_proc_part_fk";"bpm_process";"codice_part";"partizioni";"codice_part";"FOREIGN KEY"
"bpm_sfld_step_fk";"bpm_step_fields";"step_id";"bpm_proc_step";"codice_part";"FOREIGN KEY"
"bpm_sfld_step_fk";"bpm_step_fields";"step_id";"bpm_proc_step";"step_id";"FOREIGN KEY"
"bpm_sfld_step_fk";"bpm_step_fields";"codice_part";"bpm_proc_step";"codice_part";"FOREIGN KEY"
"bpm_sfld_step_fk";"bpm_step_fields";"codice_part";"bpm_proc_step";"step_id";"FOREIGN KEY"
"bpm_sins_inst_fk";"bpm_step_instance";"codice_part";"bpm_process_instance";"codice_part";"FOREIGN KEY"
"bpm_sins_inst_fk";"bpm_step_instance";"codice_part";"bpm_process_instance";"inst_id";"FOREIGN KEY"
"bpm_sins_inst_fk";"bpm_step_instance";"inst_id";"bpm_process_instance";"codice_part";"FOREIGN KEY"
"bpm_sins_inst_fk";"bpm_step_instance";"inst_id";"bpm_process_instance";"inst_id";"FOREIGN KEY"
"bpm_sins_sins_fk";"bpm_step_instance";"sins_id_from";"bpm_step_instance";"codice_part";"FOREIGN KEY"
"bpm_sins_sins_fk";"bpm_step_instance";"sins_id_from";"bpm_step_instance";"sins_id";"FOREIGN KEY"
"bpm_sins_sins_fk";"bpm_step_instance";"codice_part";"bpm_step_instance";"codice_part";"FOREIGN KEY"
"bpm_sins_sins_fk";"bpm_step_instance";"codice_part";"bpm_step_instance";"sins_id";"FOREIGN KEY"
"bpm_sins_step_fk";"bpm_step_instance";"codice_part";"bpm_proc_step";"codice_part";"FOREIGN KEY"
"bpm_sins_step_fk";"bpm_step_instance";"codice_part";"bpm_proc_step";"step_id";"FOREIGN KEY"
"bpm_sins_step_fk";"bpm_step_instance";"step_id";"bpm_proc_step";"codice_part";"FOREIGN KEY"
"bpm_sins_step_fk";"bpm_step_instance";"step_id";"bpm_proc_step";"step_id";"FOREIGN KEY"
"bpm_step_azie_fk";"bpm_proc_step";"codice_azienda";"aziende";"codice_azienda";"FOREIGN KEY"
"bpm_step_proc_fk";"bpm_proc_step";"proc_id";"bpm_process";"codice_part";"FOREIGN KEY"
"bpm_step_proc_fk";"bpm_proc_step";"proc_id";"bpm_process";"proc_id";"FOREIGN KEY"
"bpm_step_proc_fk";"bpm_proc_step";"codice_part";"bpm_process";"codice_part";"FOREIGN KEY"
"bpm_step_proc_fk";"bpm_proc_step";"codice_part";"bpm_process";"proc_id";"FOREIGN KEY"
"bpm_step_styp_fk";"bpm_proc_step";"styp_id";"bpm_proc_step_type";"styp_id";"FOREIGN KEY"
"bpm_step_unr_fk";"bpm_proc_step";"usr_rule_label";"bpm_usr_notification_rules";"rule_label";"FOREIGN KEY"
"bpm_step_unr_fk";"bpm_proc_step";"usr_rule_label";"bpm_usr_notification_rules";"codice_part";"FOREIGN KEY"
"bpm_step_unr_fk";"bpm_proc_step";"codice_part";"bpm_usr_notification_rules";"rule_label";"FOREIGN KEY"
"bpm_step_unr_fk";"bpm_proc_step";"codice_part";"bpm_usr_notification_rules";"codice_part";"FOREIGN KEY"
"bpm_stfl_styp_fk";"bpm_step_type_fields";"styp_id";"bpm_proc_step_type";"styp_id";"FOREIGN KEY"
"bpm_stvl_styp_fk";"bpm_step_type_validation";"styp_id";"bpm_proc_step_type";"styp_id";"FOREIGN KEY"
"bpm_unr_part_fk";"bpm_usr_notification_rules";"codice_part";"partizioni";"codice_part";"FOREIGN KEY"
"brit_brnc_fk";"branch_consuntivazioni";"codice_azienda";"branch";"codice_azienda";"FOREIGN KEY"
"brit_brnc_fk";"branch_consuntivazioni";"codice_azienda";"branch";"id_branch";"FOREIGN KEY"
"brit_brnc_fk";"branch_consuntivazioni";"id_branch";"branch";"codice_azienda";"FOREIGN KEY"
"brit_brnc_fk";"branch_consuntivazioni";"id_branch";"branch";"id_branch";"FOREIGN KEY"
"brit_rlsc_fk";"branch_consuntivazioni";"codice_azienda";"rilasci";"id_rilascio";"FOREIGN KEY"
"brit_rlsc_fk";"branch_consuntivazioni";"codice_azienda";"rilasci";"id_branch";"FOREIGN KEY"
"brit_rlsc_fk";"branch_consuntivazioni";"codice_azienda";"rilasci";"codice_azienda";"FOREIGN KEY"
"brit_rlsc_fk";"branch_consuntivazioni";"id_rilascio";"rilasci";"id_rilascio";"FOREIGN KEY"
"brit_rlsc_fk";"branch_consuntivazioni";"id_rilascio";"rilasci";"id_branch";"FOREIGN KEY"
"brit_rlsc_fk";"branch_consuntivazioni";"id_rilascio";"rilasci";"codice_azienda";"FOREIGN KEY"
"brit_rlsc_fk";"branch_consuntivazioni";"id_branch";"rilasci";"id_rilascio";"FOREIGN KEY"
"brit_rlsc_fk";"branch_consuntivazioni";"id_branch";"rilasci";"id_branch";"FOREIGN KEY"
"brit_rlsc_fk";"branch_consuntivazioni";"id_branch";"rilasci";"codice_azienda";"FOREIGN KEY"
"bse2_btcf_fk";"batch_servizi_fatturazione_err2";"codice_azienda";"batch_servizi_fatturazione";"codice_azienda";"FOREIGN KEY"
"bse2_btcf_fk";"batch_servizi_fatturazione_err2";"codice_azienda";"batch_servizi_fatturazione";"id_batch";"FOREIGN KEY"
"bse2_btcf_fk";"batch_servizi_fatturazione_err2";"id_batch";"batch_servizi_fatturazione";"codice_azienda";"FOREIGN KEY"
"bse2_btcf_fk";"batch_servizi_fatturazione_err2";"id_batch";"batch_servizi_fatturazione";"id_batch";"FOREIGN KEY"
"bse2_sepr_fk";"batch_servizi_fatturazione_err2";"codice_part";"servizi_comprati";"codice_part";"FOREIGN KEY"
"bse2_sepr_fk";"batch_servizi_fatturazione_err2";"codice_part";"servizi_comprati";"id_servizio_comp";"FOREIGN KEY"
"bse2_sepr_fk";"batch_servizi_fatturazione_err2";"id_servizio_comp";"servizi_comprati";"codice_part";"FOREIGN KEY"
"bse2_sepr_fk";"batch_servizi_fatturazione_err2";"id_servizio_comp";"servizi_comprati";"id_servizio_comp";"FOREIGN KEY"
"bser_btcf_fk";"batch_servizi_fatturazione_err";"codice_azienda";"batch_servizi_fatturazione";"codice_azienda";"FOREIGN KEY"
"bser_btcf_fk";"batch_servizi_fatturazione_err";"codice_azienda";"batch_servizi_fatturazione";"id_batch";"FOREIGN KEY"
"bser_btcf_fk";"batch_servizi_fatturazione_err";"id_batch";"batch_servizi_fatturazione";"codice_azienda";"FOREIGN KEY"
"bser_btcf_fk";"batch_servizi_fatturazione_err";"id_batch";"batch_servizi_fatturazione";"id_batch";"FOREIGN KEY"
"bser_sepr_fk";"batch_servizi_fatturazione_err";"codice_azienda";"servizi_produzione";"id_cliente";"FOREIGN KEY"
"bser_sepr_fk";"batch_servizi_fatturazione_err";"codice_azienda";"servizi_produzione";"codice_part";"FOREIGN KEY"
"bser_sepr_fk";"batch_servizi_fatturazione_err";"codice_azienda";"servizi_produzione";"anno";"FOREIGN KEY"
"bser_sepr_fk";"batch_servizi_fatturazione_err";"codice_azienda";"servizi_produzione";"codice_azienda";"FOREIGN KEY"
"bser_sepr_fk";"batch_servizi_fatturazione_err";"codice_azienda";"servizi_produzione";"codice_schema";"FOREIGN KEY"
"bser_sepr_fk";"batch_servizi_fatturazione_err";"codice_schema";"servizi_produzione";"id_cliente";"FOREIGN KEY"
"bser_sepr_fk";"batch_servizi_fatturazione_err";"codice_schema";"servizi_produzione";"codice_part";"FOREIGN KEY"
"bser_sepr_fk";"batch_servizi_fatturazione_err";"codice_schema";"servizi_produzione";"anno";"FOREIGN KEY"
"bser_sepr_fk";"batch_servizi_fatturazione_err";"codice_schema";"servizi_produzione";"codice_azienda";"FOREIGN KEY"
"bser_sepr_fk";"batch_servizi_fatturazione_err";"codice_schema";"servizi_produzione";"codice_schema";"FOREIGN KEY"
"bser_sepr_fk";"batch_servizi_fatturazione_err";"codice_part";"servizi_produzione";"id_cliente";"FOREIGN KEY"
"bser_sepr_fk";"batch_servizi_fatturazione_err";"codice_part";"servizi_produzione";"codice_part";"FOREIGN KEY"
"bser_sepr_fk";"batch_servizi_fatturazione_err";"codice_part";"servizi_produzione";"anno";"FOREIGN KEY"
"bser_sepr_fk";"batch_servizi_fatturazione_err";"codice_part";"servizi_produzione";"codice_azienda";"FOREIGN KEY"
"bser_sepr_fk";"batch_servizi_fatturazione_err";"codice_part";"servizi_produzione";"codice_schema";"FOREIGN KEY"
"bser_sepr_fk";"batch_servizi_fatturazione_err";"id_cliente";"servizi_produzione";"id_cliente";"FOREIGN KEY"
"bser_sepr_fk";"batch_servizi_fatturazione_err";"id_cliente";"servizi_produzione";"codice_part";"FOREIGN KEY"
"bser_sepr_fk";"batch_servizi_fatturazione_err";"id_cliente";"servizi_produzione";"anno";"FOREIGN KEY"
"bser_sepr_fk";"batch_servizi_fatturazione_err";"id_cliente";"servizi_produzione";"codice_azienda";"FOREIGN KEY"
"bser_sepr_fk";"batch_servizi_fatturazione_err";"id_cliente";"servizi_produzione";"codice_schema";"FOREIGN KEY"
"bser_sepr_fk";"batch_servizi_fatturazione_err";"anno";"servizi_produzione";"id_cliente";"FOREIGN KEY"
"bser_sepr_fk";"batch_servizi_fatturazione_err";"anno";"servizi_produzione";"codice_part";"FOREIGN KEY"
"bser_sepr_fk";"batch_servizi_fatturazione_err";"anno";"servizi_produzione";"anno";"FOREIGN KEY"
"bser_sepr_fk";"batch_servizi_fatturazione_err";"anno";"servizi_produzione";"codice_azienda";"FOREIGN KEY"
"bser_sepr_fk";"batch_servizi_fatturazione_err";"anno";"servizi_produzione";"codice_schema";"FOREIGN KEY"
"btcf_ancl_fk";"batch_fatt";"id_cliente";"anagrafiche_id";"id_anagrafica";"FOREIGN KEY"
"btcf_ancl_fk";"batch_fatt";"id_cliente";"anagrafiche_id";"codice_part";"FOREIGN KEY"
"btcf_ancl_fk";"batch_fatt";"codice_part";"anagrafiche_id";"id_anagrafica";"FOREIGN KEY"
"btcf_ancl_fk";"batch_fatt";"codice_part";"anagrafiche_id";"codice_part";"FOREIGN KEY"
"btcf_azie_fk";"batch_fatt";"codice_azienda";"aziende";"codice_azienda";"FOREIGN KEY"
"btcf_bfrt_fk";"batch_fatt";"id_criterio";"batch_fatt_criteri";"id_criterio";"FOREIGN KEY"
"btcf_bfrt_fk";"batch_fatt";"id_criterio";"batch_fatt_criteri";"codice_azienda";"FOREIGN KEY"
"btcf_bfrt_fk";"batch_fatt";"codice_azienda";"batch_fatt_criteri";"id_criterio";"FOREIGN KEY"
"btcf_bfrt_fk";"batch_fatt";"codice_azienda";"batch_fatt_criteri";"codice_azienda";"FOREIGN KEY"
"btcf_cege_fk";"batch_fatt";"id_centro_gest";"centri_gestionali";"id_centro_gest";"FOREIGN KEY"
"btcf_cege_fk";"batch_fatt";"id_centro_gest";"centri_gestionali";"codice_part";"FOREIGN KEY"
"btcf_cege_fk";"batch_fatt";"codice_part";"centri_gestionali";"id_centro_gest";"FOREIGN KEY"
"btcf_cege_fk";"batch_fatt";"codice_part";"centri_gestionali";"codice_part";"FOREIGN KEY"
"btcf_cpag_fk_altro";"batch_fatt";"codice_azienda";"condizioni_pagamento";"codice_azienda";"FOREIGN KEY"
"btcf_cpag_fk_altro";"batch_fatt";"codice_azienda";"condizioni_pagamento";"id_condizione_pagamento";"FOREIGN KEY"
"btcf_cpag_fk_altro";"batch_fatt";"id_cond_pag_altro";"condizioni_pagamento";"codice_azienda";"FOREIGN KEY"
"btcf_cpag_fk_altro";"batch_fatt";"id_cond_pag_altro";"condizioni_pagamento";"id_condizione_pagamento";"FOREIGN KEY"
"btcf_cpag_fk_riba";"batch_fatt";"codice_azienda";"condizioni_pagamento";"id_condizione_pagamento";"FOREIGN KEY"
"btcf_cpag_fk_riba";"batch_fatt";"codice_azienda";"condizioni_pagamento";"codice_azienda";"FOREIGN KEY"
"btcf_cpag_fk_riba";"batch_fatt";"id_cond_pag_riba";"condizioni_pagamento";"id_condizione_pagamento";"FOREIGN KEY"
"btcf_cpag_fk_riba";"batch_fatt";"id_cond_pag_riba";"condizioni_pagamento";"codice_azienda";"FOREIGN KEY"
"btcf_cpag_fk_rid";"batch_fatt";"codice_azienda";"condizioni_pagamento";"id_condizione_pagamento";"FOREIGN KEY"
"btcf_cpag_fk_rid";"batch_fatt";"codice_azienda";"condizioni_pagamento";"codice_azienda";"FOREIGN KEY"
"btcf_cpag_fk_rid";"batch_fatt";"id_cond_pag_rid";"condizioni_pagamento";"id_condizione_pagamento";"FOREIGN KEY"
"btcf_cpag_fk_rid";"batch_fatt";"id_cond_pag_rid";"condizioni_pagamento";"codice_azienda";"FOREIGN KEY"
"btcf_dccf_ft_fk";"batch_fatt";"id_divisione";"doc_cfg";"codice_tipo_doc";"FOREIGN KEY"
"btcf_dccf_ft_fk";"batch_fatt";"id_divisione";"doc_cfg";"id_numeratore";"FOREIGN KEY"
"btcf_dccf_ft_fk";"batch_fatt";"id_divisione";"doc_cfg";"codice_tipo_doc_az";"FOREIGN KEY"
"btcf_dccf_ft_fk";"batch_fatt";"id_divisione";"doc_cfg";"id_divisione";"FOREIGN KEY"
"btcf_dccf_ft_fk";"batch_fatt";"id_divisione";"doc_cfg";"anno";"FOREIGN KEY"
"btcf_dccf_ft_fk";"batch_fatt";"id_divisione";"doc_cfg";"codice_azienda";"FOREIGN KEY"
"btcf_dccf_ft_fk";"batch_fatt";"codice_azienda";"doc_cfg";"codice_tipo_doc";"FOREIGN KEY"
"btcf_dccf_ft_fk";"batch_fatt";"codice_azienda";"doc_cfg";"id_numeratore";"FOREIGN KEY"
"btcf_dccf_ft_fk";"batch_fatt";"codice_azienda";"doc_cfg";"codice_tipo_doc_az";"FOREIGN KEY"
"btcf_dccf_ft_fk";"batch_fatt";"codice_azienda";"doc_cfg";"id_divisione";"FOREIGN KEY"
"btcf_dccf_ft_fk";"batch_fatt";"codice_azienda";"doc_cfg";"anno";"FOREIGN KEY"
"btcf_dccf_ft_fk";"batch_fatt";"codice_azienda";"doc_cfg";"codice_azienda";"FOREIGN KEY"
"btcf_dccf_ft_fk";"batch_fatt";"anno";"doc_cfg";"codice_tipo_doc";"FOREIGN KEY"
"btcf_dccf_ft_fk";"batch_fatt";"anno";"doc_cfg";"id_numeratore";"FOREIGN KEY"
"btcf_dccf_ft_fk";"batch_fatt";"anno";"doc_cfg";"codice_tipo_doc_az";"FOREIGN KEY"
"btcf_dccf_ft_fk";"batch_fatt";"anno";"doc_cfg";"id_divisione";"FOREIGN KEY"
"btcf_dccf_ft_fk";"batch_fatt";"anno";"doc_cfg";"anno";"FOREIGN KEY"
"btcf_dccf_ft_fk";"batch_fatt";"anno";"doc_cfg";"codice_azienda";"FOREIGN KEY"
"btcf_dccf_ft_fk";"batch_fatt";"codice_tipo_doc";"doc_cfg";"codice_tipo_doc";"FOREIGN KEY"
"btcf_dccf_ft_fk";"batch_fatt";"codice_tipo_doc";"doc_cfg";"id_numeratore";"FOREIGN KEY"
"btcf_dccf_ft_fk";"batch_fatt";"codice_tipo_doc";"doc_cfg";"codice_tipo_doc_az";"FOREIGN KEY"
"btcf_dccf_ft_fk";"batch_fatt";"codice_tipo_doc";"doc_cfg";"id_divisione";"FOREIGN KEY"
"btcf_dccf_ft_fk";"batch_fatt";"codice_tipo_doc";"doc_cfg";"anno";"FOREIGN KEY"
"btcf_dccf_ft_fk";"batch_fatt";"codice_tipo_doc";"doc_cfg";"codice_azienda";"FOREIGN KEY"
"btcf_dccf_ft_fk";"batch_fatt";"codice_tipo_doc_az_ft";"doc_cfg";"codice_tipo_doc";"FOREIGN KEY"
"btcf_dccf_ft_fk";"batch_fatt";"codice_tipo_doc_az_ft";"doc_cfg";"id_numeratore";"FOREIGN KEY"
"btcf_dccf_ft_fk";"batch_fatt";"codice_tipo_doc_az_ft";"doc_cfg";"codice_tipo_doc_az";"FOREIGN KEY"
"btcf_dccf_ft_fk";"batch_fatt";"codice_tipo_doc_az_ft";"doc_cfg";"id_divisione";"FOREIGN KEY"
"btcf_dccf_ft_fk";"batch_fatt";"codice_tipo_doc_az_ft";"doc_cfg";"anno";"FOREIGN KEY"
"btcf_dccf_ft_fk";"batch_fatt";"codice_tipo_doc_az_ft";"doc_cfg";"codice_azienda";"FOREIGN KEY"
"btcf_dccf_ft_fk";"batch_fatt";"id_numeratore_ft";"doc_cfg";"codice_tipo_doc";"FOREIGN KEY"
"btcf_dccf_ft_fk";"batch_fatt";"id_numeratore_ft";"doc_cfg";"id_numeratore";"FOREIGN KEY"
"btcf_dccf_ft_fk";"batch_fatt";"id_numeratore_ft";"doc_cfg";"codice_tipo_doc_az";"FOREIGN KEY"
"btcf_dccf_ft_fk";"batch_fatt";"id_numeratore_ft";"doc_cfg";"id_divisione";"FOREIGN KEY"
"btcf_dccf_ft_fk";"batch_fatt";"id_numeratore_ft";"doc_cfg";"anno";"FOREIGN KEY"
"btcf_dccf_ft_fk";"batch_fatt";"id_numeratore_ft";"doc_cfg";"codice_azienda";"FOREIGN KEY"
"btcf_dccf_nc_fk";"batch_fatt";"anno";"doc_cfg";"id_numeratore";"FOREIGN KEY"
"btcf_dccf_nc_fk";"batch_fatt";"anno";"doc_cfg";"codice_azienda";"FOREIGN KEY"
"btcf_dccf_nc_fk";"batch_fatt";"anno";"doc_cfg";"codice_tipo_doc_az";"FOREIGN KEY"
"btcf_dccf_nc_fk";"batch_fatt";"anno";"doc_cfg";"id_divisione";"FOREIGN KEY"
"btcf_dccf_nc_fk";"batch_fatt";"anno";"doc_cfg";"anno";"FOREIGN KEY"
"btcf_dccf_nc_fk";"batch_fatt";"anno";"doc_cfg";"codice_tipo_doc";"FOREIGN KEY"
"btcf_dccf_nc_fk";"batch_fatt";"codice_tipo_doc_az_nc";"doc_cfg";"id_numeratore";"FOREIGN KEY"
"btcf_dccf_nc_fk";"batch_fatt";"codice_tipo_doc_az_nc";"doc_cfg";"codice_azienda";"FOREIGN KEY"
"btcf_dccf_nc_fk";"batch_fatt";"codice_tipo_doc_az_nc";"doc_cfg";"codice_tipo_doc_az";"FOREIGN KEY"
"btcf_dccf_nc_fk";"batch_fatt";"codice_tipo_doc_az_nc";"doc_cfg";"id_divisione";"FOREIGN KEY"
"btcf_dccf_nc_fk";"batch_fatt";"codice_tipo_doc_az_nc";"doc_cfg";"anno";"FOREIGN KEY"
"btcf_dccf_nc_fk";"batch_fatt";"codice_tipo_doc_az_nc";"doc_cfg";"codice_tipo_doc";"FOREIGN KEY"
"btcf_dccf_nc_fk";"batch_fatt";"codice_tipo_doc";"doc_cfg";"id_numeratore";"FOREIGN KEY"
"btcf_dccf_nc_fk";"batch_fatt";"codice_tipo_doc";"doc_cfg";"codice_azienda";"FOREIGN KEY"
"btcf_dccf_nc_fk";"batch_fatt";"codice_tipo_doc";"doc_cfg";"codice_tipo_doc_az";"FOREIGN KEY"
"btcf_dccf_nc_fk";"batch_fatt";"codice_tipo_doc";"doc_cfg";"id_divisione";"FOREIGN KEY"
"btcf_dccf_nc_fk";"batch_fatt";"codice_tipo_doc";"doc_cfg";"anno";"FOREIGN KEY"
"btcf_dccf_nc_fk";"batch_fatt";"codice_tipo_doc";"doc_cfg";"codice_tipo_doc";"FOREIGN KEY"
"btcf_dccf_nc_fk";"batch_fatt";"codice_azienda";"doc_cfg";"id_numeratore";"FOREIGN KEY"
"btcf_dccf_nc_fk";"batch_fatt";"codice_azienda";"doc_cfg";"codice_azienda";"FOREIGN KEY"
"btcf_dccf_nc_fk";"batch_fatt";"codice_azienda";"doc_cfg";"codice_tipo_doc_az";"FOREIGN KEY"
"btcf_dccf_nc_fk";"batch_fatt";"codice_azienda";"doc_cfg";"id_divisione";"FOREIGN KEY"
"btcf_dccf_nc_fk";"batch_fatt";"codice_azienda";"doc_cfg";"anno";"FOREIGN KEY"
"btcf_dccf_nc_fk";"batch_fatt";"codice_azienda";"doc_cfg";"codice_tipo_doc";"FOREIGN KEY"
"btcf_dccf_nc_fk";"batch_fatt";"id_numeratore_nc";"doc_cfg";"id_numeratore";"FOREIGN KEY"
"btcf_dccf_nc_fk";"batch_fatt";"id_numeratore_nc";"doc_cfg";"codice_azienda";"FOREIGN KEY"
"btcf_dccf_nc_fk";"batch_fatt";"id_numeratore_nc";"doc_cfg";"codice_tipo_doc_az";"FOREIGN KEY"
"btcf_dccf_nc_fk";"batch_fatt";"id_numeratore_nc";"doc_cfg";"id_divisione";"FOREIGN KEY"
"btcf_dccf_nc_fk";"batch_fatt";"id_numeratore_nc";"doc_cfg";"anno";"FOREIGN KEY"
"btcf_dccf_nc_fk";"batch_fatt";"id_numeratore_nc";"doc_cfg";"codice_tipo_doc";"FOREIGN KEY"
"btcf_dccf_nc_fk";"batch_fatt";"id_divisione";"doc_cfg";"id_numeratore";"FOREIGN KEY"
"btcf_dccf_nc_fk";"batch_fatt";"id_divisione";"doc_cfg";"codice_azienda";"FOREIGN KEY"
"btcf_dccf_nc_fk";"batch_fatt";"id_divisione";"doc_cfg";"codice_tipo_doc_az";"FOREIGN KEY"
"btcf_dccf_nc_fk";"batch_fatt";"id_divisione";"doc_cfg";"id_divisione";"FOREIGN KEY"
"btcf_dccf_nc_fk";"batch_fatt";"id_divisione";"doc_cfg";"anno";"FOREIGN KEY"
"btcf_dccf_nc_fk";"batch_fatt";"id_divisione";"doc_cfg";"codice_tipo_doc";"FOREIGN KEY"
"btcf_im_comp";"batch_fatt";"codice_azienda";"im_comp";"codice_azienda";"FOREIGN KEY"
"btcf_im_comp";"batch_fatt";"codice_azienda";"im_comp";"id_comp";"FOREIGN KEY"
"btcf_im_comp";"batch_fatt";"id_comp";"im_comp";"codice_azienda";"FOREIGN KEY"
"btcf_im_comp";"batch_fatt";"id_comp";"im_comp";"id_comp";"FOREIGN KEY"
"btcf_seaz_fk";"batch_fatt";"codice_sede";"sedi_azienda";"codice_sede";"FOREIGN KEY"
"btcf_seaz_fk";"batch_fatt";"codice_sede";"sedi_azienda";"codice_azienda";"FOREIGN KEY"
"btcf_seaz_fk";"batch_fatt";"codice_azienda";"sedi_azienda";"codice_sede";"FOREIGN KEY"
"btcf_seaz_fk";"batch_fatt";"codice_azienda";"sedi_azienda";"codice_azienda";"FOREIGN KEY"
"btcf_sext_fk";"batch_fatt";"codice_part";"sistemi_esterni";"codice_part";"FOREIGN KEY"
"btcf_sext_fk";"batch_fatt";"codice_part";"sistemi_esterni";"codice_sistema";"FOREIGN KEY"
"btcf_sext_fk";"batch_fatt";"codice_sistema_esterno";"sistemi_esterni";"codice_part";"FOREIGN KEY"
"btcf_sext_fk";"batch_fatt";"codice_sistema_esterno";"sistemi_esterni";"codice_sistema";"FOREIGN KEY"
"buag_anfr_fk";"budget_agente";"id_agente";"anagrafiche_id";"id_anagrafica";"FOREIGN KEY"
"buag_anfr_fk";"budget_agente";"id_agente";"anagrafiche_id";"codice_part";"FOREIGN KEY"
"buag_anfr_fk";"budget_agente";"codice_part";"anagrafiche_id";"id_anagrafica";"FOREIGN KEY"
"buag_anfr_fk";"budget_agente";"codice_part";"anagrafiche_id";"codice_part";"FOREIGN KEY"
"cab_azie_fk";"cab";"codice_azienda";"aziende";"codice_azienda";"FOREIGN KEY"
"caco_clav_fk1";"categorie_commerciali";"prog_class1";"voci_classificazione_art";"codice";"FOREIGN KEY"
"caco_clav_fk1";"categorie_commerciali";"prog_class1";"voci_classificazione_art";"prog_class";"FOREIGN KEY"
"caco_clav_fk1";"categorie_commerciali";"prog_class1";"voci_classificazione_art";"codice_azienda";"FOREIGN KEY"
"caco_clav_fk1";"categorie_commerciali";"cod_class1";"voci_classificazione_art";"codice";"FOREIGN KEY"
"caco_clav_fk1";"categorie_commerciali";"cod_class1";"voci_classificazione_art";"prog_class";"FOREIGN KEY"
"caco_clav_fk1";"categorie_commerciali";"cod_class1";"voci_classificazione_art";"codice_azienda";"FOREIGN KEY"
"caco_clav_fk1";"categorie_commerciali";"codice_azienda";"voci_classificazione_art";"codice";"FOREIGN KEY"
"caco_clav_fk1";"categorie_commerciali";"codice_azienda";"voci_classificazione_art";"prog_class";"FOREIGN KEY"
"caco_clav_fk1";"categorie_commerciali";"codice_azienda";"voci_classificazione_art";"codice_azienda";"FOREIGN KEY"
"caco_intr_fk";"categorie_commerciali";"intra_id";"codici_intrastat";"intra_id";"FOREIGN KEY"
"caco_soco_mr_fk";"categorie_commerciali";"codice_template_fiscale";"sottoconti";"id_pdc";"FOREIGN KEY"
"caco_soco_mr_fk";"categorie_commerciali";"codice_template_fiscale";"sottoconti";"codice_part";"FOREIGN KEY"
"caco_soco_mr_fk";"categorie_commerciali";"codice_template_fiscale";"sottoconti";"codice_template_fiscale";"FOREIGN KEY"
"caco_soco_mr_fk";"categorie_commerciali";"codice_template_fiscale";"sottoconti";"id_sottoconto";"FOREIGN KEY"
"caco_soco_mr_fk";"categorie_commerciali";"codice_part";"sottoconti";"id_pdc";"FOREIGN KEY"
"caco_soco_mr_fk";"categorie_commerciali";"codice_part";"sottoconti";"codice_part";"FOREIGN KEY"
"caco_soco_mr_fk";"categorie_commerciali";"codice_part";"sottoconti";"codice_template_fiscale";"FOREIGN KEY"
"caco_soco_mr_fk";"categorie_commerciali";"codice_part";"sottoconti";"id_sottoconto";"FOREIGN KEY"
"caco_soco_mr_fk";"categorie_commerciali";"id_sottoconto_mag_rim";"sottoconti";"id_pdc";"FOREIGN KEY"
"caco_soco_mr_fk";"categorie_commerciali";"id_sottoconto_mag_rim";"sottoconti";"codice_part";"FOREIGN KEY"
"caco_soco_mr_fk";"categorie_commerciali";"id_sottoconto_mag_rim";"sottoconti";"codice_template_fiscale";"FOREIGN KEY"
"caco_soco_mr_fk";"categorie_commerciali";"id_sottoconto_mag_rim";"sottoconti";"id_sottoconto";"FOREIGN KEY"
"caco_soco_mr_fk";"categorie_commerciali";"id_pdc";"sottoconti";"id_pdc";"FOREIGN KEY"
"caco_soco_mr_fk";"categorie_commerciali";"id_pdc";"sottoconti";"codice_part";"FOREIGN KEY"
"caco_soco_mr_fk";"categorie_commerciali";"id_pdc";"sottoconti";"codice_template_fiscale";"FOREIGN KEY"
"caco_soco_mr_fk";"categorie_commerciali";"id_pdc";"sottoconti";"id_sottoconto";"FOREIGN KEY"
"caco_soco_rf_fk";"categorie_commerciali";"codice_part";"sottoconti";"codice_part";"FOREIGN KEY"
"caco_soco_rf_fk";"categorie_commerciali";"codice_part";"sottoconti";"id_pdc";"FOREIGN KEY"
"caco_soco_rf_fk";"categorie_commerciali";"codice_part";"sottoconti";"codice_template_fiscale";"FOREIGN KEY"
"caco_soco_rf_fk";"categorie_commerciali";"codice_part";"sottoconti";"id_sottoconto";"FOREIGN KEY"
"caco_soco_rf_fk";"categorie_commerciali";"id_sottoconto_rim_fin";"sottoconti";"codice_part";"FOREIGN KEY"
"caco_soco_rf_fk";"categorie_commerciali";"id_sottoconto_rim_fin";"sottoconti";"id_pdc";"FOREIGN KEY"
"caco_soco_rf_fk";"categorie_commerciali";"id_sottoconto_rim_fin";"sottoconti";"codice_template_fiscale";"FOREIGN KEY"
"caco_soco_rf_fk";"categorie_commerciali";"id_sottoconto_rim_fin";"sottoconti";"id_sottoconto";"FOREIGN KEY"
"caco_soco_rf_fk";"categorie_commerciali";"codice_template_fiscale";"sottoconti";"codice_part";"FOREIGN KEY"
"caco_soco_rf_fk";"categorie_commerciali";"codice_template_fiscale";"sottoconti";"id_pdc";"FOREIGN KEY"
"caco_soco_rf_fk";"categorie_commerciali";"codice_template_fiscale";"sottoconti";"codice_template_fiscale";"FOREIGN KEY"
"caco_soco_rf_fk";"categorie_commerciali";"codice_template_fiscale";"sottoconti";"id_sottoconto";"FOREIGN KEY"
"caco_soco_rf_fk";"categorie_commerciali";"id_pdc";"sottoconti";"codice_part";"FOREIGN KEY"
"caco_soco_rf_fk";"categorie_commerciali";"id_pdc";"sottoconti";"id_pdc";"FOREIGN KEY"
"caco_soco_rf_fk";"categorie_commerciali";"id_pdc";"sottoconti";"codice_template_fiscale";"FOREIGN KEY"
"caco_soco_rf_fk";"categorie_commerciali";"id_pdc";"sottoconti";"id_sottoconto";"FOREIGN KEY"
"caco_um_fk";"categorie_commerciali";"codice_azienda";"unita_misura";"codice_um";"FOREIGN KEY"
"caco_um_fk";"categorie_commerciali";"codice_azienda";"unita_misura";"codice_azienda";"FOREIGN KEY"
"caco_um_fk";"categorie_commerciali";"codice_um";"unita_misura";"codice_um";"FOREIGN KEY"
"caco_um_fk";"categorie_commerciali";"codice_um";"unita_misura";"codice_azienda";"FOREIGN KEY"
"cado_tdaz_fk";"causali_documenti";"codice_azienda";"tipi_doc_az";"codice_tipo_doc_az";"FOREIGN KEY"
"cado_tdaz_fk";"causali_documenti";"codice_azienda";"tipi_doc_az";"codice_azienda";"FOREIGN KEY"
"cado_tdaz_fk";"causali_documenti";"codice_azienda";"tipi_doc_az";"codice_tipo_doc";"FOREIGN KEY"
"cado_tdaz_fk";"causali_documenti";"codice_tipo_doc_az";"tipi_doc_az";"codice_tipo_doc_az";"FOREIGN KEY"
"cado_tdaz_fk";"causali_documenti";"codice_tipo_doc_az";"tipi_doc_az";"codice_azienda";"FOREIGN KEY"
"cado_tdaz_fk";"causali_documenti";"codice_tipo_doc_az";"tipi_doc_az";"codice_tipo_doc";"FOREIGN KEY"
"cado_tdaz_fk";"causali_documenti";"codice_tipo_doc";"tipi_doc_az";"codice_tipo_doc_az";"FOREIGN KEY"
"cado_tdaz_fk";"causali_documenti";"codice_tipo_doc";"tipi_doc_az";"codice_azienda";"FOREIGN KEY"
"cado_tdaz_fk";"causali_documenti";"codice_tipo_doc";"tipi_doc_az";"codice_tipo_doc";"FOREIGN KEY"
"cado_tdoc_fk";"causali_documenti";"codice_tipo_doc";"tipi_doc";"codice_tipo_doc";"FOREIGN KEY"
"cal_sync__anid__fk";"calendari_sincronizzati";"id_risorsa";"anagrafiche_id";"id_anagrafica";"FOREIGN KEY"
"cal_sync__anid__fk";"calendari_sincronizzati";"id_risorsa";"anagrafiche_id";"codice_part";"FOREIGN KEY"
"cal_sync__anid__fk";"calendari_sincronizzati";"codice_part";"anagrafiche_id";"id_anagrafica";"FOREIGN KEY"
"cal_sync__anid__fk";"calendari_sincronizzati";"codice_part";"anagrafiche_id";"codice_part";"FOREIGN KEY"
"cal_sync__cal_sync_srv__fk";"calendari_sincronizzati";"id_cal_sync_server";"calendari_sincronizzati_server";"id_cal_sync_server";"FOREIGN KEY"
"cal_sync_az__anid__fk";"calendari_sincronizzati_az";"codice_part";"anagrafiche_id";"codice_part";"FOREIGN KEY"
"cal_sync_az__anid__fk";"calendari_sincronizzati_az";"codice_part";"anagrafiche_id";"id_anagrafica";"FOREIGN KEY"
"cal_sync_az__anid__fk";"calendari_sincronizzati_az";"id_risorsa";"anagrafiche_id";"codice_part";"FOREIGN KEY"
"cal_sync_az__anid__fk";"calendari_sincronizzati_az";"id_risorsa";"anagrafiche_id";"id_anagrafica";"FOREIGN KEY"
"cal_sync_az__auto__fk";"calendari_sincronizzati_az";"auto_id";"autorizzazioni";"auto_id";"FOREIGN KEY"
"cal_sync_az__cal_sync__fk";"calendari_sincronizzati_az";"id_cal_sync";"calendari_sincronizzati";"id_cal_sync";"FOREIGN KEY"
"cal_sync_az__cal_sync__fk";"calendari_sincronizzati_az";"id_cal_sync";"calendari_sincronizzati";"prog_cal_sync";"FOREIGN KEY"
"cal_sync_az__cal_sync__fk";"calendari_sincronizzati_az";"prog_cal_sync";"calendari_sincronizzati";"id_cal_sync";"FOREIGN KEY"
"cal_sync_az__cal_sync__fk";"calendari_sincronizzati_az";"prog_cal_sync";"calendari_sincronizzati";"prog_cal_sync";"FOREIGN KEY"
"cal_sync_srv__anid__fk";"calendari_sincronizzati_server";"codice_part";"anagrafiche_id";"codice_part";"FOREIGN KEY"
"cal_sync_srv__anid__fk";"calendari_sincronizzati_server";"codice_part";"anagrafiche_id";"id_anagrafica";"FOREIGN KEY"
"cal_sync_srv__anid__fk";"calendari_sincronizzati_server";"id_risorsa";"anagrafiche_id";"codice_part";"FOREIGN KEY"
"cal_sync_srv__anid__fk";"calendari_sincronizzati_server";"id_risorsa";"anagrafiche_id";"id_anagrafica";"FOREIGN KEY"
"cal_sync_srv__azie__fk";"calendari_sincronizzati_server";"codice_azienda";"aziende";"codice_azienda";"FOREIGN KEY"
"cal_sync_srv__uten__fk";"calendari_sincronizzati_server";"codice_utente";"utenti";"login";"FOREIGN KEY"
"calx_cale_fk";"calendari_exc";"codice_azienda";"calendari";"codice_calendario";"FOREIGN KEY"
"calx_cale_fk";"calendari_exc";"codice_azienda";"calendari";"codice_azienda";"FOREIGN KEY"
"calx_cale_fk";"calendari_exc";"codice_calendario";"calendari";"codice_calendario";"FOREIGN KEY"
"calx_cale_fk";"calendari_exc";"codice_calendario";"calendari";"codice_azienda";"FOREIGN KEY"
"camb_azie_fk";"cambi";"codice_azienda";"aziende";"codice_azienda";"FOREIGN KEY"
"camb_valu_fk";"cambi";"id_valuta";"valute";"codice_part";"FOREIGN KEY"
"camb_valu_fk";"cambi";"id_valuta";"valute";"id_valuta";"FOREIGN KEY"
"camb_valu_fk";"cambi";"codice_part";"valute";"codice_part";"FOREIGN KEY"
"camb_valu_fk";"cambi";"codice_part";"valute";"id_valuta";"FOREIGN KEY"
"cat_dest_trdt__trdt__fk";"cpl_trattamenti_dati_categorie_destinatari";"id_trattamento_dati";"cpl_trattamenti_dati";"id_trattamento_dati";"FOREIGN KEY"
"cat_dest_trdt__trdt__fk";"cpl_trattamenti_dati_categorie_destinatari";"id_trattamento_dati";"cpl_trattamenti_dati";"codice_azienda";"FOREIGN KEY"
"cat_dest_trdt__trdt__fk";"cpl_trattamenti_dati_categorie_destinatari";"codice_azienda";"cpl_trattamenti_dati";"id_trattamento_dati";"FOREIGN KEY"
"cat_dest_trdt__trdt__fk";"cpl_trattamenti_dati_categorie_destinatari";"codice_azienda";"cpl_trattamenti_dati";"codice_azienda";"FOREIGN KEY"
"cat_dt_pers__trdt__fk";"cpl_trattamenti_dati_categorie_dati_personali";"codice_azienda";"cpl_trattamenti_dati";"codice_azienda";"FOREIGN KEY"
"cat_dt_pers__trdt__fk";"cpl_trattamenti_dati_categorie_dati_personali";"codice_azienda";"cpl_trattamenti_dati";"id_trattamento_dati";"FOREIGN KEY"
"cat_dt_pers__trdt__fk";"cpl_trattamenti_dati_categorie_dati_personali";"id_trattamento_dati";"cpl_trattamenti_dati";"codice_azienda";"FOREIGN KEY"
"cat_dt_pers__trdt__fk";"cpl_trattamenti_dati_categorie_dati_personali";"id_trattamento_dati";"cpl_trattamenti_dati";"id_trattamento_dati";"FOREIGN KEY"
"cat_int_trdt__trdt__fk";"cpl_trattamenti_dati_categorie_interessati";"codice_azienda";"cpl_trattamenti_dati";"id_trattamento_dati";"FOREIGN KEY"
"cat_int_trdt__trdt__fk";"cpl_trattamenti_dati_categorie_interessati";"codice_azienda";"cpl_trattamenti_dati";"codice_azienda";"FOREIGN KEY"
"cat_int_trdt__trdt__fk";"cpl_trattamenti_dati_categorie_interessati";"id_trattamento_dati";"cpl_trattamenti_dati";"id_trattamento_dati";"FOREIGN KEY"
"cat_int_trdt__trdt__fk";"cpl_trattamenti_dati_categorie_interessati";"id_trattamento_dati";"cpl_trattamenti_dati";"codice_azienda";"FOREIGN KEY"
"cate_anfr_fk";"categorie_commerciali";"id_fornitore_rif";"anagrafiche_id";"codice_part";"FOREIGN KEY"
"cate_anfr_fk";"categorie_commerciali";"id_fornitore_rif";"anagrafiche_id";"id_anagrafica";"FOREIGN KEY"
"cate_anfr_fk";"categorie_commerciali";"codice_part";"anagrafiche_id";"codice_part";"FOREIGN KEY"
"cate_anfr_fk";"categorie_commerciali";"codice_part";"anagrafiche_id";"id_anagrafica";"FOREIGN KEY"
"caub_azie_fk";"causali_bolle";"codice_azienda";"aziende";"codice_azienda";"FOREIGN KEY"
"caub_maga_fk";"causali_bolle";"codice_azienda";"magazzini";"codice_azienda";"FOREIGN KEY"
"caub_maga_fk";"causali_bolle";"codice_azienda";"magazzini";"codice_magazzino";"FOREIGN KEY"
"caub_maga_fk";"causali_bolle";"codice_magazzino";"magazzini";"codice_azienda";"FOREIGN KEY"
"caub_maga_fk";"causali_bolle";"codice_magazzino";"magazzini";"codice_magazzino";"FOREIGN KEY"
"caub_maga_fk2";"causali_bolle";"codice_magazzino2";"magazzini";"codice_azienda";"FOREIGN KEY"
"caub_maga_fk2";"causali_bolle";"codice_magazzino2";"magazzini";"codice_magazzino";"FOREIGN KEY"
"caub_maga_fk2";"causali_bolle";"codice_azienda";"magazzini";"codice_azienda";"FOREIGN KEY"
"caub_maga_fk2";"causali_bolle";"codice_azienda";"magazzini";"codice_magazzino";"FOREIGN KEY"
"caub_port_fk";"causali_bolle";"codice_porto";"tipi_porto";"codice";"FOREIGN KEY"
"caub_port_fk";"causali_bolle";"codice_porto";"tipi_porto";"codice_azienda";"FOREIGN KEY"
"caub_port_fk";"causali_bolle";"codice_azienda";"tipi_porto";"codice";"FOREIGN KEY"
"caub_port_fk";"causali_bolle";"codice_azienda";"tipi_porto";"codice_azienda";"FOREIGN KEY"
"caub_sped_fk";"causali_bolle";"codice_azienda";"tipi_spedizione";"codice_azienda";"FOREIGN KEY"
"caub_sped_fk";"causali_bolle";"codice_azienda";"tipi_spedizione";"codice";"FOREIGN KEY"
"caub_sped_fk";"causali_bolle";"codice_spedizione";"tipi_spedizione";"codice_azienda";"FOREIGN KEY"
"caub_sped_fk";"causali_bolle";"codice_spedizione";"tipi_spedizione";"codice";"FOREIGN KEY"
"cc_anid_banca_fk";"conti_correnti";"id_anagrafica_banca";"anagrafiche_id";"codice_part";"FOREIGN KEY"
"cc_anid_banca_fk";"conti_correnti";"id_anagrafica_banca";"anagrafiche_id";"id_anagrafica";"FOREIGN KEY"
"cc_anid_banca_fk";"conti_correnti";"codice_part";"anagrafiche_id";"codice_part";"FOREIGN KEY"
"cc_anid_banca_fk";"conti_correnti";"codice_part";"anagrafiche_id";"id_anagrafica";"FOREIGN KEY"
"cc_anid_fk";"conti_correnti";"codice_part";"anagrafiche_id";"codice_part";"FOREIGN KEY"
"cc_anid_fk";"conti_correnti";"codice_part";"anagrafiche_id";"id_anagrafica";"FOREIGN KEY"
"cc_anid_fk";"conti_correnti";"id_anagrafica";"anagrafiche_id";"codice_part";"FOREIGN KEY"
"cc_anid_fk";"conti_correnti";"id_anagrafica";"anagrafiche_id";"id_anagrafica";"FOREIGN KEY"
"cc_anso_fk";"conti_correnti";"id_anagrafica_sott";"anagrafiche_id";"id_anagrafica";"FOREIGN KEY"
"cc_anso_fk";"conti_correnti";"id_anagrafica_sott";"anagrafiche_id";"codice_part";"FOREIGN KEY"
"cc_anso_fk";"conti_correnti";"codice_part";"anagrafiche_id";"id_anagrafica";"FOREIGN KEY"
"cc_anso_fk";"conti_correnti";"codice_part";"anagrafiche_id";"codice_part";"FOREIGN KEY"
"cc_azie_fk";"conti_correnti";"codice_azienda";"aziende";"codice_azienda";"FOREIGN KEY"
"cc_carb_fk";"castelletto_riba";"codice_azienda";"conti_correnti";"codice_azienda";"FOREIGN KEY"
"cc_carb_fk";"castelletto_riba";"codice_azienda";"conti_correnti";"id_conto_corrente";"FOREIGN KEY"
"cc_carb_fk";"castelletto_riba";"id_conto_corrente";"conti_correnti";"codice_azienda";"FOREIGN KEY"
"cc_carb_fk";"castelletto_riba";"id_conto_corrente";"conti_correnti";"id_conto_corrente";"FOREIGN KEY"
"cc_pamo_fk";"castelletto_riba";"id_partitario_movim";"partitario_movim";"codice_azienda";"FOREIGN KEY"
"cc_pamo_fk";"castelletto_riba";"id_partitario_movim";"partitario_movim";"id_partitario_movim";"FOREIGN KEY"
"cc_pamo_fk";"castelletto_riba";"codice_azienda";"partitario_movim";"codice_azienda";"FOREIGN KEY"
"cc_pamo_fk";"castelletto_riba";"codice_azienda";"partitario_movim";"id_partitario_movim";"FOREIGN KEY"
"cc_soco_ant_fk";"conti_correnti";"id_sottoconto_ant";"sottoconti";"id_pdc";"FOREIGN KEY"
"cc_soco_ant_fk";"conti_correnti";"id_sottoconto_ant";"sottoconti";"codice_part";"FOREIGN KEY"
"cc_soco_ant_fk";"conti_correnti";"id_sottoconto_ant";"sottoconti";"codice_template_fiscale";"FOREIGN KEY"
"cc_soco_ant_fk";"conti_correnti";"id_sottoconto_ant";"sottoconti";"id_sottoconto";"FOREIGN KEY"
"cc_soco_ant_fk";"conti_correnti";"codice_part";"sottoconti";"id_pdc";"FOREIGN KEY"
"cc_soco_ant_fk";"conti_correnti";"codice_part";"sottoconti";"codice_part";"FOREIGN KEY"
"cc_soco_ant_fk";"conti_correnti";"codice_part";"sottoconti";"codice_template_fiscale";"FOREIGN KEY"
"cc_soco_ant_fk";"conti_correnti";"codice_part";"sottoconti";"id_sottoconto";"FOREIGN KEY"
"cc_soco_ant_fk";"conti_correnti";"id_pdc";"sottoconti";"id_pdc";"FOREIGN KEY"
"cc_soco_ant_fk";"conti_correnti";"id_pdc";"sottoconti";"codice_part";"FOREIGN KEY"
"cc_soco_ant_fk";"conti_correnti";"id_pdc";"sottoconti";"codice_template_fiscale";"FOREIGN KEY"
"cc_soco_ant_fk";"conti_correnti";"id_pdc";"sottoconti";"id_sottoconto";"FOREIGN KEY"
"cc_soco_ant_fk";"conti_correnti";"codice_template_fiscale";"sottoconti";"id_pdc";"FOREIGN KEY"
"cc_soco_ant_fk";"conti_correnti";"codice_template_fiscale";"sottoconti";"codice_part";"FOREIGN KEY"
"cc_soco_ant_fk";"conti_correnti";"codice_template_fiscale";"sottoconti";"codice_template_fiscale";"FOREIGN KEY"
"cc_soco_ant_fk";"conti_correnti";"codice_template_fiscale";"sottoconti";"id_sottoconto";"FOREIGN KEY"
"cc_soco_fk";"conti_correnti";"codice_part";"sottoconti";"codice_part";"FOREIGN KEY"
"cc_soco_fk";"conti_correnti";"codice_part";"sottoconti";"id_sottoconto";"FOREIGN KEY"
"cc_soco_fk";"conti_correnti";"codice_part";"sottoconti";"codice_template_fiscale";"FOREIGN KEY"
"cc_soco_fk";"conti_correnti";"codice_part";"sottoconti";"id_pdc";"FOREIGN KEY"
"cc_soco_fk";"conti_correnti";"codice_template_fiscale";"sottoconti";"codice_part";"FOREIGN KEY"
"cc_soco_fk";"conti_correnti";"codice_template_fiscale";"sottoconti";"id_sottoconto";"FOREIGN KEY"
"cc_soco_fk";"conti_correnti";"codice_template_fiscale";"sottoconti";"codice_template_fiscale";"FOREIGN KEY"
"cc_soco_fk";"conti_correnti";"codice_template_fiscale";"sottoconti";"id_pdc";"FOREIGN KEY"
"cc_soco_fk";"conti_correnti";"id_sottoconto";"sottoconti";"codice_part";"FOREIGN KEY"
"cc_soco_fk";"conti_correnti";"id_sottoconto";"sottoconti";"id_sottoconto";"FOREIGN KEY"
"cc_soco_fk";"conti_correnti";"id_sottoconto";"sottoconti";"codice_template_fiscale";"FOREIGN KEY"
"cc_soco_fk";"conti_correnti";"id_sottoconto";"sottoconti";"id_pdc";"FOREIGN KEY"
"cc_soco_fk";"conti_correnti";"id_pdc";"sottoconti";"codice_part";"FOREIGN KEY"
"cc_soco_fk";"conti_correnti";"id_pdc";"sottoconti";"id_sottoconto";"FOREIGN KEY"
"cc_soco_fk";"conti_correnti";"id_pdc";"sottoconti";"codice_template_fiscale";"FOREIGN KEY"
"cc_soco_fk";"conti_correnti";"id_pdc";"sottoconti";"id_pdc";"FOREIGN KEY"
"cc_soco_sbf_fk";"conti_correnti";"codice_template_fiscale";"sottoconti";"codice_part";"FOREIGN KEY"
"cc_soco_sbf_fk";"conti_correnti";"codice_template_fiscale";"sottoconti";"id_sottoconto";"FOREIGN KEY"
"cc_soco_sbf_fk";"conti_correnti";"codice_template_fiscale";"sottoconti";"codice_template_fiscale";"FOREIGN KEY"
"cc_soco_sbf_fk";"conti_correnti";"codice_template_fiscale";"sottoconti";"id_pdc";"FOREIGN KEY"
"cc_soco_sbf_fk";"conti_correnti";"codice_part";"sottoconti";"codice_part";"FOREIGN KEY"
"cc_soco_sbf_fk";"conti_correnti";"codice_part";"sottoconti";"id_sottoconto";"FOREIGN KEY"
"cc_soco_sbf_fk";"conti_correnti";"codice_part";"sottoconti";"codice_template_fiscale";"FOREIGN KEY"
"cc_soco_sbf_fk";"conti_correnti";"codice_part";"sottoconti";"id_pdc";"FOREIGN KEY"
"cc_soco_sbf_fk";"conti_correnti";"id_pdc";"sottoconti";"codice_part";"FOREIGN KEY"
"cc_soco_sbf_fk";"conti_correnti";"id_pdc";"sottoconti";"id_sottoconto";"FOREIGN KEY"
"cc_soco_sbf_fk";"conti_correnti";"id_pdc";"sottoconti";"codice_template_fiscale";"FOREIGN KEY"
"cc_soco_sbf_fk";"conti_correnti";"id_pdc";"sottoconti";"id_pdc";"FOREIGN KEY"
"cc_soco_sbf_fk";"conti_correnti";"id_sottoconto_sbf";"sottoconti";"codice_part";"FOREIGN KEY"
"cc_soco_sbf_fk";"conti_correnti";"id_sottoconto_sbf";"sottoconti";"id_sottoconto";"FOREIGN KEY"
"cc_soco_sbf_fk";"conti_correnti";"id_sottoconto_sbf";"sottoconti";"codice_template_fiscale";"FOREIGN KEY"
"cc_soco_sbf_fk";"conti_correnti";"id_sottoconto_sbf";"sottoconti";"id_pdc";"FOREIGN KEY"
"cc_tana_fk";"conti_correnti";"id_tipo_anagrafica";"tipi_anagrafiche";"codice_azienda";"FOREIGN KEY"
"cc_tana_fk";"conti_correnti";"id_tipo_anagrafica";"tipi_anagrafiche";"id_tipo_anagrafica";"FOREIGN KEY"
"cc_tana_fk";"conti_correnti";"codice_azienda";"tipi_anagrafiche";"codice_azienda";"FOREIGN KEY"
"cc_tana_fk";"conti_correnti";"codice_azienda";"tipi_anagrafiche";"id_tipo_anagrafica";"FOREIGN KEY"
"cc_valu_fk";"conti_correnti";"id_valuta";"valute";"id_valuta";"FOREIGN KEY"
"cc_valu_fk";"conti_correnti";"id_valuta";"valute";"codice_part";"FOREIGN KEY"
"cc_valu_fk";"conti_correnti";"codice_part";"valute";"id_valuta";"FOREIGN KEY"
"cc_valu_fk";"conti_correnti";"codice_part";"valute";"codice_part";"FOREIGN KEY"
"ccat_cspc_fk";"ce_categorie";"codice_gruppo_ce";"ce_specie";"codice_specie_ce";"FOREIGN KEY"
"ccat_cspc_fk";"ce_categorie";"codice_gruppo_ce";"ce_specie";"codice_gruppo_ce";"FOREIGN KEY"
"ccat_cspc_fk";"ce_categorie";"codice_specie_ce";"ce_specie";"codice_specie_ce";"FOREIGN KEY"
"ccat_cspc_fk";"ce_categorie";"codice_specie_ce";"ce_specie";"codice_gruppo_ce";"FOREIGN KEY"
"ccop_cc_fk";"conti_correnti_operazioni";"codice_azienda";"conti_correnti";"id_conto_corrente";"FOREIGN KEY"
"ccop_cc_fk";"conti_correnti_operazioni";"codice_azienda";"conti_correnti";"codice_azienda";"FOREIGN KEY"
"ccop_cc_fk";"conti_correnti_operazioni";"id_conto_corrente";"conti_correnti";"id_conto_corrente";"FOREIGN KEY"
"ccop_cc_fk";"conti_correnti_operazioni";"id_conto_corrente";"conti_correnti";"codice_azienda";"FOREIGN KEY"
"ccop_docu_fk";"conti_correnti_operazioni";"codice_azienda";"documenti";"codice_azienda";"FOREIGN KEY"
"ccop_docu_fk";"conti_correnti_operazioni";"codice_azienda";"documenti";"id_documento";"FOREIGN KEY"
"ccop_docu_fk";"conti_correnti_operazioni";"id_documento";"documenti";"codice_azienda";"FOREIGN KEY"
"ccop_docu_fk";"conti_correnti_operazioni";"id_documento";"documenti";"id_documento";"FOREIGN KEY"
"ccps_anid_fk";"cat_comm_provv_scale";"id_agente";"anagrafiche_id";"codice_part";"FOREIGN KEY"
"ccps_anid_fk";"cat_comm_provv_scale";"id_agente";"anagrafiche_id";"id_anagrafica";"FOREIGN KEY"
"ccps_anid_fk";"cat_comm_provv_scale";"codice_part";"anagrafiche_id";"codice_part";"FOREIGN KEY"
"ccps_anid_fk";"cat_comm_provv_scale";"codice_part";"anagrafiche_id";"id_anagrafica";"FOREIGN KEY"
"ccps_caco_fk";"cat_comm_provv_scale";"codice_cat_comm";"categorie_commerciali";"codice_azienda";"FOREIGN KEY"
"ccps_caco_fk";"cat_comm_provv_scale";"codice_cat_comm";"categorie_commerciali";"codice_cat_comm";"FOREIGN KEY"
"ccps_caco_fk";"cat_comm_provv_scale";"codice_azienda";"categorie_commerciali";"codice_azienda";"FOREIGN KEY"
"ccps_caco_fk";"cat_comm_provv_scale";"codice_azienda";"categorie_commerciali";"codice_cat_comm";"FOREIGN KEY"
"ccps_tscp_fk";"cat_comm_provv_scale";"codice_azienda";"tipo_scale_provvigioni";"id_tipo_scala_provv";"FOREIGN KEY"
"ccps_tscp_fk";"cat_comm_provv_scale";"codice_azienda";"tipo_scale_provvigioni";"codice_azienda";"FOREIGN KEY"
"ccps_tscp_fk";"cat_comm_provv_scale";"id_tipo_scala_provv";"tipo_scale_provvigioni";"id_tipo_scala_provv";"FOREIGN KEY"
"ccps_tscp_fk";"cat_comm_provv_scale";"id_tipo_scala_provv";"tipo_scale_provvigioni";"codice_azienda";"FOREIGN KEY"
"ccsc__anid_cli__fk";"crm_concorrenti_su_clienti";"codice_part";"anagrafiche_id";"id_anagrafica";"FOREIGN KEY"
"ccsc__anid_cli__fk";"crm_concorrenti_su_clienti";"codice_part";"anagrafiche_id";"codice_part";"FOREIGN KEY"
"ccsc__anid_cli__fk";"crm_concorrenti_su_clienti";"id_cliente";"anagrafiche_id";"id_anagrafica";"FOREIGN KEY"
"ccsc__anid_cli__fk";"crm_concorrenti_su_clienti";"id_cliente";"anagrafiche_id";"codice_part";"FOREIGN KEY"
"ccsc__anid_conc__fk";"crm_concorrenti_su_clienti";"id_concorrente";"anagrafiche_id";"id_anagrafica";"FOREIGN KEY"
"ccsc__anid_conc__fk";"crm_concorrenti_su_clienti";"id_concorrente";"anagrafiche_id";"codice_part";"FOREIGN KEY"
"ccsc__anid_conc__fk";"crm_concorrenti_su_clienti";"codice_part";"anagrafiche_id";"id_anagrafica";"FOREIGN KEY"
"ccsc__anid_conc__fk";"crm_concorrenti_su_clienti";"codice_part";"anagrafiche_id";"codice_part";"FOREIGN KEY"
"ccsd_cc_fk";"conti_correnti_sedi";"id_conto_corrente";"conti_correnti";"id_conto_corrente";"FOREIGN KEY"
"ccsd_cc_fk";"conti_correnti_sedi";"id_conto_corrente";"conti_correnti";"codice_azienda";"FOREIGN KEY"
"ccsd_cc_fk";"conti_correnti_sedi";"codice_azienda";"conti_correnti";"id_conto_corrente";"FOREIGN KEY"
"ccsd_cc_fk";"conti_correnti_sedi";"codice_azienda";"conti_correnti";"codice_azienda";"FOREIGN KEY"
"ccsd_seaz_fk";"conti_correnti_sedi";"codice_azienda";"sedi_azienda";"codice_sede";"FOREIGN KEY"
"ccsd_seaz_fk";"conti_correnti_sedi";"codice_azienda";"sedi_azienda";"codice_azienda";"FOREIGN KEY"
"ccsd_seaz_fk";"conti_correnti_sedi";"codice_sede";"sedi_azienda";"codice_sede";"FOREIGN KEY"
"ccsd_seaz_fk";"conti_correnti_sedi";"codice_sede";"sedi_azienda";"codice_azienda";"FOREIGN KEY"
"ccsd_soco_fk";"conti_correnti_sedi";"codice_part";"sottoconti";"codice_part";"FOREIGN KEY"
"ccsd_soco_fk";"conti_correnti_sedi";"codice_part";"sottoconti";"id_sottoconto";"FOREIGN KEY"
"ccsd_soco_fk";"conti_correnti_sedi";"codice_part";"sottoconti";"codice_template_fiscale";"FOREIGN KEY"
"ccsd_soco_fk";"conti_correnti_sedi";"codice_part";"sottoconti";"id_pdc";"FOREIGN KEY"
"ccsd_soco_fk";"conti_correnti_sedi";"id_pdc";"sottoconti";"codice_part";"FOREIGN KEY"
"ccsd_soco_fk";"conti_correnti_sedi";"id_pdc";"sottoconti";"id_sottoconto";"FOREIGN KEY"
"ccsd_soco_fk";"conti_correnti_sedi";"id_pdc";"sottoconti";"codice_template_fiscale";"FOREIGN KEY"
"ccsd_soco_fk";"conti_correnti_sedi";"id_pdc";"sottoconti";"id_pdc";"FOREIGN KEY"
"ccsd_soco_fk";"conti_correnti_sedi";"codice_template_fiscale";"sottoconti";"codice_part";"FOREIGN KEY"
"ccsd_soco_fk";"conti_correnti_sedi";"codice_template_fiscale";"sottoconti";"id_sottoconto";"FOREIGN KEY"
"ccsd_soco_fk";"conti_correnti_sedi";"codice_template_fiscale";"sottoconti";"codice_template_fiscale";"FOREIGN KEY"
"ccsd_soco_fk";"conti_correnti_sedi";"codice_template_fiscale";"sottoconti";"id_pdc";"FOREIGN KEY"
"ccsd_soco_fk";"conti_correnti_sedi";"id_sottoconto";"sottoconti";"codice_part";"FOREIGN KEY"
"ccsd_soco_fk";"conti_correnti_sedi";"id_sottoconto";"sottoconti";"id_sottoconto";"FOREIGN KEY"
"ccsd_soco_fk";"conti_correnti_sedi";"id_sottoconto";"sottoconti";"codice_template_fiscale";"FOREIGN KEY"
"ccsd_soco_fk";"conti_correnti_sedi";"id_sottoconto";"sottoconti";"id_pdc";"FOREIGN KEY"
"ccta_azie_fk";"ce_categorie_az";"codice_azienda";"aziende";"codice_azienda";"FOREIGN KEY"
"ccta_ccat_fk";"ce_categorie_az";"codice_gruppo_ce";"ce_categorie";"codice_specie_ce";"FOREIGN KEY"
"ccta_ccat_fk";"ce_categorie_az";"codice_gruppo_ce";"ce_categorie";"codice_categoria_ce";"FOREIGN KEY"
"ccta_ccat_fk";"ce_categorie_az";"codice_gruppo_ce";"ce_categorie";"codice_gruppo_ce";"FOREIGN KEY"
"ccta_ccat_fk";"ce_categorie_az";"codice_specie_ce";"ce_categorie";"codice_specie_ce";"FOREIGN KEY"
"ccta_ccat_fk";"ce_categorie_az";"codice_specie_ce";"ce_categorie";"codice_categoria_ce";"FOREIGN KEY"
"ccta_ccat_fk";"ce_categorie_az";"codice_specie_ce";"ce_categorie";"codice_gruppo_ce";"FOREIGN KEY"
"ccta_ccat_fk";"ce_categorie_az";"codice_categoria_ce";"ce_categorie";"codice_specie_ce";"FOREIGN KEY"
"ccta_ccat_fk";"ce_categorie_az";"codice_categoria_ce";"ce_categorie";"codice_categoria_ce";"FOREIGN KEY"
"ccta_ccat_fk";"ce_categorie_az";"codice_categoria_ce";"ce_categorie";"codice_gruppo_ce";"FOREIGN KEY"
"ccta_soco_amm_fk";"ce_categorie_az";"codice_part";"sottoconti";"id_pdc";"FOREIGN KEY"
"ccta_soco_amm_fk";"ce_categorie_az";"codice_part";"sottoconti";"id_sottoconto";"FOREIGN KEY"
"ccta_soco_amm_fk";"ce_categorie_az";"codice_part";"sottoconti";"codice_template_fiscale";"FOREIGN KEY"
"ccta_soco_amm_fk";"ce_categorie_az";"codice_part";"sottoconti";"codice_part";"FOREIGN KEY"
"ccta_soco_amm_fk";"ce_categorie_az";"id_sottoconto_amm";"sottoconti";"id_pdc";"FOREIGN KEY"
"ccta_soco_amm_fk";"ce_categorie_az";"id_sottoconto_amm";"sottoconti";"id_sottoconto";"FOREIGN KEY"
"ccta_soco_amm_fk";"ce_categorie_az";"id_sottoconto_amm";"sottoconti";"codice_template_fiscale";"FOREIGN KEY"
"ccta_soco_amm_fk";"ce_categorie_az";"id_sottoconto_amm";"sottoconti";"codice_part";"FOREIGN KEY"
"ccta_soco_amm_fk";"ce_categorie_az";"codice_template_fiscale";"sottoconti";"id_pdc";"FOREIGN KEY"
"ccta_soco_amm_fk";"ce_categorie_az";"codice_template_fiscale";"sottoconti";"id_sottoconto";"FOREIGN KEY"
"ccta_soco_amm_fk";"ce_categorie_az";"codice_template_fiscale";"sottoconti";"codice_template_fiscale";"FOREIGN KEY"
"ccta_soco_amm_fk";"ce_categorie_az";"codice_template_fiscale";"sottoconti";"codice_part";"FOREIGN KEY"
"ccta_soco_amm_fk";"ce_categorie_az";"id_pdc";"sottoconti";"id_pdc";"FOREIGN KEY"
"ccta_soco_amm_fk";"ce_categorie_az";"id_pdc";"sottoconti";"id_sottoconto";"FOREIGN KEY"
"ccta_soco_amm_fk";"ce_categorie_az";"id_pdc";"sottoconti";"codice_template_fiscale";"FOREIGN KEY"
"ccta_soco_amm_fk";"ce_categorie_az";"id_pdc";"sottoconti";"codice_part";"FOREIGN KEY"
"ccta_soco_amm_ind_fk";"ce_categorie_az";"id_pdc";"sottoconti";"codice_template_fiscale";"FOREIGN KEY"
"ccta_soco_amm_ind_fk";"ce_categorie_az";"id_pdc";"sottoconti";"codice_part";"FOREIGN KEY"
"ccta_soco_amm_ind_fk";"ce_categorie_az";"id_pdc";"sottoconti";"id_sottoconto";"FOREIGN KEY"
"ccta_soco_amm_ind_fk";"ce_categorie_az";"id_pdc";"sottoconti";"id_pdc";"FOREIGN KEY"
"ccta_soco_amm_ind_fk";"ce_categorie_az";"codice_part";"sottoconti";"codice_template_fiscale";"FOREIGN KEY"
"ccta_soco_amm_ind_fk";"ce_categorie_az";"codice_part";"sottoconti";"codice_part";"FOREIGN KEY"
"ccta_soco_amm_ind_fk";"ce_categorie_az";"codice_part";"sottoconti";"id_sottoconto";"FOREIGN KEY"
"ccta_soco_amm_ind_fk";"ce_categorie_az";"codice_part";"sottoconti";"id_pdc";"FOREIGN KEY"
"ccta_soco_amm_ind_fk";"ce_categorie_az";"id_sottoconto_amm_ind";"sottoconti";"codice_template_fiscale";"FOREIGN KEY"
"ccta_soco_amm_ind_fk";"ce_categorie_az";"id_sottoconto_amm_ind";"sottoconti";"codice_part";"FOREIGN KEY"
"ccta_soco_amm_ind_fk";"ce_categorie_az";"id_sottoconto_amm_ind";"sottoconti";"id_sottoconto";"FOREIGN KEY"
"ccta_soco_amm_ind_fk";"ce_categorie_az";"id_sottoconto_amm_ind";"sottoconti";"id_pdc";"FOREIGN KEY"
"ccta_soco_amm_ind_fk";"ce_categorie_az";"codice_template_fiscale";"sottoconti";"codice_template_fiscale";"FOREIGN KEY"
"ccta_soco_amm_ind_fk";"ce_categorie_az";"codice_template_fiscale";"sottoconti";"codice_part";"FOREIGN KEY"
"ccta_soco_amm_ind_fk";"ce_categorie_az";"codice_template_fiscale";"sottoconti";"id_sottoconto";"FOREIGN KEY"
"ccta_soco_amm_ind_fk";"ce_categorie_az";"codice_template_fiscale";"sottoconti";"id_pdc";"FOREIGN KEY"
"ccta_soco_fondo_amm_fk";"ce_categorie_az";"id_pdc";"sottoconti";"id_pdc";"FOREIGN KEY"
"ccta_soco_fondo_amm_fk";"ce_categorie_az";"id_pdc";"sottoconti";"codice_template_fiscale";"FOREIGN KEY"
"ccta_soco_fondo_amm_fk";"ce_categorie_az";"id_pdc";"sottoconti";"id_sottoconto";"FOREIGN KEY"
"ccta_soco_fondo_amm_fk";"ce_categorie_az";"id_pdc";"sottoconti";"codice_part";"FOREIGN KEY"
"ccta_soco_fondo_amm_fk";"ce_categorie_az";"codice_part";"sottoconti";"id_pdc";"FOREIGN KEY"
"ccta_soco_fondo_amm_fk";"ce_categorie_az";"codice_part";"sottoconti";"codice_template_fiscale";"FOREIGN KEY"
"ccta_soco_fondo_amm_fk";"ce_categorie_az";"codice_part";"sottoconti";"id_sottoconto";"FOREIGN KEY"
"ccta_soco_fondo_amm_fk";"ce_categorie_az";"codice_part";"sottoconti";"codice_part";"FOREIGN KEY"
"ccta_soco_fondo_amm_fk";"ce_categorie_az";"codice_template_fiscale";"sottoconti";"id_pdc";"FOREIGN KEY"
"ccta_soco_fondo_amm_fk";"ce_categorie_az";"codice_template_fiscale";"sottoconti";"codice_template_fiscale";"FOREIGN KEY"
"ccta_soco_fondo_amm_fk";"ce_categorie_az";"codice_template_fiscale";"sottoconti";"id_sottoconto";"FOREIGN KEY"
"ccta_soco_fondo_amm_fk";"ce_categorie_az";"codice_template_fiscale";"sottoconti";"codice_part";"FOREIGN KEY"
"ccta_soco_fondo_amm_fk";"ce_categorie_az";"id_sottoconto_fondo_amm";"sottoconti";"id_pdc";"FOREIGN KEY"
"ccta_soco_fondo_amm_fk";"ce_categorie_az";"id_sottoconto_fondo_amm";"sottoconti";"codice_template_fiscale";"FOREIGN KEY"
"ccta_soco_fondo_amm_fk";"ce_categorie_az";"id_sottoconto_fondo_amm";"sottoconti";"id_sottoconto";"FOREIGN KEY"
"ccta_soco_fondo_amm_fk";"ce_categorie_az";"id_sottoconto_fondo_amm";"sottoconti";"codice_part";"FOREIGN KEY"
"ccta_soco_imm_fk";"ce_categorie_az";"codice_template_fiscale";"sottoconti";"id_pdc";"FOREIGN KEY"
"ccta_soco_imm_fk";"ce_categorie_az";"codice_template_fiscale";"sottoconti";"id_sottoconto";"FOREIGN KEY"
"ccta_soco_imm_fk";"ce_categorie_az";"codice_template_fiscale";"sottoconti";"codice_part";"FOREIGN KEY"
"ccta_soco_imm_fk";"ce_categorie_az";"codice_template_fiscale";"sottoconti";"codice_template_fiscale";"FOREIGN KEY"
"ccta_soco_imm_fk";"ce_categorie_az";"codice_part";"sottoconti";"id_pdc";"FOREIGN KEY"
"ccta_soco_imm_fk";"ce_categorie_az";"codice_part";"sottoconti";"id_sottoconto";"FOREIGN KEY"
"ccta_soco_imm_fk";"ce_categorie_az";"codice_part";"sottoconti";"codice_part";"FOREIGN KEY"
"ccta_soco_imm_fk";"ce_categorie_az";"codice_part";"sottoconti";"codice_template_fiscale";"FOREIGN KEY"
"ccta_soco_imm_fk";"ce_categorie_az";"id_sottoconto_immobilizzazioni";"sottoconti";"id_pdc";"FOREIGN KEY"
"ccta_soco_imm_fk";"ce_categorie_az";"id_sottoconto_immobilizzazioni";"sottoconti";"id_sottoconto";"FOREIGN KEY"
"ccta_soco_imm_fk";"ce_categorie_az";"id_sottoconto_immobilizzazioni";"sottoconti";"codice_part";"FOREIGN KEY"
"ccta_soco_imm_fk";"ce_categorie_az";"id_sottoconto_immobilizzazioni";"sottoconti";"codice_template_fiscale";"FOREIGN KEY"
"ccta_soco_imm_fk";"ce_categorie_az";"id_pdc";"sottoconti";"id_pdc";"FOREIGN KEY"
"ccta_soco_imm_fk";"ce_categorie_az";"id_pdc";"sottoconti";"id_sottoconto";"FOREIGN KEY"
"ccta_soco_imm_fk";"ce_categorie_az";"id_pdc";"sottoconti";"codice_part";"FOREIGN KEY"
"ccta_soco_imm_fk";"ce_categorie_az";"id_pdc";"sottoconti";"codice_template_fiscale";"FOREIGN KEY"
"cdca__anid__fk";"crm_dati_commerciali_annuali";"id_anagrafica";"anagrafiche_id";"codice_part";"FOREIGN KEY"
"cdca__anid__fk";"crm_dati_commerciali_annuali";"id_anagrafica";"anagrafiche_id";"id_anagrafica";"FOREIGN KEY"
"cdca__anid__fk";"crm_dati_commerciali_annuali";"codice_part";"anagrafiche_id";"codice_part";"FOREIGN KEY"
"cdca__anid__fk";"crm_dati_commerciali_annuali";"codice_part";"anagrafiche_id";"id_anagrafica";"FOREIGN KEY"
"cdms_azie_fk";"cdms_utenti_profili";"codice_azienda";"aziende";"codice_azienda";"FOREIGN KEY"
"cdms_log_rire_fk";"cdms_access_log";"id_risorsa";"cdms_risorse_revisioni";"codice_azienda";"FOREIGN KEY"
"cdms_log_rire_fk";"cdms_access_log";"id_risorsa";"cdms_risorse_revisioni";"prog_revisione";"FOREIGN KEY"
"cdms_log_rire_fk";"cdms_access_log";"id_risorsa";"cdms_risorse_revisioni";"id_risorsa";"FOREIGN KEY"
"cdms_log_rire_fk";"cdms_access_log";"prog_revisione";"cdms_risorse_revisioni";"codice_azienda";"FOREIGN KEY"
"cdms_log_rire_fk";"cdms_access_log";"prog_revisione";"cdms_risorse_revisioni";"prog_revisione";"FOREIGN KEY"
"cdms_log_rire_fk";"cdms_access_log";"prog_revisione";"cdms_risorse_revisioni";"id_risorsa";"FOREIGN KEY"
"cdms_log_rire_fk";"cdms_access_log";"codice_azienda";"cdms_risorse_revisioni";"codice_azienda";"FOREIGN KEY"
"cdms_log_rire_fk";"cdms_access_log";"codice_azienda";"cdms_risorse_revisioni";"prog_revisione";"FOREIGN KEY"
"cdms_log_rire_fk";"cdms_access_log";"codice_azienda";"cdms_risorse_revisioni";"id_risorsa";"FOREIGN KEY"
"cdms_log_uten_fk";"cdms_access_log";"login_utente";"utenti";"login";"FOREIGN KEY"
"cdms_nocl_nocl_fk";"cdms_nodi_classificazione";"codice_azienda";"cdms_nodi_classificazione";"codice_azienda";"FOREIGN KEY"
"cdms_nocl_nocl_fk";"cdms_nodi_classificazione";"codice_azienda";"cdms_nodi_classificazione";"id_nodo_class";"FOREIGN KEY"
"cdms_nocl_nocl_fk";"cdms_nodi_classificazione";"id_nodo_parent";"cdms_nodi_classificazione";"codice_azienda";"FOREIGN KEY"
"cdms_nocl_nocl_fk";"cdms_nodi_classificazione";"id_nodo_parent";"cdms_nodi_classificazione";"id_nodo_class";"FOREIGN KEY"
"cdms_nocl_prof_fk";"cdms_nodi_classificazione";"codice_azienda";"cdms_profili";"codice_azienda";"FOREIGN KEY"
"cdms_nocl_prof_fk";"cdms_nodi_classificazione";"codice_azienda";"cdms_profili";"nome_profilo";"FOREIGN KEY"
"cdms_nocl_prof_fk";"cdms_nodi_classificazione";"profilo_up";"cdms_profili";"codice_azienda";"FOREIGN KEY"
"cdms_nocl_prof_fk";"cdms_nodi_classificazione";"profilo_up";"cdms_profili";"nome_profilo";"FOREIGN KEY"
"cdms_nodi_anid_fk";"cdms_nodi_classificazione";"id_anagrafica";"anagrafiche_id";"id_anagrafica";"FOREIGN KEY"
"cdms_nodi_anid_fk";"cdms_nodi_classificazione";"id_anagrafica";"anagrafiche_id";"codice_part";"FOREIGN KEY"
"cdms_nodi_anid_fk";"cdms_nodi_classificazione";"codice_part";"anagrafiche_id";"id_anagrafica";"FOREIGN KEY"
"cdms_nodi_anid_fk";"cdms_nodi_classificazione";"codice_part";"anagrafiche_id";"codice_part";"FOREIGN KEY"
"cdms_nori_nocl_fk";"cdms_nodi_risorse";"codice_azienda";"cdms_nodi_classificazione";"codice_azienda";"FOREIGN KEY"
"cdms_nori_nocl_fk";"cdms_nodi_risorse";"codice_azienda";"cdms_nodi_classificazione";"id_nodo_class";"FOREIGN KEY"
"cdms_nori_nocl_fk";"cdms_nodi_risorse";"id_nodo_class";"cdms_nodi_classificazione";"codice_azienda";"FOREIGN KEY"
"cdms_nori_nocl_fk";"cdms_nodi_risorse";"id_nodo_class";"cdms_nodi_classificazione";"id_nodo_class";"FOREIGN KEY"
"cdms_nori_riso_fk";"cdms_nodi_risorse";"id_risorsa";"cdms_risorse";"id_risorsa";"FOREIGN KEY"
"cdms_nori_riso_fk";"cdms_nodi_risorse";"id_risorsa";"cdms_risorse";"codice_azienda";"FOREIGN KEY"
"cdms_nori_riso_fk";"cdms_nodi_risorse";"codice_azienda";"cdms_risorse";"id_risorsa";"FOREIGN KEY"
"cdms_nori_riso_fk";"cdms_nodi_risorse";"codice_azienda";"cdms_risorse";"codice_azienda";"FOREIGN KEY"
"cdms_noti_rire_fk";"cdms_notifiche";"id_risorsa";"cdms_risorse_revisioni";"codice_azienda";"FOREIGN KEY"
"cdms_noti_rire_fk";"cdms_notifiche";"id_risorsa";"cdms_risorse_revisioni";"prog_revisione";"FOREIGN KEY"
"cdms_noti_rire_fk";"cdms_notifiche";"id_risorsa";"cdms_risorse_revisioni";"id_risorsa";"FOREIGN KEY"
"cdms_noti_rire_fk";"cdms_notifiche";"codice_azienda";"cdms_risorse_revisioni";"codice_azienda";"FOREIGN KEY"
"cdms_noti_rire_fk";"cdms_notifiche";"codice_azienda";"cdms_risorse_revisioni";"prog_revisione";"FOREIGN KEY"
"cdms_noti_rire_fk";"cdms_notifiche";"codice_azienda";"cdms_risorse_revisioni";"id_risorsa";"FOREIGN KEY"
"cdms_noti_rire_fk";"cdms_notifiche";"prog_revisione";"cdms_risorse_revisioni";"codice_azienda";"FOREIGN KEY"
"cdms_noti_rire_fk";"cdms_notifiche";"prog_revisione";"cdms_risorse_revisioni";"prog_revisione";"FOREIGN KEY"
"cdms_noti_rire_fk";"cdms_notifiche";"prog_revisione";"cdms_risorse_revisioni";"id_risorsa";"FOREIGN KEY"
"cdms_prof_azie_fk";"cdms_profili";"codice_azienda";"aziende";"codice_azienda";"FOREIGN KEY"
"cdms_prof_fk";"cdms_utenti_profili";"codice_azienda";"cdms_profili";"nome_profilo";"FOREIGN KEY"
"cdms_prof_fk";"cdms_utenti_profili";"codice_azienda";"cdms_profili";"codice_azienda";"FOREIGN KEY"
"cdms_prof_fk";"cdms_utenti_profili";"nome_profilo";"cdms_profili";"nome_profilo";"FOREIGN KEY"
"cdms_prof_fk";"cdms_utenti_profili";"nome_profilo";"cdms_profili";"codice_azienda";"FOREIGN KEY"
"cdms_rift_riso_fk";"cdms_risorse_ft";"codice_azienda";"cdms_risorse";"id_risorsa";"FOREIGN KEY"
"cdms_rift_riso_fk";"cdms_risorse_ft";"codice_azienda";"cdms_risorse";"codice_azienda";"FOREIGN KEY"
"cdms_rift_riso_fk";"cdms_risorse_ft";"id_risorsa";"cdms_risorse";"id_risorsa";"FOREIGN KEY"
"cdms_rift_riso_fk";"cdms_risorse_ft";"id_risorsa";"cdms_risorse";"codice_azienda";"FOREIGN KEY"
"cdms_rino_riso_fk";"cdms_risorse_notifiche";"codice_azienda";"cdms_risorse";"codice_azienda";"FOREIGN KEY"
"cdms_rino_riso_fk";"cdms_risorse_notifiche";"codice_azienda";"cdms_risorse";"id_risorsa";"FOREIGN KEY"
"cdms_rino_riso_fk";"cdms_risorse_notifiche";"id_risorsa";"cdms_risorse";"codice_azienda";"FOREIGN KEY"
"cdms_rino_riso_fk";"cdms_risorse_notifiche";"id_risorsa";"cdms_risorse";"id_risorsa";"FOREIGN KEY"
"cdms_rino_uten_fk";"cdms_risorse_notifiche";"login_utente";"utenti";"login";"FOREIGN KEY"
"cdms_riog_riso_fk";"cdms_risorse_oggetti";"id_risorsa";"cdms_risorse";"id_risorsa";"FOREIGN KEY"
"cdms_riog_riso_fk";"cdms_risorse_oggetti";"id_risorsa";"cdms_risorse";"codice_azienda";"FOREIGN KEY"
"cdms_riog_riso_fk";"cdms_risorse_oggetti";"codice_azienda";"cdms_risorse";"id_risorsa";"FOREIGN KEY"
"cdms_riog_riso_fk";"cdms_risorse_oggetti";"codice_azienda";"cdms_risorse";"codice_azienda";"FOREIGN KEY"
"cdms_rire_riso_fk";"cdms_risorse_revisioni";"id_risorsa";"cdms_risorse";"id_risorsa";"FOREIGN KEY"
"cdms_rire_riso_fk";"cdms_risorse_revisioni";"id_risorsa";"cdms_risorse";"codice_azienda";"FOREIGN KEY"
"cdms_rire_riso_fk";"cdms_risorse_revisioni";"codice_azienda";"cdms_risorse";"id_risorsa";"FOREIGN KEY"
"cdms_rire_riso_fk";"cdms_risorse_revisioni";"codice_azienda";"cdms_risorse";"codice_azienda";"FOREIGN KEY"
"cdms_riri_rire_fk";"cdms_risorse_riferimenti";"id_risorsa";"cdms_risorse_revisioni";"codice_azienda";"FOREIGN KEY"
"cdms_riri_rire_fk";"cdms_risorse_riferimenti";"id_risorsa";"cdms_risorse_revisioni";"prog_revisione";"FOREIGN KEY"
"cdms_riri_rire_fk";"cdms_risorse_riferimenti";"id_risorsa";"cdms_risorse_revisioni";"id_risorsa";"FOREIGN KEY"
"cdms_riri_rire_fk";"cdms_risorse_riferimenti";"prog_revisione";"cdms_risorse_revisioni";"codice_azienda";"FOREIGN KEY"
"cdms_riri_rire_fk";"cdms_risorse_riferimenti";"prog_revisione";"cdms_risorse_revisioni";"prog_revisione";"FOREIGN KEY"
"cdms_riri_rire_fk";"cdms_risorse_riferimenti";"prog_revisione";"cdms_risorse_revisioni";"id_risorsa";"FOREIGN KEY"
"cdms_riri_rire_fk";"cdms_risorse_riferimenti";"codice_azienda";"cdms_risorse_revisioni";"codice_azienda";"FOREIGN KEY"
"cdms_riri_rire_fk";"cdms_risorse_riferimenti";"codice_azienda";"cdms_risorse_revisioni";"prog_revisione";"FOREIGN KEY"
"cdms_riri_rire_fk";"cdms_risorse_riferimenti";"codice_azienda";"cdms_risorse_revisioni";"id_risorsa";"FOREIGN KEY"
"cdms_riri_riso_fk";"cdms_risorse_riferimenti";"id_risorsa_ref";"cdms_risorse";"id_risorsa";"FOREIGN KEY"
"cdms_riri_riso_fk";"cdms_risorse_riferimenti";"id_risorsa_ref";"cdms_risorse";"codice_azienda";"FOREIGN KEY"
"cdms_riri_riso_fk";"cdms_risorse_riferimenti";"codice_azienda";"cdms_risorse";"id_risorsa";"FOREIGN KEY"
"cdms_riri_riso_fk";"cdms_risorse_riferimenti";"codice_azienda";"cdms_risorse";"codice_azienda";"FOREIGN KEY"
"cdms_riso__tpal__fk";"cdms_risorse";"id_tipo_allegato";"tipi_allegati";"id_tipo_allegato";"FOREIGN KEY"
"cdms_riso__tpal__fk";"cdms_risorse";"id_tipo_allegato";"tipi_allegati";"codice_azienda";"FOREIGN KEY"
"cdms_riso__tpal__fk";"cdms_risorse";"codice_azienda";"tipi_allegati";"id_tipo_allegato";"FOREIGN KEY"
"cdms_riso__tpal__fk";"cdms_risorse";"codice_azienda";"tipi_allegati";"codice_azienda";"FOREIGN KEY"
"cdms_riso_azie_fk";"cdms_risorse";"codice_azienda";"aziende";"codice_azienda";"FOREIGN KEY"
"cdms_riso_temp_fk";"cdms_risorse";"template_name";"cdms_template";"codice_azienda";"FOREIGN KEY"
"cdms_riso_temp_fk";"cdms_risorse";"template_name";"cdms_template";"template_name";"FOREIGN KEY"
"cdms_riso_temp_fk";"cdms_risorse";"codice_azienda";"cdms_template";"codice_azienda";"FOREIGN KEY"
"cdms_riso_temp_fk";"cdms_risorse";"codice_azienda";"cdms_template";"template_name";"FOREIGN KEY"
"cdms_uten_fk";"cdms_utenti_profili";"login_utente";"utenti";"login";"FOREIGN KEY"
"cdoc_cspt_fk";"ce_cespiti_doc";"id_cespite";"ce_cespiti";"codice_azienda";"FOREIGN KEY"
"cdoc_cspt_fk";"ce_cespiti_doc";"id_cespite";"ce_cespiti";"id_cespite";"FOREIGN KEY"
"cdoc_cspt_fk";"ce_cespiti_doc";"codice_azienda";"ce_cespiti";"codice_azienda";"FOREIGN KEY"
"cdoc_cspt_fk";"ce_cespiti_doc";"codice_azienda";"ce_cespiti";"id_cespite";"FOREIGN KEY"
"cdoc_docu_fk";"ce_cespiti_doc";"id_documento";"documenti";"id_documento";"FOREIGN KEY"
"cdoc_docu_fk";"ce_cespiti_doc";"id_documento";"documenti";"codice_azienda";"FOREIGN KEY"
"cdoc_docu_fk";"ce_cespiti_doc";"codice_azienda";"documenti";"id_documento";"FOREIGN KEY"
"cdoc_docu_fk";"ce_cespiti_doc";"codice_azienda";"documenti";"codice_azienda";"FOREIGN KEY"
"ceag_ctce_aggr_fk";"cee_aggregazioni";"id_conto_cee_aggr";"conti_cee";"id_conto_cee";"FOREIGN KEY"
"ceag_ctce_fk";"cee_aggregazioni";"id_conto_cee";"conti_cee";"id_conto_cee";"FOREIGN KEY"
"ceam_cecs_fk";"ce_ammortamenti";"codice_tipo";"ce_causali";"codice_tipo";"FOREIGN KEY"
"ceam_cecs_fk";"ce_ammortamenti";"codice_tipo";"ce_causali";"id_causale";"FOREIGN KEY"
"ceam_cecs_fk";"ce_ammortamenti";"id_causale";"ce_causali";"codice_tipo";"FOREIGN KEY"
"ceam_cecs_fk";"ce_ammortamenti";"id_causale";"ce_causali";"id_causale";"FOREIGN KEY"
"ceam_cmov_fk";"ce_ammortamenti";"id_movimento";"ce_movimenti";"codice_azienda";"FOREIGN KEY"
"ceam_cmov_fk";"ce_ammortamenti";"id_movimento";"ce_movimenti";"id_movimento";"FOREIGN KEY"
"ceam_cmov_fk";"ce_ammortamenti";"id_movimento";"ce_movimenti";"id_cespite";"FOREIGN KEY"
"ceam_cmov_fk";"ce_ammortamenti";"codice_azienda";"ce_movimenti";"codice_azienda";"FOREIGN KEY"
"ceam_cmov_fk";"ce_ammortamenti";"codice_azienda";"ce_movimenti";"id_movimento";"FOREIGN KEY"
"ceam_cmov_fk";"ce_ammortamenti";"codice_azienda";"ce_movimenti";"id_cespite";"FOREIGN KEY"
"ceam_cmov_fk";"ce_ammortamenti";"id_cespite";"ce_movimenti";"codice_azienda";"FOREIGN KEY"
"ceam_cmov_fk";"ce_ammortamenti";"id_cespite";"ce_movimenti";"id_movimento";"FOREIGN KEY"
"ceam_cmov_fk";"ce_ammortamenti";"id_cespite";"ce_movimenti";"id_cespite";"FOREIGN KEY"
"ceam_cpam_fk";"ce_ammortamenti";"anno_amm";"ce_piani_ammortamento";"anno_amm";"FOREIGN KEY"
"ceam_cpam_fk";"ce_ammortamenti";"anno_amm";"ce_piani_ammortamento";"codice_azienda";"FOREIGN KEY"
"ceam_cpam_fk";"ce_ammortamenti";"anno_amm";"ce_piani_ammortamento";"id_cespite";"FOREIGN KEY"
"ceam_cpam_fk";"ce_ammortamenti";"codice_azienda";"ce_piani_ammortamento";"anno_amm";"FOREIGN KEY"
"ceam_cpam_fk";"ce_ammortamenti";"codice_azienda";"ce_piani_ammortamento";"codice_azienda";"FOREIGN KEY"
"ceam_cpam_fk";"ce_ammortamenti";"codice_azienda";"ce_piani_ammortamento";"id_cespite";"FOREIGN KEY"
"ceam_cpam_fk";"ce_ammortamenti";"id_cespite";"ce_piani_ammortamento";"anno_amm";"FOREIGN KEY"
"ceam_cpam_fk";"ce_ammortamenti";"id_cespite";"ce_piani_ammortamento";"codice_azienda";"FOREIGN KEY"
"ceam_cpam_fk";"ce_ammortamenti";"id_cespite";"ce_piani_ammortamento";"id_cespite";"FOREIGN KEY"
"ceam_cspt_fk";"ce_ammortamenti";"codice_azienda";"ce_cespiti";"id_cespite";"FOREIGN KEY"
"ceam_cspt_fk";"ce_ammortamenti";"codice_azienda";"ce_cespiti";"codice_azienda";"FOREIGN KEY"
"ceam_cspt_fk";"ce_ammortamenti";"id_cespite";"ce_cespiti";"id_cespite";"FOREIGN KEY"
"ceam_cspt_fk";"ce_ammortamenti";"id_cespite";"ce_cespiti";"codice_azienda";"FOREIGN KEY"
"ceam_docu_fk";"ce_ammortamenti";"codice_azienda";"documenti";"id_documento";"FOREIGN KEY"
"ceam_docu_fk";"ce_ammortamenti";"codice_azienda";"documenti";"codice_azienda";"FOREIGN KEY"
"ceam_docu_fk";"ce_ammortamenti";"id_documento";"documenti";"id_documento";"FOREIGN KEY"
"ceam_docu_fk";"ce_ammortamenti";"id_documento";"documenti";"codice_azienda";"FOREIGN KEY"
"ceam_slce_fk";"ce_ammortamenti";"id_divisione";"stampa_libro_cespiti";"id_divisione";"FOREIGN KEY"
"ceam_slce_fk";"ce_ammortamenti";"id_divisione";"stampa_libro_cespiti";"codice_azienda";"FOREIGN KEY"
"ceam_slce_fk";"ce_ammortamenti";"id_divisione";"stampa_libro_cespiti";"id_slce";"FOREIGN KEY"
"ceam_slce_fk";"ce_ammortamenti";"id_divisione";"stampa_libro_cespiti";"id_esercizio";"FOREIGN KEY"
"ceam_slce_fk";"ce_ammortamenti";"codice_azienda";"stampa_libro_cespiti";"id_divisione";"FOREIGN KEY"
"ceam_slce_fk";"ce_ammortamenti";"codice_azienda";"stampa_libro_cespiti";"codice_azienda";"FOREIGN KEY"
"ceam_slce_fk";"ce_ammortamenti";"codice_azienda";"stampa_libro_cespiti";"id_slce";"FOREIGN KEY"
"ceam_slce_fk";"ce_ammortamenti";"codice_azienda";"stampa_libro_cespiti";"id_esercizio";"FOREIGN KEY"
"ceam_slce_fk";"ce_ammortamenti";"id_esercizio";"stampa_libro_cespiti";"id_divisione";"FOREIGN KEY"
"ceam_slce_fk";"ce_ammortamenti";"id_esercizio";"stampa_libro_cespiti";"codice_azienda";"FOREIGN KEY"
"ceam_slce_fk";"ce_ammortamenti";"id_esercizio";"stampa_libro_cespiti";"id_slce";"FOREIGN KEY"
"ceam_slce_fk";"ce_ammortamenti";"id_esercizio";"stampa_libro_cespiti";"id_esercizio";"FOREIGN KEY"
"ceam_slce_fk";"ce_ammortamenti";"id_slce";"stampa_libro_cespiti";"id_divisione";"FOREIGN KEY"
"ceam_slce_fk";"ce_ammortamenti";"id_slce";"stampa_libro_cespiti";"codice_azienda";"FOREIGN KEY"
"ceam_slce_fk";"ce_ammortamenti";"id_slce";"stampa_libro_cespiti";"id_slce";"FOREIGN KEY"
"ceam_slce_fk";"ce_ammortamenti";"id_slce";"stampa_libro_cespiti";"id_esercizio";"FOREIGN KEY"
"ceat_ceat_fk";"centri_attivita";"id_centro_attivita_parent";"centri_attivita";"id_centro_attivita";"FOREIGN KEY"
"ceat_ceat_fk";"centri_attivita";"id_centro_attivita_parent";"centri_attivita";"codice_azienda";"FOREIGN KEY"
"ceat_ceat_fk";"centri_attivita";"codice_azienda";"centri_attivita";"id_centro_attivita";"FOREIGN KEY"
"ceat_ceat_fk";"centri_attivita";"codice_azienda";"centri_attivita";"codice_azienda";"FOREIGN KEY"
"ceat_ceco_fk";"centri_attivita";"codice_azienda";"centri_costo";"id_centro_costo";"FOREIGN KEY"
"ceat_ceco_fk";"centri_attivita";"codice_azienda";"centri_costo";"codice_azienda";"FOREIGN KEY"
"ceat_ceco_fk";"centri_attivita";"id_centro_costo";"centri_costo";"id_centro_costo";"FOREIGN KEY"
"ceat_ceco_fk";"centri_attivita";"id_centro_costo";"centri_costo";"codice_azienda";"FOREIGN KEY"
"ceco_azie_fk";"centri_costo";"codice_azienda";"aziende";"codice_azienda";"FOREIGN KEY"
"ceco_ceco_fk";"centri_costo";"id_centro_costo_parent";"centri_costo";"codice_azienda";"FOREIGN KEY"
"ceco_ceco_fk";"centri_costo";"id_centro_costo_parent";"centri_costo";"id_centro_costo";"FOREIGN KEY"
"ceco_ceco_fk";"centri_costo";"codice_azienda";"centri_costo";"codice_azienda";"FOREIGN KEY"
"ceco_ceco_fk";"centri_costo";"codice_azienda";"centri_costo";"id_centro_costo";"FOREIGN KEY"
"cecs_ceti_fk";"ce_causali";"codice_tipo";"ce_tipi";"codice_tipo";"FOREIGN KEY"
"cecs_tdoc_fk";"ce_causali";"codice_tipo_doc";"tipi_doc";"codice_tipo_doc";"FOREIGN KEY"
"cee_ceen_fk";"cee";"id_cee_negativo";"cee";"id_cee";"FOREIGN KEY"
"cee_ceep_fk";"cee";"id_cee_positivo";"cee";"id_cee";"FOREIGN KEY"
"cee_ctce_fk";"cee";"id_conto_cee";"conti_cee";"id_conto_cee";"FOREIGN KEY"
"cege_anid_fk";"centri_gestionali";"codice_part";"anagrafiche_id";"codice_part";"FOREIGN KEY"
"cege_anid_fk";"centri_gestionali";"codice_part";"anagrafiche_id";"id_anagrafica";"FOREIGN KEY"
"cege_anid_fk";"centri_gestionali";"id_responsabile";"anagrafiche_id";"codice_part";"FOREIGN KEY"
"cege_anid_fk";"centri_gestionali";"id_responsabile";"anagrafiche_id";"id_anagrafica";"FOREIGN KEY"
"cege_cege_fk";"centri_gestionali";"id_centro_gest_parent";"centri_gestionali";"codice_part";"FOREIGN KEY"
"cege_cege_fk";"centri_gestionali";"id_centro_gest_parent";"centri_gestionali";"id_centro_gest";"FOREIGN KEY"
"cege_cege_fk";"centri_gestionali";"codice_part";"centri_gestionali";"codice_part";"FOREIGN KEY"
"cege_cege_fk";"centri_gestionali";"codice_part";"centri_gestionali";"id_centro_gest";"FOREIGN KEY"
"cege_grpl_fk";"centri_gestionali";"id_gruppo_lavoro";"gruppi_lavoro";"id_gruppo_lavoro";"FOREIGN KEY"
"cege_grpl_fk";"centri_gestionali";"id_gruppo_lavoro";"gruppi_lavoro";"codice_part";"FOREIGN KEY"
"cege_grpl_fk";"centri_gestionali";"codice_part";"gruppi_lavoro";"id_gruppo_lavoro";"FOREIGN KEY"
"cege_grpl_fk";"centri_gestionali";"codice_part";"gruppi_lavoro";"codice_part";"FOREIGN KEY"
"cege_prtz_fk";"centri_gestionali";"codice_part";"partizioni";"codice_part";"FOREIGN KEY"
"cerg_azie_fk";"ce_raggruppamenti";"codice_azienda";"aziende";"codice_azienda";"FOREIGN KEY"
"ceud_ceun_fk";"certificazione_unica_documenti";"id_certificazione";"certificazione_unica";"id_certificazione";"FOREIGN KEY"
"ceud_ceun_fk";"certificazione_unica_documenti";"id_certificazione";"certificazione_unica";"codice_azienda";"FOREIGN KEY"
"ceud_ceun_fk";"certificazione_unica_documenti";"codice_azienda";"certificazione_unica";"id_certificazione";"FOREIGN KEY"
"ceud_ceun_fk";"certificazione_unica_documenti";"codice_azienda";"certificazione_unica";"codice_azienda";"FOREIGN KEY"
"ceun_sext_fk";"certificazione_unica";"codice_part";"sistemi_esterni";"codice_sistema";"FOREIGN KEY"
"ceun_sext_fk";"certificazione_unica";"codice_part";"sistemi_esterni";"codice_part";"FOREIGN KEY"
"ceun_sext_fk";"certificazione_unica";"codice_sistema";"sistemi_esterni";"codice_sistema";"FOREIGN KEY"
"ceun_sext_fk";"certificazione_unica";"codice_sistema";"sistemi_esterni";"codice_part";"FOREIGN KEY"
"ceup_ceud_fk";"certificazione_unica_pagamenti";"codice_azienda";"certificazione_unica_documenti";"codice_azienda";"FOREIGN KEY"
"ceup_ceud_fk";"certificazione_unica_pagamenti";"codice_azienda";"certificazione_unica_documenti";"id_certificazione_doc";"FOREIGN KEY"
"ceup_ceud_fk";"certificazione_unica_pagamenti";"codice_azienda";"certificazione_unica_documenti";"id_certificazione";"FOREIGN KEY"
"ceup_ceud_fk";"certificazione_unica_pagamenti";"id_certificazione";"certificazione_unica_documenti";"codice_azienda";"FOREIGN KEY"
"ceup_ceud_fk";"certificazione_unica_pagamenti";"id_certificazione";"certificazione_unica_documenti";"id_certificazione_doc";"FOREIGN KEY"
"ceup_ceud_fk";"certificazione_unica_pagamenti";"id_certificazione";"certificazione_unica_documenti";"id_certificazione";"FOREIGN KEY"
"ceup_ceud_fk";"certificazione_unica_pagamenti";"id_certificazione_doc";"certificazione_unica_documenti";"codice_azienda";"FOREIGN KEY"
"ceup_ceud_fk";"certificazione_unica_pagamenti";"id_certificazione_doc";"certificazione_unica_documenti";"id_certificazione_doc";"FOREIGN KEY"
"ceup_ceud_fk";"certificazione_unica_pagamenti";"id_certificazione_doc";"certificazione_unica_documenti";"id_certificazione";"FOREIGN KEY"
"cfat_azie_fk";"condizioni_fatturazione";"codice_azienda";"aziende";"codice_azienda";"FOREIGN KEY"
"cfg_anag__azie_fk";"cfg_anag";"codice_azienda";"aziende";"codice_azienda";"FOREIGN KEY"
"cfg_funz__azie__fk";"cfg_funzioni";"codice_azienda";"aziende";"codice_azienda";"FOREIGN KEY"
"cfg_mod__azie_fk";"cfg_moduli";"codice_azienda";"aziende";"codice_azienda";"FOREIGN KEY"
"cfg_mod__lnui_2_fk";"cfg_moduli";"lang_2_ui";"lingue_ui";"lang_ui";"FOREIGN KEY"
"cfg_mod__lnui_fk";"cfg_moduli";"lang_ui";"lingue_ui";"lang_ui";"FOREIGN KEY"
"cfg_mod_cpce__azie_fk";"cfg_mod_compliance";"codice_azienda";"aziende";"codice_azienda";"FOREIGN KEY"
"cfg_mod_prg__azie_fk";"cfg_mod_progetti";"codice_azienda";"aziende";"codice_azienda";"FOREIGN KEY"
"cfg_mod_prg__tp_prg__fk";"cfg_mod_progetti";"id_tipo_progetto";"tipi_progetti";"id_tipo_progetto";"FOREIGN KEY"
"cfg_mod_prg__tp_prg__fk";"cfg_mod_progetti";"id_tipo_progetto";"tipi_progetti";"codice_azienda";"FOREIGN KEY"
"cfg_mod_prg__tp_prg__fk";"cfg_mod_progetti";"codice_azienda";"tipi_progetti";"id_tipo_progetto";"FOREIGN KEY"
"cfg_mod_prg__tp_prg__fk";"cfg_mod_progetti";"codice_azienda";"tipi_progetti";"codice_azienda";"FOREIGN KEY"
"cfg_mod_prg__tps__fk";"cfg_mod_progetti";"codice_azienda";"tipi_segnalazioni";"id_tipo_segnalazione";"FOREIGN KEY"
"cfg_mod_prg__tps__fk";"cfg_mod_progetti";"codice_azienda";"tipi_segnalazioni";"codice_azienda";"FOREIGN KEY"
"cfg_mod_prg__tps__fk";"cfg_mod_progetti";"id_tipo_segnalazione";"tipi_segnalazioni";"id_tipo_segnalazione";"FOREIGN KEY"
"cfg_mod_prg__tps__fk";"cfg_mod_progetti";"id_tipo_segnalazione";"tipi_segnalazioni";"codice_azienda";"FOREIGN KEY"
"cfg_mod_seg__azie__fk";"cfg_mod_segnalazioni";"codice_azienda";"aziende";"codice_azienda";"FOREIGN KEY"
"cfg_wp_uten__uten__fk";"cfg_welcome_page_utente";"login";"utenti";"login";"FOREIGN KEY"
"cicf_cicl_fk";"cicli_produzione_fasi";"codice_ciclo";"cicli_produzione";"codice_azienda";"FOREIGN KEY"
"cicf_cicl_fk";"cicli_produzione_fasi";"codice_ciclo";"cicli_produzione";"codice_ciclo";"FOREIGN KEY"
"cicf_cicl_fk";"cicli_produzione_fasi";"codice_azienda";"cicli_produzione";"codice_azienda";"FOREIGN KEY"
"cicf_cicl_fk";"cicli_produzione_fasi";"codice_azienda";"cicli_produzione";"codice_ciclo";"FOREIGN KEY"
"cicf_line_fk";"cicli_produzione_fasi";"codice_azienda";"linee_produzione";"id_stabilimento";"FOREIGN KEY"
"cicf_line_fk";"cicli_produzione_fasi";"codice_azienda";"linee_produzione";"codice_azienda";"FOREIGN KEY"
"cicf_line_fk";"cicli_produzione_fasi";"codice_azienda";"linee_produzione";"codice_linea";"FOREIGN KEY"
"cicf_line_fk";"cicli_produzione_fasi";"id_stabilimento_def";"linee_produzione";"id_stabilimento";"FOREIGN KEY"
"cicf_line_fk";"cicli_produzione_fasi";"id_stabilimento_def";"linee_produzione";"codice_azienda";"FOREIGN KEY"
"cicf_line_fk";"cicli_produzione_fasi";"id_stabilimento_def";"linee_produzione";"codice_linea";"FOREIGN KEY"
"cicf_line_fk";"cicli_produzione_fasi";"codice_linea_def";"linee_produzione";"id_stabilimento";"FOREIGN KEY"
"cicf_line_fk";"cicli_produzione_fasi";"codice_linea_def";"linee_produzione";"codice_azienda";"FOREIGN KEY"
"cicf_line_fk";"cicli_produzione_fasi";"codice_linea_def";"linee_produzione";"codice_linea";"FOREIGN KEY"
"cicf_vari_fk_lav";"cicli_produzione_fasi";"codice_azienda";"articoli_varianti";"codice_variante";"FOREIGN KEY"
"cicf_vari_fk_lav";"cicli_produzione_fasi";"codice_azienda";"articoli_varianti";"codice_azienda";"FOREIGN KEY"
"cicf_vari_fk_lav";"cicli_produzione_fasi";"codice_azienda";"articoli_varianti";"id_articolo";"FOREIGN KEY"
"cicf_vari_fk_lav";"cicli_produzione_fasi";"id_lavorazione";"articoli_varianti";"codice_variante";"FOREIGN KEY"
"cicf_vari_fk_lav";"cicli_produzione_fasi";"id_lavorazione";"articoli_varianti";"codice_azienda";"FOREIGN KEY"
"cicf_vari_fk_lav";"cicli_produzione_fasi";"id_lavorazione";"articoli_varianti";"id_articolo";"FOREIGN KEY"
"cicf_vari_fk_lav";"cicli_produzione_fasi";"codice_variante_lav";"articoli_varianti";"codice_variante";"FOREIGN KEY"
"cicf_vari_fk_lav";"cicli_produzione_fasi";"codice_variante_lav";"articoli_varianti";"codice_azienda";"FOREIGN KEY"
"cicf_vari_fk_lav";"cicli_produzione_fasi";"codice_variante_lav";"articoli_varianti";"id_articolo";"FOREIGN KEY"
"clar_ancl_fk";"clienti_articoli";"codice_part";"anagrafiche_id";"codice_part";"FOREIGN KEY"
"clar_ancl_fk";"clienti_articoli";"codice_part";"anagrafiche_id";"id_anagrafica";"FOREIGN KEY"
"clar_ancl_fk";"clienti_articoli";"id_cliente";"anagrafiche_id";"codice_part";"FOREIGN KEY"
"clar_ancl_fk";"clienti_articoli";"id_cliente";"anagrafiche_id";"id_anagrafica";"FOREIGN KEY"
"clar_vari_fk";"clienti_articoli";"id_articolo";"articoli_varianti";"codice_variante";"FOREIGN KEY"
"clar_vari_fk";"clienti_articoli";"id_articolo";"articoli_varianti";"codice_azienda";"FOREIGN KEY"
"clar_vari_fk";"clienti_articoli";"id_articolo";"articoli_varianti";"id_articolo";"FOREIGN KEY"
"clar_vari_fk";"clienti_articoli";"codice_variante";"articoli_varianti";"codice_variante";"FOREIGN KEY"
"clar_vari_fk";"clienti_articoli";"codice_variante";"articoli_varianti";"codice_azienda";"FOREIGN KEY"
"clar_vari_fk";"clienti_articoli";"codice_variante";"articoli_varianti";"id_articolo";"FOREIGN KEY"
"clar_vari_fk";"clienti_articoli";"codice_azienda";"articoli_varianti";"codice_variante";"FOREIGN KEY"
"clar_vari_fk";"clienti_articoli";"codice_azienda";"articoli_varianti";"codice_azienda";"FOREIGN KEY"
"clar_vari_fk";"clienti_articoli";"codice_azienda";"articoli_varianti";"id_articolo";"FOREIGN KEY"
"clav_claa_fk";"voci_classificazione_art";"prog_class";"classificazioni_articoli";"prog_class";"FOREIGN KEY"
"clav_claa_fk";"voci_classificazione_art";"prog_class";"classificazioni_articoli";"codice_azienda";"FOREIGN KEY"
"clav_claa_fk";"voci_classificazione_art";"codice_azienda";"classificazioni_articoli";"prog_class";"FOREIGN KEY"
"clav_claa_fk";"voci_classificazione_art";"codice_azienda";"classificazioni_articoli";"codice_azienda";"FOREIGN KEY"
"clft_azie_fk";"classi_fatturazione";"codice_azienda";"aziende";"codice_azienda";"FOREIGN KEY"
"clma_anid_fk";"clienti_magazzini";"id_anagrafica";"anagrafiche_id";"codice_part";"FOREIGN KEY"
"clma_anid_fk";"clienti_magazzini";"id_anagrafica";"anagrafiche_id";"id_anagrafica";"FOREIGN KEY"
"clma_anid_fk";"clienti_magazzini";"codice_part";"anagrafiche_id";"codice_part";"FOREIGN KEY"
"clma_anid_fk";"clienti_magazzini";"codice_part";"anagrafiche_id";"id_anagrafica";"FOREIGN KEY"
"clma_maga_fk";"clienti_magazzini";"codice_azienda";"magazzini";"codice_magazzino";"FOREIGN KEY"
"clma_maga_fk";"clienti_magazzini";"codice_azienda";"magazzini";"codice_azienda";"FOREIGN KEY"
"clma_maga_fk";"clienti_magazzini";"codice_magazzino";"magazzini";"codice_magazzino";"FOREIGN KEY"
"clma_maga_fk";"clienti_magazzini";"codice_magazzino";"magazzini";"codice_azienda";"FOREIGN KEY"
"cman_azie_fk";"codifica_manutenzioni";"codice_azienda";"aziende";"codice_azienda";"FOREIGN KEY"
"cman_tlim_fk";"codifica_manutenzioni";"codice_tipo_luogo";"tipi_luogo_impegni";"codice_tipo_luogo";"FOREIGN KEY"
"cman_tlim_fk";"codifica_manutenzioni";"codice_tipo_luogo";"tipi_luogo_impegni";"codice_azienda";"FOREIGN KEY"
"cman_tlim_fk";"codifica_manutenzioni";"codice_azienda";"tipi_luogo_impegni";"codice_tipo_luogo";"FOREIGN KEY"
"cman_tlim_fk";"codifica_manutenzioni";"codice_azienda";"tipi_luogo_impegni";"codice_azienda";"FOREIGN KEY"
"cman_vari_fk";"codifica_manutenzioni";"id_articolo";"articoli_varianti";"codice_azienda";"FOREIGN KEY"
"cman_vari_fk";"codifica_manutenzioni";"id_articolo";"articoli_varianti";"id_articolo";"FOREIGN KEY"
"cman_vari_fk";"codifica_manutenzioni";"id_articolo";"articoli_varianti";"codice_variante";"FOREIGN KEY"
"cman_vari_fk";"codifica_manutenzioni";"codice_azienda";"articoli_varianti";"codice_azienda";"FOREIGN KEY"
"cman_vari_fk";"codifica_manutenzioni";"codice_azienda";"articoli_varianti";"id_articolo";"FOREIGN KEY"
"cman_vari_fk";"codifica_manutenzioni";"codice_azienda";"articoli_varianti";"codice_variante";"FOREIGN KEY"
"cman_vari_fk";"codifica_manutenzioni";"codice_variante";"articoli_varianti";"codice_azienda";"FOREIGN KEY"
"cman_vari_fk";"codifica_manutenzioni";"codice_variante";"articoli_varianti";"id_articolo";"FOREIGN KEY"
"cman_vari_fk";"codifica_manutenzioni";"codice_variante";"articoli_varianti";"codice_variante";"FOREIGN KEY"
"cmce__azie__fk";"cfg_mod_calendari_esterni";"codice_azienda";"aziende";"codice_azienda";"FOREIGN KEY"
"cmed_azie_fk";"costi_fissi_orari";"codice_azienda";"aziende";"codice_azienda";"FOREIGN KEY"
"cmft_anag_fk";"ce_movimenti_ft";"id_anagrafica";"anagrafiche_id";"codice_part";"FOREIGN KEY"
"cmft_anag_fk";"ce_movimenti_ft";"id_anagrafica";"anagrafiche_id";"id_anagrafica";"FOREIGN KEY"
"cmft_anag_fk";"ce_movimenti_ft";"codice_part";"anagrafiche_id";"codice_part";"FOREIGN KEY"
"cmft_anag_fk";"ce_movimenti_ft";"codice_part";"anagrafiche_id";"id_anagrafica";"FOREIGN KEY"
"cmft_cmov_fk";"ce_movimenti_ft";"codice_azienda";"ce_movimenti";"id_movimento";"FOREIGN KEY"
"cmft_cmov_fk";"ce_movimenti_ft";"codice_azienda";"ce_movimenti";"id_cespite";"FOREIGN KEY"
"cmft_cmov_fk";"ce_movimenti_ft";"codice_azienda";"ce_movimenti";"codice_azienda";"FOREIGN KEY"
"cmft_cmov_fk";"ce_movimenti_ft";"id_cespite";"ce_movimenti";"id_movimento";"FOREIGN KEY"
"cmft_cmov_fk";"ce_movimenti_ft";"id_cespite";"ce_movimenti";"id_cespite";"FOREIGN KEY"
"cmft_cmov_fk";"ce_movimenti_ft";"id_cespite";"ce_movimenti";"codice_azienda";"FOREIGN KEY"
"cmft_cmov_fk";"ce_movimenti_ft";"id_movimento";"ce_movimenti";"id_movimento";"FOREIGN KEY"
"cmft_cmov_fk";"ce_movimenti_ft";"id_movimento";"ce_movimenti";"id_cespite";"FOREIGN KEY"
"cmft_cmov_fk";"ce_movimenti_ft";"id_movimento";"ce_movimenti";"codice_azienda";"FOREIGN KEY"
"cmft_cspt_fk";"ce_movimenti_ft";"id_cespite";"ce_cespiti";"codice_azienda";"FOREIGN KEY"
"cmft_cspt_fk";"ce_movimenti_ft";"id_cespite";"ce_cespiti";"id_cespite";"FOREIGN KEY"
"cmft_cspt_fk";"ce_movimenti_ft";"codice_azienda";"ce_cespiti";"codice_azienda";"FOREIGN KEY"
"cmft_cspt_fk";"ce_movimenti_ft";"codice_azienda";"ce_cespiti";"id_cespite";"FOREIGN KEY"
"cmft_rcon_fk";"ce_movimenti_ft";"id_reg_contabile";"reg_contabili";"id_documento";"FOREIGN KEY"
"cmft_rcon_fk";"ce_movimenti_ft";"id_reg_contabile";"reg_contabili";"codice_azienda";"FOREIGN KEY"
"cmft_rcon_fk";"ce_movimenti_ft";"id_reg_contabile";"reg_contabili";"id_reg_contabile";"FOREIGN KEY"
"cmft_rcon_fk";"ce_movimenti_ft";"id_documento";"reg_contabili";"id_documento";"FOREIGN KEY"
"cmft_rcon_fk";"ce_movimenti_ft";"id_documento";"reg_contabili";"codice_azienda";"FOREIGN KEY"
"cmft_rcon_fk";"ce_movimenti_ft";"id_documento";"reg_contabili";"id_reg_contabile";"FOREIGN KEY"
"cmft_rcon_fk";"ce_movimenti_ft";"codice_azienda";"reg_contabili";"id_documento";"FOREIGN KEY"
"cmft_rcon_fk";"ce_movimenti_ft";"codice_azienda";"reg_contabili";"codice_azienda";"FOREIGN KEY"
"cmft_rcon_fk";"ce_movimenti_ft";"codice_azienda";"reg_contabili";"id_reg_contabile";"FOREIGN KEY"
"cmft_rido_fk";"ce_movimenti_ft";"codice_azienda";"righe_documento";"id_riga_documento";"FOREIGN KEY"
"cmft_rido_fk";"ce_movimenti_ft";"codice_azienda";"righe_documento";"id_documento";"FOREIGN KEY"
"cmft_rido_fk";"ce_movimenti_ft";"codice_azienda";"righe_documento";"codice_azienda";"FOREIGN KEY"
"cmft_rido_fk";"ce_movimenti_ft";"id_documento";"righe_documento";"id_riga_documento";"FOREIGN KEY"
"cmft_rido_fk";"ce_movimenti_ft";"id_documento";"righe_documento";"id_documento";"FOREIGN KEY"
"cmft_rido_fk";"ce_movimenti_ft";"id_documento";"righe_documento";"codice_azienda";"FOREIGN KEY"
"cmft_rido_fk";"ce_movimenti_ft";"id_riga_documento";"righe_documento";"id_riga_documento";"FOREIGN KEY"
"cmft_rido_fk";"ce_movimenti_ft";"id_riga_documento";"righe_documento";"id_documento";"FOREIGN KEY"
"cmft_rido_fk";"ce_movimenti_ft";"id_riga_documento";"righe_documento";"codice_azienda";"FOREIGN KEY"
"cmlcc__prtz__fk";"crm_modalita_liquidazioni_cond_contr";"codice_part";"partizioni";"codice_part";"FOREIGN KEY"
"cmov_cspt_fk";"ce_movimenti";"codice_azienda";"ce_cespiti";"codice_azienda";"FOREIGN KEY"
"cmov_cspt_fk";"ce_movimenti";"codice_azienda";"ce_cespiti";"id_cespite";"FOREIGN KEY"
"cmov_cspt_fk";"ce_movimenti";"id_cespite";"ce_cespiti";"codice_azienda";"FOREIGN KEY"
"cmov_cspt_fk";"ce_movimenti";"id_cespite";"ce_cespiti";"id_cespite";"FOREIGN KEY"
"cmov_docu_fk";"ce_movimenti";"id_documento_ctb";"documenti";"id_documento";"FOREIGN KEY"
"cmov_docu_fk";"ce_movimenti";"id_documento_ctb";"documenti";"codice_azienda";"FOREIGN KEY"
"cmov_docu_fk";"ce_movimenti";"codice_azienda";"documenti";"id_documento";"FOREIGN KEY"
"cmov_docu_fk";"ce_movimenti";"codice_azienda";"documenti";"codice_azienda";"FOREIGN KEY"
"cmov_rdoc_fk";"ce_movimenti";"id_documento_ctb";"righe_documento";"id_riga_documento";"FOREIGN KEY"
"cmov_rdoc_fk";"ce_movimenti";"id_documento_ctb";"righe_documento";"id_documento";"FOREIGN KEY"
"cmov_rdoc_fk";"ce_movimenti";"id_documento_ctb";"righe_documento";"codice_azienda";"FOREIGN KEY"
"cmov_rdoc_fk";"ce_movimenti";"codice_azienda";"righe_documento";"id_riga_documento";"FOREIGN KEY"
"cmov_rdoc_fk";"ce_movimenti";"codice_azienda";"righe_documento";"id_documento";"FOREIGN KEY"
"cmov_rdoc_fk";"ce_movimenti";"codice_azienda";"righe_documento";"codice_azienda";"FOREIGN KEY"
"cmov_rdoc_fk";"ce_movimenti";"id_riga_documento_ctb";"righe_documento";"id_riga_documento";"FOREIGN KEY"
"cmov_rdoc_fk";"ce_movimenti";"id_riga_documento_ctb";"righe_documento";"id_documento";"FOREIGN KEY"
"cmov_rdoc_fk";"ce_movimenti";"id_riga_documento_ctb";"righe_documento";"codice_azienda";"FOREIGN KEY"
"cmpr_cmpt_fk";"compiti_rischi";"codice_azienda";"compiti";"codice_compito";"FOREIGN KEY"
"cmpr_cmpt_fk";"compiti_rischi";"codice_azienda";"compiti";"codice_azienda";"FOREIGN KEY"
"cmpr_cmpt_fk";"compiti_rischi";"codice_compito";"compiti";"codice_compito";"FOREIGN KEY"
"cmpr_cmpt_fk";"compiti_rischi";"codice_compito";"compiti";"codice_azienda";"FOREIGN KEY"
"cmpr_rsch_fk";"compiti_rischi";"codice_azienda";"rischi";"codice_rischio";"FOREIGN KEY"
"cmpr_rsch_fk";"compiti_rischi";"codice_azienda";"rischi";"codice_azienda";"FOREIGN KEY"
"cmpr_rsch_fk";"compiti_rischi";"codice_rischio";"rischi";"codice_rischio";"FOREIGN KEY"
"cmpr_rsch_fk";"compiti_rischi";"codice_rischio";"rischi";"codice_azienda";"FOREIGN KEY"
"cmpt__anid__rass__fk";"compiti";"id_risorsa_assegnata";"anagrafiche_id";"codice_part";"FOREIGN KEY"
"cmpt__anid__rass__fk";"compiti";"id_risorsa_assegnata";"anagrafiche_id";"id_anagrafica";"FOREIGN KEY"
"cmpt__anid__rass__fk";"compiti";"codice_part";"anagrafiche_id";"codice_part";"FOREIGN KEY"
"cmpt__anid__rass__fk";"compiti";"codice_part";"anagrafiche_id";"id_anagrafica";"FOREIGN KEY"
"cmpt__prg__fk";"compiti";"id_progetto";"progetti";"id_progetto";"FOREIGN KEY"
"cmpt__prg__fk";"compiti";"id_progetto";"progetti";"codice_azienda";"FOREIGN KEY"
"cmpt__prg__fk";"compiti";"codice_azienda";"progetti";"id_progetto";"FOREIGN KEY"
"cmpt__prg__fk";"compiti";"codice_azienda";"progetti";"codice_azienda";"FOREIGN KEY"
"cmpt__prg_fs__fk";"compiti";"codice_azienda";"progetti_fasi";"id_fase";"FOREIGN KEY"
"cmpt__prg_fs__fk";"compiti";"codice_azienda";"progetti_fasi";"codice_azienda";"FOREIGN KEY"
"cmpt__prg_fs__fk";"compiti";"id_fase";"progetti_fasi";"id_fase";"FOREIGN KEY"
"cmpt__prg_fs__fk";"compiti";"id_fase";"progetti_fasi";"codice_azienda";"FOREIGN KEY"
"cmpt__tps__fk";"compiti";"id_tipo_segnalazione";"tipi_segnalazioni";"id_tipo_segnalazione";"FOREIGN KEY"
"cmpt__tps__fk";"compiti";"id_tipo_segnalazione";"tipi_segnalazioni";"codice_azienda";"FOREIGN KEY"
"cmpt__tps__fk";"compiti";"codice_azienda";"tipi_segnalazioni";"id_tipo_segnalazione";"FOREIGN KEY"
"cmpt__tps__fk";"compiti";"codice_azienda";"tipi_segnalazioni";"codice_azienda";"FOREIGN KEY"
"cmpt_agmt__agmt__fk";"compiti_argomenti";"id_argomento";"argomenti";"id_argomento";"FOREIGN KEY"
"cmpt_agmt__cmpt__fk";"compiti_argomenti";"codice_azienda";"compiti";"codice_azienda";"FOREIGN KEY"
"cmpt_agmt__cmpt__fk";"compiti_argomenti";"codice_azienda";"compiti";"codice_compito";"FOREIGN KEY"
"cmpt_agmt__cmpt__fk";"compiti_argomenti";"codice_compito";"compiti";"codice_azienda";"FOREIGN KEY"
"cmpt_agmt__cmpt__fk";"compiti_argomenti";"codice_compito";"compiti";"codice_compito";"FOREIGN KEY"
"cmpt_ass__anid__fk";"compiti_assegnazioni";"codice_part";"anagrafiche_id";"id_anagrafica";"FOREIGN KEY"
"cmpt_ass__anid__fk";"compiti_assegnazioni";"codice_part";"anagrafiche_id";"codice_part";"FOREIGN KEY"
"cmpt_ass__anid__fk";"compiti_assegnazioni";"id_anagrafica";"anagrafiche_id";"id_anagrafica";"FOREIGN KEY"
"cmpt_ass__anid__fk";"compiti_assegnazioni";"id_anagrafica";"anagrafiche_id";"codice_part";"FOREIGN KEY"
"cmpt_ass__cmpt__fk";"compiti_assegnazioni";"codice_compito";"compiti";"codice_azienda";"FOREIGN KEY"
"cmpt_ass__cmpt__fk";"compiti_assegnazioni";"codice_compito";"compiti";"codice_compito";"FOREIGN KEY"
"cmpt_ass__cmpt__fk";"compiti_assegnazioni";"codice_azienda";"compiti";"codice_azienda";"FOREIGN KEY"
"cmpt_ass__cmpt__fk";"compiti_assegnazioni";"codice_azienda";"compiti";"codice_compito";"FOREIGN KEY"
"cmpt_cege_fk";"compiti";"codice_part";"centri_gestionali";"codice_part";"FOREIGN KEY"
"cmpt_cege_fk";"compiti";"codice_part";"centri_gestionali";"id_centro_gest";"FOREIGN KEY"
"cmpt_cege_fk";"compiti";"id_centro_gest";"centri_gestionali";"codice_part";"FOREIGN KEY"
"cmpt_cege_fk";"compiti";"id_centro_gest";"centri_gestionali";"id_centro_gest";"FOREIGN KEY"
"cmpt_cfg__cmpt__fk";"compiti_cfg";"codice_azienda";"compiti";"codice_azienda";"FOREIGN KEY"
"cmpt_cfg__cmpt__fk";"compiti_cfg";"codice_azienda";"compiti";"codice_compito";"FOREIGN KEY"
"cmpt_cfg__cmpt__fk";"compiti_cfg";"codice_compito";"compiti";"codice_azienda";"FOREIGN KEY"
"cmpt_cfg__cmpt__fk";"compiti_cfg";"codice_compito";"compiti";"codice_compito";"FOREIGN KEY"
"cmpt_cmpt_fk";"compiti";"codice_azienda";"compiti";"codice_compito";"FOREIGN KEY"
"cmpt_cmpt_fk";"compiti";"codice_azienda";"compiti";"codice_azienda";"FOREIGN KEY"
"cmpt_cmpt_fk";"compiti";"codice_compito_parent";"compiti";"codice_compito";"FOREIGN KEY"
"cmpt_cmpt_fk";"compiti";"codice_compito_parent";"compiti";"codice_azienda";"FOREIGN KEY"
"cmpt_ctrs_trff_fk";"compiti";"id_contratto_risorsa_tariffa";"contratti_risorse";"id_contratto";"FOREIGN KEY"
"cmpt_ctrs_trff_fk";"compiti";"id_contratto_risorsa_tariffa";"contratti_risorse";"id_contratto_risorsa";"FOREIGN KEY"
"cmpt_ctrs_trff_fk";"compiti";"id_contratto_risorsa_tariffa";"contratti_risorse";"codice_azienda";"FOREIGN KEY"
"cmpt_ctrs_trff_fk";"compiti";"codice_azienda";"contratti_risorse";"id_contratto";"FOREIGN KEY"
"cmpt_ctrs_trff_fk";"compiti";"codice_azienda";"contratti_risorse";"id_contratto_risorsa";"FOREIGN KEY"
"cmpt_ctrs_trff_fk";"compiti";"codice_azienda";"contratti_risorse";"codice_azienda";"FOREIGN KEY"
"cmpt_ctrs_trff_fk";"compiti";"id_contratto";"contratti_risorse";"id_contratto";"FOREIGN KEY"
"cmpt_ctrs_trff_fk";"compiti";"id_contratto";"contratti_risorse";"id_contratto_risorsa";"FOREIGN KEY"
"cmpt_ctrs_trff_fk";"compiti";"id_contratto";"contratti_risorse";"codice_azienda";"FOREIGN KEY"
"cmpt_emin_fk";"compiti";"id_email";"email_inbox";"id_email";"FOREIGN KEY"
"cmpt_emin_fk";"compiti";"id_email";"email_inbox";"codice_azienda";"FOREIGN KEY"
"cmpt_emin_fk";"compiti";"codice_azienda";"email_inbox";"id_email";"FOREIGN KEY"
"cmpt_emin_fk";"compiti";"codice_azienda";"email_inbox";"codice_azienda";"FOREIGN KEY"
"cmpt_fsgn_fk";"compiti";"codice_azienda";"fonti_segnalazioni";"codice_azienda";"FOREIGN KEY"
"cmpt_fsgn_fk";"compiti";"codice_azienda";"fonti_segnalazioni";"id_fonte_segnalazione";"FOREIGN KEY"
"cmpt_fsgn_fk";"compiti";"id_fonte_segnalazione";"fonti_segnalazioni";"codice_azienda";"FOREIGN KEY"
"cmpt_fsgn_fk";"compiti";"id_fonte_segnalazione";"fonti_segnalazioni";"id_fonte_segnalazione";"FOREIGN KEY"
"cmpt_fsog_fk";"compiti";"id_filtro_selezione";"filtri_selezione_oggetti";"id_filtro_selezione";"FOREIGN KEY"
"cmpt_pr__cmpt__fk";"compiti_presidi";"codice_azienda";"compiti";"codice_compito";"FOREIGN KEY"
"cmpt_pr__cmpt__fk";"compiti_presidi";"codice_azienda";"compiti";"codice_azienda";"FOREIGN KEY"
"cmpt_pr__cmpt__fk";"compiti_presidi";"codice_compito";"compiti";"codice_compito";"FOREIGN KEY"
"cmpt_pr__cmpt__fk";"compiti_presidi";"codice_compito";"compiti";"codice_azienda";"FOREIGN KEY"
"cmpt_pr__prsd__fk";"compiti_presidi";"id_presidio";"presidi";"codice_azienda";"FOREIGN KEY"
"cmpt_pr__prsd__fk";"compiti_presidi";"id_presidio";"presidi";"id_presidio";"FOREIGN KEY"
"cmpt_pr__prsd__fk";"compiti_presidi";"codice_azienda";"presidi";"codice_azienda";"FOREIGN KEY"
"cmpt_pr__prsd__fk";"compiti_presidi";"codice_azienda";"presidi";"id_presidio";"FOREIGN KEY"
"cmpt_rofr_fk";"compiti";"codice_azienda";"richieste_offerta_righe";"codice_azienda";"FOREIGN KEY"
"cmpt_rofr_fk";"compiti";"codice_azienda";"richieste_offerta_righe";"prog_riga";"FOREIGN KEY"
"cmpt_rofr_fk";"compiti";"codice_azienda";"richieste_offerta_righe";"numero_richiesta";"FOREIGN KEY"
"cmpt_rofr_fk";"compiti";"prog_riga";"richieste_offerta_righe";"codice_azienda";"FOREIGN KEY"
"cmpt_rofr_fk";"compiti";"prog_riga";"richieste_offerta_righe";"prog_riga";"FOREIGN KEY"
"cmpt_rofr_fk";"compiti";"prog_riga";"richieste_offerta_righe";"numero_richiesta";"FOREIGN KEY"
"cmpt_rofr_fk";"compiti";"numero_richiesta";"richieste_offerta_righe";"codice_azienda";"FOREIGN KEY"
"cmpt_rofr_fk";"compiti";"numero_richiesta";"richieste_offerta_righe";"prog_riga";"FOREIGN KEY"
"cmpt_rofr_fk";"compiti";"numero_richiesta";"richieste_offerta_righe";"numero_richiesta";"FOREIGN KEY"
"cmpt_tlim_fk";"compiti";"codice_tipo_luogo";"tipi_luogo_impegni";"codice_azienda";"FOREIGN KEY"
"cmpt_tlim_fk";"compiti";"codice_tipo_luogo";"tipi_luogo_impegni";"codice_tipo_luogo";"FOREIGN KEY"
"cmpt_tlim_fk";"compiti";"codice_azienda";"tipi_luogo_impegni";"codice_azienda";"FOREIGN KEY"
"cmpt_tlim_fk";"compiti";"codice_azienda";"tipi_luogo_impegni";"codice_tipo_luogo";"FOREIGN KEY"
"cmsg_anid_cli_fk";"compiti_msg";"codice_part";"anagrafiche_id";"codice_part";"FOREIGN KEY"
"cmsg_anid_cli_fk";"compiti_msg";"codice_part";"anagrafiche_id";"id_anagrafica";"FOREIGN KEY"
"cmsg_anid_cli_fk";"compiti_msg";"id_cliente";"anagrafiche_id";"codice_part";"FOREIGN KEY"
"cmsg_anid_cli_fk";"compiti_msg";"id_cliente";"anagrafiche_id";"id_anagrafica";"FOREIGN KEY"
"cmsg_anid_ris_fk";"compiti_msg";"codice_part";"anagrafiche_id";"id_anagrafica";"FOREIGN KEY"
"cmsg_anid_ris_fk";"compiti_msg";"codice_part";"anagrafiche_id";"codice_part";"FOREIGN KEY"
"cmsg_anid_ris_fk";"compiti_msg";"id_risorsa";"anagrafiche_id";"id_anagrafica";"FOREIGN KEY"
"cmsg_anid_ris_fk";"compiti_msg";"id_risorsa";"anagrafiche_id";"codice_part";"FOREIGN KEY"
"cmsg_ctti_fk";"compiti_msg";"codice_part";"contatti";"id_contatto";"FOREIGN KEY"
"cmsg_ctti_fk";"compiti_msg";"codice_part";"contatti";"id_anagrafica";"FOREIGN KEY"
"cmsg_ctti_fk";"compiti_msg";"codice_part";"contatti";"codice_part";"FOREIGN KEY"
"cmsg_ctti_fk";"compiti_msg";"id_cliente";"contatti";"id_contatto";"FOREIGN KEY"
"cmsg_ctti_fk";"compiti_msg";"id_cliente";"contatti";"id_anagrafica";"FOREIGN KEY"
"cmsg_ctti_fk";"compiti_msg";"id_cliente";"contatti";"codice_part";"FOREIGN KEY"
"cmsg_ctti_fk";"compiti_msg";"id_contatto";"contatti";"id_contatto";"FOREIGN KEY"
"cmsg_ctti_fk";"compiti_msg";"id_contatto";"contatti";"id_anagrafica";"FOREIGN KEY"
"cmsg_ctti_fk";"compiti_msg";"id_contatto";"contatti";"codice_part";"FOREIGN KEY"
"cmsg_tckt_fk";"compiti_msg";"codice_compito";"compiti";"codice_compito";"FOREIGN KEY"
"cmsg_tckt_fk";"compiti_msg";"codice_compito";"compiti";"codice_azienda";"FOREIGN KEY"
"cmsg_tckt_fk";"compiti_msg";"codice_azienda";"compiti";"codice_compito";"FOREIGN KEY"
"cmsg_tckt_fk";"compiti_msg";"codice_azienda";"compiti";"codice_azienda";"FOREIGN KEY"
"cmts_rsch_fk";"cpl_modelli_test";"codice_azienda";"rischi";"codice_azienda";"FOREIGN KEY"
"cmts_rsch_fk";"cpl_modelli_test";"codice_azienda";"rischi";"codice_rischio";"FOREIGN KEY"
"cmts_rsch_fk";"cpl_modelli_test";"codice_rischio";"rischi";"codice_azienda";"FOREIGN KEY"
"cmts_rsch_fk";"cpl_modelli_test";"codice_rischio";"rischi";"codice_rischio";"FOREIGN KEY"
"cmts_tsts_fk";"cpl_modelli_test";"codice_azienda";"modelli_test";"id_modello_test";"FOREIGN KEY"
"cmts_tsts_fk";"cpl_modelli_test";"codice_azienda";"modelli_test";"codice_azienda";"FOREIGN KEY"
"cmts_tsts_fk";"cpl_modelli_test";"id_modello_test";"modelli_test";"id_modello_test";"FOREIGN KEY"
"cmts_tsts_fk";"cpl_modelli_test";"id_modello_test";"modelli_test";"codice_azienda";"FOREIGN KEY"
"cnrm_alqt_fk";"contratti_materiali";"codice_part";"aliquote";"codice_part";"FOREIGN KEY"
"cnrm_alqt_fk";"contratti_materiali";"codice_part";"aliquote";"codice_aliquota";"FOREIGN KEY"
"cnrm_alqt_fk";"contratti_materiali";"codice_aliquota_iva";"aliquote";"codice_part";"FOREIGN KEY"
"cnrm_alqt_fk";"contratti_materiali";"codice_aliquota_iva";"aliquote";"codice_aliquota";"FOREIGN KEY"
"cnrm_anid_dest_fk";"contratti_materiali";"id_destinazione";"anagrafiche_id";"id_anagrafica";"FOREIGN KEY"
"cnrm_anid_dest_fk";"contratti_materiali";"id_destinazione";"anagrafiche_id";"codice_part";"FOREIGN KEY"
"cnrm_anid_dest_fk";"contratti_materiali";"codice_part";"anagrafiche_id";"id_anagrafica";"FOREIGN KEY"
"cnrm_anid_dest_fk";"contratti_materiali";"codice_part";"anagrafiche_id";"codice_part";"FOREIGN KEY"
"cnrm_cntr_fk";"contratti_materiali";"codice_azienda";"contratti";"codice_azienda";"FOREIGN KEY"
"cnrm_cntr_fk";"contratti_materiali";"codice_azienda";"contratti";"id_contratto";"FOREIGN KEY"
"cnrm_cntr_fk";"contratti_materiali";"id_contratto";"contratti";"codice_azienda";"FOREIGN KEY"
"cnrm_cntr_fk";"contratti_materiali";"id_contratto";"contratti";"id_contratto";"FOREIGN KEY"
"cnrm_um_fk";"contratti_materiali";"codice_um";"unita_misura";"codice_azienda";"FOREIGN KEY"
"cnrm_um_fk";"contratti_materiali";"codice_um";"unita_misura";"codice_um";"FOREIGN KEY"
"cnrm_um_fk";"contratti_materiali";"codice_azienda";"unita_misura";"codice_azienda";"FOREIGN KEY"
"cnrm_um_fk";"contratti_materiali";"codice_azienda";"unita_misura";"codice_um";"FOREIGN KEY"
"cnrm_vari_fk";"contratti_materiali";"codice_variante";"articoli_varianti";"id_articolo";"FOREIGN KEY"
"cnrm_vari_fk";"contratti_materiali";"codice_variante";"articoli_varianti";"codice_variante";"FOREIGN KEY"
"cnrm_vari_fk";"contratti_materiali";"codice_variante";"articoli_varianti";"codice_azienda";"FOREIGN KEY"
"cnrm_vari_fk";"contratti_materiali";"id_articolo";"articoli_varianti";"id_articolo";"FOREIGN KEY"
"cnrm_vari_fk";"contratti_materiali";"id_articolo";"articoli_varianti";"codice_variante";"FOREIGN KEY"
"cnrm_vari_fk";"contratti_materiali";"id_articolo";"articoli_varianti";"codice_azienda";"FOREIGN KEY"
"cnrm_vari_fk";"contratti_materiali";"codice_azienda";"articoli_varianti";"id_articolo";"FOREIGN KEY"
"cnrm_vari_fk";"contratti_materiali";"codice_azienda";"articoli_varianti";"codice_variante";"FOREIGN KEY"
"cnrm_vari_fk";"contratti_materiali";"codice_azienda";"articoli_varianti";"codice_azienda";"FOREIGN KEY"
"cntc_azie_fk";"contratti_classificazioni";"codice_azienda";"aziende";"codice_azienda";"FOREIGN KEY"
"cnti_azie_fk";"conti";"codice_azienda";"aziende";"codice_azienda";"FOREIGN KEY"
"cnti_cee_fk";"conti";"id_cee";"cee";"id_cee";"FOREIGN KEY"
"cnti_cnti_fk";"conti";"codice_template_fiscale";"conti";"id_conto";"FOREIGN KEY"
"cnti_cnti_fk";"conti";"codice_template_fiscale";"conti";"codice_part";"FOREIGN KEY"
"cnti_cnti_fk";"conti";"codice_template_fiscale";"conti";"id_pdc";"FOREIGN KEY"
"cnti_cnti_fk";"conti";"codice_template_fiscale";"conti";"codice_template_fiscale";"FOREIGN KEY"
"cnti_cnti_fk";"conti";"id_conto_parent";"conti";"id_conto";"FOREIGN KEY"
"cnti_cnti_fk";"conti";"id_conto_parent";"conti";"codice_part";"FOREIGN KEY"
"cnti_cnti_fk";"conti";"id_conto_parent";"conti";"id_pdc";"FOREIGN KEY"
"cnti_cnti_fk";"conti";"id_conto_parent";"conti";"codice_template_fiscale";"FOREIGN KEY"
"cnti_cnti_fk";"conti";"codice_part";"conti";"id_conto";"FOREIGN KEY"
"cnti_cnti_fk";"conti";"codice_part";"conti";"codice_part";"FOREIGN KEY"
"cnti_cnti_fk";"conti";"codice_part";"conti";"id_pdc";"FOREIGN KEY"
"cnti_cnti_fk";"conti";"codice_part";"conti";"codice_template_fiscale";"FOREIGN KEY"
"cnti_cnti_fk";"conti";"id_pdc";"conti";"id_conto";"FOREIGN KEY"
"cnti_cnti_fk";"conti";"id_pdc";"conti";"codice_part";"FOREIGN KEY"
"cnti_cnti_fk";"conti";"id_pdc";"conti";"id_pdc";"FOREIGN KEY"
"cnti_cnti_fk";"conti";"id_pdc";"conti";"codice_template_fiscale";"FOREIGN KEY"
"cnti_part_fk";"conti";"codice_part";"partizioni";"codice_part";"FOREIGN KEY"
"cnti_pdc_fk";"conti";"codice_part";"pdc";"id_pdc";"FOREIGN KEY"
"cnti_pdc_fk";"conti";"codice_part";"pdc";"codice_template_fiscale";"FOREIGN KEY"
"cnti_pdc_fk";"conti";"codice_part";"pdc";"codice_part";"FOREIGN KEY"
"cnti_pdc_fk";"conti";"id_pdc";"pdc";"id_pdc";"FOREIGN KEY"
"cnti_pdc_fk";"conti";"id_pdc";"pdc";"codice_template_fiscale";"FOREIGN KEY"
"cnti_pdc_fk";"conti";"id_pdc";"pdc";"codice_part";"FOREIGN KEY"
"cnti_pdc_fk";"conti";"codice_template_fiscale";"pdc";"id_pdc";"FOREIGN KEY"
"cnti_pdc_fk";"conti";"codice_template_fiscale";"pdc";"codice_template_fiscale";"FOREIGN KEY"
"cnti_pdc_fk";"conti";"codice_template_fiscale";"pdc";"codice_part";"FOREIGN KEY"
"cnti_ricl_fk";"conti";"codice_part";"riclass";"id_pdc";"FOREIGN KEY"
"cnti_ricl_fk";"conti";"codice_part";"riclass";"codice_part";"FOREIGN KEY"
"cnti_ricl_fk";"conti";"codice_part";"riclass";"codice_template_fiscale";"FOREIGN KEY"
"cnti_ricl_fk";"conti";"codice_part";"riclass";"id_riclass";"FOREIGN KEY"
"cnti_ricl_fk";"conti";"id_riclass";"riclass";"id_pdc";"FOREIGN KEY"
"cnti_ricl_fk";"conti";"id_riclass";"riclass";"codice_part";"FOREIGN KEY"
"cnti_ricl_fk";"conti";"id_riclass";"riclass";"codice_template_fiscale";"FOREIGN KEY"
"cnti_ricl_fk";"conti";"id_riclass";"riclass";"id_riclass";"FOREIGN KEY"
"cnti_ricl_fk";"conti";"codice_template_fiscale";"riclass";"id_pdc";"FOREIGN KEY"
"cnti_ricl_fk";"conti";"codice_template_fiscale";"riclass";"codice_part";"FOREIGN KEY"
"cnti_ricl_fk";"conti";"codice_template_fiscale";"riclass";"codice_template_fiscale";"FOREIGN KEY"
"cnti_ricl_fk";"conti";"codice_template_fiscale";"riclass";"id_riclass";"FOREIGN KEY"
"cnti_ricl_fk";"conti";"id_pdc";"riclass";"id_pdc";"FOREIGN KEY"
"cnti_ricl_fk";"conti";"id_pdc";"riclass";"codice_part";"FOREIGN KEY"
"cnti_ricl_fk";"conti";"id_pdc";"riclass";"codice_template_fiscale";"FOREIGN KEY"
"cnti_ricl_fk";"conti";"id_pdc";"riclass";"id_riclass";"FOREIGN KEY"
"cnti_tsan_fk";"conti";"codice_part";"tipi_sottoconto_anag";"codice_tipo_sottoconto_anag";"FOREIGN KEY"
"cnti_tsan_fk";"conti";"codice_part";"tipi_sottoconto_anag";"codice_part";"FOREIGN KEY"
"cnti_tsan_fk";"conti";"codice_tipo_sottoconto_anag";"tipi_sottoconto_anag";"codice_tipo_sottoconto_anag";"FOREIGN KEY"
"cnti_tsan_fk";"conti";"codice_tipo_sottoconto_anag";"tipi_sottoconto_anag";"codice_part";"FOREIGN KEY"
"cntm_azie_fk";"contratti_mancanti";"codice_azienda";"aziende";"codice_azienda";"FOREIGN KEY"
"cntm_cntr_fk";"contratti_mancanti";"id_contratto";"contratti";"id_contratto";"FOREIGN KEY"
"cntm_cntr_fk";"contratti_mancanti";"id_contratto";"contratti";"codice_azienda";"FOREIGN KEY"
"cntm_cntr_fk";"contratti_mancanti";"codice_azienda";"contratti";"id_contratto";"FOREIGN KEY"
"cntm_cntr_fk";"contratti_mancanti";"codice_azienda";"contratti";"codice_azienda";"FOREIGN KEY"
"cntm_srvz_fk";"contratti_mancanti";"id_servizio";"servizi";"id_servizio";"FOREIGN KEY"
"cntm_srvz_fk";"contratti_mancanti";"id_servizio";"servizi";"codice_part";"FOREIGN KEY"
"cntm_srvz_fk";"contratti_mancanti";"codice_part";"servizi";"id_servizio";"FOREIGN KEY"
"cntm_srvz_fk";"contratti_mancanti";"codice_part";"servizi";"codice_part";"FOREIGN KEY"
"cntr_ancl_fk";"contratti";"codice_part";"anagrafiche_id";"codice_part";"FOREIGN KEY"
"cntr_ancl_fk";"contratti";"codice_part";"anagrafiche_id";"id_anagrafica";"FOREIGN KEY"
"cntr_ancl_fk";"contratti";"id_cliente";"anagrafiche_id";"codice_part";"FOREIGN KEY"
"cntr_ancl_fk";"contratti";"id_cliente";"anagrafiche_id";"id_anagrafica";"FOREIGN KEY"
"cntr_anfr_age1_fk";"contratti";"codice_part";"anagrafiche_id";"codice_part";"FOREIGN KEY"
"cntr_anfr_age1_fk";"contratti";"codice_part";"anagrafiche_id";"id_anagrafica";"FOREIGN KEY"
"cntr_anfr_age1_fk";"contratti";"id_agente_primario";"anagrafiche_id";"codice_part";"FOREIGN KEY"
"cntr_anfr_age1_fk";"contratti";"id_agente_primario";"anagrafiche_id";"id_anagrafica";"FOREIGN KEY"
"cntr_anfr_age2_fk";"contratti";"id_agente_secondario";"anagrafiche_id";"id_anagrafica";"FOREIGN KEY"
"cntr_anfr_age2_fk";"contratti";"id_agente_secondario";"anagrafiche_id";"codice_part";"FOREIGN KEY"
"cntr_anfr_age2_fk";"contratti";"codice_part";"anagrafiche_id";"id_anagrafica";"FOREIGN KEY"
"cntr_anfr_age2_fk";"contratti";"codice_part";"anagrafiche_id";"codice_part";"FOREIGN KEY"
"cntr_anid_dest_fk";"contratti";"codice_part";"anagrafiche_id";"id_anagrafica";"FOREIGN KEY"
"cntr_anid_dest_fk";"contratti";"codice_part";"anagrafiche_id";"codice_part";"FOREIGN KEY"
"cntr_anid_dest_fk";"contratti";"id_destinazione";"anagrafiche_id";"id_anagrafica";"FOREIGN KEY"
"cntr_anid_dest_fk";"contratti";"id_destinazione";"anagrafiche_id";"codice_part";"FOREIGN KEY"
"cntr_anid_fatt_fk";"contratti";"id_fatturazione";"anagrafiche_id";"id_anagrafica";"FOREIGN KEY"
"cntr_anid_fatt_fk";"contratti";"id_fatturazione";"anagrafiche_id";"codice_part";"FOREIGN KEY"
"cntr_anid_fatt_fk";"contratti";"codice_part";"anagrafiche_id";"id_anagrafica";"FOREIGN KEY"
"cntr_anid_fatt_fk";"contratti";"codice_part";"anagrafiche_id";"codice_part";"FOREIGN KEY"
"cntr_azie_fk_ft";"contratti";"codice_azienda_ft";"aziende";"codice_azienda";"FOREIGN KEY"
"cntr_ccti_ccaz_fk";"contratti";"codice_azienda";"conti_correnti";"codice_azienda";"FOREIGN KEY"
"cntr_ccti_ccaz_fk";"contratti";"codice_azienda";"conti_correnti";"id_conto_corrente";"FOREIGN KEY"
"cntr_ccti_ccaz_fk";"contratti";"id_conto_corrente_az";"conti_correnti";"codice_azienda";"FOREIGN KEY"
"cntr_ccti_ccaz_fk";"contratti";"id_conto_corrente_az";"conti_correnti";"id_conto_corrente";"FOREIGN KEY"
"cntr_ccti_cctz_fk";"contratti";"id_conto_corrente_terzi";"conti_correnti";"id_conto_corrente";"FOREIGN KEY"
"cntr_ccti_cctz_fk";"contratti";"id_conto_corrente_terzi";"conti_correnti";"codice_azienda";"FOREIGN KEY"
"cntr_ccti_cctz_fk";"contratti";"codice_azienda";"conti_correnti";"id_conto_corrente";"FOREIGN KEY"
"cntr_ccti_cctz_fk";"contratti";"codice_azienda";"conti_correnti";"codice_azienda";"FOREIGN KEY"
"cntr_ceco_fk";"contratti";"codice_azienda";"centri_costo";"id_centro_costo";"FOREIGN KEY"
"cntr_ceco_fk";"contratti";"codice_azienda";"centri_costo";"codice_azienda";"FOREIGN KEY"
"cntr_ceco_fk";"contratti";"id_centro_costo";"centri_costo";"id_centro_costo";"FOREIGN KEY"
"cntr_ceco_fk";"contratti";"id_centro_costo";"centri_costo";"codice_azienda";"FOREIGN KEY"
"cntr_cege_fk";"contratti";"codice_part";"centri_gestionali";"codice_part";"FOREIGN KEY"
"cntr_cege_fk";"contratti";"codice_part";"centri_gestionali";"id_centro_gest";"FOREIGN KEY"
"cntr_cege_fk";"contratti";"id_centro_gest";"centri_gestionali";"codice_part";"FOREIGN KEY"
"cntr_cege_fk";"contratti";"id_centro_gest";"centri_gestionali";"id_centro_gest";"FOREIGN KEY"
"cntr_cfat_fk";"contratti";"codice_azienda";"condizioni_fatturazione";"id_condizione_fatturazione";"FOREIGN KEY"
"cntr_cfat_fk";"contratti";"codice_azienda";"condizioni_fatturazione";"codice_azienda";"FOREIGN KEY"
"cntr_cfat_fk";"contratti";"id_cond_fatt";"condizioni_fatturazione";"id_condizione_fatturazione";"FOREIGN KEY"
"cntr_cfat_fk";"contratti";"id_cond_fatt";"condizioni_fatturazione";"codice_azienda";"FOREIGN KEY"
"cntr_cntc_fk";"contratti";"codice_class";"contratti_classificazioni";"codice_azienda";"FOREIGN KEY"
"cntr_cntc_fk";"contratti";"codice_class";"contratti_classificazioni";"codice";"FOREIGN KEY"
"cntr_cntc_fk";"contratti";"codice_azienda";"contratti_classificazioni";"codice_azienda";"FOREIGN KEY"
"cntr_cntc_fk";"contratti";"codice_azienda";"contratti_classificazioni";"codice";"FOREIGN KEY"
"cntr_cntr_fk";"contratti";"codice_azienda";"contratti";"codice_azienda";"FOREIGN KEY"
"cntr_cntr_fk";"contratti";"codice_azienda";"contratti";"id_contratto";"FOREIGN KEY"
"cntr_cntr_fk";"contratti";"id_contratto_rinnovo";"contratti";"codice_azienda";"FOREIGN KEY"
"cntr_cntr_fk";"contratti";"id_contratto_rinnovo";"contratti";"id_contratto";"FOREIGN KEY"
"cntr_cpag_fk";"contratti";"id_cond_pag";"condizioni_pagamento";"codice_azienda";"FOREIGN KEY"
"cntr_cpag_fk";"contratti";"id_cond_pag";"condizioni_pagamento";"id_condizione_pagamento";"FOREIGN KEY"
"cntr_cpag_fk";"contratti";"codice_azienda";"condizioni_pagamento";"codice_azienda";"FOREIGN KEY"
"cntr_cpag_fk";"contratti";"codice_azienda";"condizioni_pagamento";"id_condizione_pagamento";"FOREIGN KEY"
"cntr_even_fk";"contratti";"codice_azienda";"eventi";"codice_azienda";"FOREIGN KEY"
"cntr_even_fk";"contratti";"codice_azienda";"eventi";"id_evento";"FOREIGN KEY"
"cntr_even_fk";"contratti";"id_evento";"eventi";"codice_azienda";"FOREIGN KEY"
"cntr_even_fk";"contratti";"id_evento";"eventi";"id_evento";"FOREIGN KEY"
"cntr_lige_fk";"contratti";"codice_listino";"listini_generali";"codice_azienda";"FOREIGN KEY"
"cntr_lige_fk";"contratti";"codice_listino";"listini_generali";"codice_listino";"FOREIGN KEY"
"cntr_lige_fk";"contratti";"codice_azienda";"listini_generali";"codice_azienda";"FOREIGN KEY"
"cntr_lige_fk";"contratti";"codice_azienda";"listini_generali";"codice_listino";"FOREIGN KEY"
"cntr_rncn_fk";"contratti";"id_rinnovo";"rinnovo_contratti";"id_rinnovo";"FOREIGN KEY"
"cntr_rncn_fk";"contratti";"id_rinnovo";"rinnovo_contratti";"codice_azienda";"FOREIGN KEY"
"cntr_rncn_fk";"contratti";"codice_azienda";"rinnovo_contratti";"id_rinnovo";"FOREIGN KEY"
"cntr_rncn_fk";"contratti";"codice_azienda";"rinnovo_contratti";"codice_azienda";"FOREIGN KEY"
"cntr_rncn_fk_da";"contratti";"codice_azienda";"rinnovo_contratti";"codice_azienda";"FOREIGN KEY"
"cntr_rncn_fk_da";"contratti";"codice_azienda";"rinnovo_contratti";"id_rinnovo";"FOREIGN KEY"
"cntr_rncn_fk_da";"contratti";"id_rinnovo_da";"rinnovo_contratti";"codice_azienda";"FOREIGN KEY"
"cntr_rncn_fk_da";"contratti";"id_rinnovo_da";"rinnovo_contratti";"id_rinnovo";"FOREIGN KEY"
"cntr_seaz_fk";"contratti";"codice_azienda";"sedi_azienda";"codice_azienda";"FOREIGN KEY"
"cntr_seaz_fk";"contratti";"codice_azienda";"sedi_azienda";"codice_sede";"FOREIGN KEY"
"cntr_seaz_fk";"contratti";"codice_sede";"sedi_azienda";"codice_azienda";"FOREIGN KEY"
"cntr_seaz_fk";"contratti";"codice_sede";"sedi_azienda";"codice_sede";"FOREIGN KEY"
"cntr_sese_fk";"contratti";"codice_part";"servizi_segmenti";"codice_part";"FOREIGN KEY"
"cntr_sese_fk";"contratti";"codice_part";"servizi_segmenti";"id_servizio";"FOREIGN KEY"
"cntr_sese_fk";"contratti";"codice_part";"servizi_segmenti";"codice_segmento";"FOREIGN KEY"
"cntr_sese_fk";"contratti";"id_servizio";"servizi_segmenti";"codice_part";"FOREIGN KEY"
"cntr_sese_fk";"contratti";"id_servizio";"servizi_segmenti";"id_servizio";"FOREIGN KEY"
"cntr_sese_fk";"contratti";"id_servizio";"servizi_segmenti";"codice_segmento";"FOREIGN KEY"
"cntr_sese_fk";"contratti";"codice_segmento";"servizi_segmenti";"codice_part";"FOREIGN KEY"
"cntr_sese_fk";"contratti";"codice_segmento";"servizi_segmenti";"id_servizio";"FOREIGN KEY"
"cntr_sese_fk";"contratti";"codice_segmento";"servizi_segmenti";"codice_segmento";"FOREIGN KEY"
"cntr_srvz_fk";"contratti";"id_servizio";"servizi";"codice_part";"FOREIGN KEY"
"cntr_srvz_fk";"contratti";"id_servizio";"servizi";"id_servizio";"FOREIGN KEY"
"cntr_srvz_fk";"contratti";"codice_part";"servizi";"codice_part";"FOREIGN KEY"
"cntr_srvz_fk";"contratti";"codice_part";"servizi";"id_servizio";"FOREIGN KEY"
"cntr_tico_fk";"contratti";"codice_azienda";"tipi_contratto";"codice_azienda";"FOREIGN KEY"
"cntr_tico_fk";"contratti";"codice_azienda";"tipi_contratto";"id_tipo_contratto";"FOREIGN KEY"
"cntr_tico_fk";"contratti";"id_tipo_contratto";"tipi_contratto";"codice_azienda";"FOREIGN KEY"
"cntr_tico_fk";"contratti";"id_tipo_contratto";"tipi_contratto";"id_tipo_contratto";"FOREIGN KEY"
"cntr_tiga_fk";"contratti";"id_tipo_garanzia";"tipi_garanzia";"id_tipo_garanzia";"FOREIGN KEY"
"cntr_tiga_fk";"contratti";"id_tipo_garanzia";"tipi_garanzia";"codice_azienda";"FOREIGN KEY"
"cntr_tiga_fk";"contratti";"codice_azienda";"tipi_garanzia";"id_tipo_garanzia";"FOREIGN KEY"
"cntr_tiga_fk";"contratti";"codice_azienda";"tipi_garanzia";"codice_azienda";"FOREIGN KEY"
"cntr_valu_fk";"contratti";"codice_part";"valute";"id_valuta";"FOREIGN KEY"
"cntr_valu_fk";"contratti";"codice_part";"valute";"codice_part";"FOREIGN KEY"
"cntr_valu_fk";"contratti";"id_valuta";"valute";"id_valuta";"FOREIGN KEY"
"cntr_valu_fk";"contratti";"id_valuta";"valute";"codice_part";"FOREIGN KEY"
"cntr_vari_fk";"contratti";"codice_azienda";"articoli_varianti";"id_articolo";"FOREIGN KEY"
"cntr_vari_fk";"contratti";"codice_azienda";"articoli_varianti";"codice_azienda";"FOREIGN KEY"
"cntr_vari_fk";"contratti";"codice_azienda";"articoli_varianti";"codice_variante";"FOREIGN KEY"
"cntr_vari_fk";"contratti";"codice_variante";"articoli_varianti";"id_articolo";"FOREIGN KEY"
"cntr_vari_fk";"contratti";"codice_variante";"articoli_varianti";"codice_azienda";"FOREIGN KEY"
"cntr_vari_fk";"contratti";"codice_variante";"articoli_varianti";"codice_variante";"FOREIGN KEY"
"cntr_vari_fk";"contratti";"id_articolo";"articoli_varianti";"id_articolo";"FOREIGN KEY"
"cntr_vari_fk";"contratti";"id_articolo";"articoli_varianti";"codice_azienda";"FOREIGN KEY"
"cntr_vari_fk";"contratti";"id_articolo";"articoli_varianti";"codice_variante";"FOREIGN KEY"
"codf_anac_fk";"colleghi_default";"id_anagrafica";"anagrafiche_col";"id_anagrafica";"FOREIGN KEY"
"codf_anac_fk";"colleghi_default";"id_anagrafica";"anagrafiche_col";"codice_azienda";"FOREIGN KEY"
"codf_anac_fk";"colleghi_default";"id_anagrafica";"anagrafiche_col";"cod_meccanografico";"FOREIGN KEY"
"codf_anac_fk";"colleghi_default";"codice_azienda";"anagrafiche_col";"id_anagrafica";"FOREIGN KEY"
"codf_anac_fk";"colleghi_default";"codice_azienda";"anagrafiche_col";"codice_azienda";"FOREIGN KEY"
"codf_anac_fk";"colleghi_default";"codice_azienda";"anagrafiche_col";"cod_meccanografico";"FOREIGN KEY"
"codf_anac_fk";"colleghi_default";"cod_meccanografico";"anagrafiche_col";"id_anagrafica";"FOREIGN KEY"
"codf_anac_fk";"colleghi_default";"cod_meccanografico";"anagrafiche_col";"codice_azienda";"FOREIGN KEY"
"codf_anac_fk";"colleghi_default";"cod_meccanografico";"anagrafiche_col";"cod_meccanografico";"FOREIGN KEY"
"codf_anag_fk";"colleghi_default";"id_anagrafica";"anagrafiche_id";"id_anagrafica";"FOREIGN KEY"
"codf_anag_fk";"colleghi_default";"id_anagrafica";"anagrafiche_id";"codice_part";"FOREIGN KEY"
"codf_anag_fk";"colleghi_default";"codice_part";"anagrafiche_id";"id_anagrafica";"FOREIGN KEY"
"codf_anag_fk";"colleghi_default";"codice_part";"anagrafiche_id";"codice_part";"FOREIGN KEY"
"codf_azie_fk";"colleghi_default";"codice_azienda";"aziende";"codice_azienda";"FOREIGN KEY"
"codf_ceat_fk";"colleghi_default";"id_centro_attivita";"centri_attivita";"codice_azienda";"FOREIGN KEY"
"codf_ceat_fk";"colleghi_default";"id_centro_attivita";"centri_attivita";"id_centro_attivita";"FOREIGN KEY"
"codf_ceat_fk";"colleghi_default";"codice_azienda";"centri_attivita";"codice_azienda";"FOREIGN KEY"
"codf_ceat_fk";"colleghi_default";"codice_azienda";"centri_attivita";"id_centro_attivita";"FOREIGN KEY"
"codf_ceco_fk";"colleghi_default";"codice_azienda";"centri_costo";"codice_azienda";"FOREIGN KEY"
"codf_ceco_fk";"colleghi_default";"codice_azienda";"centri_costo";"id_centro_costo";"FOREIGN KEY"
"codf_ceco_fk";"colleghi_default";"id_centro_costo";"centri_costo";"codice_azienda";"FOREIGN KEY"
"codf_ceco_fk";"colleghi_default";"id_centro_costo";"centri_costo";"id_centro_costo";"FOREIGN KEY"
"codf_cege_fk";"colleghi_default";"codice_part";"centri_gestionali";"id_centro_gest";"FOREIGN KEY"
"codf_cege_fk";"colleghi_default";"codice_part";"centri_gestionali";"codice_part";"FOREIGN KEY"
"codf_cege_fk";"colleghi_default";"id_centro_gest";"centri_gestionali";"id_centro_gest";"FOREIGN KEY"
"codf_cege_fk";"colleghi_default";"id_centro_gest";"centri_gestionali";"codice_part";"FOREIGN KEY"
"codf_ceri1_fk";"colleghi_default";"id_centro_riclass1";"centri_riclass";"codice_part";"FOREIGN KEY"
"codf_ceri1_fk";"colleghi_default";"id_centro_riclass1";"centri_riclass";"prog_riclass";"FOREIGN KEY"
"codf_ceri1_fk";"colleghi_default";"id_centro_riclass1";"centri_riclass";"id_centro_riclass";"FOREIGN KEY"
"codf_ceri1_fk";"colleghi_default";"prog_riclass1";"centri_riclass";"codice_part";"FOREIGN KEY"
"codf_ceri1_fk";"colleghi_default";"prog_riclass1";"centri_riclass";"prog_riclass";"FOREIGN KEY"
"codf_ceri1_fk";"colleghi_default";"prog_riclass1";"centri_riclass";"id_centro_riclass";"FOREIGN KEY"
"codf_ceri1_fk";"colleghi_default";"codice_part";"centri_riclass";"codice_part";"FOREIGN KEY"
"codf_ceri1_fk";"colleghi_default";"codice_part";"centri_riclass";"prog_riclass";"FOREIGN KEY"
"codf_ceri1_fk";"colleghi_default";"codice_part";"centri_riclass";"id_centro_riclass";"FOREIGN KEY"
"codf_ceri2_fk";"colleghi_default";"prog_riclass2";"centri_riclass";"codice_part";"FOREIGN KEY"
"codf_ceri2_fk";"colleghi_default";"prog_riclass2";"centri_riclass";"prog_riclass";"FOREIGN KEY"
"codf_ceri2_fk";"colleghi_default";"prog_riclass2";"centri_riclass";"id_centro_riclass";"FOREIGN KEY"
"codf_ceri2_fk";"colleghi_default";"codice_part";"centri_riclass";"codice_part";"FOREIGN KEY"
"codf_ceri2_fk";"colleghi_default";"codice_part";"centri_riclass";"prog_riclass";"FOREIGN KEY"
"codf_ceri2_fk";"colleghi_default";"codice_part";"centri_riclass";"id_centro_riclass";"FOREIGN KEY"
"codf_ceri2_fk";"colleghi_default";"id_centro_riclass2";"centri_riclass";"codice_part";"FOREIGN KEY"
"codf_ceri2_fk";"colleghi_default";"id_centro_riclass2";"centri_riclass";"prog_riclass";"FOREIGN KEY"
"codf_ceri2_fk";"colleghi_default";"id_centro_riclass2";"centri_riclass";"id_centro_riclass";"FOREIGN KEY"
"codf_even_fk";"colleghi_default";"id_evento";"eventi";"id_evento";"FOREIGN KEY"
"codf_even_fk";"colleghi_default";"id_evento";"eventi";"codice_azienda";"FOREIGN KEY"
"codf_even_fk";"colleghi_default";"codice_azienda";"eventi";"id_evento";"FOREIGN KEY"
"codf_even_fk";"colleghi_default";"codice_azienda";"eventi";"codice_azienda";"FOREIGN KEY"
"codf_sedi_fk";"colleghi_default";"codice_part";"sedi";"codice_sede";"FOREIGN KEY"
"codf_sedi_fk";"colleghi_default";"codice_part";"sedi";"codice_part";"FOREIGN KEY"
"codf_sedi_fk";"colleghi_default";"codice_sede";"sedi";"codice_sede";"FOREIGN KEY"
"codf_sedi_fk";"colleghi_default";"codice_sede";"sedi";"codice_part";"FOREIGN KEY"
"codicitipiicks_tipidocaz";"codici_tipi_icks";"codice_azienda";"tipi_doc_az";"codice_azienda";"FOREIGN KEY"
"codicitipiicks_tipidocaz";"codici_tipi_icks";"codice_azienda";"tipi_doc_az";"codice_tipo_doc";"FOREIGN KEY"
"codicitipiicks_tipidocaz";"codici_tipi_icks";"codice_azienda";"tipi_doc_az";"codice_tipo_doc_az";"FOREIGN KEY"
"codicitipiicks_tipidocaz";"codici_tipi_icks";"codice_tipo_doc_az";"tipi_doc_az";"codice_azienda";"FOREIGN KEY"
"codicitipiicks_tipidocaz";"codici_tipi_icks";"codice_tipo_doc_az";"tipi_doc_az";"codice_tipo_doc";"FOREIGN KEY"
"codicitipiicks_tipidocaz";"codici_tipi_icks";"codice_tipo_doc_az";"tipi_doc_az";"codice_tipo_doc_az";"FOREIGN KEY"
"codicitipiicks_tipidocaz";"codici_tipi_icks";"codice_tipo_doc";"tipi_doc_az";"codice_azienda";"FOREIGN KEY"
"codicitipiicks_tipidocaz";"codici_tipi_icks";"codice_tipo_doc";"tipi_doc_az";"codice_tipo_doc";"FOREIGN KEY"
"codicitipiicks_tipidocaz";"codici_tipi_icks";"codice_tipo_doc";"tipi_doc_az";"codice_tipo_doc_az";"FOREIGN KEY"
"comp_divi_fk";"competenze";"id_divisione";"divisioni";"id_divisione";"FOREIGN KEY"
"comp_divi_fk";"competenze";"id_divisione";"divisioni";"codice_azienda";"FOREIGN KEY"
"comp_divi_fk";"competenze";"codice_azienda";"divisioni";"id_divisione";"FOREIGN KEY"
"comp_divi_fk";"competenze";"codice_azienda";"divisioni";"codice_azienda";"FOREIGN KEY"
"comp_docu_fk";"competenze";"id_documento";"documenti";"id_documento";"FOREIGN KEY"
"comp_docu_fk";"competenze";"id_documento";"documenti";"codice_azienda";"FOREIGN KEY"
"comp_docu_fk";"competenze";"codice_azienda";"documenti";"id_documento";"FOREIGN KEY"
"comp_docu_fk";"competenze";"codice_azienda";"documenti";"codice_azienda";"FOREIGN KEY"
"comp_soco_fk";"competenze";"id_pdc";"sottoconti";"codice_part";"FOREIGN KEY"
"comp_soco_fk";"competenze";"id_pdc";"sottoconti";"id_sottoconto";"FOREIGN KEY"
"comp_soco_fk";"competenze";"id_pdc";"sottoconti";"codice_template_fiscale";"FOREIGN KEY"
"comp_soco_fk";"competenze";"id_pdc";"sottoconti";"id_pdc";"FOREIGN KEY"
"comp_soco_fk";"competenze";"codice_part";"sottoconti";"codice_part";"FOREIGN KEY"
"comp_soco_fk";"competenze";"codice_part";"sottoconti";"id_sottoconto";"FOREIGN KEY"
"comp_soco_fk";"competenze";"codice_part";"sottoconti";"codice_template_fiscale";"FOREIGN KEY"
"comp_soco_fk";"competenze";"codice_part";"sottoconti";"id_pdc";"FOREIGN KEY"
"comp_soco_fk";"competenze";"codice_template_fiscale";"sottoconti";"codice_part";"FOREIGN KEY"
"comp_soco_fk";"competenze";"codice_template_fiscale";"sottoconti";"id_sottoconto";"FOREIGN KEY"
"comp_soco_fk";"competenze";"codice_template_fiscale";"sottoconti";"codice_template_fiscale";"FOREIGN KEY"
"comp_soco_fk";"competenze";"codice_template_fiscale";"sottoconti";"id_pdc";"FOREIGN KEY"
"comp_soco_fk";"competenze";"id_sottoconto_cr";"sottoconti";"codice_part";"FOREIGN KEY"
"comp_soco_fk";"competenze";"id_sottoconto_cr";"sottoconti";"id_sottoconto";"FOREIGN KEY"
"comp_soco_fk";"competenze";"id_sottoconto_cr";"sottoconti";"codice_template_fiscale";"FOREIGN KEY"
"comp_soco_fk";"competenze";"id_sottoconto_cr";"sottoconti";"id_pdc";"FOREIGN KEY"
"conf_conf_fk";"configurazioni";"chiave_padre";"configurazioni";"chiave";"FOREIGN KEY"
"conf_prof_fk";"configurazioni";"nome_profilo";"profili";"nome";"FOREIGN KEY"
"conv_azie_fk";"configurazioni_valori";"codice_azienda";"aziende";"codice_azienda";"FOREIGN KEY"
"conv_conf_fk";"configurazioni_valori";"chiave";"configurazioni";"chiave";"FOREIGN KEY"
"cori_azie_fk";"conti_ricavo";"codice_azienda";"aziende";"codice_azienda";"FOREIGN KEY"
"cori_caco_fk";"conti_ricavo";"codice_azienda";"categorie_commerciali";"codice_cat_comm";"FOREIGN KEY"
"cori_caco_fk";"conti_ricavo";"codice_azienda";"categorie_commerciali";"codice_azienda";"FOREIGN KEY"
"cori_caco_fk";"conti_ricavo";"codice_cat_comm";"categorie_commerciali";"codice_cat_comm";"FOREIGN KEY"
"cori_caco_fk";"conti_ricavo";"codice_cat_comm";"categorie_commerciali";"codice_azienda";"FOREIGN KEY"
"cori_soco_fk";"conti_ricavo";"id_sottoconto";"sottoconti";"codice_part";"FOREIGN KEY"
"cori_soco_fk";"conti_ricavo";"id_sottoconto";"sottoconti";"id_pdc";"FOREIGN KEY"
"cori_soco_fk";"conti_ricavo";"id_sottoconto";"sottoconti";"codice_template_fiscale";"FOREIGN KEY"
"cori_soco_fk";"conti_ricavo";"id_sottoconto";"sottoconti";"id_sottoconto";"FOREIGN KEY"
"cori_soco_fk";"conti_ricavo";"codice_template_fiscale";"sottoconti";"codice_part";"FOREIGN KEY"
"cori_soco_fk";"conti_ricavo";"codice_template_fiscale";"sottoconti";"id_pdc";"FOREIGN KEY"
"cori_soco_fk";"conti_ricavo";"codice_template_fiscale";"sottoconti";"codice_template_fiscale";"FOREIGN KEY"
"cori_soco_fk";"conti_ricavo";"codice_template_fiscale";"sottoconti";"id_sottoconto";"FOREIGN KEY"
"cori_soco_fk";"conti_ricavo";"id_pdc";"sottoconti";"codice_part";"FOREIGN KEY"
"cori_soco_fk";"conti_ricavo";"id_pdc";"sottoconti";"id_pdc";"FOREIGN KEY"
"cori_soco_fk";"conti_ricavo";"id_pdc";"sottoconti";"codice_template_fiscale";"FOREIGN KEY"
"cori_soco_fk";"conti_ricavo";"id_pdc";"sottoconti";"id_sottoconto";"FOREIGN KEY"
"cori_soco_fk";"conti_ricavo";"codice_part";"sottoconti";"codice_part";"FOREIGN KEY"
"cori_soco_fk";"conti_ricavo";"codice_part";"sottoconti";"id_pdc";"FOREIGN KEY"
"cori_soco_fk";"conti_ricavo";"codice_part";"sottoconti";"codice_template_fiscale";"FOREIGN KEY"
"cori_soco_fk";"conti_ricavo";"codice_part";"sottoconti";"id_sottoconto";"FOREIGN KEY"
"cori_tian_fk";"conti_ricavo";"codice_azienda";"tipi_anagrafiche";"codice_azienda";"FOREIGN KEY"
"cori_tian_fk";"conti_ricavo";"codice_azienda";"tipi_anagrafiche";"id_tipo_anagrafica";"FOREIGN KEY"
"cori_tian_fk";"conti_ricavo";"id_tipo_anagrafica";"tipi_anagrafiche";"codice_azienda";"FOREIGN KEY"
"cori_tian_fk";"conti_ricavo";"id_tipo_anagrafica";"tipi_anagrafiche";"id_tipo_anagrafica";"FOREIGN KEY"
"cosc__anid_conc__fk";"crm_obiettivi_su_clienti";"id_cliente";"anagrafiche_id";"id_anagrafica";"FOREIGN KEY"
"cosc__anid_conc__fk";"crm_obiettivi_su_clienti";"id_cliente";"anagrafiche_id";"codice_part";"FOREIGN KEY"
"cosc__anid_conc__fk";"crm_obiettivi_su_clienti";"codice_part";"anagrafiche_id";"id_anagrafica";"FOREIGN KEY"
"cosc__anid_conc__fk";"crm_obiettivi_su_clienti";"codice_part";"anagrafiche_id";"codice_part";"FOREIGN KEY"
"covp_conf_fk";"configurazioni_valori_part";"chiave";"configurazioni";"chiave";"FOREIGN KEY"
"covp_part_fk";"configurazioni_valori_part";"codice_part";"partizioni";"codice_part";"FOREIGN KEY"
"covs_conf_fk";"configurazioni_valori_sede";"chiave";"configurazioni";"chiave";"FOREIGN KEY"
"covs_seaz_fk";"configurazioni_valori_sede";"codice_azienda";"sedi_azienda";"codice_sede";"FOREIGN KEY"
"covs_seaz_fk";"configurazioni_valori_sede";"codice_azienda";"sedi_azienda";"codice_azienda";"FOREIGN KEY"
"covs_seaz_fk";"configurazioni_valori_sede";"codice_sede";"sedi_azienda";"codice_sede";"FOREIGN KEY"
"covs_seaz_fk";"configurazioni_valori_sede";"codice_sede";"sedi_azienda";"codice_azienda";"FOREIGN KEY"
"cpag_azie_fk";"condizioni_pagamento";"codice_azienda";"aziende";"codice_azienda";"FOREIGN KEY"
"cpag_ccaz_fk";"condizioni_pagamento";"id_conto_corrente_az";"conti_correnti";"codice_azienda";"FOREIGN KEY"
"cpag_ccaz_fk";"condizioni_pagamento";"id_conto_corrente_az";"conti_correnti";"id_conto_corrente";"FOREIGN KEY"
"cpag_ccaz_fk";"condizioni_pagamento";"codice_azienda";"conti_correnti";"codice_azienda";"FOREIGN KEY"
"cpag_ccaz_fk";"condizioni_pagamento";"codice_azienda";"conti_correnti";"id_conto_corrente";"FOREIGN KEY"
"cpag_soco_pk";"condizioni_pagamento";"id_sottoconto";"sottoconti";"id_sottoconto";"FOREIGN KEY"
"cpag_soco_pk";"condizioni_pagamento";"id_sottoconto";"sottoconti";"codice_template_fiscale";"FOREIGN KEY"
"cpag_soco_pk";"condizioni_pagamento";"id_sottoconto";"sottoconti";"id_pdc";"FOREIGN KEY"
"cpag_soco_pk";"condizioni_pagamento";"id_sottoconto";"sottoconti";"codice_part";"FOREIGN KEY"
"cpag_soco_pk";"condizioni_pagamento";"id_pdc";"sottoconti";"id_sottoconto";"FOREIGN KEY"
"cpag_soco_pk";"condizioni_pagamento";"id_pdc";"sottoconti";"codice_template_fiscale";"FOREIGN KEY"
"cpag_soco_pk";"condizioni_pagamento";"id_pdc";"sottoconti";"id_pdc";"FOREIGN KEY"
"cpag_soco_pk";"condizioni_pagamento";"id_pdc";"sottoconti";"codice_part";"FOREIGN KEY"
"cpag_soco_pk";"condizioni_pagamento";"codice_template_fiscale";"sottoconti";"id_sottoconto";"FOREIGN KEY"
"cpag_soco_pk";"condizioni_pagamento";"codice_template_fiscale";"sottoconti";"codice_template_fiscale";"FOREIGN KEY"
"cpag_soco_pk";"condizioni_pagamento";"codice_template_fiscale";"sottoconti";"id_pdc";"FOREIGN KEY"
"cpag_soco_pk";"condizioni_pagamento";"codice_template_fiscale";"sottoconti";"codice_part";"FOREIGN KEY"
"cpag_soco_pk";"condizioni_pagamento";"codice_part";"sottoconti";"id_sottoconto";"FOREIGN KEY"
"cpag_soco_pk";"condizioni_pagamento";"codice_part";"sottoconti";"codice_template_fiscale";"FOREIGN KEY"
"cpag_soco_pk";"condizioni_pagamento";"codice_part";"sottoconti";"id_pdc";"FOREIGN KEY"
"cpag_soco_pk";"condizioni_pagamento";"codice_part";"sottoconti";"codice_part";"FOREIGN KEY"
"cpam_cecs_fk";"ce_piani_ammortamento";"id_causale";"ce_causali";"id_causale";"FOREIGN KEY"
"cpam_cecs_fk";"ce_piani_ammortamento";"id_causale";"ce_causali";"codice_tipo";"FOREIGN KEY"
"cpam_cecs_fk";"ce_piani_ammortamento";"codice_tipo";"ce_causali";"id_causale";"FOREIGN KEY"
"cpam_cecs_fk";"ce_piani_ammortamento";"codice_tipo";"ce_causali";"codice_tipo";"FOREIGN KEY"
"cpam_cspt_fk";"ce_piani_ammortamento";"id_cespite";"ce_cespiti";"codice_azienda";"FOREIGN KEY"
"cpam_cspt_fk";"ce_piani_ammortamento";"id_cespite";"ce_cespiti";"id_cespite";"FOREIGN KEY"
"cpam_cspt_fk";"ce_piani_ammortamento";"codice_azienda";"ce_cespiti";"codice_azienda";"FOREIGN KEY"
"cpam_cspt_fk";"ce_piani_ammortamento";"codice_azienda";"ce_cespiti";"id_cespite";"FOREIGN KEY"
"cpam_divi_fk";"ce_piani_ammortamento";"codice_azienda";"divisioni";"codice_azienda";"FOREIGN KEY"
"cpam_divi_fk";"ce_piani_ammortamento";"codice_azienda";"divisioni";"id_divisione";"FOREIGN KEY"
"cpam_divi_fk";"ce_piani_ammortamento";"id_divisione";"divisioni";"codice_azienda";"FOREIGN KEY"
"cpam_divi_fk";"ce_piani_ammortamento";"id_divisione";"divisioni";"id_divisione";"FOREIGN KEY"
"cpam_eser_fk";"ce_piani_ammortamento";"codice_azienda";"esercizi";"id_divisione";"FOREIGN KEY"
"cpam_eser_fk";"ce_piani_ammortamento";"codice_azienda";"esercizi";"codice_azienda";"FOREIGN KEY"
"cpam_eser_fk";"ce_piani_ammortamento";"codice_azienda";"esercizi";"id_esercizio";"FOREIGN KEY"
"cpam_eser_fk";"ce_piani_ammortamento";"id_divisione";"esercizi";"id_divisione";"FOREIGN KEY"
"cpam_eser_fk";"ce_piani_ammortamento";"id_divisione";"esercizi";"codice_azienda";"FOREIGN KEY"
"cpam_eser_fk";"ce_piani_ammortamento";"id_divisione";"esercizi";"id_esercizio";"FOREIGN KEY"
"cpam_eser_fk";"ce_piani_ammortamento";"id_esercizio";"esercizi";"id_divisione";"FOREIGN KEY"
"cpam_eser_fk";"ce_piani_ammortamento";"id_esercizio";"esercizi";"codice_azienda";"FOREIGN KEY"
"cpam_eser_fk";"ce_piani_ammortamento";"id_esercizio";"esercizi";"id_esercizio";"FOREIGN KEY"
"cpct_ctrs_fk";"contratti_pacchetti";"codice_azienda";"contratti_risorse";"codice_azienda";"FOREIGN KEY"
"cpct_ctrs_fk";"contratti_pacchetti";"codice_azienda";"contratti_risorse";"id_contratto";"FOREIGN KEY"
"cpct_ctrs_fk";"contratti_pacchetti";"codice_azienda";"contratti_risorse";"id_contratto_risorsa";"FOREIGN KEY"
"cpct_ctrs_fk";"contratti_pacchetti";"id_contratto_risorsa";"contratti_risorse";"codice_azienda";"FOREIGN KEY"
"cpct_ctrs_fk";"contratti_pacchetti";"id_contratto_risorsa";"contratti_risorse";"id_contratto";"FOREIGN KEY"
"cpct_ctrs_fk";"contratti_pacchetti";"id_contratto_risorsa";"contratti_risorse";"id_contratto_risorsa";"FOREIGN KEY"
"cpct_ctrs_fk";"contratti_pacchetti";"id_contratto";"contratti_risorse";"codice_azienda";"FOREIGN KEY"
"cpct_ctrs_fk";"contratti_pacchetti";"id_contratto";"contratti_risorse";"id_contratto";"FOREIGN KEY"
"cpct_ctrs_fk";"contratti_pacchetti";"id_contratto";"contratti_risorse";"id_contratto_risorsa";"FOREIGN KEY"
"cpfr_cmpt_fk";"compiti_fonti_rischio";"codice_azienda";"compiti";"codice_compito";"FOREIGN KEY"
"cpfr_cmpt_fk";"compiti_fonti_rischio";"codice_azienda";"compiti";"codice_azienda";"FOREIGN KEY"
"cpfr_cmpt_fk";"compiti_fonti_rischio";"codice_compito";"compiti";"codice_compito";"FOREIGN KEY"
"cpfr_cmpt_fk";"compiti_fonti_rischio";"codice_compito";"compiti";"codice_azienda";"FOREIGN KEY"
"cpfr_frsc_fk";"compiti_fonti_rischio";"codice_azienda";"fonti_rischio";"id_fonte_rischio";"FOREIGN KEY"
"cpfr_frsc_fk";"compiti_fonti_rischio";"codice_azienda";"fonti_rischio";"codice_rischio";"FOREIGN KEY"
"cpfr_frsc_fk";"compiti_fonti_rischio";"codice_azienda";"fonti_rischio";"codice_azienda";"FOREIGN KEY"
"cpfr_frsc_fk";"compiti_fonti_rischio";"codice_rischio";"fonti_rischio";"id_fonte_rischio";"FOREIGN KEY"
"cpfr_frsc_fk";"compiti_fonti_rischio";"codice_rischio";"fonti_rischio";"codice_rischio";"FOREIGN KEY"
"cpfr_frsc_fk";"compiti_fonti_rischio";"codice_rischio";"fonti_rischio";"codice_azienda";"FOREIGN KEY"
"cpfr_frsc_fk";"compiti_fonti_rischio";"id_fonte_rischio";"fonti_rischio";"id_fonte_rischio";"FOREIGN KEY"
"cpfr_frsc_fk";"compiti_fonti_rischio";"id_fonte_rischio";"fonti_rischio";"codice_rischio";"FOREIGN KEY"
"cpfr_frsc_fk";"compiti_fonti_rischio";"id_fonte_rischio";"fonti_rischio";"codice_azienda";"FOREIGN KEY"
"cpl_sv__cpsg_tot__fk";"cpl_sv";"soglia_a_tot";"cpl_soglie";"soglia_a";"FOREIGN KEY"
"cpl_sv__cpsg_tot__fk";"cpl_sv";"soglia_a_tot";"cpl_soglie";"id_esercizio";"FOREIGN KEY"
"cpl_sv__cpsg_tot__fk";"cpl_sv";"soglia_a_tot";"cpl_soglie";"id_divisione";"FOREIGN KEY"
"cpl_sv__cpsg_tot__fk";"cpl_sv";"soglia_a_tot";"cpl_soglie";"codice_azienda";"FOREIGN KEY"
"cpl_sv__cpsg_tot__fk";"cpl_sv";"soglia_a_tot";"cpl_soglie";"tipo_soglia";"FOREIGN KEY"
"cpl_sv__cpsg_tot__fk";"cpl_sv";"id_esercizio";"cpl_soglie";"soglia_a";"FOREIGN KEY"
"cpl_sv__cpsg_tot__fk";"cpl_sv";"id_esercizio";"cpl_soglie";"id_esercizio";"FOREIGN KEY"
"cpl_sv__cpsg_tot__fk";"cpl_sv";"id_esercizio";"cpl_soglie";"id_divisione";"FOREIGN KEY"
"cpl_sv__cpsg_tot__fk";"cpl_sv";"id_esercizio";"cpl_soglie";"codice_azienda";"FOREIGN KEY"
"cpl_sv__cpsg_tot__fk";"cpl_sv";"id_esercizio";"cpl_soglie";"tipo_soglia";"FOREIGN KEY"
"cpl_sv__cpsg_tot__fk";"cpl_sv";"tipo_soglia_tot";"cpl_soglie";"soglia_a";"FOREIGN KEY"
"cpl_sv__cpsg_tot__fk";"cpl_sv";"tipo_soglia_tot";"cpl_soglie";"id_esercizio";"FOREIGN KEY"
"cpl_sv__cpsg_tot__fk";"cpl_sv";"tipo_soglia_tot";"cpl_soglie";"id_divisione";"FOREIGN KEY"
"cpl_sv__cpsg_tot__fk";"cpl_sv";"tipo_soglia_tot";"cpl_soglie";"codice_azienda";"FOREIGN KEY"
"cpl_sv__cpsg_tot__fk";"cpl_sv";"tipo_soglia_tot";"cpl_soglie";"tipo_soglia";"FOREIGN KEY"
"cpl_sv__cpsg_tot__fk";"cpl_sv";"id_divisione";"cpl_soglie";"soglia_a";"FOREIGN KEY"
"cpl_sv__cpsg_tot__fk";"cpl_sv";"id_divisione";"cpl_soglie";"id_esercizio";"FOREIGN KEY"
"cpl_sv__cpsg_tot__fk";"cpl_sv";"id_divisione";"cpl_soglie";"id_divisione";"FOREIGN KEY"
"cpl_sv__cpsg_tot__fk";"cpl_sv";"id_divisione";"cpl_soglie";"codice_azienda";"FOREIGN KEY"
"cpl_sv__cpsg_tot__fk";"cpl_sv";"id_divisione";"cpl_soglie";"tipo_soglia";"FOREIGN KEY"
"cpl_sv__cpsg_tot__fk";"cpl_sv";"codice_azienda";"cpl_soglie";"soglia_a";"FOREIGN KEY"
"cpl_sv__cpsg_tot__fk";"cpl_sv";"codice_azienda";"cpl_soglie";"id_esercizio";"FOREIGN KEY"
"cpl_sv__cpsg_tot__fk";"cpl_sv";"codice_azienda";"cpl_soglie";"id_divisione";"FOREIGN KEY"
"cpl_sv__cpsg_tot__fk";"cpl_sv";"codice_azienda";"cpl_soglie";"codice_azienda";"FOREIGN KEY"
"cpl_sv__cpsg_tot__fk";"cpl_sv";"codice_azienda";"cpl_soglie";"tipo_soglia";"FOREIGN KEY"
"cpl_sv__cpsg_tot_dec__fk";"cpl_sv";"soglia_a_tot_decodifica";"cpl_soglie";"id_divisione";"FOREIGN KEY"
"cpl_sv__cpsg_tot_dec__fk";"cpl_sv";"soglia_a_tot_decodifica";"cpl_soglie";"codice_azienda";"FOREIGN KEY"
"cpl_sv__cpsg_tot_dec__fk";"cpl_sv";"soglia_a_tot_decodifica";"cpl_soglie";"soglia_a";"FOREIGN KEY"
"cpl_sv__cpsg_tot_dec__fk";"cpl_sv";"soglia_a_tot_decodifica";"cpl_soglie";"tipo_soglia";"FOREIGN KEY"
"cpl_sv__cpsg_tot_dec__fk";"cpl_sv";"soglia_a_tot_decodifica";"cpl_soglie";"id_esercizio";"FOREIGN KEY"
"cpl_sv__cpsg_tot_dec__fk";"cpl_sv";"id_divisione";"cpl_soglie";"id_divisione";"FOREIGN KEY"
"cpl_sv__cpsg_tot_dec__fk";"cpl_sv";"id_divisione";"cpl_soglie";"codice_azienda";"FOREIGN KEY"
"cpl_sv__cpsg_tot_dec__fk";"cpl_sv";"id_divisione";"cpl_soglie";"soglia_a";"FOREIGN KEY"
"cpl_sv__cpsg_tot_dec__fk";"cpl_sv";"id_divisione";"cpl_soglie";"tipo_soglia";"FOREIGN KEY"
"cpl_sv__cpsg_tot_dec__fk";"cpl_sv";"id_divisione";"cpl_soglie";"id_esercizio";"FOREIGN KEY"
"cpl_sv__cpsg_tot_dec__fk";"cpl_sv";"id_esercizio";"cpl_soglie";"id_divisione";"FOREIGN KEY"
"cpl_sv__cpsg_tot_dec__fk";"cpl_sv";"id_esercizio";"cpl_soglie";"codice_azienda";"FOREIGN KEY"
"cpl_sv__cpsg_tot_dec__fk";"cpl_sv";"id_esercizio";"cpl_soglie";"soglia_a";"FOREIGN KEY"
"cpl_sv__cpsg_tot_dec__fk";"cpl_sv";"id_esercizio";"cpl_soglie";"tipo_soglia";"FOREIGN KEY"
"cpl_sv__cpsg_tot_dec__fk";"cpl_sv";"id_esercizio";"cpl_soglie";"id_esercizio";"FOREIGN KEY"
"cpl_sv__cpsg_tot_dec__fk";"cpl_sv";"codice_azienda";"cpl_soglie";"id_divisione";"FOREIGN KEY"
"cpl_sv__cpsg_tot_dec__fk";"cpl_sv";"codice_azienda";"cpl_soglie";"codice_azienda";"FOREIGN KEY"
"cpl_sv__cpsg_tot_dec__fk";"cpl_sv";"codice_azienda";"cpl_soglie";"soglia_a";"FOREIGN KEY"
"cpl_sv__cpsg_tot_dec__fk";"cpl_sv";"codice_azienda";"cpl_soglie";"tipo_soglia";"FOREIGN KEY"
"cpl_sv__cpsg_tot_dec__fk";"cpl_sv";"codice_azienda";"cpl_soglie";"id_esercizio";"FOREIGN KEY"
"cpl_sv__cpsg_tot_dec__fk";"cpl_sv";"tipo_soglia_tot_decodifica";"cpl_soglie";"id_divisione";"FOREIGN KEY"
"cpl_sv__cpsg_tot_dec__fk";"cpl_sv";"tipo_soglia_tot_decodifica";"cpl_soglie";"codice_azienda";"FOREIGN KEY"
"cpl_sv__cpsg_tot_dec__fk";"cpl_sv";"tipo_soglia_tot_decodifica";"cpl_soglie";"soglia_a";"FOREIGN KEY"
"cpl_sv__cpsg_tot_dec__fk";"cpl_sv";"tipo_soglia_tot_decodifica";"cpl_soglie";"tipo_soglia";"FOREIGN KEY"
"cpl_sv__cpsg_tot_dec__fk";"cpl_sv";"tipo_soglia_tot_decodifica";"cpl_soglie";"id_esercizio";"FOREIGN KEY"
"cpl_sv__cpsg_v_pk__fk";"cpl_sv";"soglia_a_v";"cpl_soglie";"id_divisione";"FOREIGN KEY"
"cpl_sv__cpsg_v_pk__fk";"cpl_sv";"soglia_a_v";"cpl_soglie";"codice_azienda";"FOREIGN KEY"
"cpl_sv__cpsg_v_pk__fk";"cpl_sv";"soglia_a_v";"cpl_soglie";"soglia_a";"FOREIGN KEY"
"cpl_sv__cpsg_v_pk__fk";"cpl_sv";"soglia_a_v";"cpl_soglie";"tipo_soglia";"FOREIGN KEY"
"cpl_sv__cpsg_v_pk__fk";"cpl_sv";"soglia_a_v";"cpl_soglie";"id_esercizio";"FOREIGN KEY"
"cpl_sv__cpsg_v_pk__fk";"cpl_sv";"id_divisione";"cpl_soglie";"id_divisione";"FOREIGN KEY"
"cpl_sv__cpsg_v_pk__fk";"cpl_sv";"id_divisione";"cpl_soglie";"codice_azienda";"FOREIGN KEY"
"cpl_sv__cpsg_v_pk__fk";"cpl_sv";"id_divisione";"cpl_soglie";"soglia_a";"FOREIGN KEY"
"cpl_sv__cpsg_v_pk__fk";"cpl_sv";"id_divisione";"cpl_soglie";"tipo_soglia";"FOREIGN KEY"
"cpl_sv__cpsg_v_pk__fk";"cpl_sv";"id_divisione";"cpl_soglie";"id_esercizio";"FOREIGN KEY"
"cpl_sv__cpsg_v_pk__fk";"cpl_sv";"tipo_soglia_v";"cpl_soglie";"id_divisione";"FOREIGN KEY"
"cpl_sv__cpsg_v_pk__fk";"cpl_sv";"tipo_soglia_v";"cpl_soglie";"codice_azienda";"FOREIGN KEY"
"cpl_sv__cpsg_v_pk__fk";"cpl_sv";"tipo_soglia_v";"cpl_soglie";"soglia_a";"FOREIGN KEY"
"cpl_sv__cpsg_v_pk__fk";"cpl_sv";"tipo_soglia_v";"cpl_soglie";"tipo_soglia";"FOREIGN KEY"
"cpl_sv__cpsg_v_pk__fk";"cpl_sv";"tipo_soglia_v";"cpl_soglie";"id_esercizio";"FOREIGN KEY"
"cpl_sv__cpsg_v_pk__fk";"cpl_sv";"id_esercizio";"cpl_soglie";"id_divisione";"FOREIGN KEY"
"cpl_sv__cpsg_v_pk__fk";"cpl_sv";"id_esercizio";"cpl_soglie";"codice_azienda";"FOREIGN KEY"
"cpl_sv__cpsg_v_pk__fk";"cpl_sv";"id_esercizio";"cpl_soglie";"soglia_a";"FOREIGN KEY"
"cpl_sv__cpsg_v_pk__fk";"cpl_sv";"id_esercizio";"cpl_soglie";"tipo_soglia";"FOREIGN KEY"
"cpl_sv__cpsg_v_pk__fk";"cpl_sv";"id_esercizio";"cpl_soglie";"id_esercizio";"FOREIGN KEY"
"cpl_sv__cpsg_v_pk__fk";"cpl_sv";"codice_azienda";"cpl_soglie";"id_divisione";"FOREIGN KEY"
"cpl_sv__cpsg_v_pk__fk";"cpl_sv";"codice_azienda";"cpl_soglie";"codice_azienda";"FOREIGN KEY"
"cpl_sv__cpsg_v_pk__fk";"cpl_sv";"codice_azienda";"cpl_soglie";"soglia_a";"FOREIGN KEY"
"cpl_sv__cpsg_v_pk__fk";"cpl_sv";"codice_azienda";"cpl_soglie";"tipo_soglia";"FOREIGN KEY"
"cpl_sv__cpsg_v_pk__fk";"cpl_sv";"codice_azienda";"cpl_soglie";"id_esercizio";"FOREIGN KEY"
"cpl_sv__eser__fk";"cpl_sv";"id_divisione";"esercizi";"id_divisione";"FOREIGN KEY"
"cpl_sv__eser__fk";"cpl_sv";"id_divisione";"esercizi";"codice_azienda";"FOREIGN KEY"
"cpl_sv__eser__fk";"cpl_sv";"id_divisione";"esercizi";"id_esercizio";"FOREIGN KEY"
"cpl_sv__eser__fk";"cpl_sv";"id_esercizio";"esercizi";"id_divisione";"FOREIGN KEY"
"cpl_sv__eser__fk";"cpl_sv";"id_esercizio";"esercizi";"codice_azienda";"FOREIGN KEY"
"cpl_sv__eser__fk";"cpl_sv";"id_esercizio";"esercizi";"id_esercizio";"FOREIGN KEY"
"cpl_sv__eser__fk";"cpl_sv";"codice_azienda";"esercizi";"id_divisione";"FOREIGN KEY"
"cpl_sv__eser__fk";"cpl_sv";"codice_azienda";"esercizi";"codice_azienda";"FOREIGN KEY"
"cpl_sv__eser__fk";"cpl_sv";"codice_azienda";"esercizi";"id_esercizio";"FOREIGN KEY"
"cplc_cmpt_fk";"cpl_compiti";"codice_compito";"compiti";"codice_compito";"FOREIGN KEY"
"cplc_cmpt_fk";"cpl_compiti";"codice_compito";"compiti";"codice_azienda";"FOREIGN KEY"
"cplc_cmpt_fk";"cpl_compiti";"codice_azienda";"compiti";"codice_compito";"FOREIGN KEY"
"cplc_cmpt_fk";"cpl_compiti";"codice_azienda";"compiti";"codice_azienda";"FOREIGN KEY"
"cplcc__prtz__fk";"crm_periodi_liquidazioni_cond_contr";"codice_part";"partizioni";"codice_part";"FOREIGN KEY"
"cpme_copa_fk";"cond_pag_mesi_esclusi";"codice_azienda";"condizioni_pagamento";"codice_azienda";"FOREIGN KEY"
"cpme_copa_fk";"cond_pag_mesi_esclusi";"codice_azienda";"condizioni_pagamento";"id_condizione_pagamento";"FOREIGN KEY"
"cpme_copa_fk";"cond_pag_mesi_esclusi";"id_condizione_pagamento";"condizioni_pagamento";"codice_azienda";"FOREIGN KEY"
"cpme_copa_fk";"cond_pag_mesi_esclusi";"id_condizione_pagamento";"condizioni_pagamento";"id_condizione_pagamento";"FOREIGN KEY"
"cprb_cmpt";"compiti_rif_bo";"codice_compito";"compiti";"codice_azienda";"FOREIGN KEY"
"cprb_cmpt";"compiti_rif_bo";"codice_compito";"compiti";"codice_compito";"FOREIGN KEY"
"cprb_cmpt";"compiti_rif_bo";"codice_azienda";"compiti";"codice_azienda";"FOREIGN KEY"
"cprb_cmpt";"compiti_rif_bo";"codice_azienda";"compiti";"codice_compito";"FOREIGN KEY"
"cprr_eser_fk";"cpl_risk_response";"id_esercizio";"esercizi";"id_esercizio";"FOREIGN KEY"
"cprr_eser_fk";"cpl_risk_response";"id_esercizio";"esercizi";"codice_azienda";"FOREIGN KEY"
"cprr_eser_fk";"cpl_risk_response";"id_esercizio";"esercizi";"id_divisione";"FOREIGN KEY"
"cprr_eser_fk";"cpl_risk_response";"codice_azienda";"esercizi";"id_esercizio";"FOREIGN KEY"
"cprr_eser_fk";"cpl_risk_response";"codice_azienda";"esercizi";"codice_azienda";"FOREIGN KEY"
"cprr_eser_fk";"cpl_risk_response";"codice_azienda";"esercizi";"id_divisione";"FOREIGN KEY"
"cprr_eser_fk";"cpl_risk_response";"id_divisione";"esercizi";"id_esercizio";"FOREIGN KEY"
"cprr_eser_fk";"cpl_risk_response";"id_divisione";"esercizi";"codice_azienda";"FOREIGN KEY"
"cprr_eser_fk";"cpl_risk_response";"id_divisione";"esercizi";"id_divisione";"FOREIGN KEY"
"cpsg_eser_fk";"cpl_soglie";"codice_azienda";"esercizi";"id_divisione";"FOREIGN KEY"
"cpsg_eser_fk";"cpl_soglie";"codice_azienda";"esercizi";"codice_azienda";"FOREIGN KEY"
"cpsg_eser_fk";"cpl_soglie";"codice_azienda";"esercizi";"id_esercizio";"FOREIGN KEY"
"cpsg_eser_fk";"cpl_soglie";"id_divisione";"esercizi";"id_divisione";"FOREIGN KEY"
"cpsg_eser_fk";"cpl_soglie";"id_divisione";"esercizi";"codice_azienda";"FOREIGN KEY"
"cpsg_eser_fk";"cpl_soglie";"id_divisione";"esercizi";"id_esercizio";"FOREIGN KEY"
"cpsg_eser_fk";"cpl_soglie";"id_esercizio";"esercizi";"id_divisione";"FOREIGN KEY"
"cpsg_eser_fk";"cpl_soglie";"id_esercizio";"esercizi";"codice_azienda";"FOREIGN KEY"
"cpsg_eser_fk";"cpl_soglie";"id_esercizio";"esercizi";"id_esercizio";"FOREIGN KEY"
"cpta_ctrs_fk";"compiti_asset";"codice_compito";"compiti";"codice_compito";"FOREIGN KEY"
"cpta_ctrs_fk";"compiti_asset";"codice_compito";"compiti";"codice_azienda";"FOREIGN KEY"
"cpta_ctrs_fk";"compiti_asset";"codice_azienda";"compiti";"codice_compito";"FOREIGN KEY"
"cpta_ctrs_fk";"compiti_asset";"codice_azienda";"compiti";"codice_azienda";"FOREIGN KEY"
"cpta_tckt_fk";"compiti_asset";"id_asset";"asset";"id_asset";"FOREIGN KEY"
"cpta_tckt_fk";"compiti_asset";"id_asset";"asset";"codice_azienda";"FOREIGN KEY"
"cpta_tckt_fk";"compiti_asset";"codice_azienda";"asset";"id_asset";"FOREIGN KEY"
"cpta_tckt_fk";"compiti_asset";"codice_azienda";"asset";"codice_azienda";"FOREIGN KEY"
"cptd_cmpt_c_fk";"compiti_dipendenze";"codice_compito_child";"compiti";"codice_compito";"FOREIGN KEY"
"cptd_cmpt_c_fk";"compiti_dipendenze";"codice_compito_child";"compiti";"codice_azienda";"FOREIGN KEY"
"cptd_cmpt_c_fk";"compiti_dipendenze";"codice_azienda";"compiti";"codice_compito";"FOREIGN KEY"
"cptd_cmpt_c_fk";"compiti_dipendenze";"codice_azienda";"compiti";"codice_azienda";"FOREIGN KEY"
"cptd_cmpt_p_fk";"compiti_dipendenze";"codice_compito_parent";"compiti";"codice_compito";"FOREIGN KEY"
"cptd_cmpt_p_fk";"compiti_dipendenze";"codice_compito_parent";"compiti";"codice_azienda";"FOREIGN KEY"
"cptd_cmpt_p_fk";"compiti_dipendenze";"codice_azienda";"compiti";"codice_compito";"FOREIGN KEY"
"cptd_cmpt_p_fk";"compiti_dipendenze";"codice_azienda";"compiti";"codice_azienda";"FOREIGN KEY"
"cpte_cmpt_fk";"compiti_eventi";"codice_azienda";"compiti";"codice_compito";"FOREIGN KEY"
"cpte_cmpt_fk";"compiti_eventi";"codice_azienda";"compiti";"codice_azienda";"FOREIGN KEY"
"cpte_cmpt_fk";"compiti_eventi";"codice_compito";"compiti";"codice_compito";"FOREIGN KEY"
"cpte_cmpt_fk";"compiti_eventi";"codice_compito";"compiti";"codice_azienda";"FOREIGN KEY"
"cpte_even_fk";"compiti_eventi";"codice_azienda";"eventi";"id_evento";"FOREIGN KEY"
"cpte_even_fk";"compiti_eventi";"codice_azienda";"eventi";"codice_azienda";"FOREIGN KEY"
"cpte_even_fk";"compiti_eventi";"id_evento";"eventi";"id_evento";"FOREIGN KEY"
"cpte_even_fk";"compiti_eventi";"id_evento";"eventi";"codice_azienda";"FOREIGN KEY"
"cptp_cmpt_fk";"compiti_procedure";"codice_compito";"compiti";"codice_azienda";"FOREIGN KEY"
"cptp_cmpt_fk";"compiti_procedure";"codice_compito";"compiti";"codice_compito";"FOREIGN KEY"
"cptp_cmpt_fk";"compiti_procedure";"codice_azienda";"compiti";"codice_azienda";"FOREIGN KEY"
"cptp_cmpt_fk";"compiti_procedure";"codice_azienda";"compiti";"codice_compito";"FOREIGN KEY"
"cptp_pcda_fk";"compiti_procedure";"id_procedura";"procedure_aziendali";"codice_azienda";"FOREIGN KEY"
"cptp_pcda_fk";"compiti_procedure";"id_procedura";"procedure_aziendali";"id_procedura";"FOREIGN KEY"
"cptp_pcda_fk";"compiti_procedure";"codice_azienda";"procedure_aziendali";"codice_azienda";"FOREIGN KEY"
"cptp_pcda_fk";"compiti_procedure";"codice_azienda";"procedure_aziendali";"id_procedura";"FOREIGN KEY"
"crcc__prtz__fk";"crm_tipi_cond_contr";"codice_part";"partizioni";"codice_part";"FOREIGN KEY"
"crm_cone_ctti_fk";"crm_contatti_eventi";"id_contatto";"contatti";"codice_part";"FOREIGN KEY"
"crm_cone_ctti_fk";"crm_contatti_eventi";"id_contatto";"contatti";"id_contatto";"FOREIGN KEY"
"crm_cone_ctti_fk";"crm_contatti_eventi";"id_contatto";"contatti";"id_anagrafica";"FOREIGN KEY"
"crm_cone_ctti_fk";"crm_contatti_eventi";"id_anagrafica";"contatti";"codice_part";"FOREIGN KEY"
"crm_cone_ctti_fk";"crm_contatti_eventi";"id_anagrafica";"contatti";"id_contatto";"FOREIGN KEY"
"crm_cone_ctti_fk";"crm_contatti_eventi";"id_anagrafica";"contatti";"id_anagrafica";"FOREIGN KEY"
"crm_cone_ctti_fk";"crm_contatti_eventi";"codice_part";"contatti";"codice_part";"FOREIGN KEY"
"crm_cone_ctti_fk";"crm_contatti_eventi";"codice_part";"contatti";"id_contatto";"FOREIGN KEY"
"crm_cone_ctti_fk";"crm_contatti_eventi";"codice_part";"contatti";"id_anagrafica";"FOREIGN KEY"
"crm_cone_even_fk";"crm_contatti_eventi";"codice_azienda";"crm_eventi";"codice_azienda";"FOREIGN KEY"
"crm_cone_even_fk";"crm_contatti_eventi";"codice_azienda";"crm_eventi";"id_evento";"FOREIGN KEY"
"crm_cone_even_fk";"crm_contatti_eventi";"id_evento";"crm_eventi";"codice_azienda";"FOREIGN KEY"
"crm_cone_even_fk";"crm_contatti_eventi";"id_evento";"crm_eventi";"id_evento";"FOREIGN KEY"
"crm_logc__azie__fk";"crm_log_contatti";"codice_azienda";"aziende";"codice_azienda";"FOREIGN KEY"
"crm_logc__uten_ins__fk";"crm_log_contatti";"ute_ins";"utenti";"login";"FOREIGN KEY"
"crm_logc__uten_upd__fk";"crm_log_contatti";"ute_upd";"utenti";"login";"FOREIGN KEY"
"crm_logc_anid_fk";"crm_log_contatti";"id_anagrafica";"anagrafiche_id";"codice_part";"FOREIGN KEY"
"crm_logc_anid_fk";"crm_log_contatti";"id_anagrafica";"anagrafiche_id";"id_anagrafica";"FOREIGN KEY"
"crm_logc_anid_fk";"crm_log_contatti";"codice_part";"anagrafiche_id";"codice_part";"FOREIGN KEY"
"crm_logc_anid_fk";"crm_log_contatti";"codice_part";"anagrafiche_id";"id_anagrafica";"FOREIGN KEY"
"crm_logc_anid_fk_for";"crm_log_contatti";"codice_part";"anagrafiche_id";"codice_part";"FOREIGN KEY"
"crm_logc_anid_fk_for";"crm_log_contatti";"codice_part";"anagrafiche_id";"id_anagrafica";"FOREIGN KEY"
"crm_logc_anid_fk_for";"crm_log_contatti";"id_fornitore";"anagrafiche_id";"codice_part";"FOREIGN KEY"
"crm_logc_anid_fk_for";"crm_log_contatti";"id_fornitore";"anagrafiche_id";"id_anagrafica";"FOREIGN KEY"
"crm_logc_ctti_fk";"crm_log_contatti";"id_anagrafica";"contatti";"codice_part";"FOREIGN KEY"
"crm_logc_ctti_fk";"crm_log_contatti";"id_anagrafica";"contatti";"id_contatto";"FOREIGN KEY"
"crm_logc_ctti_fk";"crm_log_contatti";"id_anagrafica";"contatti";"id_anagrafica";"FOREIGN KEY"
"crm_logc_ctti_fk";"crm_log_contatti";"id_contatto";"contatti";"codice_part";"FOREIGN KEY"
"crm_logc_ctti_fk";"crm_log_contatti";"id_contatto";"contatti";"id_contatto";"FOREIGN KEY"
"crm_logc_ctti_fk";"crm_log_contatti";"id_contatto";"contatti";"id_anagrafica";"FOREIGN KEY"
"crm_logc_ctti_fk";"crm_log_contatti";"codice_part";"contatti";"codice_part";"FOREIGN KEY"
"crm_logc_ctti_fk";"crm_log_contatti";"codice_part";"contatti";"id_contatto";"FOREIGN KEY"
"crm_logc_ctti_fk";"crm_log_contatti";"codice_part";"contatti";"id_anagrafica";"FOREIGN KEY"
"crm_logc_mkt_cari_fk";"crm_log_contatti";"codice_azienda";"mkt_campagne";"codice_azienda";"FOREIGN KEY"
"crm_logc_mkt_cari_fk";"crm_log_contatti";"codice_azienda";"mkt_campagne";"id_campagna";"FOREIGN KEY"
"crm_logc_mkt_cari_fk";"crm_log_contatti";"id_campagna";"mkt_campagne";"codice_azienda";"FOREIGN KEY"
"crm_logc_mkt_cari_fk";"crm_log_contatti";"id_campagna";"mkt_campagne";"id_campagna";"FOREIGN KEY"
"crm_logc_roff_fk";"crm_log_contatti";"numero_offerta";"richieste_offerta";"codice_azienda";"FOREIGN KEY"
"crm_logc_roff_fk";"crm_log_contatti";"numero_offerta";"richieste_offerta";"numero_richiesta";"FOREIGN KEY"
"crm_logc_roff_fk";"crm_log_contatti";"codice_azienda";"richieste_offerta";"codice_azienda";"FOREIGN KEY"
"crm_logc_roff_fk";"crm_log_contatti";"codice_azienda";"richieste_offerta";"numero_richiesta";"FOREIGN KEY"
"crm_logc_tevt_fk";"crm_log_contatti";"codice_tipo_evento";"crm_tipi_evento";"codice_azienda";"FOREIGN KEY"
"crm_logc_tevt_fk";"crm_log_contatti";"codice_tipo_evento";"crm_tipi_evento";"codice_tipo_evento";"FOREIGN KEY"
"crm_logc_tevt_fk";"crm_log_contatti";"codice_azienda";"crm_tipi_evento";"codice_azienda";"FOREIGN KEY"
"crm_logc_tevt_fk";"crm_log_contatti";"codice_azienda";"crm_tipi_evento";"codice_tipo_evento";"FOREIGN KEY"
"crm_logd__agda__fk";"crm_log_contatti_det";"id_agenda";"agenda";"id_agenda";"FOREIGN KEY"
"crm_logd__agda__fk";"crm_log_contatti_det";"id_agenda";"agenda";"codice_azienda";"FOREIGN KEY"
"crm_logd__agda__fk";"crm_log_contatti_det";"codice_azienda";"agenda";"id_agenda";"FOREIGN KEY"
"crm_logd__agda__fk";"crm_log_contatti_det";"codice_azienda";"agenda";"codice_azienda";"FOREIGN KEY"
"crm_logd__agda__ricontatto__fk";"crm_log_contatti_det";"id_agenda_ricontatto";"agenda";"codice_azienda";"FOREIGN KEY"
"crm_logd__agda__ricontatto__fk";"crm_log_contatti_det";"id_agenda_ricontatto";"agenda";"id_agenda";"FOREIGN KEY"
"crm_logd__agda__ricontatto__fk";"crm_log_contatti_det";"codice_azienda";"agenda";"codice_azienda";"FOREIGN KEY"
"crm_logd__agda__ricontatto__fk";"crm_log_contatti_det";"codice_azienda";"agenda";"id_agenda";"FOREIGN KEY"
"crm_logd__age__fk";"crm_log_contatti_det";"id_agente";"anagrafiche_id";"codice_part";"FOREIGN KEY"
"crm_logd__age__fk";"crm_log_contatti_det";"id_agente";"anagrafiche_id";"id_anagrafica";"FOREIGN KEY"
"crm_logd__age__fk";"crm_log_contatti_det";"codice_part";"anagrafiche_id";"codice_part";"FOREIGN KEY"
"crm_logd__age__fk";"crm_log_contatti_det";"codice_part";"anagrafiche_id";"id_anagrafica";"FOREIGN KEY"
"crm_logd__age_ricontatto__fk";"crm_log_contatti_det";"codice_part";"anagrafiche_id";"codice_part";"FOREIGN KEY"
"crm_logd__age_ricontatto__fk";"crm_log_contatti_det";"codice_part";"anagrafiche_id";"id_anagrafica";"FOREIGN KEY"
"crm_logd__age_ricontatto__fk";"crm_log_contatti_det";"id_agente_ricontatto";"anagrafiche_id";"codice_part";"FOREIGN KEY"
"crm_logd__age_ricontatto__fk";"crm_log_contatti_det";"id_agente_ricontatto";"anagrafiche_id";"id_anagrafica";"FOREIGN KEY"
"crm_logd__crta__fk";"crm_log_contatti_det";"id_tipo_azione_crm";"crm_tipi_azioni";"codice_azienda";"FOREIGN KEY"
"crm_logd__crta__fk";"crm_log_contatti_det";"id_tipo_azione_crm";"crm_tipi_azioni";"id_tipo_azione_crm";"FOREIGN KEY"
"crm_logd__crta__fk";"crm_log_contatti_det";"codice_azienda";"crm_tipi_azioni";"codice_azienda";"FOREIGN KEY"
"crm_logd__crta__fk";"crm_log_contatti_det";"codice_azienda";"crm_tipi_azioni";"id_tipo_azione_crm";"FOREIGN KEY"
"crm_logd__crta__ricontatto__fk";"crm_log_contatti_det";"id_tipo_azione_crm_ricontatto";"crm_tipi_azioni";"codice_azienda";"FOREIGN KEY"
"crm_logd__crta__ricontatto__fk";"crm_log_contatti_det";"id_tipo_azione_crm_ricontatto";"crm_tipi_azioni";"id_tipo_azione_crm";"FOREIGN KEY"
"crm_logd__crta__ricontatto__fk";"crm_log_contatti_det";"codice_azienda";"crm_tipi_azioni";"codice_azienda";"FOREIGN KEY"
"crm_logd__crta__ricontatto__fk";"crm_log_contatti_det";"codice_azienda";"crm_tipi_azioni";"id_tipo_azione_crm";"FOREIGN KEY"
"crm_logd__docu_camp__fk";"crm_log_contatti_det";"id_documento_campionatura";"documenti";"codice_azienda";"FOREIGN KEY"
"crm_logd__docu_camp__fk";"crm_log_contatti_det";"id_documento_campionatura";"documenti";"id_documento";"FOREIGN KEY"
"crm_logd__docu_camp__fk";"crm_log_contatti_det";"codice_azienda";"documenti";"codice_azienda";"FOREIGN KEY"
"crm_logd__docu_camp__fk";"crm_log_contatti_det";"codice_azienda";"documenti";"id_documento";"FOREIGN KEY"
"crm_logd__lstv__fk";"crm_log_contatti_det";"codice_azienda";"listini_vendita";"id_listino";"FOREIGN KEY"
"crm_logd__lstv__fk";"crm_log_contatti_det";"codice_azienda";"listini_vendita";"codice_azienda";"FOREIGN KEY"
"crm_logd__lstv__fk";"crm_log_contatti_det";"id_listino_promo";"listini_vendita";"id_listino";"FOREIGN KEY"
"crm_logd__lstv__fk";"crm_log_contatti_det";"id_listino_promo";"listini_vendita";"codice_azienda";"FOREIGN KEY"
"crm_logd__uten__fk";"crm_log_contatti_det";"commerciale";"utenti";"login";"FOREIGN KEY"
"crm_logd__uten_ins__fk";"crm_log_contatti_det";"ute_ins";"utenti";"login";"FOREIGN KEY"
"crm_logd__uten_upd__fk";"crm_log_contatti_det";"ute_upd";"utenti";"login";"FOREIGN KEY"
"crm_logd_bpm_noti_fk";"crm_log_contatti";"noti_id";"bpm_notifications";"noti_id";"FOREIGN KEY"
"crm_logd_bpm_noti_fk";"crm_log_contatti";"noti_id";"bpm_notifications";"codice_part";"FOREIGN KEY"
"crm_logd_bpm_noti_fk";"crm_log_contatti";"codice_part";"bpm_notifications";"noti_id";"FOREIGN KEY"
"crm_logd_bpm_noti_fk";"crm_log_contatti";"codice_part";"bpm_notifications";"codice_part";"FOREIGN KEY"
"crm_logd_logc_fk";"crm_log_contatti_det";"log_id_parent";"crm_log_contatti";"codice_azienda";"FOREIGN KEY"
"crm_logd_logc_fk";"crm_log_contatti_det";"log_id_parent";"crm_log_contatti";"log_id";"FOREIGN KEY"
"crm_logd_logc_fk";"crm_log_contatti_det";"codice_azienda";"crm_log_contatti";"codice_azienda";"FOREIGN KEY"
"crm_logd_logc_fk";"crm_log_contatti_det";"codice_azienda";"crm_log_contatti";"log_id";"FOREIGN KEY"
"crm_tevt_azie_fk";"crm_tipi_evento";"codice_azienda";"aziende";"codice_azienda";"FOREIGN KEY"
"crmcc__anid__fk";"crm_cond_contr";"codice_part";"anagrafiche_id";"id_anagrafica";"FOREIGN KEY"
"crmcc__anid__fk";"crm_cond_contr";"codice_part";"anagrafiche_id";"codice_part";"FOREIGN KEY"
"crmcc__anid__fk";"crm_cond_contr";"id_anagrafica";"anagrafiche_id";"id_anagrafica";"FOREIGN KEY"
"crmcc__anid__fk";"crm_cond_contr";"id_anagrafica";"anagrafiche_id";"codice_part";"FOREIGN KEY"
"crmcc__cmlcc__fk";"crm_cond_contr";"codice_part";"crm_modalita_liquidazioni_cond_contr";"id_modalita_liquidazione_cond_contr";"FOREIGN KEY"
"crmcc__cmlcc__fk";"crm_cond_contr";"codice_part";"crm_modalita_liquidazioni_cond_contr";"codice_part";"FOREIGN KEY"
"crmcc__cmlcc__fk";"crm_cond_contr";"id_modalita_liquidazione_cond_contr";"crm_modalita_liquidazioni_cond_contr";"id_modalita_liquidazione_cond_contr";"FOREIGN KEY"
"crmcc__cmlcc__fk";"crm_cond_contr";"id_modalita_liquidazione_cond_contr";"crm_modalita_liquidazioni_cond_contr";"codice_part";"FOREIGN KEY"
"crmcc__cplcc__fk";"crm_cond_contr";"codice_part";"crm_periodi_liquidazioni_cond_contr";"codice_part";"FOREIGN KEY"
"crmcc__cplcc__fk";"crm_cond_contr";"codice_part";"crm_periodi_liquidazioni_cond_contr";"id_periodo_liquidazione_cond_contr";"FOREIGN KEY"
"crmcc__cplcc__fk";"crm_cond_contr";"id_periodo_liquidazione_cond_contr";"crm_periodi_liquidazioni_cond_contr";"codice_part";"FOREIGN KEY"
"crmcc__cplcc__fk";"crm_cond_contr";"id_periodo_liquidazione_cond_contr";"crm_periodi_liquidazioni_cond_contr";"id_periodo_liquidazione_cond_contr";"FOREIGN KEY"
"crmcc__crcc__fk";"crm_cond_contr";"codice_part";"crm_tipi_cond_contr";"codice_part";"FOREIGN KEY"
"crmcc__crcc__fk";"crm_cond_contr";"codice_part";"crm_tipi_cond_contr";"id_tipo_cond_contr";"FOREIGN KEY"
"crmcc__crcc__fk";"crm_cond_contr";"id_tipo_cond_contr";"crm_tipi_cond_contr";"codice_part";"FOREIGN KEY"
"crmcc__crcc__fk";"crm_cond_contr";"id_tipo_cond_contr";"crm_tipi_cond_contr";"id_tipo_cond_contr";"FOREIGN KEY"
"crpr__crrp__fk";"crm_rilevazione_prezzi_righe";"codice_azienda";"crm_rilevazione_prezzi";"id_rilevazione";"FOREIGN KEY"
"crpr__crrp__fk";"crm_rilevazione_prezzi_righe";"codice_azienda";"crm_rilevazione_prezzi";"codice_azienda";"FOREIGN KEY"
"crpr__crrp__fk";"crm_rilevazione_prezzi_righe";"id_rilevazione";"crm_rilevazione_prezzi";"id_rilevazione";"FOREIGN KEY"
"crpr__crrp__fk";"crm_rilevazione_prezzi_righe";"id_rilevazione";"crm_rilevazione_prezzi";"codice_azienda";"FOREIGN KEY"
"crpr__tpcf__fk";"crm_rilevazione_prezzi_righe";"codice_azienda";"tipi_confezionamenti";"codice_azienda";"FOREIGN KEY"
"crpr__tpcf__fk";"crm_rilevazione_prezzi_righe";"codice_azienda";"tipi_confezionamenti";"id_tipo_confezionamento";"FOREIGN KEY"
"crpr__tpcf__fk";"crm_rilevazione_prezzi_righe";"id_tipo_confezionamento";"tipi_confezionamenti";"codice_azienda";"FOREIGN KEY"
"crpr__tpcf__fk";"crm_rilevazione_prezzi_righe";"id_tipo_confezionamento";"tipi_confezionamenti";"id_tipo_confezionamento";"FOREIGN KEY"
"crpr__tplv__fk";"crm_rilevazione_prezzi_righe";"id_tipo_lavorazione";"tipi_lavorazioni";"codice_azienda";"FOREIGN KEY"
"crpr__tplv__fk";"crm_rilevazione_prezzi_righe";"id_tipo_lavorazione";"tipi_lavorazioni";"id_tipo_lavorazione";"FOREIGN KEY"
"crpr__tplv__fk";"crm_rilevazione_prezzi_righe";"codice_azienda";"tipi_lavorazioni";"codice_azienda";"FOREIGN KEY"
"crpr__tplv__fk";"crm_rilevazione_prezzi_righe";"codice_azienda";"tipi_lavorazioni";"id_tipo_lavorazione";"FOREIGN KEY"
"crpr__tppr__fk";"crm_rilevazione_prezzi_righe";"id_tipo_produzione";"tipi_produzioni";"id_tipo_produzione";"FOREIGN KEY"
"crpr__tppr__fk";"crm_rilevazione_prezzi_righe";"id_tipo_produzione";"tipi_produzioni";"codice_azienda";"FOREIGN KEY"
"crpr__tppr__fk";"crm_rilevazione_prezzi_righe";"codice_azienda";"tipi_produzioni";"id_tipo_produzione";"FOREIGN KEY"
"crpr__tppr__fk";"crm_rilevazione_prezzi_righe";"codice_azienda";"tipi_produzioni";"codice_azienda";"FOREIGN KEY"
"crpr__tptg__fk";"crm_rilevazione_prezzi_righe";"codice_azienda";"tipi_taglie";"codice_azienda";"FOREIGN KEY"
"crpr__tptg__fk";"crm_rilevazione_prezzi_righe";"codice_azienda";"tipi_taglie";"id_tipo_taglia";"FOREIGN KEY"
"crpr__tptg__fk";"crm_rilevazione_prezzi_righe";"id_tipo_taglia";"tipi_taglie";"codice_azienda";"FOREIGN KEY"
"crpr__tptg__fk";"crm_rilevazione_prezzi_righe";"id_tipo_taglia";"tipi_taglie";"id_tipo_taglia";"FOREIGN KEY"
"crpr__um__fk";"crm_rilevazione_prezzi_righe";"codice_um";"unita_misura";"codice_um";"FOREIGN KEY"
"crpr__um__fk";"crm_rilevazione_prezzi_righe";"codice_um";"unita_misura";"codice_azienda";"FOREIGN KEY"
"crpr__um__fk";"crm_rilevazione_prezzi_righe";"codice_azienda";"unita_misura";"codice_um";"FOREIGN KEY"
"crpr__um__fk";"crm_rilevazione_prezzi_righe";"codice_azienda";"unita_misura";"codice_azienda";"FOREIGN KEY"
"crpr_caco_fk";"crm_rilevazione_prezzi_righe";"codice_cat_comm";"categorie_commerciali";"codice_cat_comm";"FOREIGN KEY"
"crpr_caco_fk";"crm_rilevazione_prezzi_righe";"codice_cat_comm";"categorie_commerciali";"codice_azienda";"FOREIGN KEY"
"crpr_caco_fk";"crm_rilevazione_prezzi_righe";"codice_azienda";"categorie_commerciali";"codice_cat_comm";"FOREIGN KEY"
"crpr_caco_fk";"crm_rilevazione_prezzi_righe";"codice_azienda";"categorie_commerciali";"codice_azienda";"FOREIGN KEY"
"crrp__anid__fk";"crm_rilevazione_prezzi";"id_anagrafica";"anagrafiche_id";"id_anagrafica";"FOREIGN KEY"
"crrp__anid__fk";"crm_rilevazione_prezzi";"id_anagrafica";"anagrafiche_id";"codice_part";"FOREIGN KEY"
"crrp__anid__fk";"crm_rilevazione_prezzi";"codice_part";"anagrafiche_id";"id_anagrafica";"FOREIGN KEY"
"crrp__anid__fk";"crm_rilevazione_prezzi";"codice_part";"anagrafiche_id";"codice_part";"FOREIGN KEY"
"crrp__anid__sede__fk";"crm_rilevazione_prezzi";"codice_part";"anagrafiche_id";"id_anagrafica";"FOREIGN KEY"
"crrp__anid__sede__fk";"crm_rilevazione_prezzi";"codice_part";"anagrafiche_id";"codice_part";"FOREIGN KEY"
"crrp__anid__sede__fk";"crm_rilevazione_prezzi";"id_anagrafica_sede";"anagrafiche_id";"id_anagrafica";"FOREIGN KEY"
"crrp__anid__sede__fk";"crm_rilevazione_prezzi";"id_anagrafica_sede";"anagrafiche_id";"codice_part";"FOREIGN KEY"
"crrp__anid_age__fk";"crm_rilevazione_prezzi";"id_agente";"anagrafiche_id";"codice_part";"FOREIGN KEY"
"crrp__anid_age__fk";"crm_rilevazione_prezzi";"id_agente";"anagrafiche_id";"id_anagrafica";"FOREIGN KEY"
"crrp__anid_age__fk";"crm_rilevazione_prezzi";"codice_part";"anagrafiche_id";"codice_part";"FOREIGN KEY"
"crrp__anid_age__fk";"crm_rilevazione_prezzi";"codice_part";"anagrafiche_id";"id_anagrafica";"FOREIGN KEY"
"crst__sdgs__fk";"cpl_risultati";"codice_azienda";"sondaggi_somministrati";"codice_azienda";"FOREIGN KEY"
"crst__sdgs__fk";"cpl_risultati";"codice_azienda";"sondaggi_somministrati";"id_somministrazione";"FOREIGN KEY"
"crst__sdgs__fk";"cpl_risultati";"codice_azienda";"sondaggi_somministrati";"id_sondaggio";"FOREIGN KEY"
"crst__sdgs__fk";"cpl_risultati";"id_sondaggio";"sondaggi_somministrati";"codice_azienda";"FOREIGN KEY"
"crst__sdgs__fk";"cpl_risultati";"id_sondaggio";"sondaggi_somministrati";"id_somministrazione";"FOREIGN KEY"
"crst__sdgs__fk";"cpl_risultati";"id_sondaggio";"sondaggi_somministrati";"id_sondaggio";"FOREIGN KEY"
"crst__sdgs__fk";"cpl_risultati";"id_somministrazione";"sondaggi_somministrati";"codice_azienda";"FOREIGN KEY"
"crst__sdgs__fk";"cpl_risultati";"id_somministrazione";"sondaggi_somministrati";"id_somministrazione";"FOREIGN KEY"
"crst__sdgs__fk";"cpl_risultati";"id_somministrazione";"sondaggi_somministrati";"id_sondaggio";"FOREIGN KEY"
"crst__sndg__fk";"cpl_risultati";"codice_azienda";"sondaggi";"codice_azienda";"FOREIGN KEY"
"crst__sndg__fk";"cpl_risultati";"codice_azienda";"sondaggi";"id_sondaggio";"FOREIGN KEY"
"crst__sndg__fk";"cpl_risultati";"id_sondaggio";"sondaggi";"codice_azienda";"FOREIGN KEY"
"crst__sndg__fk";"cpl_risultati";"id_sondaggio";"sondaggi";"id_sondaggio";"FOREIGN KEY"
"crst__vfcg_fu__fk";"cpl_risultati";"codice_azienda";"cpl_giudizi_verifiche";"codice_azienda";"FOREIGN KEY"
"crst__vfcg_fu__fk";"cpl_risultati";"codice_azienda";"cpl_giudizi_verifiche";"id_giudizio";"FOREIGN KEY"
"crst__vfcg_fu__fk";"cpl_risultati";"id_giudizio_follow_up";"cpl_giudizi_verifiche";"codice_azienda";"FOREIGN KEY"
"crst__vfcg_fu__fk";"cpl_risultati";"id_giudizio_follow_up";"cpl_giudizi_verifiche";"id_giudizio";"FOREIGN KEY"
"crst__vfcg_l1__fk";"cpl_risultati";"codice_azienda";"cpl_giudizi_verifiche";"id_giudizio";"FOREIGN KEY"
"crst__vfcg_l1__fk";"cpl_risultati";"codice_azienda";"cpl_giudizi_verifiche";"codice_azienda";"FOREIGN KEY"
"crst__vfcg_l1__fk";"cpl_risultati";"id_giudizio_livello_1";"cpl_giudizi_verifiche";"id_giudizio";"FOREIGN KEY"
"crst__vfcg_l1__fk";"cpl_risultati";"id_giudizio_livello_1";"cpl_giudizi_verifiche";"codice_azienda";"FOREIGN KEY"
"crst__vfcg_l2__fk";"cpl_risultati";"id_giudizio_livello_2";"cpl_giudizi_verifiche";"codice_azienda";"FOREIGN KEY"
"crst__vfcg_l2__fk";"cpl_risultati";"id_giudizio_livello_2";"cpl_giudizi_verifiche";"id_giudizio";"FOREIGN KEY"
"crst__vfcg_l2__fk";"cpl_risultati";"codice_azienda";"cpl_giudizi_verifiche";"codice_azienda";"FOREIGN KEY"
"crst__vfcg_l2__fk";"cpl_risultati";"codice_azienda";"cpl_giudizi_verifiche";"id_giudizio";"FOREIGN KEY"
"crst_cgzv_fk";"cpl_risultati";"codice_azienda";"cpl_giudizi_verifiche";"codice_azienda";"FOREIGN KEY"
"crst_cgzv_fk";"cpl_risultati";"codice_azienda";"cpl_giudizi_verifiche";"id_giudizio";"FOREIGN KEY"
"crst_cgzv_fk";"cpl_risultati";"id_giudizio";"cpl_giudizi_verifiche";"codice_azienda";"FOREIGN KEY"
"crst_cgzv_fk";"cpl_risultati";"id_giudizio";"cpl_giudizi_verifiche";"id_giudizio";"FOREIGN KEY"
"crta__azie__fk";"crm_tipi_azioni";"codice_azienda";"aziende";"codice_azienda";"FOREIGN KEY"
"csnl_cszn_fk";"consuntivazioni_log";"codice_azienda";"consuntivazioni";"id_cons";"FOREIGN KEY"
"csnl_cszn_fk";"consuntivazioni_log";"codice_azienda";"consuntivazioni";"codice_azienda";"FOREIGN KEY"
"csnl_cszn_fk";"consuntivazioni_log";"id_cons";"consuntivazioni";"id_cons";"FOREIGN KEY"
"csnl_cszn_fk";"consuntivazioni_log";"id_cons";"consuntivazioni";"codice_azienda";"FOREIGN KEY"
"cspc_cgrp_fk";"ce_specie";"codice_gruppo_ce";"ce_gruppi";"codice_gruppo_ce";"FOREIGN KEY"
"cspt_anid_fk";"ce_cespiti";"codice_part";"anagrafiche_id";"codice_part";"FOREIGN KEY"
"cspt_anid_fk";"ce_cespiti";"codice_part";"anagrafiche_id";"id_anagrafica";"FOREIGN KEY"
"cspt_anid_fk";"ce_cespiti";"id_anagrafica";"anagrafiche_id";"codice_part";"FOREIGN KEY"
"cspt_anid_fk";"ce_cespiti";"id_anagrafica";"anagrafiche_id";"id_anagrafica";"FOREIGN KEY"
"cspt_ceat_fk";"ce_cespiti";"codice_azienda";"centri_attivita";"codice_azienda";"FOREIGN KEY"
"cspt_ceat_fk";"ce_cespiti";"codice_azienda";"centri_attivita";"id_centro_attivita";"FOREIGN KEY"
"cspt_ceat_fk";"ce_cespiti";"id_centro_attivita";"centri_attivita";"codice_azienda";"FOREIGN KEY"
"cspt_ceat_fk";"ce_cespiti";"id_centro_attivita";"centri_attivita";"id_centro_attivita";"FOREIGN KEY"
"cspt_ceco_fk";"ce_cespiti";"id_centro_costo";"centri_costo";"id_centro_costo";"FOREIGN KEY"
"cspt_ceco_fk";"ce_cespiti";"id_centro_costo";"centri_costo";"codice_azienda";"FOREIGN KEY"
"cspt_ceco_fk";"ce_cespiti";"codice_azienda";"centri_costo";"id_centro_costo";"FOREIGN KEY"
"cspt_ceco_fk";"ce_cespiti";"codice_azienda";"centri_costo";"codice_azienda";"FOREIGN KEY"
"cspt_cege_fk";"ce_cespiti";"id_centro_gest";"centri_gestionali";"codice_part";"FOREIGN KEY"
"cspt_cege_fk";"ce_cespiti";"id_centro_gest";"centri_gestionali";"id_centro_gest";"FOREIGN KEY"
"cspt_cege_fk";"ce_cespiti";"codice_part";"centri_gestionali";"codice_part";"FOREIGN KEY"
"cspt_cege_fk";"ce_cespiti";"codice_part";"centri_gestionali";"id_centro_gest";"FOREIGN KEY"
"cspt_cerg_fk";"ce_cespiti";"codice_azienda";"ce_raggruppamenti";"id_raggruppamento";"FOREIGN KEY"
"cspt_cerg_fk";"ce_cespiti";"codice_azienda";"ce_raggruppamenti";"codice_azienda";"FOREIGN KEY"
"cspt_cerg_fk";"ce_cespiti";"id_raggruppamento";"ce_raggruppamenti";"id_raggruppamento";"FOREIGN KEY"
"cspt_cerg_fk";"ce_cespiti";"id_raggruppamento";"ce_raggruppamenti";"codice_azienda";"FOREIGN KEY"
"cspt_ceri1_fk";"ce_cespiti";"codice_part";"centri_riclass";"codice_part";"FOREIGN KEY"
"cspt_ceri1_fk";"ce_cespiti";"codice_part";"centri_riclass";"id_centro_riclass";"FOREIGN KEY"
"cspt_ceri1_fk";"ce_cespiti";"codice_part";"centri_riclass";"prog_riclass";"FOREIGN KEY"
"cspt_ceri1_fk";"ce_cespiti";"prog_riclass1";"centri_riclass";"codice_part";"FOREIGN KEY"
"cspt_ceri1_fk";"ce_cespiti";"prog_riclass1";"centri_riclass";"id_centro_riclass";"FOREIGN KEY"
"cspt_ceri1_fk";"ce_cespiti";"prog_riclass1";"centri_riclass";"prog_riclass";"FOREIGN KEY"
"cspt_ceri1_fk";"ce_cespiti";"id_centro_riclass1";"centri_riclass";"codice_part";"FOREIGN KEY"
"cspt_ceri1_fk";"ce_cespiti";"id_centro_riclass1";"centri_riclass";"id_centro_riclass";"FOREIGN KEY"
"cspt_ceri1_fk";"ce_cespiti";"id_centro_riclass1";"centri_riclass";"prog_riclass";"FOREIGN KEY"
"cspt_ceri2_fk";"ce_cespiti";"prog_riclass2";"centri_riclass";"id_centro_riclass";"FOREIGN KEY"
"cspt_ceri2_fk";"ce_cespiti";"prog_riclass2";"centri_riclass";"codice_part";"FOREIGN KEY"
"cspt_ceri2_fk";"ce_cespiti";"prog_riclass2";"centri_riclass";"prog_riclass";"FOREIGN KEY"
"cspt_ceri2_fk";"ce_cespiti";"codice_part";"centri_riclass";"id_centro_riclass";"FOREIGN KEY"
"cspt_ceri2_fk";"ce_cespiti";"codice_part";"centri_riclass";"codice_part";"FOREIGN KEY"
"cspt_ceri2_fk";"ce_cespiti";"codice_part";"centri_riclass";"prog_riclass";"FOREIGN KEY"
"cspt_ceri2_fk";"ce_cespiti";"id_centro_riclass2";"centri_riclass";"id_centro_riclass";"FOREIGN KEY"
"cspt_ceri2_fk";"ce_cespiti";"id_centro_riclass2";"centri_riclass";"codice_part";"FOREIGN KEY"
"cspt_ceri2_fk";"ce_cespiti";"id_centro_riclass2";"centri_riclass";"prog_riclass";"FOREIGN KEY"
"cspt_ceti_fk";"ce_cespiti";"codice_tipo";"ce_tipi";"codice_tipo";"FOREIGN KEY"
"cspt_cmov_fk";"ce_cespiti";"id_categoria_az";"ce_categorie_az";"codice_specie_ce";"FOREIGN KEY"
"cspt_cmov_fk";"ce_cespiti";"id_categoria_az";"ce_categorie_az";"id_categoria_az";"FOREIGN KEY"
"cspt_cmov_fk";"ce_cespiti";"id_categoria_az";"ce_categorie_az";"codice_categoria_ce";"FOREIGN KEY"
"cspt_cmov_fk";"ce_cespiti";"id_categoria_az";"ce_categorie_az";"codice_azienda";"FOREIGN KEY"
"cspt_cmov_fk";"ce_cespiti";"id_categoria_az";"ce_categorie_az";"codice_gruppo_ce";"FOREIGN KEY"
"cspt_cmov_fk";"ce_cespiti";"codice_categoria_ce";"ce_categorie_az";"codice_specie_ce";"FOREIGN KEY"
"cspt_cmov_fk";"ce_cespiti";"codice_categoria_ce";"ce_categorie_az";"id_categoria_az";"FOREIGN KEY"
"cspt_cmov_fk";"ce_cespiti";"codice_categoria_ce";"ce_categorie_az";"codice_categoria_ce";"FOREIGN KEY"
"cspt_cmov_fk";"ce_cespiti";"codice_categoria_ce";"ce_categorie_az";"codice_azienda";"FOREIGN KEY"
"cspt_cmov_fk";"ce_cespiti";"codice_categoria_ce";"ce_categorie_az";"codice_gruppo_ce";"FOREIGN KEY"
"cspt_cmov_fk";"ce_cespiti";"codice_azienda";"ce_categorie_az";"codice_specie_ce";"FOREIGN KEY"
"cspt_cmov_fk";"ce_cespiti";"codice_azienda";"ce_categorie_az";"id_categoria_az";"FOREIGN KEY"
"cspt_cmov_fk";"ce_cespiti";"codice_azienda";"ce_categorie_az";"codice_categoria_ce";"FOREIGN KEY"
"cspt_cmov_fk";"ce_cespiti";"codice_azienda";"ce_categorie_az";"codice_azienda";"FOREIGN KEY"
"cspt_cmov_fk";"ce_cespiti";"codice_azienda";"ce_categorie_az";"codice_gruppo_ce";"FOREIGN KEY"
"cspt_cmov_fk";"ce_cespiti";"codice_specie_ce";"ce_categorie_az";"codice_specie_ce";"FOREIGN KEY"
"cspt_cmov_fk";"ce_cespiti";"codice_specie_ce";"ce_categorie_az";"id_categoria_az";"FOREIGN KEY"
"cspt_cmov_fk";"ce_cespiti";"codice_specie_ce";"ce_categorie_az";"codice_categoria_ce";"FOREIGN KEY"
"cspt_cmov_fk";"ce_cespiti";"codice_specie_ce";"ce_categorie_az";"codice_azienda";"FOREIGN KEY"
"cspt_cmov_fk";"ce_cespiti";"codice_specie_ce";"ce_categorie_az";"codice_gruppo_ce";"FOREIGN KEY"
"cspt_cmov_fk";"ce_cespiti";"codice_gruppo_ce";"ce_categorie_az";"codice_specie_ce";"FOREIGN KEY"
"cspt_cmov_fk";"ce_cespiti";"codice_gruppo_ce";"ce_categorie_az";"id_categoria_az";"FOREIGN KEY"
"cspt_cmov_fk";"ce_cespiti";"codice_gruppo_ce";"ce_categorie_az";"codice_categoria_ce";"FOREIGN KEY"
"cspt_cmov_fk";"ce_cespiti";"codice_gruppo_ce";"ce_categorie_az";"codice_azienda";"FOREIGN KEY"
"cspt_cmov_fk";"ce_cespiti";"codice_gruppo_ce";"ce_categorie_az";"codice_gruppo_ce";"FOREIGN KEY"
"cspt_even_fk";"ce_cespiti";"codice_azienda";"eventi";"codice_azienda";"FOREIGN KEY"
"cspt_even_fk";"ce_cespiti";"codice_azienda";"eventi";"id_evento";"FOREIGN KEY"
"cspt_even_fk";"ce_cespiti";"id_evento";"eventi";"codice_azienda";"FOREIGN KEY"
"cspt_even_fk";"ce_cespiti";"id_evento";"eventi";"id_evento";"FOREIGN KEY"
"cspt_soco_amm_fk";"ce_cespiti";"codice_part";"sottoconti";"id_pdc";"FOREIGN KEY"
"cspt_soco_amm_fk";"ce_cespiti";"codice_part";"sottoconti";"id_sottoconto";"FOREIGN KEY"
"cspt_soco_amm_fk";"ce_cespiti";"codice_part";"sottoconti";"codice_template_fiscale";"FOREIGN KEY"
"cspt_soco_amm_fk";"ce_cespiti";"codice_part";"sottoconti";"codice_part";"FOREIGN KEY"
"cspt_soco_amm_fk";"ce_cespiti";"id_sottoconto_amm";"sottoconti";"id_pdc";"FOREIGN KEY"
"cspt_soco_amm_fk";"ce_cespiti";"id_sottoconto_amm";"sottoconti";"id_sottoconto";"FOREIGN KEY"
"cspt_soco_amm_fk";"ce_cespiti";"id_sottoconto_amm";"sottoconti";"codice_template_fiscale";"FOREIGN KEY"
"cspt_soco_amm_fk";"ce_cespiti";"id_sottoconto_amm";"sottoconti";"codice_part";"FOREIGN KEY"
"cspt_soco_amm_fk";"ce_cespiti";"id_pdc";"sottoconti";"id_pdc";"FOREIGN KEY"
"cspt_soco_amm_fk";"ce_cespiti";"id_pdc";"sottoconti";"id_sottoconto";"FOREIGN KEY"
"cspt_soco_amm_fk";"ce_cespiti";"id_pdc";"sottoconti";"codice_template_fiscale";"FOREIGN KEY"
"cspt_soco_amm_fk";"ce_cespiti";"id_pdc";"sottoconti";"codice_part";"FOREIGN KEY"
"cspt_soco_amm_fk";"ce_cespiti";"codice_template_fiscale";"sottoconti";"id_pdc";"FOREIGN KEY"
"cspt_soco_amm_fk";"ce_cespiti";"codice_template_fiscale";"sottoconti";"id_sottoconto";"FOREIGN KEY"
"cspt_soco_amm_fk";"ce_cespiti";"codice_template_fiscale";"sottoconti";"codice_template_fiscale";"FOREIGN KEY"
"cspt_soco_amm_fk";"ce_cespiti";"codice_template_fiscale";"sottoconti";"codice_part";"FOREIGN KEY"
"cspt_soco_amm_ind_fk";"ce_cespiti";"codice_part";"sottoconti";"id_pdc";"FOREIGN KEY"
"cspt_soco_amm_ind_fk";"ce_cespiti";"codice_part";"sottoconti";"id_sottoconto";"FOREIGN KEY"
"cspt_soco_amm_ind_fk";"ce_cespiti";"codice_part";"sottoconti";"codice_template_fiscale";"FOREIGN KEY"
"cspt_soco_amm_ind_fk";"ce_cespiti";"codice_part";"sottoconti";"codice_part";"FOREIGN KEY"
"cspt_soco_amm_ind_fk";"ce_cespiti";"id_sottoconto_amm_ind";"sottoconti";"id_pdc";"FOREIGN KEY"
"cspt_soco_amm_ind_fk";"ce_cespiti";"id_sottoconto_amm_ind";"sottoconti";"id_sottoconto";"FOREIGN KEY"
"cspt_soco_amm_ind_fk";"ce_cespiti";"id_sottoconto_amm_ind";"sottoconti";"codice_template_fiscale";"FOREIGN KEY"
"cspt_soco_amm_ind_fk";"ce_cespiti";"id_sottoconto_amm_ind";"sottoconti";"codice_part";"FOREIGN KEY"
"cspt_soco_amm_ind_fk";"ce_cespiti";"id_pdc";"sottoconti";"id_pdc";"FOREIGN KEY"
"cspt_soco_amm_ind_fk";"ce_cespiti";"id_pdc";"sottoconti";"id_sottoconto";"FOREIGN KEY"
"cspt_soco_amm_ind_fk";"ce_cespiti";"id_pdc";"sottoconti";"codice_template_fiscale";"FOREIGN KEY"
"cspt_soco_amm_ind_fk";"ce_cespiti";"id_pdc";"sottoconti";"codice_part";"FOREIGN KEY"
"cspt_soco_amm_ind_fk";"ce_cespiti";"codice_template_fiscale";"sottoconti";"id_pdc";"FOREIGN KEY"
"cspt_soco_amm_ind_fk";"ce_cespiti";"codice_template_fiscale";"sottoconti";"id_sottoconto";"FOREIGN KEY"
"cspt_soco_amm_ind_fk";"ce_cespiti";"codice_template_fiscale";"sottoconti";"codice_template_fiscale";"FOREIGN KEY"
"cspt_soco_amm_ind_fk";"ce_cespiti";"codice_template_fiscale";"sottoconti";"codice_part";"FOREIGN KEY"
"cspt_soco_fondo_amm_fk";"ce_cespiti";"id_sottoconto_fondo_amm";"sottoconti";"codice_part";"FOREIGN KEY"
"cspt_soco_fondo_amm_fk";"ce_cespiti";"id_sottoconto_fondo_amm";"sottoconti";"id_sottoconto";"FOREIGN KEY"
"cspt_soco_fondo_amm_fk";"ce_cespiti";"id_sottoconto_fondo_amm";"sottoconti";"id_pdc";"FOREIGN KEY"
"cspt_soco_fondo_amm_fk";"ce_cespiti";"id_sottoconto_fondo_amm";"sottoconti";"codice_template_fiscale";"FOREIGN KEY"
"cspt_soco_fondo_amm_fk";"ce_cespiti";"codice_part";"sottoconti";"codice_part";"FOREIGN KEY"
"cspt_soco_fondo_amm_fk";"ce_cespiti";"codice_part";"sottoconti";"id_sottoconto";"FOREIGN KEY"
"cspt_soco_fondo_amm_fk";"ce_cespiti";"codice_part";"sottoconti";"id_pdc";"FOREIGN KEY"
"cspt_soco_fondo_amm_fk";"ce_cespiti";"codice_part";"sottoconti";"codice_template_fiscale";"FOREIGN KEY"
"cspt_soco_fondo_amm_fk";"ce_cespiti";"id_pdc";"sottoconti";"codice_part";"FOREIGN KEY"
"cspt_soco_fondo_amm_fk";"ce_cespiti";"id_pdc";"sottoconti";"id_sottoconto";"FOREIGN KEY"
"cspt_soco_fondo_amm_fk";"ce_cespiti";"id_pdc";"sottoconti";"id_pdc";"FOREIGN KEY"
"cspt_soco_fondo_amm_fk";"ce_cespiti";"id_pdc";"sottoconti";"codice_template_fiscale";"FOREIGN KEY"
"cspt_soco_fondo_amm_fk";"ce_cespiti";"codice_template_fiscale";"sottoconti";"codice_part";"FOREIGN KEY"
"cspt_soco_fondo_amm_fk";"ce_cespiti";"codice_template_fiscale";"sottoconti";"id_sottoconto";"FOREIGN KEY"
"cspt_soco_fondo_amm_fk";"ce_cespiti";"codice_template_fiscale";"sottoconti";"id_pdc";"FOREIGN KEY"
"cspt_soco_fondo_amm_fk";"ce_cespiti";"codice_template_fiscale";"sottoconti";"codice_template_fiscale";"FOREIGN KEY"
"cspt_soco_imm_fk";"ce_cespiti";"id_sottoconto_immobilizzazioni";"sottoconti";"codice_part";"FOREIGN KEY"
"cspt_soco_imm_fk";"ce_cespiti";"id_sottoconto_immobilizzazioni";"sottoconti";"id_pdc";"FOREIGN KEY"
"cspt_soco_imm_fk";"ce_cespiti";"id_sottoconto_immobilizzazioni";"sottoconti";"codice_template_fiscale";"FOREIGN KEY"
"cspt_soco_imm_fk";"ce_cespiti";"id_sottoconto_immobilizzazioni";"sottoconti";"id_sottoconto";"FOREIGN KEY"
"cspt_soco_imm_fk";"ce_cespiti";"id_pdc";"sottoconti";"codice_part";"FOREIGN KEY"
"cspt_soco_imm_fk";"ce_cespiti";"id_pdc";"sottoconti";"id_pdc";"FOREIGN KEY"
"cspt_soco_imm_fk";"ce_cespiti";"id_pdc";"sottoconti";"codice_template_fiscale";"FOREIGN KEY"
"cspt_soco_imm_fk";"ce_cespiti";"id_pdc";"sottoconti";"id_sottoconto";"FOREIGN KEY"
"cspt_soco_imm_fk";"ce_cespiti";"codice_part";"sottoconti";"codice_part";"FOREIGN KEY"
"cspt_soco_imm_fk";"ce_cespiti";"codice_part";"sottoconti";"id_pdc";"FOREIGN KEY"
"cspt_soco_imm_fk";"ce_cespiti";"codice_part";"sottoconti";"codice_template_fiscale";"FOREIGN KEY"
"cspt_soco_imm_fk";"ce_cespiti";"codice_part";"sottoconti";"id_sottoconto";"FOREIGN KEY"
"cspt_soco_imm_fk";"ce_cespiti";"codice_template_fiscale";"sottoconti";"codice_part";"FOREIGN KEY"
"cspt_soco_imm_fk";"ce_cespiti";"codice_template_fiscale";"sottoconti";"id_pdc";"FOREIGN KEY"
"cspt_soco_imm_fk";"ce_cespiti";"codice_template_fiscale";"sottoconti";"codice_template_fiscale";"FOREIGN KEY"
"cspt_soco_imm_fk";"ce_cespiti";"codice_template_fiscale";"sottoconti";"id_sottoconto";"FOREIGN KEY"
"csrr_cprr_int_fk";"cpl_srr";"id_divisione";"cpl_risk_response";"id_divisione";"FOREIGN KEY"
"csrr_cprr_int_fk";"cpl_srr";"id_divisione";"cpl_risk_response";"codice_azienda";"FOREIGN KEY"
"csrr_cprr_int_fk";"cpl_srr";"id_divisione";"cpl_risk_response";"id_risk_response";"FOREIGN KEY"
"csrr_cprr_int_fk";"cpl_srr";"id_divisione";"cpl_risk_response";"id_esercizio";"FOREIGN KEY"
"csrr_cprr_int_fk";"cpl_srr";"id_esercizio";"cpl_risk_response";"id_divisione";"FOREIGN KEY"
"csrr_cprr_int_fk";"cpl_srr";"id_esercizio";"cpl_risk_response";"codice_azienda";"FOREIGN KEY"
"csrr_cprr_int_fk";"cpl_srr";"id_esercizio";"cpl_risk_response";"id_risk_response";"FOREIGN KEY"
"csrr_cprr_int_fk";"cpl_srr";"id_esercizio";"cpl_risk_response";"id_esercizio";"FOREIGN KEY"
"csrr_cprr_int_fk";"cpl_srr";"codice_azienda";"cpl_risk_response";"id_divisione";"FOREIGN KEY"
"csrr_cprr_int_fk";"cpl_srr";"codice_azienda";"cpl_risk_response";"codice_azienda";"FOREIGN KEY"
"csrr_cprr_int_fk";"cpl_srr";"codice_azienda";"cpl_risk_response";"id_risk_response";"FOREIGN KEY"
"csrr_cprr_int_fk";"cpl_srr";"codice_azienda";"cpl_risk_response";"id_esercizio";"FOREIGN KEY"
"csrr_cprr_int_fk";"cpl_srr";"id_risk_response";"cpl_risk_response";"id_divisione";"FOREIGN KEY"
"csrr_cprr_int_fk";"cpl_srr";"id_risk_response";"cpl_risk_response";"codice_azienda";"FOREIGN KEY"
"csrr_cprr_int_fk";"cpl_srr";"id_risk_response";"cpl_risk_response";"id_risk_response";"FOREIGN KEY"
"csrr_cprr_int_fk";"cpl_srr";"id_risk_response";"cpl_risk_response";"id_esercizio";"FOREIGN KEY"
"csrr_cpsk_int_fk";"cpl_srr";"id_esercizio";"cpl_soglie";"id_esercizio";"FOREIGN KEY"
"csrr_cpsk_int_fk";"cpl_srr";"id_esercizio";"cpl_soglie";"id_divisione";"FOREIGN KEY"
"csrr_cpsk_int_fk";"cpl_srr";"id_esercizio";"cpl_soglie";"codice_azienda";"FOREIGN KEY"
"csrr_cpsk_int_fk";"cpl_srr";"id_esercizio";"cpl_soglie";"soglia_a";"FOREIGN KEY"
"csrr_cpsk_int_fk";"cpl_srr";"id_esercizio";"cpl_soglie";"tipo_soglia";"FOREIGN KEY"
"csrr_cpsk_int_fk";"cpl_srr";"tipo_soglia_int";"cpl_soglie";"id_esercizio";"FOREIGN KEY"
"csrr_cpsk_int_fk";"cpl_srr";"tipo_soglia_int";"cpl_soglie";"id_divisione";"FOREIGN KEY"
"csrr_cpsk_int_fk";"cpl_srr";"tipo_soglia_int";"cpl_soglie";"codice_azienda";"FOREIGN KEY"
"csrr_cpsk_int_fk";"cpl_srr";"tipo_soglia_int";"cpl_soglie";"soglia_a";"FOREIGN KEY"
"csrr_cpsk_int_fk";"cpl_srr";"tipo_soglia_int";"cpl_soglie";"tipo_soglia";"FOREIGN KEY"
"csrr_cpsk_int_fk";"cpl_srr";"soglia_a_int";"cpl_soglie";"id_esercizio";"FOREIGN KEY"
"csrr_cpsk_int_fk";"cpl_srr";"soglia_a_int";"cpl_soglie";"id_divisione";"FOREIGN KEY"
"csrr_cpsk_int_fk";"cpl_srr";"soglia_a_int";"cpl_soglie";"codice_azienda";"FOREIGN KEY"
"csrr_cpsk_int_fk";"cpl_srr";"soglia_a_int";"cpl_soglie";"soglia_a";"FOREIGN KEY"
"csrr_cpsk_int_fk";"cpl_srr";"soglia_a_int";"cpl_soglie";"tipo_soglia";"FOREIGN KEY"
"csrr_cpsk_int_fk";"cpl_srr";"id_divisione";"cpl_soglie";"id_esercizio";"FOREIGN KEY"
"csrr_cpsk_int_fk";"cpl_srr";"id_divisione";"cpl_soglie";"id_divisione";"FOREIGN KEY"
"csrr_cpsk_int_fk";"cpl_srr";"id_divisione";"cpl_soglie";"codice_azienda";"FOREIGN KEY"
"csrr_cpsk_int_fk";"cpl_srr";"id_divisione";"cpl_soglie";"soglia_a";"FOREIGN KEY"
"csrr_cpsk_int_fk";"cpl_srr";"id_divisione";"cpl_soglie";"tipo_soglia";"FOREIGN KEY"
"csrr_cpsk_int_fk";"cpl_srr";"codice_azienda";"cpl_soglie";"id_esercizio";"FOREIGN KEY"
"csrr_cpsk_int_fk";"cpl_srr";"codice_azienda";"cpl_soglie";"id_divisione";"FOREIGN KEY"
"csrr_cpsk_int_fk";"cpl_srr";"codice_azienda";"cpl_soglie";"codice_azienda";"FOREIGN KEY"
"csrr_cpsk_int_fk";"cpl_srr";"codice_azienda";"cpl_soglie";"soglia_a";"FOREIGN KEY"
"csrr_cpsk_int_fk";"cpl_srr";"codice_azienda";"cpl_soglie";"tipo_soglia";"FOREIGN KEY"
"csrr_cpsk_pk_fk";"cpl_srr";"id_divisione";"cpl_soglie";"id_esercizio";"FOREIGN KEY"
"csrr_cpsk_pk_fk";"cpl_srr";"id_divisione";"cpl_soglie";"codice_azienda";"FOREIGN KEY"
"csrr_cpsk_pk_fk";"cpl_srr";"id_divisione";"cpl_soglie";"soglia_a";"FOREIGN KEY"
"csrr_cpsk_pk_fk";"cpl_srr";"id_divisione";"cpl_soglie";"tipo_soglia";"FOREIGN KEY"
"csrr_cpsk_pk_fk";"cpl_srr";"id_divisione";"cpl_soglie";"id_divisione";"FOREIGN KEY"
"csrr_cpsk_pk_fk";"cpl_srr";"id_esercizio";"cpl_soglie";"id_esercizio";"FOREIGN KEY"
"csrr_cpsk_pk_fk";"cpl_srr";"id_esercizio";"cpl_soglie";"codice_azienda";"FOREIGN KEY"
"csrr_cpsk_pk_fk";"cpl_srr";"id_esercizio";"cpl_soglie";"soglia_a";"FOREIGN KEY"
"csrr_cpsk_pk_fk";"cpl_srr";"id_esercizio";"cpl_soglie";"tipo_soglia";"FOREIGN KEY"
"csrr_cpsk_pk_fk";"cpl_srr";"id_esercizio";"cpl_soglie";"id_divisione";"FOREIGN KEY"
"csrr_cpsk_pk_fk";"cpl_srr";"tipo_soglia_pk";"cpl_soglie";"id_esercizio";"FOREIGN KEY"
"csrr_cpsk_pk_fk";"cpl_srr";"tipo_soglia_pk";"cpl_soglie";"codice_azienda";"FOREIGN KEY"
"csrr_cpsk_pk_fk";"cpl_srr";"tipo_soglia_pk";"cpl_soglie";"soglia_a";"FOREIGN KEY"
"csrr_cpsk_pk_fk";"cpl_srr";"tipo_soglia_pk";"cpl_soglie";"tipo_soglia";"FOREIGN KEY"
"csrr_cpsk_pk_fk";"cpl_srr";"tipo_soglia_pk";"cpl_soglie";"id_divisione";"FOREIGN KEY"
"csrr_cpsk_pk_fk";"cpl_srr";"soglia_a_pk";"cpl_soglie";"id_esercizio";"FOREIGN KEY"
"csrr_cpsk_pk_fk";"cpl_srr";"soglia_a_pk";"cpl_soglie";"codice_azienda";"FOREIGN KEY"
"csrr_cpsk_pk_fk";"cpl_srr";"soglia_a_pk";"cpl_soglie";"soglia_a";"FOREIGN KEY"
"csrr_cpsk_pk_fk";"cpl_srr";"soglia_a_pk";"cpl_soglie";"tipo_soglia";"FOREIGN KEY"
"csrr_cpsk_pk_fk";"cpl_srr";"soglia_a_pk";"cpl_soglie";"id_divisione";"FOREIGN KEY"
"csrr_cpsk_pk_fk";"cpl_srr";"codice_azienda";"cpl_soglie";"id_esercizio";"FOREIGN KEY"
"csrr_cpsk_pk_fk";"cpl_srr";"codice_azienda";"cpl_soglie";"codice_azienda";"FOREIGN KEY"
"csrr_cpsk_pk_fk";"cpl_srr";"codice_azienda";"cpl_soglie";"soglia_a";"FOREIGN KEY"
"csrr_cpsk_pk_fk";"cpl_srr";"codice_azienda";"cpl_soglie";"tipo_soglia";"FOREIGN KEY"
"csrr_cpsk_pk_fk";"cpl_srr";"codice_azienda";"cpl_soglie";"id_divisione";"FOREIGN KEY"
"csrr_eser_fk";"cpl_srr";"codice_azienda";"esercizi";"codice_azienda";"FOREIGN KEY"
"csrr_eser_fk";"cpl_srr";"codice_azienda";"esercizi";"id_divisione";"FOREIGN KEY"
"csrr_eser_fk";"cpl_srr";"codice_azienda";"esercizi";"id_esercizio";"FOREIGN KEY"
"csrr_eser_fk";"cpl_srr";"id_esercizio";"esercizi";"codice_azienda";"FOREIGN KEY"
"csrr_eser_fk";"cpl_srr";"id_esercizio";"esercizi";"id_divisione";"FOREIGN KEY"
"csrr_eser_fk";"cpl_srr";"id_esercizio";"esercizi";"id_esercizio";"FOREIGN KEY"
"csrr_eser_fk";"cpl_srr";"id_divisione";"esercizi";"codice_azienda";"FOREIGN KEY"
"csrr_eser_fk";"cpl_srr";"id_divisione";"esercizi";"id_divisione";"FOREIGN KEY"
"csrr_eser_fk";"cpl_srr";"id_divisione";"esercizi";"id_esercizio";"FOREIGN KEY"
"cstd_anrs_fk";"costi_std";"id_risorsa";"anagrafiche_id";"codice_part";"FOREIGN KEY"
"cstd_anrs_fk";"costi_std";"id_risorsa";"anagrafiche_id";"id_anagrafica";"FOREIGN KEY"
"cstd_anrs_fk";"costi_std";"codice_part";"anagrafiche_id";"codice_part";"FOREIGN KEY"
"cstd_anrs_fk";"costi_std";"codice_part";"anagrafiche_id";"id_anagrafica";"FOREIGN KEY"
"cstd_atre_fk";"costi_std";"id_attrezzatura";"attrezzature";"id_attrezzatura";"FOREIGN KEY"
"cstd_atre_fk";"costi_std";"id_attrezzatura";"attrezzature";"codice_azienda";"FOREIGN KEY"
"cstd_atre_fk";"costi_std";"codice_azienda";"attrezzature";"id_attrezzatura";"FOREIGN KEY"
"cstd_atre_fk";"costi_std";"codice_azienda";"attrezzature";"codice_azienda";"FOREIGN KEY"
"cstd_azie_fk";"costi_std";"codice_azienda";"aziende";"codice_azienda";"FOREIGN KEY"
"cstd_mezz_fk";"costi_std";"codice_azienda";"mezzi";"targa_mezzo";"FOREIGN KEY"
"cstd_mezz_fk";"costi_std";"codice_azienda";"mezzi";"codice_azienda";"FOREIGN KEY"
"cstd_mezz_fk";"costi_std";"targa_mezzo";"mezzi";"targa_mezzo";"FOREIGN KEY"
"cstd_mezz_fk";"costi_std";"targa_mezzo";"mezzi";"codice_azienda";"FOREIGN KEY"
"cstd_tiri_fk";"costi_std";"id_tipo_risorsa";"tipi_risorsa";"codice_azienda";"FOREIGN KEY"
"cstd_tiri_fk";"costi_std";"id_tipo_risorsa";"tipi_risorsa";"id_tipo_risorsa";"FOREIGN KEY"
"cstd_tiri_fk";"costi_std";"codice_azienda";"tipi_risorsa";"codice_azienda";"FOREIGN KEY"
"cstd_tiri_fk";"costi_std";"codice_azienda";"tipi_risorsa";"id_tipo_risorsa";"FOREIGN KEY"
"cszn__prg_fk";"consuntivazioni";"codice_azienda";"progetti";"id_progetto";"FOREIGN KEY"
"cszn__prg_fk";"consuntivazioni";"codice_azienda";"progetti";"codice_azienda";"FOREIGN KEY"
"cszn__prg_fk";"consuntivazioni";"id_progetto";"progetti";"id_progetto";"FOREIGN KEY"
"cszn__prg_fk";"consuntivazioni";"id_progetto";"progetti";"codice_azienda";"FOREIGN KEY"
"cszn__prg_fs_fk";"consuntivazioni";"id_fase";"progetti_fasi";"id_fase";"FOREIGN KEY"
"cszn__prg_fs_fk";"consuntivazioni";"id_fase";"progetti_fasi";"codice_azienda";"FOREIGN KEY"
"cszn__prg_fs_fk";"consuntivazioni";"codice_azienda";"progetti_fasi";"id_fase";"FOREIGN KEY"
"cszn__prg_fs_fk";"consuntivazioni";"codice_azienda";"progetti_fasi";"codice_azienda";"FOREIGN KEY"
"cszn_anvr_cli_fk";"consuntivazioni";"id_cliente";"anagrafiche_vr";"id_anagrafica";"FOREIGN KEY"
"cszn_anvr_cli_fk";"consuntivazioni";"id_cliente";"anagrafiche_vr";"codice_part";"FOREIGN KEY"
"cszn_anvr_cli_fk";"consuntivazioni";"id_cliente";"anagrafiche_vr";"prog_vr";"FOREIGN KEY"
"cszn_anvr_cli_fk";"consuntivazioni";"codice_part";"anagrafiche_vr";"id_anagrafica";"FOREIGN KEY"
"cszn_anvr_cli_fk";"consuntivazioni";"codice_part";"anagrafiche_vr";"codice_part";"FOREIGN KEY"
"cszn_anvr_cli_fk";"consuntivazioni";"codice_part";"anagrafiche_vr";"prog_vr";"FOREIGN KEY"
"cszn_anvr_cli_fk";"consuntivazioni";"prog_vr_cli";"anagrafiche_vr";"id_anagrafica";"FOREIGN KEY"
"cszn_anvr_cli_fk";"consuntivazioni";"prog_vr_cli";"anagrafiche_vr";"codice_part";"FOREIGN KEY"
"cszn_anvr_cli_fk";"consuntivazioni";"prog_vr_cli";"anagrafiche_vr";"prog_vr";"FOREIGN KEY"
"cszn_anvr_dest_fk";"consuntivazioni";"id_luogo_intervento";"anagrafiche_vr";"id_anagrafica";"FOREIGN KEY"
"cszn_anvr_dest_fk";"consuntivazioni";"id_luogo_intervento";"anagrafiche_vr";"codice_part";"FOREIGN KEY"
"cszn_anvr_dest_fk";"consuntivazioni";"id_luogo_intervento";"anagrafiche_vr";"prog_vr";"FOREIGN KEY"
"cszn_anvr_dest_fk";"consuntivazioni";"prog_vr_luogo";"anagrafiche_vr";"id_anagrafica";"FOREIGN KEY"
"cszn_anvr_dest_fk";"consuntivazioni";"prog_vr_luogo";"anagrafiche_vr";"codice_part";"FOREIGN KEY"
"cszn_anvr_dest_fk";"consuntivazioni";"prog_vr_luogo";"anagrafiche_vr";"prog_vr";"FOREIGN KEY"
"cszn_anvr_dest_fk";"consuntivazioni";"codice_part";"anagrafiche_vr";"id_anagrafica";"FOREIGN KEY"
"cszn_anvr_dest_fk";"consuntivazioni";"codice_part";"anagrafiche_vr";"codice_part";"FOREIGN KEY"
"cszn_anvr_dest_fk";"consuntivazioni";"codice_part";"anagrafiche_vr";"prog_vr";"FOREIGN KEY"
"cszn_cfg__cszn__fk";"consuntivazioni_cfg";"id_cons";"consuntivazioni";"codice_azienda";"FOREIGN KEY"
"cszn_cfg__cszn__fk";"consuntivazioni_cfg";"id_cons";"consuntivazioni";"id_cons";"FOREIGN KEY"
"cszn_cfg__cszn__fk";"consuntivazioni_cfg";"codice_azienda";"consuntivazioni";"codice_azienda";"FOREIGN KEY"
"cszn_cfg__cszn__fk";"consuntivazioni_cfg";"codice_azienda";"consuntivazioni";"id_cons";"FOREIGN KEY"
"cszn_ctrs_trff_fk";"consuntivazioni";"id_contratto_risorsa_tariffa";"contratti_risorse";"codice_azienda";"FOREIGN KEY"
"cszn_ctrs_trff_fk";"consuntivazioni";"id_contratto_risorsa_tariffa";"contratti_risorse";"id_contratto_risorsa";"FOREIGN KEY"
"cszn_ctrs_trff_fk";"consuntivazioni";"id_contratto_risorsa_tariffa";"contratti_risorse";"id_contratto";"FOREIGN KEY"
"cszn_ctrs_trff_fk";"consuntivazioni";"codice_azienda";"contratti_risorse";"codice_azienda";"FOREIGN KEY"
"cszn_ctrs_trff_fk";"consuntivazioni";"codice_azienda";"contratti_risorse";"id_contratto_risorsa";"FOREIGN KEY"
"cszn_ctrs_trff_fk";"consuntivazioni";"codice_azienda";"contratti_risorse";"id_contratto";"FOREIGN KEY"
"cszn_ctrs_trff_fk";"consuntivazioni";"id_contratto";"contratti_risorse";"codice_azienda";"FOREIGN KEY"
"cszn_ctrs_trff_fk";"consuntivazioni";"id_contratto";"contratti_risorse";"id_contratto_risorsa";"FOREIGN KEY"
"cszn_ctrs_trff_fk";"consuntivazioni";"id_contratto";"contratti_risorse";"id_contratto";"FOREIGN KEY"
"cszn_itrs_fk";"consuntivazioni";"id_intervento";"interventi_risorse";"id_risorsa";"FOREIGN KEY"
"cszn_itrs_fk";"consuntivazioni";"id_intervento";"interventi_risorse";"codice_azienda";"FOREIGN KEY"
"cszn_itrs_fk";"consuntivazioni";"id_intervento";"interventi_risorse";"id_intervento";"FOREIGN KEY"
"cszn_itrs_fk";"consuntivazioni";"id_risorsa";"interventi_risorse";"id_risorsa";"FOREIGN KEY"
"cszn_itrs_fk";"consuntivazioni";"id_risorsa";"interventi_risorse";"codice_azienda";"FOREIGN KEY"
"cszn_itrs_fk";"consuntivazioni";"id_risorsa";"interventi_risorse";"id_intervento";"FOREIGN KEY"
"cszn_itrs_fk";"consuntivazioni";"codice_azienda";"interventi_risorse";"id_risorsa";"FOREIGN KEY"
"cszn_itrs_fk";"consuntivazioni";"codice_azienda";"interventi_risorse";"codice_azienda";"FOREIGN KEY"
"cszn_itrs_fk";"consuntivazioni";"codice_azienda";"interventi_risorse";"id_intervento";"FOREIGN KEY"
"cszn_ocat_fk";"consuntivazioni";"codice_azienda";"ordini_clienti_attivita";"numero_ordine";"FOREIGN KEY"
"cszn_ocat_fk";"consuntivazioni";"codice_azienda";"ordini_clienti_attivita";"prog_attivita_ordine";"FOREIGN KEY"
"cszn_ocat_fk";"consuntivazioni";"codice_azienda";"ordini_clienti_attivita";"codice_azienda";"FOREIGN KEY"
"cszn_ocat_fk";"consuntivazioni";"numero_ordine";"ordini_clienti_attivita";"numero_ordine";"FOREIGN KEY"
"cszn_ocat_fk";"consuntivazioni";"numero_ordine";"ordini_clienti_attivita";"prog_attivita_ordine";"FOREIGN KEY"
"cszn_ocat_fk";"consuntivazioni";"numero_ordine";"ordini_clienti_attivita";"codice_azienda";"FOREIGN KEY"
"cszn_ocat_fk";"consuntivazioni";"prog_attivita_ordine";"ordini_clienti_attivita";"numero_ordine";"FOREIGN KEY"
"cszn_ocat_fk";"consuntivazioni";"prog_attivita_ordine";"ordini_clienti_attivita";"prog_attivita_ordine";"FOREIGN KEY"
"cszn_ocat_fk";"consuntivazioni";"prog_attivita_ordine";"ordini_clienti_attivita";"codice_azienda";"FOREIGN KEY"
"cszn_tlim_fk";"consuntivazioni";"codice_azienda";"tipi_luogo_impegni";"codice_azienda";"FOREIGN KEY"
"cszn_tlim_fk";"consuntivazioni";"codice_azienda";"tipi_luogo_impegni";"codice_tipo_luogo";"FOREIGN KEY"
"cszn_tlim_fk";"consuntivazioni";"codice_tipo_luogo";"tipi_luogo_impegni";"codice_azienda";"FOREIGN KEY"
"cszn_tlim_fk";"consuntivazioni";"codice_tipo_luogo";"tipi_luogo_impegni";"codice_tipo_luogo";"FOREIGN KEY"
"ctce_cee_fk";"conti_cee";"id_cee_arr";"cee";"id_cee";"FOREIGN KEY"
"ctce_ctce_fk";"conti_cee";"id_conto_cee_parent";"conti_cee";"id_conto_cee";"FOREIGN KEY"
"ctco_alqt_acq_fk";"categorie_commerciali";"codice_part";"aliquote";"codice_part";"FOREIGN KEY"
"ctco_alqt_acq_fk";"categorie_commerciali";"codice_part";"aliquote";"codice_aliquota";"FOREIGN KEY"
"ctco_alqt_acq_fk";"categorie_commerciali";"codice_aliquota_iva_acq";"aliquote";"codice_part";"FOREIGN KEY"
"ctco_alqt_acq_fk";"categorie_commerciali";"codice_aliquota_iva_acq";"aliquote";"codice_aliquota";"FOREIGN KEY"
"ctco_alqt_ven_fk";"categorie_commerciali";"codice_part";"aliquote";"codice_aliquota";"FOREIGN KEY"
"ctco_alqt_ven_fk";"categorie_commerciali";"codice_part";"aliquote";"codice_part";"FOREIGN KEY"
"ctco_alqt_ven_fk";"categorie_commerciali";"codice_aliquota_iva_ven";"aliquote";"codice_aliquota";"FOREIGN KEY"
"ctco_alqt_ven_fk";"categorie_commerciali";"codice_aliquota_iva_ven";"aliquote";"codice_part";"FOREIGN KEY"
"ctco_ctco_fk";"categorie_commerciali";"codice_cat_comm_padre";"categorie_commerciali";"codice_cat_comm";"FOREIGN KEY"
"ctco_ctco_fk";"categorie_commerciali";"codice_cat_comm_padre";"categorie_commerciali";"codice_azienda";"FOREIGN KEY"
"ctco_ctco_fk";"categorie_commerciali";"codice_azienda";"categorie_commerciali";"codice_cat_comm";"FOREIGN KEY"
"ctco_ctco_fk";"categorie_commerciali";"codice_azienda";"categorie_commerciali";"codice_azienda";"FOREIGN KEY"
"ctco_soco_acq_fk";"categorie_commerciali";"codice_part";"sottoconti";"codice_part";"FOREIGN KEY"
"ctco_soco_acq_fk";"categorie_commerciali";"codice_part";"sottoconti";"id_sottoconto";"FOREIGN KEY"
"ctco_soco_acq_fk";"categorie_commerciali";"codice_part";"sottoconti";"codice_template_fiscale";"FOREIGN KEY"
"ctco_soco_acq_fk";"categorie_commerciali";"codice_part";"sottoconti";"id_pdc";"FOREIGN KEY"
"ctco_soco_acq_fk";"categorie_commerciali";"id_sottoconto_acq";"sottoconti";"codice_part";"FOREIGN KEY"
"ctco_soco_acq_fk";"categorie_commerciali";"id_sottoconto_acq";"sottoconti";"id_sottoconto";"FOREIGN KEY"
"ctco_soco_acq_fk";"categorie_commerciali";"id_sottoconto_acq";"sottoconti";"codice_template_fiscale";"FOREIGN KEY"
"ctco_soco_acq_fk";"categorie_commerciali";"id_sottoconto_acq";"sottoconti";"id_pdc";"FOREIGN KEY"
"ctco_soco_acq_fk";"categorie_commerciali";"codice_template_fiscale";"sottoconti";"codice_part";"FOREIGN KEY"
"ctco_soco_acq_fk";"categorie_commerciali";"codice_template_fiscale";"sottoconti";"id_sottoconto";"FOREIGN KEY"
"ctco_soco_acq_fk";"categorie_commerciali";"codice_template_fiscale";"sottoconti";"codice_template_fiscale";"FOREIGN KEY"
"ctco_soco_acq_fk";"categorie_commerciali";"codice_template_fiscale";"sottoconti";"id_pdc";"FOREIGN KEY"
"ctco_soco_acq_fk";"categorie_commerciali";"id_pdc";"sottoconti";"codice_part";"FOREIGN KEY"
"ctco_soco_acq_fk";"categorie_commerciali";"id_pdc";"sottoconti";"id_sottoconto";"FOREIGN KEY"
"ctco_soco_acq_fk";"categorie_commerciali";"id_pdc";"sottoconti";"codice_template_fiscale";"FOREIGN KEY"
"ctco_soco_acq_fk";"categorie_commerciali";"id_pdc";"sottoconti";"id_pdc";"FOREIGN KEY"
"ctco_soco_fk";"categorie_commerciali";"id_sottoconto_ven";"sottoconti";"id_pdc";"FOREIGN KEY"
"ctco_soco_fk";"categorie_commerciali";"id_sottoconto_ven";"sottoconti";"id_sottoconto";"FOREIGN KEY"
"ctco_soco_fk";"categorie_commerciali";"id_sottoconto_ven";"sottoconti";"codice_template_fiscale";"FOREIGN KEY"
"ctco_soco_fk";"categorie_commerciali";"id_sottoconto_ven";"sottoconti";"codice_part";"FOREIGN KEY"
"ctco_soco_fk";"categorie_commerciali";"codice_template_fiscale";"sottoconti";"id_pdc";"FOREIGN KEY"
"ctco_soco_fk";"categorie_commerciali";"codice_template_fiscale";"sottoconti";"id_sottoconto";"FOREIGN KEY"
"ctco_soco_fk";"categorie_commerciali";"codice_template_fiscale";"sottoconti";"codice_template_fiscale";"FOREIGN KEY"
"ctco_soco_fk";"categorie_commerciali";"codice_template_fiscale";"sottoconti";"codice_part";"FOREIGN KEY"
"ctco_soco_fk";"categorie_commerciali";"id_pdc";"sottoconti";"id_pdc";"FOREIGN KEY"
"ctco_soco_fk";"categorie_commerciali";"id_pdc";"sottoconti";"id_sottoconto";"FOREIGN KEY"
"ctco_soco_fk";"categorie_commerciali";"id_pdc";"sottoconti";"codice_template_fiscale";"FOREIGN KEY"
"ctco_soco_fk";"categorie_commerciali";"id_pdc";"sottoconti";"codice_part";"FOREIGN KEY"
"ctco_soco_fk";"categorie_commerciali";"codice_part";"sottoconti";"id_pdc";"FOREIGN KEY"
"ctco_soco_fk";"categorie_commerciali";"codice_part";"sottoconti";"id_sottoconto";"FOREIGN KEY"
"ctco_soco_fk";"categorie_commerciali";"codice_part";"sottoconti";"codice_template_fiscale";"FOREIGN KEY"
"ctco_soco_fk";"categorie_commerciali";"codice_part";"sottoconti";"codice_part";"FOREIGN KEY"
"ctcs_cntr_fk";"contratti_consuntivazione";"id_contratto";"contratti";"codice_azienda";"FOREIGN KEY"
"ctcs_cntr_fk";"contratti_consuntivazione";"id_contratto";"contratti";"id_contratto";"FOREIGN KEY"
"ctcs_cntr_fk";"contratti_consuntivazione";"codice_azienda";"contratti";"codice_azienda";"FOREIGN KEY"
"ctcs_cntr_fk";"contratti_consuntivazione";"codice_azienda";"contratti";"id_contratto";"FOREIGN KEY"
"ctcs_cpct_fk";"contratti_consuntivazione";"id_contratto_risorsa";"contratti_pacchetti";"id_contratto_risorsa";"FOREIGN KEY"
"ctcs_cpct_fk";"contratti_consuntivazione";"id_contratto_risorsa";"contratti_pacchetti";"codice_azienda";"FOREIGN KEY"
"ctcs_cpct_fk";"contratti_consuntivazione";"id_contratto_risorsa";"contratti_pacchetti";"id_contratto";"FOREIGN KEY"
"ctcs_cpct_fk";"contratti_consuntivazione";"id_contratto_risorsa";"contratti_pacchetti";"id_pacchetto";"FOREIGN KEY"
"ctcs_cpct_fk";"contratti_consuntivazione";"codice_azienda";"contratti_pacchetti";"id_contratto_risorsa";"FOREIGN KEY"
"ctcs_cpct_fk";"contratti_consuntivazione";"codice_azienda";"contratti_pacchetti";"codice_azienda";"FOREIGN KEY"
"ctcs_cpct_fk";"contratti_consuntivazione";"codice_azienda";"contratti_pacchetti";"id_contratto";"FOREIGN KEY"
"ctcs_cpct_fk";"contratti_consuntivazione";"codice_azienda";"contratti_pacchetti";"id_pacchetto";"FOREIGN KEY"
"ctcs_cpct_fk";"contratti_consuntivazione";"id_contratto";"contratti_pacchetti";"id_contratto_risorsa";"FOREIGN KEY"
"ctcs_cpct_fk";"contratti_consuntivazione";"id_contratto";"contratti_pacchetti";"codice_azienda";"FOREIGN KEY"
"ctcs_cpct_fk";"contratti_consuntivazione";"id_contratto";"contratti_pacchetti";"id_contratto";"FOREIGN KEY"
"ctcs_cpct_fk";"contratti_consuntivazione";"id_contratto";"contratti_pacchetti";"id_pacchetto";"FOREIGN KEY"
"ctcs_cpct_fk";"contratti_consuntivazione";"id_pacchetto";"contratti_pacchetti";"id_contratto_risorsa";"FOREIGN KEY"
"ctcs_cpct_fk";"contratti_consuntivazione";"id_pacchetto";"contratti_pacchetti";"codice_azienda";"FOREIGN KEY"
"ctcs_cpct_fk";"contratti_consuntivazione";"id_pacchetto";"contratti_pacchetti";"id_contratto";"FOREIGN KEY"
"ctcs_cpct_fk";"contratti_consuntivazione";"id_pacchetto";"contratti_pacchetti";"id_pacchetto";"FOREIGN KEY"
"ctcs_cszn_fk";"contratti_consuntivazione";"codice_azienda";"consuntivazioni";"codice_azienda";"FOREIGN KEY"
"ctcs_cszn_fk";"contratti_consuntivazione";"codice_azienda";"consuntivazioni";"id_cons";"FOREIGN KEY"
"ctcs_cszn_fk";"contratti_consuntivazione";"id_cons";"consuntivazioni";"codice_azienda";"FOREIGN KEY"
"ctcs_cszn_fk";"contratti_consuntivazione";"id_cons";"consuntivazioni";"id_cons";"FOREIGN KEY"
"ctcs_ctrs_fk";"contratti_consuntivazione";"codice_azienda";"contratti_risorse";"id_contratto_risorsa";"FOREIGN KEY"
"ctcs_ctrs_fk";"contratti_consuntivazione";"codice_azienda";"contratti_risorse";"id_contratto";"FOREIGN KEY"
"ctcs_ctrs_fk";"contratti_consuntivazione";"codice_azienda";"contratti_risorse";"codice_azienda";"FOREIGN KEY"
"ctcs_ctrs_fk";"contratti_consuntivazione";"id_contratto";"contratti_risorse";"id_contratto_risorsa";"FOREIGN KEY"
"ctcs_ctrs_fk";"contratti_consuntivazione";"id_contratto";"contratti_risorse";"id_contratto";"FOREIGN KEY"
"ctcs_ctrs_fk";"contratti_consuntivazione";"id_contratto";"contratti_risorse";"codice_azienda";"FOREIGN KEY"
"ctcs_ctrs_fk";"contratti_consuntivazione";"id_contratto_risorsa";"contratti_risorse";"id_contratto_risorsa";"FOREIGN KEY"
"ctcs_ctrs_fk";"contratti_consuntivazione";"id_contratto_risorsa";"contratti_risorse";"id_contratto";"FOREIGN KEY"
"ctcs_ctrs_fk";"contratti_consuntivazione";"id_contratto_risorsa";"contratti_risorse";"codice_azienda";"FOREIGN KEY"
"ctpa_azie_fk";"ce_tipi_az";"codice_azienda";"aziende";"codice_azienda";"FOREIGN KEY"
"ctpa_ceti_fk";"ce_tipi_az";"codice_tipo";"ce_tipi";"codice_tipo";"FOREIGN KEY"
"ctpc_ceti_fk";"ce_tipi_cfg";"codice_tipo";"ce_tipi";"codice_tipo";"FOREIGN KEY"
"ctpr_ctrp_fk";"contratti_passivi_righe";"id_contratto_p";"contratti_passivi";"id_contratto_p";"FOREIGN KEY"
"ctpr_ctrp_fk";"contratti_passivi_righe";"id_contratto_p";"contratti_passivi";"codice_azienda";"FOREIGN KEY"
"ctpr_ctrp_fk";"contratti_passivi_righe";"codice_azienda";"contratti_passivi";"id_contratto_p";"FOREIGN KEY"
"ctpr_ctrp_fk";"contratti_passivi_righe";"codice_azienda";"contratti_passivi";"codice_azienda";"FOREIGN KEY"
"ctpr_vari_fk";"contratti_passivi_righe";"codice_azienda";"articoli_varianti";"id_articolo";"FOREIGN KEY"
"ctpr_vari_fk";"contratti_passivi_righe";"codice_azienda";"articoli_varianti";"codice_variante";"FOREIGN KEY"
"ctpr_vari_fk";"contratti_passivi_righe";"codice_azienda";"articoli_varianti";"codice_azienda";"FOREIGN KEY"
"ctpr_vari_fk";"contratti_passivi_righe";"codice_variante";"articoli_varianti";"id_articolo";"FOREIGN KEY"
"ctpr_vari_fk";"contratti_passivi_righe";"codice_variante";"articoli_varianti";"codice_variante";"FOREIGN KEY"
"ctpr_vari_fk";"contratti_passivi_righe";"codice_variante";"articoli_varianti";"codice_azienda";"FOREIGN KEY"
"ctpr_vari_fk";"contratti_passivi_righe";"id_articolo";"articoli_varianti";"id_articolo";"FOREIGN KEY"
"ctpr_vari_fk";"contratti_passivi_righe";"id_articolo";"articoli_varianti";"codice_variante";"FOREIGN KEY"
"ctpr_vari_fk";"contratti_passivi_righe";"id_articolo";"articoli_varianti";"codice_azienda";"FOREIGN KEY"
"ctra_asst_fk";"contratti_risorse_asset";"codice_azienda";"asset";"codice_azienda";"FOREIGN KEY"
"ctra_asst_fk";"contratti_risorse_asset";"codice_azienda";"asset";"id_asset";"FOREIGN KEY"
"ctra_asst_fk";"contratti_risorse_asset";"id_asset";"asset";"codice_azienda";"FOREIGN KEY"
"ctra_asst_fk";"contratti_risorse_asset";"id_asset";"asset";"id_asset";"FOREIGN KEY"
"ctra_ctrs_fk";"contratti_risorse_asset";"id_contratto";"contratti_risorse";"id_contratto_risorsa";"FOREIGN KEY"
"ctra_ctrs_fk";"contratti_risorse_asset";"id_contratto";"contratti_risorse";"codice_azienda";"FOREIGN KEY"
"ctra_ctrs_fk";"contratti_risorse_asset";"id_contratto";"contratti_risorse";"id_contratto";"FOREIGN KEY"
"ctra_ctrs_fk";"contratti_risorse_asset";"codice_azienda";"contratti_risorse";"id_contratto_risorsa";"FOREIGN KEY"
"ctra_ctrs_fk";"contratti_risorse_asset";"codice_azienda";"contratti_risorse";"codice_azienda";"FOREIGN KEY"
"ctra_ctrs_fk";"contratti_risorse_asset";"codice_azienda";"contratti_risorse";"id_contratto";"FOREIGN KEY"
"ctra_ctrs_fk";"contratti_risorse_asset";"id_contratto_risorsa";"contratti_risorse";"id_contratto_risorsa";"FOREIGN KEY"
"ctra_ctrs_fk";"contratti_risorse_asset";"id_contratto_risorsa";"contratti_risorse";"codice_azienda";"FOREIGN KEY"
"ctra_ctrs_fk";"contratti_risorse_asset";"id_contratto_risorsa";"contratti_risorse";"id_contratto";"FOREIGN KEY"
"ctrp_anid_cli_fk";"contratti_passivi";"codice_part";"anagrafiche_id";"codice_part";"FOREIGN KEY"
"ctrp_anid_cli_fk";"contratti_passivi";"codice_part";"anagrafiche_id";"id_anagrafica";"FOREIGN KEY"
"ctrp_anid_cli_fk";"contratti_passivi";"id_cliente";"anagrafiche_id";"codice_part";"FOREIGN KEY"
"ctrp_anid_cli_fk";"contratti_passivi";"id_cliente";"anagrafiche_id";"id_anagrafica";"FOREIGN KEY"
"ctrp_anid_ris_fk";"contratti_passivi";"id_fornitore";"anagrafiche_id";"id_anagrafica";"FOREIGN KEY"
"ctrp_anid_ris_fk";"contratti_passivi";"id_fornitore";"anagrafiche_id";"codice_part";"FOREIGN KEY"
"ctrp_anid_ris_fk";"contratti_passivi";"codice_part";"anagrafiche_id";"id_anagrafica";"FOREIGN KEY"
"ctrp_anid_ris_fk";"contratti_passivi";"codice_part";"anagrafiche_id";"codice_part";"FOREIGN KEY"
"ctrs_anid_dest_fk";"contratti_risorse";"codice_part";"anagrafiche_id";"codice_part";"FOREIGN KEY"
"ctrs_anid_dest_fk";"contratti_risorse";"codice_part";"anagrafiche_id";"id_anagrafica";"FOREIGN KEY"
"ctrs_anid_dest_fk";"contratti_risorse";"id_destinazione";"anagrafiche_id";"codice_part";"FOREIGN KEY"
"ctrs_anid_dest_fk";"contratti_risorse";"id_destinazione";"anagrafiche_id";"id_anagrafica";"FOREIGN KEY"
"ctrs_cfat_fk";"contratti_risorse";"codice_azienda";"condizioni_fatturazione";"id_condizione_fatturazione";"FOREIGN KEY"
"ctrs_cfat_fk";"contratti_risorse";"codice_azienda";"condizioni_fatturazione";"codice_azienda";"FOREIGN KEY"
"ctrs_cfat_fk";"contratti_risorse";"id_cond_fatt";"condizioni_fatturazione";"id_condizione_fatturazione";"FOREIGN KEY"
"ctrs_cfat_fk";"contratti_risorse";"id_cond_fatt";"condizioni_fatturazione";"codice_azienda";"FOREIGN KEY"
"ctrs_cntr_fk";"contratti_risorse";"id_contratto";"contratti";"id_contratto";"FOREIGN KEY"
"ctrs_cntr_fk";"contratti_risorse";"id_contratto";"contratti";"codice_azienda";"FOREIGN KEY"
"ctrs_cntr_fk";"contratti_risorse";"codice_azienda";"contratti";"id_contratto";"FOREIGN KEY"
"ctrs_cntr_fk";"contratti_risorse";"codice_azienda";"contratti";"codice_azienda";"FOREIGN KEY"
"ctrs_ctrs_fk";"contratti_risorse";"codice_azienda";"contratti_risorse";"id_contratto";"FOREIGN KEY"
"ctrs_ctrs_fk";"contratti_risorse";"codice_azienda";"contratti_risorse";"id_contratto_risorsa";"FOREIGN KEY"
"ctrs_ctrs_fk";"contratti_risorse";"codice_azienda";"contratti_risorse";"codice_azienda";"FOREIGN KEY"
"ctrs_ctrs_fk";"contratti_risorse";"id_contratto_rinnovo";"contratti_risorse";"id_contratto";"FOREIGN KEY"
"ctrs_ctrs_fk";"contratti_risorse";"id_contratto_rinnovo";"contratti_risorse";"id_contratto_risorsa";"FOREIGN KEY"
"ctrs_ctrs_fk";"contratti_risorse";"id_contratto_rinnovo";"contratti_risorse";"codice_azienda";"FOREIGN KEY"
"ctrs_ctrs_fk";"contratti_risorse";"id_contratto_risorsa_rinnovo";"contratti_risorse";"id_contratto";"FOREIGN KEY"
"ctrs_ctrs_fk";"contratti_risorse";"id_contratto_risorsa_rinnovo";"contratti_risorse";"id_contratto_risorsa";"FOREIGN KEY"
"ctrs_ctrs_fk";"contratti_risorse";"id_contratto_risorsa_rinnovo";"contratti_risorse";"codice_azienda";"FOREIGN KEY"
"ctrs_ctrs_parent_fk";"contratti_risorse";"codice_azienda";"contratti_risorse";"id_contratto";"FOREIGN KEY"
"ctrs_ctrs_parent_fk";"contratti_risorse";"codice_azienda";"contratti_risorse";"codice_azienda";"FOREIGN KEY"
"ctrs_ctrs_parent_fk";"contratti_risorse";"codice_azienda";"contratti_risorse";"id_contratto_risorsa";"FOREIGN KEY"
"ctrs_ctrs_parent_fk";"contratti_risorse";"id_contratto_risorsa_parent";"contratti_risorse";"id_contratto";"FOREIGN KEY"
"ctrs_ctrs_parent_fk";"contratti_risorse";"id_contratto_risorsa_parent";"contratti_risorse";"codice_azienda";"FOREIGN KEY"
"ctrs_ctrs_parent_fk";"contratti_risorse";"id_contratto_risorsa_parent";"contratti_risorse";"id_contratto_risorsa";"FOREIGN KEY"
"ctrs_ctrs_parent_fk";"contratti_risorse";"id_contratto";"contratti_risorse";"id_contratto";"FOREIGN KEY"
"ctrs_ctrs_parent_fk";"contratti_risorse";"id_contratto";"contratti_risorse";"codice_azienda";"FOREIGN KEY"
"ctrs_ctrs_parent_fk";"contratti_risorse";"id_contratto";"contratti_risorse";"id_contratto_risorsa";"FOREIGN KEY"
"ctrs_psla_fk";"contratti_risorse";"codice_azienda";"priorita_sla";"codice_azienda";"FOREIGN KEY"
"ctrs_psla_fk";"contratti_risorse";"codice_azienda";"priorita_sla";"id_priorita";"FOREIGN KEY"
"ctrs_psla_fk";"contratti_risorse";"id_priorita";"priorita_sla";"codice_azienda";"FOREIGN KEY"
"ctrs_psla_fk";"contratti_risorse";"id_priorita";"priorita_sla";"id_priorita";"FOREIGN KEY"
"ctrs_tiri_fk";"contratti_risorse";"codice_azienda";"tipi_risorsa";"codice_azienda";"FOREIGN KEY"
"ctrs_tiri_fk";"contratti_risorse";"codice_azienda";"tipi_risorsa";"id_tipo_risorsa";"FOREIGN KEY"
"ctrs_tiri_fk";"contratti_risorse";"id_tipo_risorsa";"tipi_risorsa";"codice_azienda";"FOREIGN KEY"
"ctrs_tiri_fk";"contratti_risorse";"id_tipo_risorsa";"tipi_risorsa";"id_tipo_risorsa";"FOREIGN KEY"
"ctrs_vari_fk";"contratti_risorse";"id_articolo";"articoli_varianti";"codice_azienda";"FOREIGN KEY"
"ctrs_vari_fk";"contratti_risorse";"id_articolo";"articoli_varianti";"codice_variante";"FOREIGN KEY"
"ctrs_vari_fk";"contratti_risorse";"id_articolo";"articoli_varianti";"id_articolo";"FOREIGN KEY"
"ctrs_vari_fk";"contratti_risorse";"codice_azienda";"articoli_varianti";"codice_azienda";"FOREIGN KEY"
"ctrs_vari_fk";"contratti_risorse";"codice_azienda";"articoli_varianti";"codice_variante";"FOREIGN KEY"
"ctrs_vari_fk";"contratti_risorse";"codice_azienda";"articoli_varianti";"id_articolo";"FOREIGN KEY"
"ctrs_vari_fk";"contratti_risorse";"codice_variante";"articoli_varianti";"codice_azienda";"FOREIGN KEY"
"ctrs_vari_fk";"contratti_risorse";"codice_variante";"articoli_varianti";"codice_variante";"FOREIGN KEY"
"ctrs_vari_fk";"contratti_risorse";"codice_variante";"articoli_varianti";"id_articolo";"FOREIGN KEY"
"ctti_anid_fk";"contatti";"id_anagrafica";"anagrafiche_id";"codice_part";"FOREIGN KEY"
"ctti_anid_fk";"contatti";"id_anagrafica";"anagrafiche_id";"id_anagrafica";"FOREIGN KEY"
"ctti_anid_fk";"contatti";"codice_part";"anagrafiche_id";"codice_part";"FOREIGN KEY"
"ctti_anid_fk";"contatti";"codice_part";"anagrafiche_id";"id_anagrafica";"FOREIGN KEY"
"ctti_tcto_fk";"contatti";"codice_part";"tipi_contatto";"codice_part";"FOREIGN KEY"
"ctti_tcto_fk";"contatti";"codice_part";"tipi_contatto";"codice_tipo_contatto";"FOREIGN KEY"
"ctti_tcto_fk";"contatti";"codice_tipo_contatto";"tipi_contatto";"codice_part";"FOREIGN KEY"
"ctti_tcto_fk";"contatti";"codice_tipo_contatto";"tipi_contatto";"codice_tipo_contatto";"FOREIGN KEY"
"ctti_truc_fk";"contatti";"codice_ruolo";"tipi_ruolo_contatto";"codice_part";"FOREIGN KEY"
"ctti_truc_fk";"contatti";"codice_ruolo";"tipi_ruolo_contatto";"codice_ruolo";"FOREIGN KEY"
"ctti_truc_fk";"contatti";"codice_part";"tipi_ruolo_contatto";"codice_part";"FOREIGN KEY"
"ctti_truc_fk";"contatti";"codice_part";"tipi_ruolo_contatto";"codice_ruolo";"FOREIGN KEY"
"cubd_cubi_fk";"olap_cubi_dim";"nome_modello";"olap_cubi";"nome_cubo";"FOREIGN KEY"
"cubd_cubi_fk";"olap_cubi_dim";"nome_modello";"olap_cubi";"nome_modello";"FOREIGN KEY"
"cubd_cubi_fk";"olap_cubi_dim";"nome_modello";"olap_cubi";"codice_azienda";"FOREIGN KEY"
"cubd_cubi_fk";"olap_cubi_dim";"nome_cubo";"olap_cubi";"nome_cubo";"FOREIGN KEY"
"cubd_cubi_fk";"olap_cubi_dim";"nome_cubo";"olap_cubi";"nome_modello";"FOREIGN KEY"
"cubd_cubi_fk";"olap_cubi_dim";"nome_cubo";"olap_cubi";"codice_azienda";"FOREIGN KEY"
"cubd_cubi_fk";"olap_cubi_dim";"codice_azienda";"olap_cubi";"nome_cubo";"FOREIGN KEY"
"cubd_cubi_fk";"olap_cubi_dim";"codice_azienda";"olap_cubi";"nome_modello";"FOREIGN KEY"
"cubd_cubi_fk";"olap_cubi_dim";"codice_azienda";"olap_cubi";"codice_azienda";"FOREIGN KEY"
"cubd_dime_fk";"olap_cubi_dim";"nome_dimensione";"olap_dimensioni";"nome_modello";"FOREIGN KEY"
"cubd_dime_fk";"olap_cubi_dim";"nome_dimensione";"olap_dimensioni";"nome_dimensione";"FOREIGN KEY"
"cubd_dime_fk";"olap_cubi_dim";"nome_modello";"olap_dimensioni";"nome_modello";"FOREIGN KEY"
"cubd_dime_fk";"olap_cubi_dim";"nome_modello";"olap_dimensioni";"nome_dimensione";"FOREIGN KEY"
"cubd_dime_fk_down";"olap_cubi_dim";"codice_azienda";"olap_cubi_dim";"nome_dimensione";"FOREIGN KEY"
"cubd_dime_fk_down";"olap_cubi_dim";"codice_azienda";"olap_cubi_dim";"nome_modello";"FOREIGN KEY"
"cubd_dime_fk_down";"olap_cubi_dim";"codice_azienda";"olap_cubi_dim";"nome_cubo";"FOREIGN KEY"
"cubd_dime_fk_down";"olap_cubi_dim";"codice_azienda";"olap_cubi_dim";"codice_azienda";"FOREIGN KEY"
"cubd_dime_fk_down";"olap_cubi_dim";"nome_dim_drill_down";"olap_cubi_dim";"nome_dimensione";"FOREIGN KEY"
"cubd_dime_fk_down";"olap_cubi_dim";"nome_dim_drill_down";"olap_cubi_dim";"nome_modello";"FOREIGN KEY"
"cubd_dime_fk_down";"olap_cubi_dim";"nome_dim_drill_down";"olap_cubi_dim";"nome_cubo";"FOREIGN KEY"
"cubd_dime_fk_down";"olap_cubi_dim";"nome_dim_drill_down";"olap_cubi_dim";"codice_azienda";"FOREIGN KEY"
"cubd_dime_fk_down";"olap_cubi_dim";"nome_modello";"olap_cubi_dim";"nome_dimensione";"FOREIGN KEY"
"cubd_dime_fk_down";"olap_cubi_dim";"nome_modello";"olap_cubi_dim";"nome_modello";"FOREIGN KEY"
"cubd_dime_fk_down";"olap_cubi_dim";"nome_modello";"olap_cubi_dim";"nome_cubo";"FOREIGN KEY"
"cubd_dime_fk_down";"olap_cubi_dim";"nome_modello";"olap_cubi_dim";"codice_azienda";"FOREIGN KEY"
"cubd_dime_fk_down";"olap_cubi_dim";"nome_cubo";"olap_cubi_dim";"nome_dimensione";"FOREIGN KEY"
"cubd_dime_fk_down";"olap_cubi_dim";"nome_cubo";"olap_cubi_dim";"nome_modello";"FOREIGN KEY"
"cubd_dime_fk_down";"olap_cubi_dim";"nome_cubo";"olap_cubi_dim";"nome_cubo";"FOREIGN KEY"
"cubd_dime_fk_down";"olap_cubi_dim";"nome_cubo";"olap_cubi_dim";"codice_azienda";"FOREIGN KEY"
"cubi_modl_fk";"olap_cubi";"nome_modello";"olap_modelli";"nome_modello";"FOREIGN KEY"
"cubm_cubi_fk";"olap_cubi_mis";"nome_cubo";"olap_cubi";"nome_modello";"FOREIGN KEY"
"cubm_cubi_fk";"olap_cubi_mis";"nome_cubo";"olap_cubi";"codice_azienda";"FOREIGN KEY"
"cubm_cubi_fk";"olap_cubi_mis";"nome_cubo";"olap_cubi";"nome_cubo";"FOREIGN KEY"
"cubm_cubi_fk";"olap_cubi_mis";"nome_modello";"olap_cubi";"nome_modello";"FOREIGN KEY"
"cubm_cubi_fk";"olap_cubi_mis";"nome_modello";"olap_cubi";"codice_azienda";"FOREIGN KEY"
"cubm_cubi_fk";"olap_cubi_mis";"nome_modello";"olap_cubi";"nome_cubo";"FOREIGN KEY"
"cubm_cubi_fk";"olap_cubi_mis";"codice_azienda";"olap_cubi";"nome_modello";"FOREIGN KEY"
"cubm_cubi_fk";"olap_cubi_mis";"codice_azienda";"olap_cubi";"codice_azienda";"FOREIGN KEY"
"cubm_cubi_fk";"olap_cubi_mis";"codice_azienda";"olap_cubi";"nome_cubo";"FOREIGN KEY"
"cubm_misu_fk";"olap_cubi_mis";"nome_modello";"olap_misure";"nome_modello";"FOREIGN KEY"
"cubm_misu_fk";"olap_cubi_mis";"nome_modello";"olap_misure";"nome_misura";"FOREIGN KEY"
"cubm_misu_fk";"olap_cubi_mis";"nome_misura";"olap_misure";"nome_modello";"FOREIGN KEY"
"cubm_misu_fk";"olap_cubi_mis";"nome_misura";"olap_misure";"nome_misura";"FOREIGN KEY"
"cvan__cdca__fk";"crm_volumi_annuali";"anno";"crm_dati_commerciali_annuali";"codice_azienda";"FOREIGN KEY"
"cvan__cdca__fk";"crm_volumi_annuali";"anno";"crm_dati_commerciali_annuali";"anno";"FOREIGN KEY"
"cvan__cdca__fk";"crm_volumi_annuali";"anno";"crm_dati_commerciali_annuali";"id_anagrafica";"FOREIGN KEY"
"cvan__cdca__fk";"crm_volumi_annuali";"id_anagrafica";"crm_dati_commerciali_annuali";"codice_azienda";"FOREIGN KEY"
"cvan__cdca__fk";"crm_volumi_annuali";"id_anagrafica";"crm_dati_commerciali_annuali";"anno";"FOREIGN KEY"
"cvan__cdca__fk";"crm_volumi_annuali";"id_anagrafica";"crm_dati_commerciali_annuali";"id_anagrafica";"FOREIGN KEY"
"cvan__cdca__fk";"crm_volumi_annuali";"codice_azienda";"crm_dati_commerciali_annuali";"codice_azienda";"FOREIGN KEY"
"cvan__cdca__fk";"crm_volumi_annuali";"codice_azienda";"crm_dati_commerciali_annuali";"anno";"FOREIGN KEY"
"cvan__cdca__fk";"crm_volumi_annuali";"codice_azienda";"crm_dati_commerciali_annuali";"id_anagrafica";"FOREIGN KEY"
"cvan__ctco__fk";"crm_volumi_annuali";"codice_cat_comm";"categorie_commerciali";"codice_cat_comm";"FOREIGN KEY"
"cvan__ctco__fk";"crm_volumi_annuali";"codice_cat_comm";"categorie_commerciali";"codice_azienda";"FOREIGN KEY"
"cvan__ctco__fk";"crm_volumi_annuali";"codice_azienda";"categorie_commerciali";"codice_cat_comm";"FOREIGN KEY"
"cvan__ctco__fk";"crm_volumi_annuali";"codice_azienda";"categorie_commerciali";"codice_azienda";"FOREIGN KEY"
"cvzn_anag__anid_fk";"conversazioni_anag";"id_anagrafica";"anagrafiche_id";"codice_part";"FOREIGN KEY"
"cvzn_anag__anid_fk";"conversazioni_anag";"id_anagrafica";"anagrafiche_id";"id_anagrafica";"FOREIGN KEY"
"cvzn_anag__anid_fk";"conversazioni_anag";"codice_part";"anagrafiche_id";"codice_part";"FOREIGN KEY"
"cvzn_anag__anid_fk";"conversazioni_anag";"codice_part";"anagrafiche_id";"id_anagrafica";"FOREIGN KEY"
"cvzn_anag__cvzn_fk";"conversazioni_anag";"codice_azienda";"conversazioni";"codice_azienda";"FOREIGN KEY"
"cvzn_anag__cvzn_fk";"conversazioni_anag";"codice_azienda";"conversazioni";"id_conv";"FOREIGN KEY"
"cvzn_anag__cvzn_fk";"conversazioni_anag";"id_conv";"conversazioni";"codice_azienda";"FOREIGN KEY"
"cvzn_anag__cvzn_fk";"conversazioni_anag";"id_conv";"conversazioni";"id_conv";"FOREIGN KEY"
"cvzn_msg__anid_fk";"conversazioni_msg";"id_anagrafica";"anagrafiche_id";"id_anagrafica";"FOREIGN KEY"
"cvzn_msg__anid_fk";"conversazioni_msg";"id_anagrafica";"anagrafiche_id";"codice_part";"FOREIGN KEY"
"cvzn_msg__anid_fk";"conversazioni_msg";"codice_part";"anagrafiche_id";"id_anagrafica";"FOREIGN KEY"
"cvzn_msg__anid_fk";"conversazioni_msg";"codice_part";"anagrafiche_id";"codice_part";"FOREIGN KEY"
"cvzn_msg__cvzn_fk";"conversazioni_msg";"codice_azienda";"conversazioni";"id_conv";"FOREIGN KEY"
"cvzn_msg__cvzn_fk";"conversazioni_msg";"codice_azienda";"conversazioni";"codice_azienda";"FOREIGN KEY"
"cvzn_msg__cvzn_fk";"conversazioni_msg";"id_conv";"conversazioni";"id_conv";"FOREIGN KEY"
"cvzn_msg__cvzn_fk";"conversazioni_msg";"id_conv";"conversazioni";"codice_azienda";"FOREIGN KEY"
"data_vi_el_fk";"data_view_item";"el_id";"data_element";"el_id";"FOREIGN KEY"
"data_vi_vw_fk";"data_view_item";"codice_part";"data_view";"codice_part";"FOREIGN KEY"
"data_vi_vw_fk";"data_view_item";"codice_part";"data_view";"view_id";"FOREIGN KEY"
"data_vi_vw_fk";"data_view_item";"view_id";"data_view";"codice_part";"FOREIGN KEY"
"data_vi_vw_fk";"data_view_item";"view_id";"data_view";"view_id";"FOREIGN KEY"
"data_vw_azie_fk";"data_view";"codice_azienda";"aziende";"codice_azienda";"FOREIGN KEY"
"data_vw_part_fk";"data_view";"codice_part";"partizioni";"codice_part";"FOREIGN KEY"
"db_est__azie__fk";"db_esterni";"codice_azienda";"aziende";"codice_azienda";"FOREIGN KEY"
"dccf_divi_fk";"doc_cfg";"id_divisione";"divisioni";"codice_azienda";"FOREIGN KEY"
"dccf_divi_fk";"doc_cfg";"id_divisione";"divisioni";"id_divisione";"FOREIGN KEY"
"dccf_divi_fk";"doc_cfg";"codice_azienda";"divisioni";"codice_azienda";"FOREIGN KEY"
"dccf_divi_fk";"doc_cfg";"codice_azienda";"divisioni";"id_divisione";"FOREIGN KEY"
"dccf_nume_fk";"doc_cfg";"codice_azienda";"numeratori";"codice_azienda";"FOREIGN KEY"
"dccf_nume_fk";"doc_cfg";"codice_azienda";"numeratori";"anno";"FOREIGN KEY"
"dccf_nume_fk";"doc_cfg";"codice_azienda";"numeratori";"id_numeratore";"FOREIGN KEY"
"dccf_nume_fk";"doc_cfg";"anno";"numeratori";"codice_azienda";"FOREIGN KEY"
"dccf_nume_fk";"doc_cfg";"anno";"numeratori";"anno";"FOREIGN KEY"
"dccf_nume_fk";"doc_cfg";"anno";"numeratori";"id_numeratore";"FOREIGN KEY"
"dccf_nume_fk";"doc_cfg";"id_numeratore";"numeratori";"codice_azienda";"FOREIGN KEY"
"dccf_nume_fk";"doc_cfg";"id_numeratore";"numeratori";"anno";"FOREIGN KEY"
"dccf_nume_fk";"doc_cfg";"id_numeratore";"numeratori";"id_numeratore";"FOREIGN KEY"
"dccf_tdaz_fk";"doc_cfg";"codice_tipo_doc";"tipi_doc_az";"codice_tipo_doc_az";"FOREIGN KEY"
"dccf_tdaz_fk";"doc_cfg";"codice_tipo_doc";"tipi_doc_az";"codice_azienda";"FOREIGN KEY"
"dccf_tdaz_fk";"doc_cfg";"codice_tipo_doc";"tipi_doc_az";"codice_tipo_doc";"FOREIGN KEY"
"dccf_tdaz_fk";"doc_cfg";"codice_azienda";"tipi_doc_az";"codice_tipo_doc_az";"FOREIGN KEY"
"dccf_tdaz_fk";"doc_cfg";"codice_azienda";"tipi_doc_az";"codice_azienda";"FOREIGN KEY"
"dccf_tdaz_fk";"doc_cfg";"codice_azienda";"tipi_doc_az";"codice_tipo_doc";"FOREIGN KEY"
"dccf_tdaz_fk";"doc_cfg";"codice_tipo_doc_az";"tipi_doc_az";"codice_tipo_doc_az";"FOREIGN KEY"
"dccf_tdaz_fk";"doc_cfg";"codice_tipo_doc_az";"tipi_doc_az";"codice_azienda";"FOREIGN KEY"
"dccf_tdaz_fk";"doc_cfg";"codice_tipo_doc_az";"tipi_doc_az";"codice_tipo_doc";"FOREIGN KEY"
"dcfg_azie_fk";"documenti_cfg";"codice_azienda";"aziende";"codice_azienda";"FOREIGN KEY"
"dcfg_nume_fk";"documenti_cfg";"anno";"numeratori";"anno";"FOREIGN KEY"
"dcfg_nume_fk";"documenti_cfg";"anno";"numeratori";"codice_azienda";"FOREIGN KEY"
"dcfg_nume_fk";"documenti_cfg";"anno";"numeratori";"id_numeratore";"FOREIGN KEY"
"dcfg_nume_fk";"documenti_cfg";"codice_azienda";"numeratori";"anno";"FOREIGN KEY"
"dcfg_nume_fk";"documenti_cfg";"codice_azienda";"numeratori";"codice_azienda";"FOREIGN KEY"
"dcfg_nume_fk";"documenti_cfg";"codice_azienda";"numeratori";"id_numeratore";"FOREIGN KEY"
"dcfg_nume_fk";"documenti_cfg";"id_numeratore";"numeratori";"anno";"FOREIGN KEY"
"dcfg_nume_fk";"documenti_cfg";"id_numeratore";"numeratori";"codice_azienda";"FOREIGN KEY"
"dcfg_nume_fk";"documenti_cfg";"id_numeratore";"numeratori";"id_numeratore";"FOREIGN KEY"
"dcfg_tido_fk";"documenti_cfg";"codice_tipo_documento";"tipi_documento";"codice_tipo_documento";"FOREIGN KEY"
"dchi_alqt_fk";"dichiarazioni_intento";"codice_part";"aliquote";"codice_aliquota";"FOREIGN KEY"
"dchi_alqt_fk";"dichiarazioni_intento";"codice_part";"aliquote";"codice_part";"FOREIGN KEY"
"dchi_alqt_fk";"dichiarazioni_intento";"codice_aliquota";"aliquote";"codice_aliquota";"FOREIGN KEY"
"dchi_alqt_fk";"dichiarazioni_intento";"codice_aliquota";"aliquote";"codice_part";"FOREIGN KEY"
"dchi_anid_fk";"dichiarazioni_intento";"codice_part";"anagrafiche_id";"codice_part";"FOREIGN KEY"
"dchi_anid_fk";"dichiarazioni_intento";"codice_part";"anagrafiche_id";"id_anagrafica";"FOREIGN KEY"
"dchi_anid_fk";"dichiarazioni_intento";"id_anagrafica";"anagrafiche_id";"codice_part";"FOREIGN KEY"
"dchi_anid_fk";"dichiarazioni_intento";"id_anagrafica";"anagrafiche_id";"id_anagrafica";"FOREIGN KEY"
"dchi_azie_fk";"dichiarazioni_intento";"codice_azienda";"aziende";"codice_azienda";"FOREIGN KEY"
"dciv_alqt_fk";"doc_cfg_iva";"codice_part";"aliquote";"codice_aliquota";"FOREIGN KEY"
"dciv_alqt_fk";"doc_cfg_iva";"codice_part";"aliquote";"codice_part";"FOREIGN KEY"
"dciv_alqt_fk";"doc_cfg_iva";"codice_aliquota_iva";"aliquote";"codice_aliquota";"FOREIGN KEY"
"dciv_alqt_fk";"doc_cfg_iva";"codice_aliquota_iva";"aliquote";"codice_part";"FOREIGN KEY"
"dciv_azie_fk";"doc_cfg_iva";"codice_azienda";"aziende";"codice_azienda";"FOREIGN KEY"
"dciv_divi_fk";"doc_cfg_iva";"codice_azienda";"divisioni";"codice_azienda";"FOREIGN KEY"
"dciv_divi_fk";"doc_cfg_iva";"codice_azienda";"divisioni";"id_divisione";"FOREIGN KEY"
"dciv_divi_fk";"doc_cfg_iva";"id_divisione";"divisioni";"codice_azienda";"FOREIGN KEY"
"dciv_divi_fk";"doc_cfg_iva";"id_divisione";"divisioni";"id_divisione";"FOREIGN KEY"
"dciv_soco_fk";"doc_cfg_iva";"id_sottoconto";"sottoconti";"codice_part";"FOREIGN KEY"
"dciv_soco_fk";"doc_cfg_iva";"id_sottoconto";"sottoconti";"id_sottoconto";"FOREIGN KEY"
"dciv_soco_fk";"doc_cfg_iva";"id_sottoconto";"sottoconti";"codice_template_fiscale";"FOREIGN KEY"
"dciv_soco_fk";"doc_cfg_iva";"id_sottoconto";"sottoconti";"id_pdc";"FOREIGN KEY"
"dciv_soco_fk";"doc_cfg_iva";"codice_part";"sottoconti";"codice_part";"FOREIGN KEY"
"dciv_soco_fk";"doc_cfg_iva";"codice_part";"sottoconti";"id_sottoconto";"FOREIGN KEY"
"dciv_soco_fk";"doc_cfg_iva";"codice_part";"sottoconti";"codice_template_fiscale";"FOREIGN KEY"
"dciv_soco_fk";"doc_cfg_iva";"codice_part";"sottoconti";"id_pdc";"FOREIGN KEY"
"dciv_soco_fk";"doc_cfg_iva";"codice_template_fiscale";"sottoconti";"codice_part";"FOREIGN KEY"
"dciv_soco_fk";"doc_cfg_iva";"codice_template_fiscale";"sottoconti";"id_sottoconto";"FOREIGN KEY"
"dciv_soco_fk";"doc_cfg_iva";"codice_template_fiscale";"sottoconti";"codice_template_fiscale";"FOREIGN KEY"
"dciv_soco_fk";"doc_cfg_iva";"codice_template_fiscale";"sottoconti";"id_pdc";"FOREIGN KEY"
"dciv_soco_fk";"doc_cfg_iva";"id_pdc";"sottoconti";"codice_part";"FOREIGN KEY"
"dciv_soco_fk";"doc_cfg_iva";"id_pdc";"sottoconti";"id_sottoconto";"FOREIGN KEY"
"dciv_soco_fk";"doc_cfg_iva";"id_pdc";"sottoconti";"codice_template_fiscale";"FOREIGN KEY"
"dciv_soco_fk";"doc_cfg_iva";"id_pdc";"sottoconti";"id_pdc";"FOREIGN KEY"
"dciv_sxiv_fk";"doc_cfg_iva";"codice_part";"sistemi_esterni_iva";"codice_part";"FOREIGN KEY"
"dciv_sxiv_fk";"doc_cfg_iva";"codice_part";"sistemi_esterni_iva";"codice_sistema";"FOREIGN KEY"
"dciv_sxiv_fk";"doc_cfg_iva";"codice_sistema";"sistemi_esterni_iva";"codice_part";"FOREIGN KEY"
"dciv_sxiv_fk";"doc_cfg_iva";"codice_sistema";"sistemi_esterni_iva";"codice_sistema";"FOREIGN KEY"
"dciv_tdaz_fk";"doc_cfg_iva";"codice_azienda";"tipi_doc_az";"codice_tipo_doc";"FOREIGN KEY"
"dciv_tdaz_fk";"doc_cfg_iva";"codice_azienda";"tipi_doc_az";"codice_tipo_doc_az";"FOREIGN KEY"
"dciv_tdaz_fk";"doc_cfg_iva";"codice_azienda";"tipi_doc_az";"codice_azienda";"FOREIGN KEY"
"dciv_tdaz_fk";"doc_cfg_iva";"codice_tipo_doc_az";"tipi_doc_az";"codice_tipo_doc";"FOREIGN KEY"
"dciv_tdaz_fk";"doc_cfg_iva";"codice_tipo_doc_az";"tipi_doc_az";"codice_tipo_doc_az";"FOREIGN KEY"
"dciv_tdaz_fk";"doc_cfg_iva";"codice_tipo_doc_az";"tipi_doc_az";"codice_azienda";"FOREIGN KEY"
"dciv_tdaz_fk";"doc_cfg_iva";"codice_tipo_doc";"tipi_doc_az";"codice_tipo_doc";"FOREIGN KEY"
"dciv_tdaz_fk";"doc_cfg_iva";"codice_tipo_doc";"tipi_doc_az";"codice_tipo_doc_az";"FOREIGN KEY"
"dciv_tdaz_fk";"doc_cfg_iva";"codice_tipo_doc";"tipi_doc_az";"codice_azienda";"FOREIGN KEY"
"dciv_tdoc_fk";"doc_cfg_iva";"codice_tipo_doc";"tipi_doc";"codice_tipo_doc";"FOREIGN KEY"
"deco_azie_fk";"derivazioni_contatto";"codice_azienda";"aziende";"codice_azienda";"FOREIGN KEY"
"depo_anag_fk";"depositi_movimenti";"codice_part";"anagrafiche_id";"id_anagrafica";"FOREIGN KEY"
"depo_anag_fk";"depositi_movimenti";"codice_part";"anagrafiche_id";"codice_part";"FOREIGN KEY"
"depo_anag_fk";"depositi_movimenti";"id_anagrafica";"anagrafiche_id";"id_anagrafica";"FOREIGN KEY"
"depo_anag_fk";"depositi_movimenti";"id_anagrafica";"anagrafiche_id";"codice_part";"FOREIGN KEY"
"depo_azie_fk";"depositi_movimenti";"codice_azienda";"aziende";"codice_azienda";"FOREIGN KEY"
"depo_cege_fk";"depositi_movimenti";"id_centro_gest";"centri_gestionali";"id_centro_gest";"FOREIGN KEY"
"depo_cege_fk";"depositi_movimenti";"id_centro_gest";"centri_gestionali";"codice_part";"FOREIGN KEY"
"depo_cege_fk";"depositi_movimenti";"codice_part";"centri_gestionali";"id_centro_gest";"FOREIGN KEY"
"depo_cege_fk";"depositi_movimenti";"codice_part";"centri_gestionali";"codice_part";"FOREIGN KEY"
"depo_seco_fk";"depositi_movimenti";"id_servizio_comp";"servizi_comprati";"id_servizio_comp";"FOREIGN KEY"
"depo_seco_fk";"depositi_movimenti";"id_servizio_comp";"servizi_comprati";"codice_part";"FOREIGN KEY"
"depo_seco_fk";"depositi_movimenti";"codice_part";"servizi_comprati";"id_servizio_comp";"FOREIGN KEY"
"depo_seco_fk";"depositi_movimenti";"codice_part";"servizi_comprati";"codice_part";"FOREIGN KEY"
"depo_sedi_fk";"depositi_movimenti";"codice_part";"sedi";"codice_part";"FOREIGN KEY"
"depo_sedi_fk";"depositi_movimenti";"codice_part";"sedi";"codice_sede";"FOREIGN KEY"
"depo_sedi_fk";"depositi_movimenti";"codice_sede";"sedi";"codice_part";"FOREIGN KEY"
"depo_sedi_fk";"depositi_movimenti";"codice_sede";"sedi";"codice_sede";"FOREIGN KEY"
"depo_vari_fk";"depositi_movimenti";"codice_azienda";"articoli_varianti";"id_articolo";"FOREIGN KEY"
"depo_vari_fk";"depositi_movimenti";"codice_azienda";"articoli_varianti";"codice_variante";"FOREIGN KEY"
"depo_vari_fk";"depositi_movimenti";"codice_azienda";"articoli_varianti";"codice_azienda";"FOREIGN KEY"
"depo_vari_fk";"depositi_movimenti";"id_articolo";"articoli_varianti";"id_articolo";"FOREIGN KEY"
"depo_vari_fk";"depositi_movimenti";"id_articolo";"articoli_varianti";"codice_variante";"FOREIGN KEY"
"depo_vari_fk";"depositi_movimenti";"id_articolo";"articoli_varianti";"codice_azienda";"FOREIGN KEY"
"depo_vari_fk";"depositi_movimenti";"codice_variante";"articoli_varianti";"id_articolo";"FOREIGN KEY"
"depo_vari_fk";"depositi_movimenti";"codice_variante";"articoli_varianti";"codice_variante";"FOREIGN KEY"
"depo_vari_fk";"depositi_movimenti";"codice_variante";"articoli_varianti";"codice_azienda";"FOREIGN KEY"
"dime_modl_fk";"olap_dimensioni";"nome_modello";"olap_modelli";"nome_modello";"FOREIGN KEY"
"dimr_dime_fk_figlia";"olap_dimensioni_rel";"nome_dimensione_figlia";"olap_dimensioni";"nome_modello";"FOREIGN KEY"
"dimr_dime_fk_figlia";"olap_dimensioni_rel";"nome_dimensione_figlia";"olap_dimensioni";"nome_dimensione";"FOREIGN KEY"
"dimr_dime_fk_figlia";"olap_dimensioni_rel";"nome_modello";"olap_dimensioni";"nome_modello";"FOREIGN KEY"
"dimr_dime_fk_figlia";"olap_dimensioni_rel";"nome_modello";"olap_dimensioni";"nome_dimensione";"FOREIGN KEY"
"dimr_dime_fk_padre";"olap_dimensioni_rel";"nome_modello";"olap_dimensioni";"nome_dimensione";"FOREIGN KEY"
"dimr_dime_fk_padre";"olap_dimensioni_rel";"nome_modello";"olap_dimensioni";"nome_modello";"FOREIGN KEY"
"dimr_dime_fk_padre";"olap_dimensioni_rel";"nome_dimensione_padre";"olap_dimensioni";"nome_dimensione";"FOREIGN KEY"
"dimr_dime_fk_padre";"olap_dimensioni_rel";"nome_dimensione_padre";"olap_dimensioni";"nome_modello";"FOREIGN KEY"
"dimv_dime_fk";"olap_valori_dimensioni";"nome_modello";"olap_dimensioni";"nome_modello";"FOREIGN KEY"
"dimv_dime_fk";"olap_valori_dimensioni";"nome_modello";"olap_dimensioni";"nome_dimensione";"FOREIGN KEY"
"dimv_dime_fk";"olap_valori_dimensioni";"nome_dimensione";"olap_dimensioni";"nome_modello";"FOREIGN KEY"
"dimv_dime_fk";"olap_valori_dimensioni";"nome_dimensione";"olap_dimensioni";"nome_dimensione";"FOREIGN KEY"
"disc_vari_fk";"distinta_comm";"codice_variante";"articoli_varianti";"codice_variante";"FOREIGN KEY"
"disc_vari_fk";"distinta_comm";"codice_variante";"articoli_varianti";"codice_azienda";"FOREIGN KEY"
"disc_vari_fk";"distinta_comm";"codice_variante";"articoli_varianti";"id_articolo";"FOREIGN KEY"
"disc_vari_fk";"distinta_comm";"id_articolo";"articoli_varianti";"codice_variante";"FOREIGN KEY"
"disc_vari_fk";"distinta_comm";"id_articolo";"articoli_varianti";"codice_azienda";"FOREIGN KEY"
"disc_vari_fk";"distinta_comm";"id_articolo";"articoli_varianti";"id_articolo";"FOREIGN KEY"
"disc_vari_fk";"distinta_comm";"codice_azienda";"articoli_varianti";"codice_variante";"FOREIGN KEY"
"disc_vari_fk";"distinta_comm";"codice_azienda";"articoli_varianti";"codice_azienda";"FOREIGN KEY"
"disc_vari_fk";"distinta_comm";"codice_azienda";"articoli_varianti";"id_articolo";"FOREIGN KEY"
"disc_vari_fk_comp";"distinta_comm";"id_componente";"articoli_varianti";"codice_variante";"FOREIGN KEY"
"disc_vari_fk_comp";"distinta_comm";"id_componente";"articoli_varianti";"id_articolo";"FOREIGN KEY"
"disc_vari_fk_comp";"distinta_comm";"id_componente";"articoli_varianti";"codice_azienda";"FOREIGN KEY"
"disc_vari_fk_comp";"distinta_comm";"codice_variante_comp";"articoli_varianti";"codice_variante";"FOREIGN KEY"
"disc_vari_fk_comp";"distinta_comm";"codice_variante_comp";"articoli_varianti";"id_articolo";"FOREIGN KEY"
"disc_vari_fk_comp";"distinta_comm";"codice_variante_comp";"articoli_varianti";"codice_azienda";"FOREIGN KEY"
"disc_vari_fk_comp";"distinta_comm";"codice_azienda";"articoli_varianti";"codice_variante";"FOREIGN KEY"
"disc_vari_fk_comp";"distinta_comm";"codice_azienda";"articoli_varianti";"id_articolo";"FOREIGN KEY"
"disc_vari_fk_comp";"distinta_comm";"codice_azienda";"articoli_varianti";"codice_azienda";"FOREIGN KEY"
"dist_cicf_fk";"distinta";"codice_azienda";"cicli_produzione_fasi";"codice_azienda";"FOREIGN KEY"
"dist_cicf_fk";"distinta";"codice_azienda";"cicli_produzione_fasi";"prog_fase";"FOREIGN KEY"
"dist_cicf_fk";"distinta";"codice_azienda";"cicli_produzione_fasi";"codice_ciclo";"FOREIGN KEY"
"dist_cicf_fk";"distinta";"prog_fase";"cicli_produzione_fasi";"codice_azienda";"FOREIGN KEY"
"dist_cicf_fk";"distinta";"prog_fase";"cicli_produzione_fasi";"prog_fase";"FOREIGN KEY"
"dist_cicf_fk";"distinta";"prog_fase";"cicli_produzione_fasi";"codice_ciclo";"FOREIGN KEY"
"dist_cicf_fk";"distinta";"codice_ciclo";"cicli_produzione_fasi";"codice_azienda";"FOREIGN KEY"
"dist_cicf_fk";"distinta";"codice_ciclo";"cicli_produzione_fasi";"prog_fase";"FOREIGN KEY"
"dist_cicf_fk";"distinta";"codice_ciclo";"cicli_produzione_fasi";"codice_ciclo";"FOREIGN KEY"
"dist_um_fk";"distinta";"codice_azienda";"unita_misura";"codice_um";"FOREIGN KEY"
"dist_um_fk";"distinta";"codice_azienda";"unita_misura";"codice_azienda";"FOREIGN KEY"
"dist_um_fk";"distinta";"codice_um";"unita_misura";"codice_um";"FOREIGN KEY"
"dist_um_fk";"distinta";"codice_um";"unita_misura";"codice_azienda";"FOREIGN KEY"
"dist_vari_fk";"distinta";"codice_variante";"articoli_varianti";"id_articolo";"FOREIGN KEY"
"dist_vari_fk";"distinta";"codice_variante";"articoli_varianti";"codice_azienda";"FOREIGN KEY"
"dist_vari_fk";"distinta";"codice_variante";"articoli_varianti";"codice_variante";"FOREIGN KEY"
"dist_vari_fk";"distinta";"id_articolo";"articoli_varianti";"id_articolo";"FOREIGN KEY"
"dist_vari_fk";"distinta";"id_articolo";"articoli_varianti";"codice_azienda";"FOREIGN KEY"
"dist_vari_fk";"distinta";"id_articolo";"articoli_varianti";"codice_variante";"FOREIGN KEY"
"dist_vari_fk";"distinta";"codice_azienda";"articoli_varianti";"id_articolo";"FOREIGN KEY"
"dist_vari_fk";"distinta";"codice_azienda";"articoli_varianti";"codice_azienda";"FOREIGN KEY"
"dist_vari_fk";"distinta";"codice_azienda";"articoli_varianti";"codice_variante";"FOREIGN KEY"
"dist_vari_fk_comp";"distinta";"id_componente";"articoli_varianti";"codice_azienda";"FOREIGN KEY"
"dist_vari_fk_comp";"distinta";"id_componente";"articoli_varianti";"codice_variante";"FOREIGN KEY"
"dist_vari_fk_comp";"distinta";"id_componente";"articoli_varianti";"id_articolo";"FOREIGN KEY"
"dist_vari_fk_comp";"distinta";"codice_variante_comp";"articoli_varianti";"codice_azienda";"FOREIGN KEY"
"dist_vari_fk_comp";"distinta";"codice_variante_comp";"articoli_varianti";"codice_variante";"FOREIGN KEY"
"dist_vari_fk_comp";"distinta";"codice_variante_comp";"articoli_varianti";"id_articolo";"FOREIGN KEY"
"dist_vari_fk_comp";"distinta";"codice_azienda";"articoli_varianti";"codice_azienda";"FOREIGN KEY"
"dist_vari_fk_comp";"distinta";"codice_azienda";"articoli_varianti";"codice_variante";"FOREIGN KEY"
"dist_vari_fk_comp";"distinta";"codice_azienda";"articoli_varianti";"id_articolo";"FOREIGN KEY"
"divi_azie_fk";"divisioni";"codice_azienda";"aziende";"codice_azienda";"FOREIGN KEY"
"divi_cgrp_fk";"divisioni";"codice_gruppo_ce";"ce_gruppi";"codice_gruppo_ce";"FOREIGN KEY"
"divi_cspc_fk";"divisioni";"codice_gruppo_ce";"ce_specie";"codice_gruppo_ce";"FOREIGN KEY"
"divi_cspc_fk";"divisioni";"codice_gruppo_ce";"ce_specie";"codice_specie_ce";"FOREIGN KEY"
"divi_cspc_fk";"divisioni";"codice_specie_ce";"ce_specie";"codice_gruppo_ce";"FOREIGN KEY"
"divi_cspc_fk";"divisioni";"codice_specie_ce";"ce_specie";"codice_specie_ce";"FOREIGN KEY"
"divi_part_fk";"divisioni";"codice_part";"partizioni";"codice_part";"FOREIGN KEY"
"divi_pdc_fk";"divisioni";"id_pdc";"pdc";"id_pdc";"FOREIGN KEY"
"divi_pdc_fk";"divisioni";"id_pdc";"pdc";"codice_part";"FOREIGN KEY"
"divi_pdc_fk";"divisioni";"id_pdc";"pdc";"codice_template_fiscale";"FOREIGN KEY"
"divi_pdc_fk";"divisioni";"codice_template_fiscale";"pdc";"id_pdc";"FOREIGN KEY"
"divi_pdc_fk";"divisioni";"codice_template_fiscale";"pdc";"codice_part";"FOREIGN KEY"
"divi_pdc_fk";"divisioni";"codice_template_fiscale";"pdc";"codice_template_fiscale";"FOREIGN KEY"
"divi_pdc_fk";"divisioni";"codice_part";"pdc";"id_pdc";"FOREIGN KEY"
"divi_pdc_fk";"divisioni";"codice_part";"pdc";"codice_part";"FOREIGN KEY"
"divi_pdc_fk";"divisioni";"codice_part";"pdc";"codice_template_fiscale";"FOREIGN KEY"
"dmde__db_est__fk";"domande";"id_db";"db_esterni";"codice_azienda";"FOREIGN KEY"
"dmde__db_est__fk";"domande";"id_db";"db_esterni";"id_db";"FOREIGN KEY"
"dmde__db_est__fk";"domande";"codice_azienda";"db_esterni";"codice_azienda";"FOREIGN KEY"
"dmde__db_est__fk";"domande";"codice_azienda";"db_esterni";"id_db";"FOREIGN KEY"
"dmde__dmde_fk";"domande";"id_domanda_rif";"domande";"id_domanda";"FOREIGN KEY"
"dmde__dmde_fk";"domande";"id_domanda_rif";"domande";"codice_azienda";"FOREIGN KEY"
"dmde__dmde_fk";"domande";"id_domanda_rif";"domande";"id_modello_test";"FOREIGN KEY"
"dmde__dmde_fk";"domande";"id_domanda_rif";"domande";"id_modello_test_vr";"FOREIGN KEY"
"dmde__dmde_fk";"domande";"id_modello_test_vr";"domande";"id_domanda";"FOREIGN KEY"
"dmde__dmde_fk";"domande";"id_modello_test_vr";"domande";"codice_azienda";"FOREIGN KEY"
"dmde__dmde_fk";"domande";"id_modello_test_vr";"domande";"id_modello_test";"FOREIGN KEY"
"dmde__dmde_fk";"domande";"id_modello_test_vr";"domande";"id_modello_test_vr";"FOREIGN KEY"
"dmde__dmde_fk";"domande";"id_modello_test";"domande";"id_domanda";"FOREIGN KEY"
"dmde__dmde_fk";"domande";"id_modello_test";"domande";"codice_azienda";"FOREIGN KEY"
"dmde__dmde_fk";"domande";"id_modello_test";"domande";"id_modello_test";"FOREIGN KEY"
"dmde__dmde_fk";"domande";"id_modello_test";"domande";"id_modello_test_vr";"FOREIGN KEY"
"dmde__dmde_fk";"domande";"codice_azienda";"domande";"id_domanda";"FOREIGN KEY"
"dmde__dmde_fk";"domande";"codice_azienda";"domande";"codice_azienda";"FOREIGN KEY"
"dmde__dmde_fk";"domande";"codice_azienda";"domande";"id_modello_test";"FOREIGN KEY"
"dmde__dmde_fk";"domande";"codice_azienda";"domande";"id_modello_test_vr";"FOREIGN KEY"
"dmde__fsog_fk";"domande";"id_filtro_selezione";"filtri_selezione_oggetti";"id_filtro_selezione";"FOREIGN KEY"
"dmde__mtvr_fk";"domande";"codice_azienda";"modelli_test_vr";"id_modello_test_vr";"FOREIGN KEY"
"dmde__mtvr_fk";"domande";"codice_azienda";"modelli_test_vr";"codice_azienda";"FOREIGN KEY"
"dmde__mtvr_fk";"domande";"codice_azienda";"modelli_test_vr";"id_modello_test";"FOREIGN KEY"
"dmde__mtvr_fk";"domande";"id_modello_test";"modelli_test_vr";"id_modello_test_vr";"FOREIGN KEY"
"dmde__mtvr_fk";"domande";"id_modello_test";"modelli_test_vr";"codice_azienda";"FOREIGN KEY"
"dmde__mtvr_fk";"domande";"id_modello_test";"modelli_test_vr";"id_modello_test";"FOREIGN KEY"
"dmde__mtvr_fk";"domande";"id_modello_test_vr";"modelli_test_vr";"id_modello_test_vr";"FOREIGN KEY"
"dmde__mtvr_fk";"domande";"id_modello_test_vr";"modelli_test_vr";"codice_azienda";"FOREIGN KEY"
"dmde__mtvr_fk";"domande";"id_modello_test_vr";"modelli_test_vr";"id_modello_test";"FOREIGN KEY"
"dmde__rstp_fk";"domande";"id_risposta_prev_rif";"risposte_previste";"id_modello_test_vr";"FOREIGN KEY"
"dmde__rstp_fk";"domande";"id_risposta_prev_rif";"risposte_previste";"id_risposta_prev";"FOREIGN KEY"
"dmde__rstp_fk";"domande";"id_risposta_prev_rif";"risposte_previste";"id_domanda";"FOREIGN KEY"
"dmde__rstp_fk";"domande";"id_risposta_prev_rif";"risposte_previste";"id_modello_test";"FOREIGN KEY"
"dmde__rstp_fk";"domande";"id_risposta_prev_rif";"risposte_previste";"codice_azienda";"FOREIGN KEY"
"dmde__rstp_fk";"domande";"id_modello_test_vr";"risposte_previste";"id_modello_test_vr";"FOREIGN KEY"
"dmde__rstp_fk";"domande";"id_modello_test_vr";"risposte_previste";"id_risposta_prev";"FOREIGN KEY"
"dmde__rstp_fk";"domande";"id_modello_test_vr";"risposte_previste";"id_domanda";"FOREIGN KEY"
"dmde__rstp_fk";"domande";"id_modello_test_vr";"risposte_previste";"id_modello_test";"FOREIGN KEY"
"dmde__rstp_fk";"domande";"id_modello_test_vr";"risposte_previste";"codice_azienda";"FOREIGN KEY"
"dmde__rstp_fk";"domande";"id_domanda_rif";"risposte_previste";"id_modello_test_vr";"FOREIGN KEY"
"dmde__rstp_fk";"domande";"id_domanda_rif";"risposte_previste";"id_risposta_prev";"FOREIGN KEY"
"dmde__rstp_fk";"domande";"id_domanda_rif";"risposte_previste";"id_domanda";"FOREIGN KEY"
"dmde__rstp_fk";"domande";"id_domanda_rif";"risposte_previste";"id_modello_test";"FOREIGN KEY"
"dmde__rstp_fk";"domande";"id_domanda_rif";"risposte_previste";"codice_azienda";"FOREIGN KEY"
"dmde__rstp_fk";"domande";"codice_azienda";"risposte_previste";"id_modello_test_vr";"FOREIGN KEY"
"dmde__rstp_fk";"domande";"codice_azienda";"risposte_previste";"id_risposta_prev";"FOREIGN KEY"
"dmde__rstp_fk";"domande";"codice_azienda";"risposte_previste";"id_domanda";"FOREIGN KEY"
"dmde__rstp_fk";"domande";"codice_azienda";"risposte_previste";"id_modello_test";"FOREIGN KEY"
"dmde__rstp_fk";"domande";"codice_azienda";"risposte_previste";"codice_azienda";"FOREIGN KEY"
"dmde__rstp_fk";"domande";"id_modello_test";"risposte_previste";"id_modello_test_vr";"FOREIGN KEY"
"dmde__rstp_fk";"domande";"id_modello_test";"risposte_previste";"id_risposta_prev";"FOREIGN KEY"
"dmde__rstp_fk";"domande";"id_modello_test";"risposte_previste";"id_domanda";"FOREIGN KEY"
"dmde__rstp_fk";"domande";"id_modello_test";"risposte_previste";"id_modello_test";"FOREIGN KEY"
"dmde__rstp_fk";"domande";"id_modello_test";"risposte_previste";"codice_azienda";"FOREIGN KEY"
"dmde__tpal__fk";"domande";"id_tipo_allegato";"tipi_allegati";"codice_azienda";"FOREIGN KEY"
"dmde__tpal__fk";"domande";"id_tipo_allegato";"tipi_allegati";"id_tipo_allegato";"FOREIGN KEY"
"dmde__tpal__fk";"domande";"codice_azienda";"tipi_allegati";"codice_azienda";"FOREIGN KEY"
"dmde__tpal__fk";"domande";"codice_azienda";"tipi_allegati";"id_tipo_allegato";"FOREIGN KEY"
"dmde_dmsz_fk";"domande";"id_modello_test_vr";"domande_sezioni";"codice_azienda";"FOREIGN KEY"
"dmde_dmsz_fk";"domande";"id_modello_test_vr";"domande_sezioni";"id_modello_test_vr";"FOREIGN KEY"
"dmde_dmsz_fk";"domande";"id_modello_test_vr";"domande_sezioni";"id_sezione";"FOREIGN KEY"
"dmde_dmsz_fk";"domande";"id_modello_test_vr";"domande_sezioni";"id_modello_test";"FOREIGN KEY"
"dmde_dmsz_fk";"domande";"codice_azienda";"domande_sezioni";"codice_azienda";"FOREIGN KEY"
"dmde_dmsz_fk";"domande";"codice_azienda";"domande_sezioni";"id_modello_test_vr";"FOREIGN KEY"
"dmde_dmsz_fk";"domande";"codice_azienda";"domande_sezioni";"id_sezione";"FOREIGN KEY"
"dmde_dmsz_fk";"domande";"codice_azienda";"domande_sezioni";"id_modello_test";"FOREIGN KEY"
"dmde_dmsz_fk";"domande";"id_modello_test";"domande_sezioni";"codice_azienda";"FOREIGN KEY"
"dmde_dmsz_fk";"domande";"id_modello_test";"domande_sezioni";"id_modello_test_vr";"FOREIGN KEY"
"dmde_dmsz_fk";"domande";"id_modello_test";"domande_sezioni";"id_sezione";"FOREIGN KEY"
"dmde_dmsz_fk";"domande";"id_modello_test";"domande_sezioni";"id_modello_test";"FOREIGN KEY"
"dmde_dmsz_fk";"domande";"id_sezione";"domande_sezioni";"codice_azienda";"FOREIGN KEY"
"dmde_dmsz_fk";"domande";"id_sezione";"domande_sezioni";"id_modello_test_vr";"FOREIGN KEY"
"dmde_dmsz_fk";"domande";"id_sezione";"domande_sezioni";"id_sezione";"FOREIGN KEY"
"dmde_dmsz_fk";"domande";"id_sezione";"domande_sezioni";"id_modello_test";"FOREIGN KEY"
"dmde_prsd__dmde_fk";"domande_presidi";"id_domanda";"domande";"id_modello_test";"FOREIGN KEY"
"dmde_prsd__dmde_fk";"domande_presidi";"id_domanda";"domande";"codice_azienda";"FOREIGN KEY"
"dmde_prsd__dmde_fk";"domande_presidi";"id_domanda";"domande";"id_modello_test_vr";"FOREIGN KEY"
"dmde_prsd__dmde_fk";"domande_presidi";"id_domanda";"domande";"id_domanda";"FOREIGN KEY"
"dmde_prsd__dmde_fk";"domande_presidi";"id_modello_test_vr";"domande";"id_modello_test";"FOREIGN KEY"
"dmde_prsd__dmde_fk";"domande_presidi";"id_modello_test_vr";"domande";"codice_azienda";"FOREIGN KEY"
"dmde_prsd__dmde_fk";"domande_presidi";"id_modello_test_vr";"domande";"id_modello_test_vr";"FOREIGN KEY"
"dmde_prsd__dmde_fk";"domande_presidi";"id_modello_test_vr";"domande";"id_domanda";"FOREIGN KEY"
"dmde_prsd__dmde_fk";"domande_presidi";"id_modello_test";"domande";"id_modello_test";"FOREIGN KEY"
"dmde_prsd__dmde_fk";"domande_presidi";"id_modello_test";"domande";"codice_azienda";"FOREIGN KEY"
"dmde_prsd__dmde_fk";"domande_presidi";"id_modello_test";"domande";"id_modello_test_vr";"FOREIGN KEY"
"dmde_prsd__dmde_fk";"domande_presidi";"id_modello_test";"domande";"id_domanda";"FOREIGN KEY"
"dmde_prsd__dmde_fk";"domande_presidi";"codice_azienda";"domande";"id_modello_test";"FOREIGN KEY"
"dmde_prsd__dmde_fk";"domande_presidi";"codice_azienda";"domande";"codice_azienda";"FOREIGN KEY"
"dmde_prsd__dmde_fk";"domande_presidi";"codice_azienda";"domande";"id_modello_test_vr";"FOREIGN KEY"
"dmde_prsd__dmde_fk";"domande_presidi";"codice_azienda";"domande";"id_domanda";"FOREIGN KEY"
"dmde_prsd__prsd_fk";"domande_presidi";"codice_azienda";"presidi";"codice_azienda";"FOREIGN KEY"
"dmde_prsd__prsd_fk";"domande_presidi";"codice_azienda";"presidi";"id_presidio";"FOREIGN KEY"
"dmde_prsd__prsd_fk";"domande_presidi";"id_presidio";"presidi";"codice_azienda";"FOREIGN KEY"
"dmde_prsd__prsd_fk";"domande_presidi";"id_presidio";"presidi";"id_presidio";"FOREIGN KEY"
"dmsz__mtvr_fk";"domande_sezioni";"codice_azienda";"modelli_test_vr";"id_modello_test_vr";"FOREIGN KEY"
"dmsz__mtvr_fk";"domande_sezioni";"codice_azienda";"modelli_test_vr";"id_modello_test";"FOREIGN KEY"
"dmsz__mtvr_fk";"domande_sezioni";"codice_azienda";"modelli_test_vr";"codice_azienda";"FOREIGN KEY"
"dmsz__mtvr_fk";"domande_sezioni";"id_modello_test_vr";"modelli_test_vr";"id_modello_test_vr";"FOREIGN KEY"
"dmsz__mtvr_fk";"domande_sezioni";"id_modello_test_vr";"modelli_test_vr";"id_modello_test";"FOREIGN KEY"
"dmsz__mtvr_fk";"domande_sezioni";"id_modello_test_vr";"modelli_test_vr";"codice_azienda";"FOREIGN KEY"
"dmsz__mtvr_fk";"domande_sezioni";"id_modello_test";"modelli_test_vr";"id_modello_test_vr";"FOREIGN KEY"
"dmsz__mtvr_fk";"domande_sezioni";"id_modello_test";"modelli_test_vr";"id_modello_test";"FOREIGN KEY"
"dmsz__mtvr_fk";"domande_sezioni";"id_modello_test";"modelli_test_vr";"codice_azienda";"FOREIGN KEY"
"doad_doc_fk";"documenti_arch_doc";"codice_azienda";"documenti";"codice_azienda";"FOREIGN KEY"
"doad_doc_fk";"documenti_arch_doc";"codice_azienda";"documenti";"id_documento";"FOREIGN KEY"
"doad_doc_fk";"documenti_arch_doc";"id_documento";"documenti";"codice_azienda";"FOREIGN KEY"
"doad_doc_fk";"documenti_arch_doc";"id_documento";"documenti";"id_documento";"FOREIGN KEY"
"doc_doc2_fk";"documenti";"codice_azienda";"documenti";"codice_azienda";"FOREIGN KEY"
"doc_doc2_fk";"documenti";"codice_azienda";"documenti";"id_documento";"FOREIGN KEY"
"doc_doc2_fk";"documenti";"id_documento_2";"documenti";"codice_azienda";"FOREIGN KEY"
"doc_doc2_fk";"documenti";"id_documento_2";"documenti";"id_documento";"FOREIGN KEY"
"doc_sedi_fk";"documenti";"codice_sede";"sedi";"codice_part";"FOREIGN KEY"
"doc_sedi_fk";"documenti";"codice_sede";"sedi";"codice_sede";"FOREIGN KEY"
"doc_sedi_fk";"documenti";"codice_part";"sedi";"codice_part";"FOREIGN KEY"
"doc_sedi_fk";"documenti";"codice_part";"sedi";"codice_sede";"FOREIGN KEY"
"docm_docu_fk";"documenti_movim";"id_documento";"documenti";"id_documento";"FOREIGN KEY"
"docm_docu_fk";"documenti_movim";"id_documento";"documenti";"codice_azienda";"FOREIGN KEY"
"docm_docu_fk";"documenti_movim";"codice_azienda";"documenti";"id_documento";"FOREIGN KEY"
"docm_docu_fk";"documenti_movim";"codice_azienda";"documenti";"codice_azienda";"FOREIGN KEY"
"docm_soco_fk";"documenti_movim";"codice_template_fiscale";"sottoconti";"id_pdc";"FOREIGN KEY"
"docm_soco_fk";"documenti_movim";"codice_template_fiscale";"sottoconti";"codice_part";"FOREIGN KEY"
"docm_soco_fk";"documenti_movim";"codice_template_fiscale";"sottoconti";"codice_template_fiscale";"FOREIGN KEY"
"docm_soco_fk";"documenti_movim";"codice_template_fiscale";"sottoconti";"id_sottoconto";"FOREIGN KEY"
"docm_soco_fk";"documenti_movim";"codice_part";"sottoconti";"id_pdc";"FOREIGN KEY"
"docm_soco_fk";"documenti_movim";"codice_part";"sottoconti";"codice_part";"FOREIGN KEY"
"docm_soco_fk";"documenti_movim";"codice_part";"sottoconti";"codice_template_fiscale";"FOREIGN KEY"
"docm_soco_fk";"documenti_movim";"codice_part";"sottoconti";"id_sottoconto";"FOREIGN KEY"
"docm_soco_fk";"documenti_movim";"id_sottoconto";"sottoconti";"id_pdc";"FOREIGN KEY"
"docm_soco_fk";"documenti_movim";"id_sottoconto";"sottoconti";"codice_part";"FOREIGN KEY"
"docm_soco_fk";"documenti_movim";"id_sottoconto";"sottoconti";"codice_template_fiscale";"FOREIGN KEY"
"docm_soco_fk";"documenti_movim";"id_sottoconto";"sottoconti";"id_sottoconto";"FOREIGN KEY"
"docm_soco_fk";"documenti_movim";"id_pdc";"sottoconti";"id_pdc";"FOREIGN KEY"
"docm_soco_fk";"documenti_movim";"id_pdc";"sottoconti";"codice_part";"FOREIGN KEY"
"docm_soco_fk";"documenti_movim";"id_pdc";"sottoconti";"codice_template_fiscale";"FOREIGN KEY"
"docm_soco_fk";"documenti_movim";"id_pdc";"sottoconti";"id_sottoconto";"FOREIGN KEY"
"docu__maga__fk";"documenti";"codice_azienda";"magazzini";"codice_azienda";"FOREIGN KEY"
"docu__maga__fk";"documenti";"codice_azienda";"magazzini";"codice_magazzino";"FOREIGN KEY"
"docu__maga__fk";"documenti";"codice_magazzino";"magazzini";"codice_azienda";"FOREIGN KEY"
"docu__maga__fk";"documenti";"codice_magazzino";"magazzini";"codice_magazzino";"FOREIGN KEY"
"docu__maga_2__fk";"documenti";"codice_magazzino_2";"magazzini";"codice_magazzino";"FOREIGN KEY"
"docu__maga_2__fk";"documenti";"codice_magazzino_2";"magazzini";"codice_azienda";"FOREIGN KEY"
"docu__maga_2__fk";"documenti";"codice_azienda";"magazzini";"codice_magazzino";"FOREIGN KEY"
"docu__maga_2__fk";"documenti";"codice_azienda";"magazzini";"codice_azienda";"FOREIGN KEY"
"docu__temp_vr__fk";"documenti";"id_tessera";"tessere_empori_vr";"id_tessera_vr";"FOREIGN KEY"
"docu__temp_vr__fk";"documenti";"id_tessera";"tessere_empori_vr";"codice_azienda";"FOREIGN KEY"
"docu__temp_vr__fk";"documenti";"id_tessera";"tessere_empori_vr";"id_tessera";"FOREIGN KEY"
"docu__temp_vr__fk";"documenti";"codice_azienda";"tessere_empori_vr";"id_tessera_vr";"FOREIGN KEY"
"docu__temp_vr__fk";"documenti";"codice_azienda";"tessere_empori_vr";"codice_azienda";"FOREIGN KEY"
"docu__temp_vr__fk";"documenti";"codice_azienda";"tessere_empori_vr";"id_tessera";"FOREIGN KEY"
"docu__temp_vr__fk";"documenti";"id_tessera_vr";"tessere_empori_vr";"id_tessera_vr";"FOREIGN KEY"
"docu__temp_vr__fk";"documenti";"id_tessera_vr";"tessere_empori_vr";"codice_azienda";"FOREIGN KEY"
"docu__temp_vr__fk";"documenti";"id_tessera_vr";"tessere_empori_vr";"id_tessera";"FOREIGN KEY"
"docu_alqt_fk";"documenti";"codice_esenzione_iva";"aliquote";"codice_aliquota";"FOREIGN KEY"
"docu_alqt_fk";"documenti";"codice_esenzione_iva";"aliquote";"codice_part";"FOREIGN KEY"
"docu_alqt_fk";"documenti";"codice_part";"aliquote";"codice_aliquota";"FOREIGN KEY"
"docu_alqt_fk";"documenti";"codice_part";"aliquote";"codice_part";"FOREIGN KEY"
"docu_amid_amtz_fk";"documenti";"id_emittente_terzi";"anagrafiche_id";"codice_part";"FOREIGN KEY"
"docu_amid_amtz_fk";"documenti";"id_emittente_terzi";"anagrafiche_id";"id_anagrafica";"FOREIGN KEY"
"docu_amid_amtz_fk";"documenti";"codice_part";"anagrafiche_id";"codice_part";"FOREIGN KEY"
"docu_amid_amtz_fk";"documenti";"codice_part";"anagrafiche_id";"id_anagrafica";"FOREIGN KEY"
"docu_anfr_age1_fk";"documenti";"id_agente_pri";"anagrafiche_id";"id_anagrafica";"FOREIGN KEY"
"docu_anfr_age1_fk";"documenti";"id_agente_pri";"anagrafiche_id";"codice_part";"FOREIGN KEY"
"docu_anfr_age1_fk";"documenti";"codice_part";"anagrafiche_id";"id_anagrafica";"FOREIGN KEY"
"docu_anfr_age1_fk";"documenti";"codice_part";"anagrafiche_id";"codice_part";"FOREIGN KEY"
"docu_anfr_age2_fk";"documenti";"codice_part";"anagrafiche_id";"codice_part";"FOREIGN KEY"
"docu_anfr_age2_fk";"documenti";"codice_part";"anagrafiche_id";"id_anagrafica";"FOREIGN KEY"
"docu_anfr_age2_fk";"documenti";"id_agente_sec";"anagrafiche_id";"codice_part";"FOREIGN KEY"
"docu_anfr_age2_fk";"documenti";"id_agente_sec";"anagrafiche_id";"id_anagrafica";"FOREIGN KEY"
"docu_anvr_doga_fk";"documenti";"id_dogana";"anagrafiche_vr";"prog_vr";"FOREIGN KEY"
"docu_anvr_doga_fk";"documenti";"id_dogana";"anagrafiche_vr";"codice_part";"FOREIGN KEY"
"docu_anvr_doga_fk";"documenti";"id_dogana";"anagrafiche_vr";"id_anagrafica";"FOREIGN KEY"
"docu_anvr_doga_fk";"documenti";"codice_part";"anagrafiche_vr";"prog_vr";"FOREIGN KEY"
"docu_anvr_doga_fk";"documenti";"codice_part";"anagrafiche_vr";"codice_part";"FOREIGN KEY"
"docu_anvr_doga_fk";"documenti";"codice_part";"anagrafiche_vr";"id_anagrafica";"FOREIGN KEY"
"docu_anvr_doga_fk";"documenti";"prog_vr_doga";"anagrafiche_vr";"prog_vr";"FOREIGN KEY"
"docu_anvr_doga_fk";"documenti";"prog_vr_doga";"anagrafiche_vr";"codice_part";"FOREIGN KEY"
"docu_anvr_doga_fk";"documenti";"prog_vr_doga";"anagrafiche_vr";"id_anagrafica";"FOREIGN KEY"
"docu_anvr_fk";"documenti";"codice_part";"anagrafiche_vr";"prog_vr";"FOREIGN KEY"
"docu_anvr_fk";"documenti";"codice_part";"anagrafiche_vr";"id_anagrafica";"FOREIGN KEY"
"docu_anvr_fk";"documenti";"codice_part";"anagrafiche_vr";"codice_part";"FOREIGN KEY"
"docu_anvr_fk";"documenti";"id_anagrafica";"anagrafiche_vr";"prog_vr";"FOREIGN KEY"
"docu_anvr_fk";"documenti";"id_anagrafica";"anagrafiche_vr";"id_anagrafica";"FOREIGN KEY"
"docu_anvr_fk";"documenti";"id_anagrafica";"anagrafiche_vr";"codice_part";"FOREIGN KEY"
"docu_anvr_fk";"documenti";"prog_vr_anag";"anagrafiche_vr";"prog_vr";"FOREIGN KEY"
"docu_anvr_fk";"documenti";"prog_vr_anag";"anagrafiche_vr";"id_anagrafica";"FOREIGN KEY"
"docu_anvr_fk";"documenti";"prog_vr_anag";"anagrafiche_vr";"codice_part";"FOREIGN KEY"
"docu_anvr_spft_fk";"documenti";"codice_part";"anagrafiche_vr";"id_anagrafica";"FOREIGN KEY"
"docu_anvr_spft_fk";"documenti";"codice_part";"anagrafiche_vr";"prog_vr";"FOREIGN KEY"
"docu_anvr_spft_fk";"documenti";"codice_part";"anagrafiche_vr";"codice_part";"FOREIGN KEY"
"docu_anvr_spft_fk";"documenti";"id_anagrafica_spft";"anagrafiche_vr";"id_anagrafica";"FOREIGN KEY"
"docu_anvr_spft_fk";"documenti";"id_anagrafica_spft";"anagrafiche_vr";"prog_vr";"FOREIGN KEY"
"docu_anvr_spft_fk";"documenti";"id_anagrafica_spft";"anagrafiche_vr";"codice_part";"FOREIGN KEY"
"docu_anvr_spft_fk";"documenti";"prog_vr_spft";"anagrafiche_vr";"id_anagrafica";"FOREIGN KEY"
"docu_anvr_spft_fk";"documenti";"prog_vr_spft";"anagrafiche_vr";"prog_vr";"FOREIGN KEY"
"docu_anvr_spft_fk";"documenti";"prog_vr_spft";"anagrafiche_vr";"codice_part";"FOREIGN KEY"
"docu_azie_fk";"documenti";"codice_azienda";"aziende";"codice_azienda";"FOREIGN KEY"
"docu_btcf_fk";"documenti";"codice_azienda";"batch_fatt";"codice_azienda";"FOREIGN KEY"
"docu_btcf_fk";"documenti";"codice_azienda";"batch_fatt";"id_batch_fatt";"FOREIGN KEY"
"docu_btcf_fk";"documenti";"id_batch_fatt";"batch_fatt";"codice_azienda";"FOREIGN KEY"
"docu_btcf_fk";"documenti";"id_batch_fatt";"batch_fatt";"id_batch_fatt";"FOREIGN KEY"
"docu_cado_fk";"documenti";"id_causale_doc";"causali_documenti";"codice_part";"FOREIGN KEY"
"docu_cado_fk";"documenti";"id_causale_doc";"causali_documenti";"id_causale_doc";"FOREIGN KEY"
"docu_cado_fk";"documenti";"codice_part";"causali_documenti";"codice_part";"FOREIGN KEY"
"docu_cado_fk";"documenti";"codice_part";"causali_documenti";"id_causale_doc";"FOREIGN KEY"
"docu_cari_fk";"documenti";"codice_causale_rit";"causali_ritenute";"codice_causale_rit";"FOREIGN KEY"
"docu_cc_fk_terzi";"documenti";"id_conto_corrente_terzi";"conti_correnti";"codice_azienda";"FOREIGN KEY"
"docu_cc_fk_terzi";"documenti";"id_conto_corrente_terzi";"conti_correnti";"id_conto_corrente";"FOREIGN KEY"
"docu_cc_fk_terzi";"documenti";"codice_azienda";"conti_correnti";"codice_azienda";"FOREIGN KEY"
"docu_cc_fk_terzi";"documenti";"codice_azienda";"conti_correnti";"id_conto_corrente";"FOREIGN KEY"
"docu_ccaz_fk";"documenti";"codice_azienda";"conti_correnti";"id_conto_corrente";"FOREIGN KEY"
"docu_ccaz_fk";"documenti";"codice_azienda";"conti_correnti";"codice_azienda";"FOREIGN KEY"
"docu_ccaz_fk";"documenti";"id_conto_corrente_az";"conti_correnti";"id_conto_corrente";"FOREIGN KEY"
"docu_ccaz_fk";"documenti";"id_conto_corrente_az";"conti_correnti";"codice_azienda";"FOREIGN KEY"
"docu_ceat_fk";"documenti";"codice_azienda";"centri_attivita";"codice_azienda";"FOREIGN KEY"
"docu_ceat_fk";"documenti";"codice_azienda";"centri_attivita";"id_centro_attivita";"FOREIGN KEY"
"docu_ceat_fk";"documenti";"id_centro_attivita";"centri_attivita";"codice_azienda";"FOREIGN KEY"
"docu_ceat_fk";"documenti";"id_centro_attivita";"centri_attivita";"id_centro_attivita";"FOREIGN KEY"
"docu_ceco_fk";"documenti";"id_centro_costo";"centri_costo";"id_centro_costo";"FOREIGN KEY"
"docu_ceco_fk";"documenti";"id_centro_costo";"centri_costo";"codice_azienda";"FOREIGN KEY"
"docu_ceco_fk";"documenti";"codice_azienda";"centri_costo";"id_centro_costo";"FOREIGN KEY"
"docu_ceco_fk";"documenti";"codice_azienda";"centri_costo";"codice_azienda";"FOREIGN KEY"
"docu_cege_fk";"documenti";"codice_part";"centri_gestionali";"id_centro_gest";"FOREIGN KEY"
"docu_cege_fk";"documenti";"codice_part";"centri_gestionali";"codice_part";"FOREIGN KEY"
"docu_cege_fk";"documenti";"id_centro_gest";"centri_gestionali";"id_centro_gest";"FOREIGN KEY"
"docu_cege_fk";"documenti";"id_centro_gest";"centri_gestionali";"codice_part";"FOREIGN KEY"
"docu_comp_fk";"documenti";"id_documento";"competenze";"id_competenza";"FOREIGN KEY"
"docu_comp_fk";"documenti";"id_documento";"competenze";"codice_azienda";"FOREIGN KEY"
"docu_comp_fk";"documenti";"id_documento";"competenze";"id_documento";"FOREIGN KEY"
"docu_comp_fk";"documenti";"codice_azienda";"competenze";"id_competenza";"FOREIGN KEY"
"docu_comp_fk";"documenti";"codice_azienda";"competenze";"codice_azienda";"FOREIGN KEY"
"docu_comp_fk";"documenti";"codice_azienda";"competenze";"id_documento";"FOREIGN KEY"
"docu_comp_fk";"documenti";"id_competenza";"competenze";"id_competenza";"FOREIGN KEY"
"docu_comp_fk";"documenti";"id_competenza";"competenze";"codice_azienda";"FOREIGN KEY"
"docu_comp_fk";"documenti";"id_competenza";"competenze";"id_documento";"FOREIGN KEY"
"docu_copa_fk";"documenti";"codice_azienda";"condizioni_pagamento";"id_condizione_pagamento";"FOREIGN KEY"
"docu_copa_fk";"documenti";"codice_azienda";"condizioni_pagamento";"codice_azienda";"FOREIGN KEY"
"docu_copa_fk";"documenti";"id_condizione_pagamento";"condizioni_pagamento";"id_condizione_pagamento";"FOREIGN KEY"
"docu_copa_fk";"documenti";"id_condizione_pagamento";"condizioni_pagamento";"codice_azienda";"FOREIGN KEY"
"docu_dccf_fk";"documenti";"codice_tipo_doc";"doc_cfg";"anno";"FOREIGN KEY"
"docu_dccf_fk";"documenti";"codice_tipo_doc";"doc_cfg";"codice_tipo_doc";"FOREIGN KEY"
"docu_dccf_fk";"documenti";"codice_tipo_doc";"doc_cfg";"id_numeratore";"FOREIGN KEY"
"docu_dccf_fk";"documenti";"codice_tipo_doc";"doc_cfg";"codice_azienda";"FOREIGN KEY"
"docu_dccf_fk";"documenti";"codice_tipo_doc";"doc_cfg";"codice_tipo_doc_az";"FOREIGN KEY"
"docu_dccf_fk";"documenti";"codice_tipo_doc";"doc_cfg";"id_divisione";"FOREIGN KEY"
"docu_dccf_fk";"documenti";"codice_azienda";"doc_cfg";"anno";"FOREIGN KEY"
"docu_dccf_fk";"documenti";"codice_azienda";"doc_cfg";"codice_tipo_doc";"FOREIGN KEY"
"docu_dccf_fk";"documenti";"codice_azienda";"doc_cfg";"id_numeratore";"FOREIGN KEY"
"docu_dccf_fk";"documenti";"codice_azienda";"doc_cfg";"codice_azienda";"FOREIGN KEY"
"docu_dccf_fk";"documenti";"codice_azienda";"doc_cfg";"codice_tipo_doc_az";"FOREIGN KEY"
"docu_dccf_fk";"documenti";"codice_azienda";"doc_cfg";"id_divisione";"FOREIGN KEY"
"docu_dccf_fk";"documenti";"anno";"doc_cfg";"anno";"FOREIGN KEY"
"docu_dccf_fk";"documenti";"anno";"doc_cfg";"codice_tipo_doc";"FOREIGN KEY"
"docu_dccf_fk";"documenti";"anno";"doc_cfg";"id_numeratore";"FOREIGN KEY"
"docu_dccf_fk";"documenti";"anno";"doc_cfg";"codice_azienda";"FOREIGN KEY"
"docu_dccf_fk";"documenti";"anno";"doc_cfg";"codice_tipo_doc_az";"FOREIGN KEY"
"docu_dccf_fk";"documenti";"anno";"doc_cfg";"id_divisione";"FOREIGN KEY"
"docu_dccf_fk";"documenti";"codice_tipo_doc_az";"doc_cfg";"anno";"FOREIGN KEY"
"docu_dccf_fk";"documenti";"codice_tipo_doc_az";"doc_cfg";"codice_tipo_doc";"FOREIGN KEY"
"docu_dccf_fk";"documenti";"codice_tipo_doc_az";"doc_cfg";"id_numeratore";"FOREIGN KEY"
"docu_dccf_fk";"documenti";"codice_tipo_doc_az";"doc_cfg";"codice_azienda";"FOREIGN KEY"
"docu_dccf_fk";"documenti";"codice_tipo_doc_az";"doc_cfg";"codice_tipo_doc_az";"FOREIGN KEY"
"docu_dccf_fk";"documenti";"codice_tipo_doc_az";"doc_cfg";"id_divisione";"FOREIGN KEY"
"docu_dccf_fk";"documenti";"id_numeratore";"doc_cfg";"anno";"FOREIGN KEY"
"docu_dccf_fk";"documenti";"id_numeratore";"doc_cfg";"codice_tipo_doc";"FOREIGN KEY"
"docu_dccf_fk";"documenti";"id_numeratore";"doc_cfg";"id_numeratore";"FOREIGN KEY"
"docu_dccf_fk";"documenti";"id_numeratore";"doc_cfg";"codice_azienda";"FOREIGN KEY"
"docu_dccf_fk";"documenti";"id_numeratore";"doc_cfg";"codice_tipo_doc_az";"FOREIGN KEY"
"docu_dccf_fk";"documenti";"id_numeratore";"doc_cfg";"id_divisione";"FOREIGN KEY"
"docu_dccf_fk";"documenti";"id_divisione";"doc_cfg";"anno";"FOREIGN KEY"
"docu_dccf_fk";"documenti";"id_divisione";"doc_cfg";"codice_tipo_doc";"FOREIGN KEY"
"docu_dccf_fk";"documenti";"id_divisione";"doc_cfg";"id_numeratore";"FOREIGN KEY"
"docu_dccf_fk";"documenti";"id_divisione";"doc_cfg";"codice_azienda";"FOREIGN KEY"
"docu_dccf_fk";"documenti";"id_divisione";"doc_cfg";"codice_tipo_doc_az";"FOREIGN KEY"
"docu_dccf_fk";"documenti";"id_divisione";"doc_cfg";"id_divisione";"FOREIGN KEY"
"docu_divi_fk";"documenti";"id_divisione";"divisioni";"codice_azienda";"FOREIGN KEY"
"docu_divi_fk";"documenti";"id_divisione";"divisioni";"id_divisione";"FOREIGN KEY"
"docu_divi_fk";"documenti";"codice_azienda";"divisioni";"codice_azienda";"FOREIGN KEY"
"docu_divi_fk";"documenti";"codice_azienda";"divisioni";"id_divisione";"FOREIGN KEY"
"docu_docu_fk_rif";"documenti";"id_documento_rif";"documenti";"id_documento";"FOREIGN KEY"
"docu_docu_fk_rif";"documenti";"id_documento_rif";"documenti";"codice_azienda";"FOREIGN KEY"
"docu_docu_fk_rif";"documenti";"codice_azienda";"documenti";"id_documento";"FOREIGN KEY"
"docu_docu_fk_rif";"documenti";"codice_azienda";"documenti";"codice_azienda";"FOREIGN KEY"
"docu_docu_tgt_fk";"documenti";"codice_azienda";"documenti";"id_documento";"FOREIGN KEY"
"docu_docu_tgt_fk";"documenti";"codice_azienda";"documenti";"codice_azienda";"FOREIGN KEY"
"docu_docu_tgt_fk";"documenti";"id_documento_target";"documenti";"id_documento";"FOREIGN KEY"
"docu_docu_tgt_fk";"documenti";"id_documento_target";"documenti";"codice_azienda";"FOREIGN KEY"
"docu_esco_fk";"documenti";"id_divisione";"esercizi";"id_divisione";"FOREIGN KEY"
"docu_esco_fk";"documenti";"id_divisione";"esercizi";"codice_azienda";"FOREIGN KEY"
"docu_esco_fk";"documenti";"id_divisione";"esercizi";"id_esercizio";"FOREIGN KEY"
"docu_esco_fk";"documenti";"id_esercizio_comp";"esercizi";"id_divisione";"FOREIGN KEY"
"docu_esco_fk";"documenti";"id_esercizio_comp";"esercizi";"codice_azienda";"FOREIGN KEY"
"docu_esco_fk";"documenti";"id_esercizio_comp";"esercizi";"id_esercizio";"FOREIGN KEY"
"docu_esco_fk";"documenti";"codice_azienda";"esercizi";"id_divisione";"FOREIGN KEY"
"docu_esco_fk";"documenti";"codice_azienda";"esercizi";"codice_azienda";"FOREIGN KEY"
"docu_esco_fk";"documenti";"codice_azienda";"esercizi";"id_esercizio";"FOREIGN KEY"
"docu_esre_fk";"documenti";"id_esercizio_reg";"esercizi";"id_esercizio";"FOREIGN KEY"
"docu_esre_fk";"documenti";"id_esercizio_reg";"esercizi";"codice_azienda";"FOREIGN KEY"
"docu_esre_fk";"documenti";"id_esercizio_reg";"esercizi";"id_divisione";"FOREIGN KEY"
"docu_esre_fk";"documenti";"codice_azienda";"esercizi";"id_esercizio";"FOREIGN KEY"
"docu_esre_fk";"documenti";"codice_azienda";"esercizi";"codice_azienda";"FOREIGN KEY"
"docu_esre_fk";"documenti";"codice_azienda";"esercizi";"id_divisione";"FOREIGN KEY"
"docu_esre_fk";"documenti";"id_divisione";"esercizi";"id_esercizio";"FOREIGN KEY"
"docu_esre_fk";"documenti";"id_divisione";"esercizi";"codice_azienda";"FOREIGN KEY"
"docu_esre_fk";"documenti";"id_divisione";"esercizi";"id_divisione";"FOREIGN KEY"
"docu_even_fk";"documenti";"id_evento";"eventi";"codice_azienda";"FOREIGN KEY"
"docu_even_fk";"documenti";"id_evento";"eventi";"id_evento";"FOREIGN KEY"
"docu_even_fk";"documenti";"codice_azienda";"eventi";"codice_azienda";"FOREIGN KEY"
"docu_even_fk";"documenti";"codice_azienda";"eventi";"id_evento";"FOREIGN KEY"
"docu_regc_fk";"documenti";"id_cassa";"registratori_cassa";"id_cassa";"FOREIGN KEY"
"docu_regc_fk";"documenti";"id_cassa";"registratori_cassa";"codice_azienda";"FOREIGN KEY"
"docu_regc_fk";"documenti";"codice_azienda";"registratori_cassa";"id_cassa";"FOREIGN KEY"
"docu_regc_fk";"documenti";"codice_azienda";"registratori_cassa";"codice_azienda";"FOREIGN KEY"
"docu_seaz_fk";"documenti";"codice_sede";"sedi_azienda";"codice_azienda";"FOREIGN KEY"
"docu_seaz_fk";"documenti";"codice_sede";"sedi_azienda";"codice_sede";"FOREIGN KEY"
"docu_seaz_fk";"documenti";"codice_azienda";"sedi_azienda";"codice_azienda";"FOREIGN KEY"
"docu_seaz_fk";"documenti";"codice_azienda";"sedi_azienda";"codice_sede";"FOREIGN KEY"
"docu_soco_fk";"documenti";"codice_template_fiscale";"sottoconti";"codice_template_fiscale";"FOREIGN KEY"
"docu_soco_fk";"documenti";"codice_template_fiscale";"sottoconti";"id_sottoconto";"FOREIGN KEY"
"docu_soco_fk";"documenti";"codice_template_fiscale";"sottoconti";"codice_part";"FOREIGN KEY"
"docu_soco_fk";"documenti";"codice_template_fiscale";"sottoconti";"id_pdc";"FOREIGN KEY"
"docu_soco_fk";"documenti";"id_pdc";"sottoconti";"codice_template_fiscale";"FOREIGN KEY"
"docu_soco_fk";"documenti";"id_pdc";"sottoconti";"id_sottoconto";"FOREIGN KEY"
"docu_soco_fk";"documenti";"id_pdc";"sottoconti";"codice_part";"FOREIGN KEY"
"docu_soco_fk";"documenti";"id_pdc";"sottoconti";"id_pdc";"FOREIGN KEY"
"docu_soco_fk";"documenti";"codice_part";"sottoconti";"codice_template_fiscale";"FOREIGN KEY"
"docu_soco_fk";"documenti";"codice_part";"sottoconti";"id_sottoconto";"FOREIGN KEY"
"docu_soco_fk";"documenti";"codice_part";"sottoconti";"codice_part";"FOREIGN KEY"
"docu_soco_fk";"documenti";"codice_part";"sottoconti";"id_pdc";"FOREIGN KEY"
"docu_soco_fk";"documenti";"id_sottoconto";"sottoconti";"codice_template_fiscale";"FOREIGN KEY"
"docu_soco_fk";"documenti";"id_sottoconto";"sottoconti";"id_sottoconto";"FOREIGN KEY"
"docu_soco_fk";"documenti";"id_sottoconto";"sottoconti";"codice_part";"FOREIGN KEY"
"docu_soco_fk";"documenti";"id_sottoconto";"sottoconti";"id_pdc";"FOREIGN KEY"
"docu_soco_sp_fk";"documenti";"codice_template_fiscale";"sottoconti";"codice_template_fiscale";"FOREIGN KEY"
"docu_soco_sp_fk";"documenti";"codice_template_fiscale";"sottoconti";"id_pdc";"FOREIGN KEY"
"docu_soco_sp_fk";"documenti";"codice_template_fiscale";"sottoconti";"codice_part";"FOREIGN KEY"
"docu_soco_sp_fk";"documenti";"codice_template_fiscale";"sottoconti";"id_sottoconto";"FOREIGN KEY"
"docu_soco_sp_fk";"documenti";"id_pdc";"sottoconti";"codice_template_fiscale";"FOREIGN KEY"
"docu_soco_sp_fk";"documenti";"id_pdc";"sottoconti";"id_pdc";"FOREIGN KEY"
"docu_soco_sp_fk";"documenti";"id_pdc";"sottoconti";"codice_part";"FOREIGN KEY"
"docu_soco_sp_fk";"documenti";"id_pdc";"sottoconti";"id_sottoconto";"FOREIGN KEY"
"docu_soco_sp_fk";"documenti";"id_sottoconto_spese";"sottoconti";"codice_template_fiscale";"FOREIGN KEY"
"docu_soco_sp_fk";"documenti";"id_sottoconto_spese";"sottoconti";"id_pdc";"FOREIGN KEY"
"docu_soco_sp_fk";"documenti";"id_sottoconto_spese";"sottoconti";"codice_part";"FOREIGN KEY"
"docu_soco_sp_fk";"documenti";"id_sottoconto_spese";"sottoconti";"id_sottoconto";"FOREIGN KEY"
"docu_soco_sp_fk";"documenti";"codice_part";"sottoconti";"codice_template_fiscale";"FOREIGN KEY"
"docu_soco_sp_fk";"documenti";"codice_part";"sottoconti";"id_pdc";"FOREIGN KEY"
"docu_soco_sp_fk";"documenti";"codice_part";"sottoconti";"codice_part";"FOREIGN KEY"
"docu_soco_sp_fk";"documenti";"codice_part";"sottoconti";"id_sottoconto";"FOREIGN KEY"
"docu_uldd_fk";"documenti";"id_upload";"upload_documenti";"id_upload";"FOREIGN KEY"
"docu_uldd_fk";"documenti";"id_upload";"upload_documenti";"codice_azienda";"FOREIGN KEY"
"docu_uldd_fk";"documenti";"codice_azienda";"upload_documenti";"id_upload";"FOREIGN KEY"
"docu_uldd_fk";"documenti";"codice_azienda";"upload_documenti";"codice_azienda";"FOREIGN KEY"
"docu_valu_fk";"documenti";"id_valuta";"valute";"id_valuta";"FOREIGN KEY"
"docu_valu_fk";"documenti";"id_valuta";"valute";"codice_part";"FOREIGN KEY"
"docu_valu_fk";"documenti";"codice_part";"valute";"id_valuta";"FOREIGN KEY"
"docu_valu_fk";"documenti";"codice_part";"valute";"codice_part";"FOREIGN KEY"
"drip_anid_fk";"documenti_righe_inc_pag";"id_anagrafica";"anagrafiche_id";"id_anagrafica";"FOREIGN KEY"
"drip_anid_fk";"documenti_righe_inc_pag";"id_anagrafica";"anagrafiche_id";"codice_part";"FOREIGN KEY"
"drip_anid_fk";"documenti_righe_inc_pag";"codice_part";"anagrafiche_id";"id_anagrafica";"FOREIGN KEY"
"drip_anid_fk";"documenti_righe_inc_pag";"codice_part";"anagrafiche_id";"codice_part";"FOREIGN KEY"
"drip_comp_fk";"documenti_righe_inc_pag";"id_documento";"competenze";"id_competenza";"FOREIGN KEY"
"drip_comp_fk";"documenti_righe_inc_pag";"id_documento";"competenze";"id_documento";"FOREIGN KEY"
"drip_comp_fk";"documenti_righe_inc_pag";"id_documento";"competenze";"codice_azienda";"FOREIGN KEY"
"drip_comp_fk";"documenti_righe_inc_pag";"codice_azienda";"competenze";"id_competenza";"FOREIGN KEY"
"drip_comp_fk";"documenti_righe_inc_pag";"codice_azienda";"competenze";"id_documento";"FOREIGN KEY"
"drip_comp_fk";"documenti_righe_inc_pag";"codice_azienda";"competenze";"codice_azienda";"FOREIGN KEY"
"drip_comp_fk";"documenti_righe_inc_pag";"id_competenza";"competenze";"id_competenza";"FOREIGN KEY"
"drip_comp_fk";"documenti_righe_inc_pag";"id_competenza";"competenze";"id_documento";"FOREIGN KEY"
"drip_comp_fk";"documenti_righe_inc_pag";"id_competenza";"competenze";"codice_azienda";"FOREIGN KEY"
"drip_docu_fk";"documenti_righe_inc_pag";"id_documento";"documenti";"codice_azienda";"FOREIGN KEY"
"drip_docu_fk";"documenti_righe_inc_pag";"id_documento";"documenti";"id_documento";"FOREIGN KEY"
"drip_docu_fk";"documenti_righe_inc_pag";"codice_azienda";"documenti";"codice_azienda";"FOREIGN KEY"
"drip_docu_fk";"documenti_righe_inc_pag";"codice_azienda";"documenti";"id_documento";"FOREIGN KEY"
"drip_drip_fk";"documenti_righe_inc_pag";"id_riga_inc_pag_parent";"documenti_righe_inc_pag";"codice_azienda";"FOREIGN KEY"
"drip_drip_fk";"documenti_righe_inc_pag";"id_riga_inc_pag_parent";"documenti_righe_inc_pag";"id_riga_inc_pag";"FOREIGN KEY"
"drip_drip_fk";"documenti_righe_inc_pag";"id_riga_inc_pag_parent";"documenti_righe_inc_pag";"id_documento";"FOREIGN KEY"
"drip_drip_fk";"documenti_righe_inc_pag";"id_documento";"documenti_righe_inc_pag";"codice_azienda";"FOREIGN KEY"
"drip_drip_fk";"documenti_righe_inc_pag";"id_documento";"documenti_righe_inc_pag";"id_riga_inc_pag";"FOREIGN KEY"
"drip_drip_fk";"documenti_righe_inc_pag";"id_documento";"documenti_righe_inc_pag";"id_documento";"FOREIGN KEY"
"drip_drip_fk";"documenti_righe_inc_pag";"codice_azienda";"documenti_righe_inc_pag";"codice_azienda";"FOREIGN KEY"
"drip_drip_fk";"documenti_righe_inc_pag";"codice_azienda";"documenti_righe_inc_pag";"id_riga_inc_pag";"FOREIGN KEY"
"drip_drip_fk";"documenti_righe_inc_pag";"codice_azienda";"documenti_righe_inc_pag";"id_documento";"FOREIGN KEY"
"dvfl__anid__fk";"dv_fogli_lavoro";"codice_part";"anagrafiche_id";"codice_part";"FOREIGN KEY"
"dvfl__anid__fk";"dv_fogli_lavoro";"codice_part";"anagrafiche_id";"id_anagrafica";"FOREIGN KEY"
"dvfl__anid__fk";"dv_fogli_lavoro";"id_risorsa";"anagrafiche_id";"codice_part";"FOREIGN KEY"
"dvfl__anid__fk";"dv_fogli_lavoro";"id_risorsa";"anagrafiche_id";"id_anagrafica";"FOREIGN KEY"
"dvfl__reri__fk";"dv_fogli_lavoro";"numero_resoconto";"resoconti_righe";"codice_azienda";"FOREIGN KEY"
"dvfl__reri__fk";"dv_fogli_lavoro";"numero_resoconto";"resoconti_righe";"id_riga";"FOREIGN KEY"
"dvfl__reri__fk";"dv_fogli_lavoro";"numero_resoconto";"resoconti_righe";"numero_resoconto";"FOREIGN KEY"
"dvfl__reri__fk";"dv_fogli_lavoro";"id_riga";"resoconti_righe";"codice_azienda";"FOREIGN KEY"
"dvfl__reri__fk";"dv_fogli_lavoro";"id_riga";"resoconti_righe";"id_riga";"FOREIGN KEY"
"dvfl__reri__fk";"dv_fogli_lavoro";"id_riga";"resoconti_righe";"numero_resoconto";"FOREIGN KEY"
"dvfl__reri__fk";"dv_fogli_lavoro";"codice_azienda";"resoconti_righe";"codice_azienda";"FOREIGN KEY"
"dvfl__reri__fk";"dv_fogli_lavoro";"codice_azienda";"resoconti_righe";"id_riga";"FOREIGN KEY"
"dvfl__reri__fk";"dv_fogli_lavoro";"codice_azienda";"resoconti_righe";"numero_resoconto";"FOREIGN KEY"
"dvfl_rg__ageo__fk";"dv_fogli_lavoro_righe";"codice_azienda";"aree_geografiche";"id_area_geografica";"FOREIGN KEY"
"dvfl_rg__ageo__fk";"dv_fogli_lavoro_righe";"codice_azienda";"aree_geografiche";"codice_azienda";"FOREIGN KEY"
"dvfl_rg__ageo__fk";"dv_fogli_lavoro_righe";"id_area_geografica";"aree_geografiche";"id_area_geografica";"FOREIGN KEY"
"dvfl_rg__ageo__fk";"dv_fogli_lavoro_righe";"id_area_geografica";"aree_geografiche";"codice_azienda";"FOREIGN KEY"
"dvfl_rg__dvfl__fk";"dv_fogli_lavoro_righe";"codice_azienda";"dv_fogli_lavoro";"data";"FOREIGN KEY"
"dvfl_rg__dvfl__fk";"dv_fogli_lavoro_righe";"codice_azienda";"dv_fogli_lavoro";"prog_foglio_lavoro";"FOREIGN KEY"
"dvfl_rg__dvfl__fk";"dv_fogli_lavoro_righe";"codice_azienda";"dv_fogli_lavoro";"codice_azienda";"FOREIGN KEY"
"dvfl_rg__dvfl__fk";"dv_fogli_lavoro_righe";"data";"dv_fogli_lavoro";"data";"FOREIGN KEY"
"dvfl_rg__dvfl__fk";"dv_fogli_lavoro_righe";"data";"dv_fogli_lavoro";"prog_foglio_lavoro";"FOREIGN KEY"
"dvfl_rg__dvfl__fk";"dv_fogli_lavoro_righe";"data";"dv_fogli_lavoro";"codice_azienda";"FOREIGN KEY"
"dvfl_rg__dvfl__fk";"dv_fogli_lavoro_righe";"prog_foglio_lavoro";"dv_fogli_lavoro";"data";"FOREIGN KEY"
"dvfl_rg__dvfl__fk";"dv_fogli_lavoro_righe";"prog_foglio_lavoro";"dv_fogli_lavoro";"prog_foglio_lavoro";"FOREIGN KEY"
"dvfl_rg__dvfl__fk";"dv_fogli_lavoro_righe";"prog_foglio_lavoro";"dv_fogli_lavoro";"codice_azienda";"FOREIGN KEY"
"dvfl_rg__zone__fk";"dv_fogli_lavoro_righe";"codice_azienda";"zone";"codice_azienda";"FOREIGN KEY"
"dvfl_rg__zone__fk";"dv_fogli_lavoro_righe";"codice_azienda";"zone";"codice_zona";"FOREIGN KEY"
"dvfl_rg__zone__fk";"dv_fogli_lavoro_righe";"codice_zona";"zone";"codice_azienda";"FOREIGN KEY"
"dvfl_rg__zone__fk";"dv_fogli_lavoro_righe";"codice_zona";"zone";"codice_zona";"FOREIGN KEY"
"eiba__emin_fk";"email_inbox_address";"codice_azienda";"email_inbox";"id_email";"FOREIGN KEY"
"eiba__emin_fk";"email_inbox_address";"codice_azienda";"email_inbox";"codice_azienda";"FOREIGN KEY"
"eiba__emin_fk";"email_inbox_address";"id_email";"email_inbox";"id_email";"FOREIGN KEY"
"eiba__emin_fk";"email_inbox_address";"id_email";"email_inbox";"codice_azienda";"FOREIGN KEY"
"eibp__cdms_riso_fk";"email_inbox_body_part";"codice_azienda";"cdms_risorse";"id_risorsa";"FOREIGN KEY"
"eibp__cdms_riso_fk";"email_inbox_body_part";"codice_azienda";"cdms_risorse";"codice_azienda";"FOREIGN KEY"
"eibp__cdms_riso_fk";"email_inbox_body_part";"id_risorsa";"cdms_risorse";"id_risorsa";"FOREIGN KEY"
"eibp__cdms_riso_fk";"email_inbox_body_part";"id_risorsa";"cdms_risorse";"codice_azienda";"FOREIGN KEY"
"eibp__emin_fk";"email_inbox_body_part";"codice_azienda";"email_inbox";"id_email";"FOREIGN KEY"
"eibp__emin_fk";"email_inbox_body_part";"codice_azienda";"email_inbox";"codice_azienda";"FOREIGN KEY"
"eibp__emin_fk";"email_inbox_body_part";"id_email";"email_inbox";"id_email";"FOREIGN KEY"
"eibp__emin_fk";"email_inbox_body_part";"id_email";"email_inbox";"codice_azienda";"FOREIGN KEY"
"email_azie_fk";"email";"codice_azienda";"aziende";"codice_azienda";"FOREIGN KEY"
"emall_email_fk";"email_allegati";"email_id";"email";"codice_azienda";"FOREIGN KEY"
"emall_email_fk";"email_allegati";"email_id";"email";"email_id";"FOREIGN KEY"
"emall_email_fk";"email_allegati";"codice_azienda";"email";"codice_azienda";"FOREIGN KEY"
"emall_email_fk";"email_allegati";"codice_azienda";"email";"email_id";"FOREIGN KEY"
"emio__emin__fk";"email_inbox_oggetti";"id_email";"email_inbox";"id_email";"FOREIGN KEY"
"emio__emin__fk";"email_inbox_oggetti";"id_email";"email_inbox";"codice_azienda";"FOREIGN KEY"
"emio__emin__fk";"email_inbox_oggetti";"codice_azienda";"email_inbox";"id_email";"FOREIGN KEY"
"emio__emin__fk";"email_inbox_oggetti";"codice_azienda";"email_inbox";"codice_azienda";"FOREIGN KEY"
"empp__azie__fk";"empori_periodi";"codice_azienda";"aziende";"codice_azienda";"FOREIGN KEY"
"eser_ceat_fk";"esercizi";"id_centro_attivita";"centri_attivita";"id_centro_attivita";"FOREIGN KEY"
"eser_ceat_fk";"esercizi";"id_centro_attivita";"centri_attivita";"codice_azienda";"FOREIGN KEY"
"eser_ceat_fk";"esercizi";"codice_azienda";"centri_attivita";"id_centro_attivita";"FOREIGN KEY"
"eser_ceat_fk";"esercizi";"codice_azienda";"centri_attivita";"codice_azienda";"FOREIGN KEY"
"eser_ceco_fk";"esercizi";"id_centro_costo";"centri_costo";"codice_azienda";"FOREIGN KEY"
"eser_ceco_fk";"esercizi";"id_centro_costo";"centri_costo";"id_centro_costo";"FOREIGN KEY"
"eser_ceco_fk";"esercizi";"codice_azienda";"centri_costo";"codice_azienda";"FOREIGN KEY"
"eser_ceco_fk";"esercizi";"codice_azienda";"centri_costo";"id_centro_costo";"FOREIGN KEY"
"eser_cege_fk";"esercizi";"id_centro_gest";"centri_gestionali";"codice_part";"FOREIGN KEY"
"eser_cege_fk";"esercizi";"id_centro_gest";"centri_gestionali";"id_centro_gest";"FOREIGN KEY"
"eser_cege_fk";"esercizi";"codice_part";"centri_gestionali";"codice_part";"FOREIGN KEY"
"eser_cege_fk";"esercizi";"codice_part";"centri_gestionali";"id_centro_gest";"FOREIGN KEY"
"eser_ceri1_fk";"esercizi";"id_centro_riclass1";"centri_riclass";"codice_part";"FOREIGN KEY"
"eser_ceri1_fk";"esercizi";"id_centro_riclass1";"centri_riclass";"id_centro_riclass";"FOREIGN KEY"
"eser_ceri1_fk";"esercizi";"id_centro_riclass1";"centri_riclass";"prog_riclass";"FOREIGN KEY"
"eser_ceri1_fk";"esercizi";"codice_part";"centri_riclass";"codice_part";"FOREIGN KEY"
"eser_ceri1_fk";"esercizi";"codice_part";"centri_riclass";"id_centro_riclass";"FOREIGN KEY"
"eser_ceri1_fk";"esercizi";"codice_part";"centri_riclass";"prog_riclass";"FOREIGN KEY"
"eser_ceri1_fk";"esercizi";"prog_riclass1";"centri_riclass";"codice_part";"FOREIGN KEY"
"eser_ceri1_fk";"esercizi";"prog_riclass1";"centri_riclass";"id_centro_riclass";"FOREIGN KEY"
"eser_ceri1_fk";"esercizi";"prog_riclass1";"centri_riclass";"prog_riclass";"FOREIGN KEY"
"eser_ceri2_fk";"esercizi";"id_centro_riclass2";"centri_riclass";"codice_part";"FOREIGN KEY"
"eser_ceri2_fk";"esercizi";"id_centro_riclass2";"centri_riclass";"prog_riclass";"FOREIGN KEY"
"eser_ceri2_fk";"esercizi";"id_centro_riclass2";"centri_riclass";"id_centro_riclass";"FOREIGN KEY"
"eser_ceri2_fk";"esercizi";"prog_riclass2";"centri_riclass";"codice_part";"FOREIGN KEY"
"eser_ceri2_fk";"esercizi";"prog_riclass2";"centri_riclass";"prog_riclass";"FOREIGN KEY"
"eser_ceri2_fk";"esercizi";"prog_riclass2";"centri_riclass";"id_centro_riclass";"FOREIGN KEY"
"eser_ceri2_fk";"esercizi";"codice_part";"centri_riclass";"codice_part";"FOREIGN KEY"
"eser_ceri2_fk";"esercizi";"codice_part";"centri_riclass";"prog_riclass";"FOREIGN KEY"
"eser_ceri2_fk";"esercizi";"codice_part";"centri_riclass";"id_centro_riclass";"FOREIGN KEY"
"eser_divi_pk";"esercizi";"codice_azienda";"divisioni";"codice_azienda";"FOREIGN KEY"
"eser_divi_pk";"esercizi";"codice_azienda";"divisioni";"id_divisione";"FOREIGN KEY"
"eser_divi_pk";"esercizi";"id_divisione";"divisioni";"codice_azienda";"FOREIGN KEY"
"eser_divi_pk";"esercizi";"id_divisione";"divisioni";"id_divisione";"FOREIGN KEY"
"eser_eser_parent_fk";"esercizi";"id_divisione";"esercizi";"id_esercizio";"FOREIGN KEY"
"eser_eser_parent_fk";"esercizi";"id_divisione";"esercizi";"id_divisione";"FOREIGN KEY"
"eser_eser_parent_fk";"esercizi";"id_divisione";"esercizi";"codice_azienda";"FOREIGN KEY"
"eser_eser_parent_fk";"esercizi";"id_esercizio_parent";"esercizi";"id_esercizio";"FOREIGN KEY"
"eser_eser_parent_fk";"esercizi";"id_esercizio_parent";"esercizi";"id_divisione";"FOREIGN KEY"
"eser_eser_parent_fk";"esercizi";"id_esercizio_parent";"esercizi";"codice_azienda";"FOREIGN KEY"
"eser_eser_parent_fk";"esercizi";"codice_azienda";"esercizi";"id_esercizio";"FOREIGN KEY"
"eser_eser_parent_fk";"esercizi";"codice_azienda";"esercizi";"id_divisione";"FOREIGN KEY"
"eser_eser_parent_fk";"esercizi";"codice_azienda";"esercizi";"codice_azienda";"FOREIGN KEY"
"eser_even_fk";"esercizi";"id_evento";"eventi";"codice_azienda";"FOREIGN KEY"
"eser_even_fk";"esercizi";"id_evento";"eventi";"id_evento";"FOREIGN KEY"
"eser_even_fk";"esercizi";"codice_azienda";"eventi";"codice_azienda";"FOREIGN KEY"
"eser_even_fk";"esercizi";"codice_azienda";"eventi";"id_evento";"FOREIGN KEY"
"etik_letk_fk";"etichette";"numero_lotto";"lotti_etichette";"numero_lotto";"FOREIGN KEY"
"etik_letk_fk";"etichette";"numero_lotto";"lotti_etichette";"codice_azienda";"FOREIGN KEY"
"etik_letk_fk";"etichette";"codice_azienda";"lotti_etichette";"numero_lotto";"FOREIGN KEY"
"etik_letk_fk";"etichette";"codice_azienda";"lotti_etichette";"codice_azienda";"FOREIGN KEY"
"even_even_fk";"eventi";"codice_azienda";"eventi";"id_evento";"FOREIGN KEY"
"even_even_fk";"eventi";"codice_azienda";"eventi";"codice_azienda";"FOREIGN KEY"
"even_even_fk";"eventi";"id_evento_parent";"eventi";"id_evento";"FOREIGN KEY"
"even_even_fk";"eventi";"id_evento_parent";"eventi";"codice_azienda";"FOREIGN KEY"
"fboa_orfr_fk";"fabbisogni_ordini_acquisto";"codice_azienda";"ordini_fornitori_righe";"numero_ordine";"FOREIGN KEY"
"fboa_orfr_fk";"fabbisogni_ordini_acquisto";"codice_azienda";"ordini_fornitori_righe";"numero_riga";"FOREIGN KEY"
"fboa_orfr_fk";"fabbisogni_ordini_acquisto";"codice_azienda";"ordini_fornitori_righe";"codice_azienda";"FOREIGN KEY"
"fboa_orfr_fk";"fabbisogni_ordini_acquisto";"numero_ordine";"ordini_fornitori_righe";"numero_ordine";"FOREIGN KEY"
"fboa_orfr_fk";"fabbisogni_ordini_acquisto";"numero_ordine";"ordini_fornitori_righe";"numero_riga";"FOREIGN KEY"
"fboa_orfr_fk";"fabbisogni_ordini_acquisto";"numero_ordine";"ordini_fornitori_righe";"codice_azienda";"FOREIGN KEY"
"fboa_orfr_fk";"fabbisogni_ordini_acquisto";"numero_riga";"ordini_fornitori_righe";"numero_ordine";"FOREIGN KEY"
"fboa_orfr_fk";"fabbisogni_ordini_acquisto";"numero_riga";"ordini_fornitori_righe";"numero_riga";"FOREIGN KEY"
"fboa_orfr_fk";"fabbisogni_ordini_acquisto";"numero_riga";"ordini_fornitori_righe";"codice_azienda";"FOREIGN KEY"
"fboa_vari_fk";"fabbisogni_ordini_acquisto";"codice_variante";"articoli_varianti";"codice_azienda";"FOREIGN KEY"
"fboa_vari_fk";"fabbisogni_ordini_acquisto";"codice_variante";"articoli_varianti";"codice_variante";"FOREIGN KEY"
"fboa_vari_fk";"fabbisogni_ordini_acquisto";"codice_variante";"articoli_varianti";"id_articolo";"FOREIGN KEY"
"fboa_vari_fk";"fabbisogni_ordini_acquisto";"codice_azienda";"articoli_varianti";"codice_azienda";"FOREIGN KEY"
"fboa_vari_fk";"fabbisogni_ordini_acquisto";"codice_azienda";"articoli_varianti";"codice_variante";"FOREIGN KEY"
"fboa_vari_fk";"fabbisogni_ordini_acquisto";"codice_azienda";"articoli_varianti";"id_articolo";"FOREIGN KEY"
"fboa_vari_fk";"fabbisogni_ordini_acquisto";"id_articolo";"articoli_varianti";"codice_azienda";"FOREIGN KEY"
"fboa_vari_fk";"fabbisogni_ordini_acquisto";"id_articolo";"articoli_varianti";"codice_variante";"FOREIGN KEY"
"fboa_vari_fk";"fabbisogni_ordini_acquisto";"id_articolo";"articoli_varianti";"id_articolo";"FOREIGN KEY"
"fbop_orpf_fk_prec";"fabbisogni_ordini_produzione";"numero_ordine";"ordini_produzione_fasi";"codice_azienda";"FOREIGN KEY"
"fbop_orpf_fk_prec";"fabbisogni_ordini_produzione";"numero_ordine";"ordini_produzione_fasi";"prog_fase";"FOREIGN KEY"
"fbop_orpf_fk_prec";"fabbisogni_ordini_produzione";"numero_ordine";"ordini_produzione_fasi";"numero_ordine";"FOREIGN KEY"
"fbop_orpf_fk_prec";"fabbisogni_ordini_produzione";"prog_fase_prec";"ordini_produzione_fasi";"codice_azienda";"FOREIGN KEY"
"fbop_orpf_fk_prec";"fabbisogni_ordini_produzione";"prog_fase_prec";"ordini_produzione_fasi";"prog_fase";"FOREIGN KEY"
"fbop_orpf_fk_prec";"fabbisogni_ordini_produzione";"prog_fase_prec";"ordini_produzione_fasi";"numero_ordine";"FOREIGN KEY"
"fbop_orpf_fk_prec";"fabbisogni_ordini_produzione";"codice_azienda";"ordini_produzione_fasi";"codice_azienda";"FOREIGN KEY"
"fbop_orpf_fk_prec";"fabbisogni_ordini_produzione";"codice_azienda";"ordini_produzione_fasi";"prog_fase";"FOREIGN KEY"
"fbop_orpf_fk_prec";"fabbisogni_ordini_produzione";"codice_azienda";"ordini_produzione_fasi";"numero_ordine";"FOREIGN KEY"
"fest_azie_fk";"festivita";"codice_azienda";"aziende";"codice_azienda";"FOREIGN KEY"
"fk_step_validation";"bpm_step_validation";"codice_part";"bpm_proc_step";"step_id";"FOREIGN KEY"
"fk_step_validation";"bpm_step_validation";"codice_part";"bpm_proc_step";"codice_part";"FOREIGN KEY"
"fk_step_validation";"bpm_step_validation";"step_id";"bpm_proc_step";"step_id";"FOREIGN KEY"
"fk_step_validation";"bpm_step_validation";"step_id";"bpm_proc_step";"codice_part";"FOREIGN KEY"
"foar_anfr_fk";"fornitori_articoli";"codice_part";"anagrafiche_id";"id_anagrafica";"FOREIGN KEY"
"foar_anfr_fk";"fornitori_articoli";"codice_part";"anagrafiche_id";"codice_part";"FOREIGN KEY"
"foar_anfr_fk";"fornitori_articoli";"id_fornitore";"anagrafiche_id";"id_anagrafica";"FOREIGN KEY"
"foar_anfr_fk";"fornitori_articoli";"id_fornitore";"anagrafiche_id";"codice_part";"FOREIGN KEY"
"foar_um_fk";"fornitori_articoli";"codice_azienda";"unita_misura";"codice_azienda";"FOREIGN KEY"
"foar_um_fk";"fornitori_articoli";"codice_azienda";"unita_misura";"codice_um";"FOREIGN KEY"
"foar_um_fk";"fornitori_articoli";"codice_um";"unita_misura";"codice_azienda";"FOREIGN KEY"
"foar_um_fk";"fornitori_articoli";"codice_um";"unita_misura";"codice_um";"FOREIGN KEY"
"foar_vari_fk";"fornitori_articoli";"codice_azienda";"articoli_varianti";"id_articolo";"FOREIGN KEY"
"foar_vari_fk";"fornitori_articoli";"codice_azienda";"articoli_varianti";"codice_variante";"FOREIGN KEY"
"foar_vari_fk";"fornitori_articoli";"codice_azienda";"articoli_varianti";"codice_azienda";"FOREIGN KEY"
"foar_vari_fk";"fornitori_articoli";"codice_variante";"articoli_varianti";"id_articolo";"FOREIGN KEY"
"foar_vari_fk";"fornitori_articoli";"codice_variante";"articoli_varianti";"codice_variante";"FOREIGN KEY"
"foar_vari_fk";"fornitori_articoli";"codice_variante";"articoli_varianti";"codice_azienda";"FOREIGN KEY"
"foar_vari_fk";"fornitori_articoli";"id_articolo";"articoli_varianti";"id_articolo";"FOREIGN KEY"
"foar_vari_fk";"fornitori_articoli";"id_articolo";"articoli_varianti";"codice_variante";"FOREIGN KEY"
"foar_vari_fk";"fornitori_articoli";"id_articolo";"articoli_varianti";"codice_azienda";"FOREIGN KEY"
"forp_orpf_fk";"fabbisogni_ordini_produzione";"codice_azienda";"ordini_produzione_fasi";"codice_azienda";"FOREIGN KEY"
"forp_orpf_fk";"fabbisogni_ordini_produzione";"codice_azienda";"ordini_produzione_fasi";"prog_fase";"FOREIGN KEY"
"forp_orpf_fk";"fabbisogni_ordini_produzione";"codice_azienda";"ordini_produzione_fasi";"numero_ordine";"FOREIGN KEY"
"forp_orpf_fk";"fabbisogni_ordini_produzione";"prog_fase";"ordini_produzione_fasi";"codice_azienda";"FOREIGN KEY"
"forp_orpf_fk";"fabbisogni_ordini_produzione";"prog_fase";"ordini_produzione_fasi";"prog_fase";"FOREIGN KEY"
"forp_orpf_fk";"fabbisogni_ordini_produzione";"prog_fase";"ordini_produzione_fasi";"numero_ordine";"FOREIGN KEY"
"forp_orpf_fk";"fabbisogni_ordini_produzione";"numero_ordine";"ordini_produzione_fasi";"codice_azienda";"FOREIGN KEY"
"forp_orpf_fk";"fabbisogni_ordini_produzione";"numero_ordine";"ordini_produzione_fasi";"prog_fase";"FOREIGN KEY"
"forp_orpf_fk";"fabbisogni_ordini_produzione";"numero_ordine";"ordini_produzione_fasi";"numero_ordine";"FOREIGN KEY"
"forp_vari_fk";"fabbisogni_ordini_produzione";"codice_variante";"articoli_varianti";"codice_variante";"FOREIGN KEY"
"forp_vari_fk";"fabbisogni_ordini_produzione";"codice_variante";"articoli_varianti";"codice_azienda";"FOREIGN KEY"
"forp_vari_fk";"fabbisogni_ordini_produzione";"codice_variante";"articoli_varianti";"id_articolo";"FOREIGN KEY"
"forp_vari_fk";"fabbisogni_ordini_produzione";"codice_azienda";"articoli_varianti";"codice_variante";"FOREIGN KEY"
"forp_vari_fk";"fabbisogni_ordini_produzione";"codice_azienda";"articoli_varianti";"codice_azienda";"FOREIGN KEY"
"forp_vari_fk";"fabbisogni_ordini_produzione";"codice_azienda";"articoli_varianti";"id_articolo";"FOREIGN KEY"
"forp_vari_fk";"fabbisogni_ordini_produzione";"id_articolo";"articoli_varianti";"codice_variante";"FOREIGN KEY"
"forp_vari_fk";"fabbisogni_ordini_produzione";"id_articolo";"articoli_varianti";"codice_azienda";"FOREIGN KEY"
"forp_vari_fk";"fabbisogni_ordini_produzione";"id_articolo";"articoli_varianti";"id_articolo";"FOREIGN KEY"
"fre_csez_anag_fk";"fre_clienti_sez_listino";"id_anagrafica";"anagrafiche_id";"id_anagrafica";"FOREIGN KEY"
"fre_csez_anag_fk";"fre_clienti_sez_listino";"id_anagrafica";"anagrafiche_id";"codice_part";"FOREIGN KEY"
"fre_csez_anag_fk";"fre_clienti_sez_listino";"codice_part";"anagrafiche_id";"id_anagrafica";"FOREIGN KEY"
"fre_csez_anag_fk";"fre_clienti_sez_listino";"codice_part";"anagrafiche_id";"codice_part";"FOREIGN KEY"
"fre_csez_clav_fk";"fre_clienti_sez_listino";"codice_azienda";"voci_classificazione_art";"codice";"FOREIGN KEY"
"fre_csez_clav_fk";"fre_clienti_sez_listino";"codice_azienda";"voci_classificazione_art";"codice_azienda";"FOREIGN KEY"
"fre_csez_clav_fk";"fre_clienti_sez_listino";"codice_azienda";"voci_classificazione_art";"prog_class";"FOREIGN KEY"
"fre_csez_clav_fk";"fre_clienti_sez_listino";"codice_voce";"voci_classificazione_art";"codice";"FOREIGN KEY"
"fre_csez_clav_fk";"fre_clienti_sez_listino";"codice_voce";"voci_classificazione_art";"codice_azienda";"FOREIGN KEY"
"fre_csez_clav_fk";"fre_clienti_sez_listino";"codice_voce";"voci_classificazione_art";"prog_class";"FOREIGN KEY"
"fre_csez_clav_fk";"fre_clienti_sez_listino";"prog_class";"voci_classificazione_art";"codice";"FOREIGN KEY"
"fre_csez_clav_fk";"fre_clienti_sez_listino";"prog_class";"voci_classificazione_art";"codice_azienda";"FOREIGN KEY"
"fre_csez_clav_fk";"fre_clienti_sez_listino";"prog_class";"voci_classificazione_art";"prog_class";"FOREIGN KEY"
"fre_ordi_vari_fk";"fre_ordinato_giorno";"codice_azienda";"articoli_varianti";"id_articolo";"FOREIGN KEY"
"fre_ordi_vari_fk";"fre_ordinato_giorno";"codice_azienda";"articoli_varianti";"codice_azienda";"FOREIGN KEY"
"fre_ordi_vari_fk";"fre_ordinato_giorno";"codice_azienda";"articoli_varianti";"codice_variante";"FOREIGN KEY"
"fre_ordi_vari_fk";"fre_ordinato_giorno";"id_articolo";"articoli_varianti";"id_articolo";"FOREIGN KEY"
"fre_ordi_vari_fk";"fre_ordinato_giorno";"id_articolo";"articoli_varianti";"codice_azienda";"FOREIGN KEY"
"fre_ordi_vari_fk";"fre_ordinato_giorno";"id_articolo";"articoli_varianti";"codice_variante";"FOREIGN KEY"
"fre_ordi_vari_fk";"fre_ordinato_giorno";"codice_variante";"articoli_varianti";"id_articolo";"FOREIGN KEY"
"fre_ordi_vari_fk";"fre_ordinato_giorno";"codice_variante";"articoli_varianti";"codice_azienda";"FOREIGN KEY"
"fre_ordi_vari_fk";"fre_ordinato_giorno";"codice_variante";"articoli_varianti";"codice_variante";"FOREIGN KEY"
"fre_prod_vari_fk";"fre_produzione_giorno";"id_articolo";"articoli_varianti";"codice_variante";"FOREIGN KEY"
"fre_prod_vari_fk";"fre_produzione_giorno";"id_articolo";"articoli_varianti";"codice_azienda";"FOREIGN KEY"
"fre_prod_vari_fk";"fre_produzione_giorno";"id_articolo";"articoli_varianti";"id_articolo";"FOREIGN KEY"
"fre_prod_vari_fk";"fre_produzione_giorno";"codice_variante";"articoli_varianti";"codice_variante";"FOREIGN KEY"
"fre_prod_vari_fk";"fre_produzione_giorno";"codice_variante";"articoli_varianti";"codice_azienda";"FOREIGN KEY"
"fre_prod_vari_fk";"fre_produzione_giorno";"codice_variante";"articoli_varianti";"id_articolo";"FOREIGN KEY"
"fre_prod_vari_fk";"fre_produzione_giorno";"codice_azienda";"articoli_varianti";"codice_variante";"FOREIGN KEY"
"fre_prod_vari_fk";"fre_produzione_giorno";"codice_azienda";"articoli_varianti";"codice_azienda";"FOREIGN KEY"
"fre_prod_vari_fk";"fre_produzione_giorno";"codice_azienda";"articoli_varianti";"id_articolo";"FOREIGN KEY"
"frsc__trdt__fk";"fonti_rischio";"id_trattamento_dati";"cpl_trattamenti_dati";"codice_azienda";"FOREIGN KEY"
"frsc__trdt__fk";"fonti_rischio";"id_trattamento_dati";"cpl_trattamenti_dati";"id_trattamento_dati";"FOREIGN KEY"
"frsc__trdt__fk";"fonti_rischio";"codice_azienda";"cpl_trattamenti_dati";"codice_azienda";"FOREIGN KEY"
"frsc__trdt__fk";"fonti_rischio";"codice_azienda";"cpl_trattamenti_dati";"id_trattamento_dati";"FOREIGN KEY"
"frsc_anid_fk";"fonti_rischio";"codice_part";"anagrafiche_id";"codice_part";"FOREIGN KEY"
"frsc_anid_fk";"fonti_rischio";"codice_part";"anagrafiche_id";"id_anagrafica";"FOREIGN KEY"
"frsc_anid_fk";"fonti_rischio";"id_anagrafica";"anagrafiche_id";"codice_part";"FOREIGN KEY"
"frsc_anid_fk";"fonti_rischio";"id_anagrafica";"anagrafiche_id";"id_anagrafica";"FOREIGN KEY"
"frsc_cege_fk";"fonti_rischio";"id_centro_gest";"centri_gestionali";"id_centro_gest";"FOREIGN KEY"
"frsc_cege_fk";"fonti_rischio";"id_centro_gest";"centri_gestionali";"codice_part";"FOREIGN KEY"
"frsc_cege_fk";"fonti_rischio";"codice_part";"centri_gestionali";"id_centro_gest";"FOREIGN KEY"
"frsc_cege_fk";"fonti_rischio";"codice_part";"centri_gestionali";"codice_part";"FOREIGN KEY"
"frsc_tpfr_fk";"fonti_rischio";"codice_azienda";"tipi_fonti_rischio";"codice_azienda";"FOREIGN KEY"
"frsc_tpfr_fk";"fonti_rischio";"codice_azienda";"tipi_fonti_rischio";"codice_tipo_fonte_rischio";"FOREIGN KEY"
"frsc_tpfr_fk";"fonti_rischio";"codice_tipo_fonte_rischio";"tipi_fonti_rischio";"codice_azienda";"FOREIGN KEY"
"frsc_tpfr_fk";"fonti_rischio";"codice_tipo_fonte_rischio";"tipi_fonti_rischio";"codice_tipo_fonte_rischio";"FOREIGN KEY"
"gara_ancl_fk";"gare_appalto";"id_cliente";"anagrafiche_id";"codice_part";"FOREIGN KEY"
"gara_ancl_fk";"gare_appalto";"id_cliente";"anagrafiche_id";"id_anagrafica";"FOREIGN KEY"
"gara_ancl_fk";"gare_appalto";"codice_part";"anagrafiche_id";"codice_part";"FOREIGN KEY"
"gara_ancl_fk";"gare_appalto";"codice_part";"anagrafiche_id";"id_anagrafica";"FOREIGN KEY"
"gico_cc_fk";"giroconti";"codice_azienda";"conti_correnti";"codice_azienda";"FOREIGN KEY"
"gico_cc_fk";"giroconti";"codice_azienda";"conti_correnti";"id_conto_corrente";"FOREIGN KEY"
"gico_cc_fk";"giroconti";"id_conto_corrente_az";"conti_correnti";"codice_azienda";"FOREIGN KEY"
"gico_cc_fk";"giroconti";"id_conto_corrente_az";"conti_correnti";"id_conto_corrente";"FOREIGN KEY"
"gico_docu_fk";"giroconti";"id_documento";"documenti";"id_documento";"FOREIGN KEY"
"gico_docu_fk";"giroconti";"id_documento";"documenti";"codice_azienda";"FOREIGN KEY"
"gico_docu_fk";"giroconti";"codice_azienda";"documenti";"id_documento";"FOREIGN KEY"
"gico_docu_fk";"giroconti";"codice_azienda";"documenti";"codice_azienda";"FOREIGN KEY"
"gico_regc_fk";"giroconti";"codice_azienda";"registratori_cassa";"codice_azienda";"FOREIGN KEY"
"gico_regc_fk";"giroconti";"codice_azienda";"registratori_cassa";"id_cassa";"FOREIGN KEY"
"gico_regc_fk";"giroconti";"id_cassa";"registratori_cassa";"codice_azienda";"FOREIGN KEY"
"gico_regc_fk";"giroconti";"id_cassa";"registratori_cassa";"id_cassa";"FOREIGN KEY"
"gimo__docu__fk";"giacenze_movimenti";"codice_azienda";"documenti";"id_documento";"FOREIGN KEY"
"gimo__docu__fk";"giacenze_movimenti";"codice_azienda";"documenti";"codice_azienda";"FOREIGN KEY"
"gimo__docu__fk";"giacenze_movimenti";"id_documento";"documenti";"id_documento";"FOREIGN KEY"
"gimo__docu__fk";"giacenze_movimenti";"id_documento";"documenti";"codice_azienda";"FOREIGN KEY"
"gimo__rdoc__fk";"giacenze_movimenti";"codice_azienda";"righe_documento";"id_documento";"FOREIGN KEY"
"gimo__rdoc__fk";"giacenze_movimenti";"codice_azienda";"righe_documento";"id_riga_documento";"FOREIGN KEY"
"gimo__rdoc__fk";"giacenze_movimenti";"codice_azienda";"righe_documento";"codice_azienda";"FOREIGN KEY"
"gimo__rdoc__fk";"giacenze_movimenti";"id_riga_documento";"righe_documento";"id_documento";"FOREIGN KEY"
"gimo__rdoc__fk";"giacenze_movimenti";"id_riga_documento";"righe_documento";"id_riga_documento";"FOREIGN KEY"
"gimo__rdoc__fk";"giacenze_movimenti";"id_riga_documento";"righe_documento";"codice_azienda";"FOREIGN KEY"
"gimo__rdoc__fk";"giacenze_movimenti";"id_documento";"righe_documento";"id_documento";"FOREIGN KEY"
"gimo__rdoc__fk";"giacenze_movimenti";"id_documento";"righe_documento";"id_riga_documento";"FOREIGN KEY"
"gimo__rdoc__fk";"giacenze_movimenti";"id_documento";"righe_documento";"codice_azienda";"FOREIGN KEY"
"gimo_bolr_fk";"giacenze_movimenti";"numero_riga_ddt";"bolle_righe";"codice_azienda";"FOREIGN KEY"
"gimo_bolr_fk";"giacenze_movimenti";"numero_riga_ddt";"bolle_righe";"codice_magazzino";"FOREIGN KEY"
"gimo_bolr_fk";"giacenze_movimenti";"numero_riga_ddt";"bolle_righe";"numero_bolla";"FOREIGN KEY"
"gimo_bolr_fk";"giacenze_movimenti";"numero_riga_ddt";"bolle_righe";"numero_riga";"FOREIGN KEY"
"gimo_bolr_fk";"giacenze_movimenti";"codice_magazzino_ddt";"bolle_righe";"codice_azienda";"FOREIGN KEY"
"gimo_bolr_fk";"giacenze_movimenti";"codice_magazzino_ddt";"bolle_righe";"codice_magazzino";"FOREIGN KEY"
"gimo_bolr_fk";"giacenze_movimenti";"codice_magazzino_ddt";"bolle_righe";"numero_bolla";"FOREIGN KEY"
"gimo_bolr_fk";"giacenze_movimenti";"codice_magazzino_ddt";"bolle_righe";"numero_riga";"FOREIGN KEY"
"gimo_bolr_fk";"giacenze_movimenti";"codice_azienda";"bolle_righe";"codice_azienda";"FOREIGN KEY"
"gimo_bolr_fk";"giacenze_movimenti";"codice_azienda";"bolle_righe";"codice_magazzino";"FOREIGN KEY"
"gimo_bolr_fk";"giacenze_movimenti";"codice_azienda";"bolle_righe";"numero_bolla";"FOREIGN KEY"
"gimo_bolr_fk";"giacenze_movimenti";"codice_azienda";"bolle_righe";"numero_riga";"FOREIGN KEY"
"gimo_bolr_fk";"giacenze_movimenti";"numero_ddt";"bolle_righe";"codice_azienda";"FOREIGN KEY"
"gimo_bolr_fk";"giacenze_movimenti";"numero_ddt";"bolle_righe";"codice_magazzino";"FOREIGN KEY"
"gimo_bolr_fk";"giacenze_movimenti";"numero_ddt";"bolle_righe";"numero_bolla";"FOREIGN KEY"
"gimo_bolr_fk";"giacenze_movimenti";"numero_ddt";"bolle_righe";"numero_riga";"FOREIGN KEY"
"gimo_lott_fk";"giacenze_movimenti";"id_articolo";"lotti";"codice_variante";"FOREIGN KEY"
"gimo_lott_fk";"giacenze_movimenti";"id_articolo";"lotti";"id_articolo";"FOREIGN KEY"
"gimo_lott_fk";"giacenze_movimenti";"id_articolo";"lotti";"codice_azienda";"FOREIGN KEY"
"gimo_lott_fk";"giacenze_movimenti";"id_articolo";"lotti";"codice_magazzino";"FOREIGN KEY"
"gimo_lott_fk";"giacenze_movimenti";"id_articolo";"lotti";"numero_lotto";"FOREIGN KEY"
"gimo_lott_fk";"giacenze_movimenti";"numero_lotto";"lotti";"codice_variante";"FOREIGN KEY"
"gimo_lott_fk";"giacenze_movimenti";"numero_lotto";"lotti";"id_articolo";"FOREIGN KEY"
"gimo_lott_fk";"giacenze_movimenti";"numero_lotto";"lotti";"codice_azienda";"FOREIGN KEY"
"gimo_lott_fk";"giacenze_movimenti";"numero_lotto";"lotti";"codice_magazzino";"FOREIGN KEY"
"gimo_lott_fk";"giacenze_movimenti";"numero_lotto";"lotti";"numero_lotto";"FOREIGN KEY"
"gimo_lott_fk";"giacenze_movimenti";"codice_variante";"lotti";"codice_variante";"FOREIGN KEY"
"gimo_lott_fk";"giacenze_movimenti";"codice_variante";"lotti";"id_articolo";"FOREIGN KEY"
"gimo_lott_fk";"giacenze_movimenti";"codice_variante";"lotti";"codice_azienda";"FOREIGN KEY"
"gimo_lott_fk";"giacenze_movimenti";"codice_variante";"lotti";"codice_magazzino";"FOREIGN KEY"
"gimo_lott_fk";"giacenze_movimenti";"codice_variante";"lotti";"numero_lotto";"FOREIGN KEY"
"gimo_lott_fk";"giacenze_movimenti";"codice_azienda";"lotti";"codice_variante";"FOREIGN KEY"
"gimo_lott_fk";"giacenze_movimenti";"codice_azienda";"lotti";"id_articolo";"FOREIGN KEY"
"gimo_lott_fk";"giacenze_movimenti";"codice_azienda";"lotti";"codice_azienda";"FOREIGN KEY"
"gimo_lott_fk";"giacenze_movimenti";"codice_azienda";"lotti";"codice_magazzino";"FOREIGN KEY"
"gimo_lott_fk";"giacenze_movimenti";"codice_azienda";"lotti";"numero_lotto";"FOREIGN KEY"
"gimo_lott_fk";"giacenze_movimenti";"codice_magazzino";"lotti";"codice_variante";"FOREIGN KEY"
"gimo_lott_fk";"giacenze_movimenti";"codice_magazzino";"lotti";"id_articolo";"FOREIGN KEY"
"gimo_lott_fk";"giacenze_movimenti";"codice_magazzino";"lotti";"codice_azienda";"FOREIGN KEY"
"gimo_lott_fk";"giacenze_movimenti";"codice_magazzino";"lotti";"codice_magazzino";"FOREIGN KEY"
"gimo_lott_fk";"giacenze_movimenti";"codice_magazzino";"lotti";"numero_lotto";"FOREIGN KEY"
"gimo_mag_movd_fk";"giacenze_movimenti";"id_mov_distinte";"mag_mov_distinte";"codice_azienda";"FOREIGN KEY"
"gimo_mag_movd_fk";"giacenze_movimenti";"id_mov_distinte";"mag_mov_distinte";"id_mov";"FOREIGN KEY"
"gimo_mag_movd_fk";"giacenze_movimenti";"codice_azienda";"mag_mov_distinte";"codice_azienda";"FOREIGN KEY"
"gimo_mag_movd_fk";"giacenze_movimenti";"codice_azienda";"mag_mov_distinte";"id_mov";"FOREIGN KEY"
"gimo_maga_fk";"giacenze_movimenti";"codice_magazzino";"magazzini";"codice_azienda";"FOREIGN KEY"
"gimo_maga_fk";"giacenze_movimenti";"codice_magazzino";"magazzini";"codice_magazzino";"FOREIGN KEY"
"gimo_maga_fk";"giacenze_movimenti";"codice_azienda";"magazzini";"codice_azienda";"FOREIGN KEY"
"gimo_maga_fk";"giacenze_movimenti";"codice_azienda";"magazzini";"codice_magazzino";"FOREIGN KEY"
"gimo_vari_fk";"giacenze_movimenti";"id_articolo";"articoli_varianti";"id_articolo";"FOREIGN KEY"
"gimo_vari_fk";"giacenze_movimenti";"id_articolo";"articoli_varianti";"codice_variante";"FOREIGN KEY"
"gimo_vari_fk";"giacenze_movimenti";"id_articolo";"articoli_varianti";"codice_azienda";"FOREIGN KEY"
"gimo_vari_fk";"giacenze_movimenti";"codice_azienda";"articoli_varianti";"id_articolo";"FOREIGN KEY"
"gimo_vari_fk";"giacenze_movimenti";"codice_azienda";"articoli_varianti";"codice_variante";"FOREIGN KEY"
"gimo_vari_fk";"giacenze_movimenti";"codice_azienda";"articoli_varianti";"codice_azienda";"FOREIGN KEY"
"gimo_vari_fk";"giacenze_movimenti";"codice_variante";"articoli_varianti";"id_articolo";"FOREIGN KEY"
"gimo_vari_fk";"giacenze_movimenti";"codice_variante";"articoli_varianti";"codice_variante";"FOREIGN KEY"
"gimo_vari_fk";"giacenze_movimenti";"codice_variante";"articoli_varianti";"codice_azienda";"FOREIGN KEY"
"gist_maga_fk";"giacenze_statistiche";"codice_azienda";"magazzini";"codice_azienda";"FOREIGN KEY"
"gist_maga_fk";"giacenze_statistiche";"codice_azienda";"magazzini";"codice_magazzino";"FOREIGN KEY"
"gist_maga_fk";"giacenze_statistiche";"codice_magazzino";"magazzini";"codice_azienda";"FOREIGN KEY"
"gist_maga_fk";"giacenze_statistiche";"codice_magazzino";"magazzini";"codice_magazzino";"FOREIGN KEY"
"gist_vari_fk";"giacenze_statistiche";"id_articolo";"articoli_varianti";"id_articolo";"FOREIGN KEY"
"gist_vari_fk";"giacenze_statistiche";"id_articolo";"articoli_varianti";"codice_azienda";"FOREIGN KEY"
"gist_vari_fk";"giacenze_statistiche";"id_articolo";"articoli_varianti";"codice_variante";"FOREIGN KEY"
"gist_vari_fk";"giacenze_statistiche";"codice_azienda";"articoli_varianti";"id_articolo";"FOREIGN KEY"
"gist_vari_fk";"giacenze_statistiche";"codice_azienda";"articoli_varianti";"codice_azienda";"FOREIGN KEY"
"gist_vari_fk";"giacenze_statistiche";"codice_azienda";"articoli_varianti";"codice_variante";"FOREIGN KEY"
"gist_vari_fk";"giacenze_statistiche";"codice_variante";"articoli_varianti";"id_articolo";"FOREIGN KEY"
"gist_vari_fk";"giacenze_statistiche";"codice_variante";"articoli_varianti";"codice_azienda";"FOREIGN KEY"
"gist_vari_fk";"giacenze_statistiche";"codice_variante";"articoli_varianti";"codice_variante";"FOREIGN KEY"
"giva_maga_fk";"giacenze_valori";"codice_azienda";"magazzini";"codice_magazzino";"FOREIGN KEY"
"giva_maga_fk";"giacenze_valori";"codice_azienda";"magazzini";"codice_azienda";"FOREIGN KEY"
"giva_maga_fk";"giacenze_valori";"codice_magazzino";"magazzini";"codice_magazzino";"FOREIGN KEY"
"giva_maga_fk";"giacenze_valori";"codice_magazzino";"magazzini";"codice_azienda";"FOREIGN KEY"
"giva_vari_fk";"giacenze_valori";"codice_variante";"articoli_varianti";"codice_azienda";"FOREIGN KEY"
"giva_vari_fk";"giacenze_valori";"codice_variante";"articoli_varianti";"id_articolo";"FOREIGN KEY"
"giva_vari_fk";"giacenze_valori";"codice_variante";"articoli_varianti";"codice_variante";"FOREIGN KEY"
"giva_vari_fk";"giacenze_valori";"codice_azienda";"articoli_varianti";"codice_azienda";"FOREIGN KEY"
"giva_vari_fk";"giacenze_valori";"codice_azienda";"articoli_varianti";"id_articolo";"FOREIGN KEY"
"giva_vari_fk";"giacenze_valori";"codice_azienda";"articoli_varianti";"codice_variante";"FOREIGN KEY"
"giva_vari_fk";"giacenze_valori";"id_articolo";"articoli_varianti";"codice_azienda";"FOREIGN KEY"
"giva_vari_fk";"giacenze_valori";"id_articolo";"articoli_varianti";"id_articolo";"FOREIGN KEY"
"giva_vari_fk";"giacenze_valori";"id_articolo";"articoli_varianti";"codice_variante";"FOREIGN KEY"
"glos__lnui__fk";"glossario";"lang_id";"lingue_ui";"lang_ui";"FOREIGN KEY"
"grcm__prtz__fk";"gruppi_commerciali";"codice_part";"partizioni";"codice_part";"FOREIGN KEY"
"grlm_anid_fk";"gruppi_lavoro_membri";"id_anagrafica";"anagrafiche_id";"codice_part";"FOREIGN KEY"
"grlm_anid_fk";"gruppi_lavoro_membri";"id_anagrafica";"anagrafiche_id";"id_anagrafica";"FOREIGN KEY"
"grlm_anid_fk";"gruppi_lavoro_membri";"codice_part";"anagrafiche_id";"codice_part";"FOREIGN KEY"
"grlm_anid_fk";"gruppi_lavoro_membri";"codice_part";"anagrafiche_id";"id_anagrafica";"FOREIGN KEY"
"grlm_grpl_fk";"gruppi_lavoro_membri";"codice_part";"gruppi_lavoro";"id_gruppo_lavoro";"FOREIGN KEY"
"grlm_grpl_fk";"gruppi_lavoro_membri";"codice_part";"gruppi_lavoro";"codice_part";"FOREIGN KEY"
"grlm_grpl_fk";"gruppi_lavoro_membri";"id_gruppo_lavoro";"gruppi_lavoro";"id_gruppo_lavoro";"FOREIGN KEY"
"grlm_grpl_fk";"gruppi_lavoro_membri";"id_gruppo_lavoro";"gruppi_lavoro";"codice_part";"FOREIGN KEY"
"grpi_prtz_fk";"gruppi";"codice_part";"partizioni";"codice_part";"FOREIGN KEY"
"grpl_part_fk";"gruppi_lavoro";"codice_part";"partizioni";"codice_part";"FOREIGN KEY"
"grze_asst_fk";"garanzie";"codice_azienda";"asset";"codice_azienda";"FOREIGN KEY"
"grze_asst_fk";"garanzie";"codice_azienda";"asset";"id_asset";"FOREIGN KEY"
"grze_asst_fk";"garanzie";"id_asset";"asset";"codice_azienda";"FOREIGN KEY"
"grze_asst_fk";"garanzie";"id_asset";"asset";"id_asset";"FOREIGN KEY"
"grze_cntr_fk";"garanzie";"codice_azienda";"contratti";"codice_azienda";"FOREIGN KEY"
"grze_cntr_fk";"garanzie";"codice_azienda";"contratti";"id_contratto";"FOREIGN KEY"
"grze_cntr_fk";"garanzie";"id_contratto";"contratti";"codice_azienda";"FOREIGN KEY"
"grze_cntr_fk";"garanzie";"id_contratto";"contratti";"id_contratto";"FOREIGN KEY"
"grze_tiga_fk";"garanzie";"id_tipo_garanzia";"tipi_garanzia";"id_tipo_garanzia";"FOREIGN KEY"
"grze_tiga_fk";"garanzie";"id_tipo_garanzia";"tipi_garanzia";"codice_azienda";"FOREIGN KEY"
"grze_tiga_fk";"garanzie";"codice_azienda";"tipi_garanzia";"id_tipo_garanzia";"FOREIGN KEY"
"grze_tiga_fk";"garanzie";"codice_azienda";"tipi_garanzia";"codice_azienda";"FOREIGN KEY"
"im_coca_contr_fk";"im_contr_canoni";"id_contratto";"im_contr";"codice_azienda";"FOREIGN KEY"
"im_coca_contr_fk";"im_contr_canoni";"id_contratto";"im_contr";"id_contratto";"FOREIGN KEY"
"im_coca_contr_fk";"im_contr_canoni";"codice_azienda";"im_contr";"codice_azienda";"FOREIGN KEY"
"im_coca_contr_fk";"im_contr_canoni";"codice_azienda";"im_contr";"id_contratto";"FOREIGN KEY"
"im_colo_contr_fk";"im_contr_loc";"codice_azienda";"im_contr";"id_contratto";"FOREIGN KEY"
"im_colo_contr_fk";"im_contr_loc";"codice_azienda";"im_contr";"codice_azienda";"FOREIGN KEY"
"im_colo_contr_fk";"im_contr_loc";"id_contratto";"im_contr";"id_contratto";"FOREIGN KEY"
"im_colo_contr_fk";"im_contr_loc";"id_contratto";"im_contr";"codice_azienda";"FOREIGN KEY"
"im_colo_loc_fk";"im_contr_loc";"id_loc";"im_loc";"codice_azienda";"FOREIGN KEY"
"im_colo_loc_fk";"im_contr_loc";"id_loc";"im_loc";"id_loc";"FOREIGN KEY"
"im_colo_loc_fk";"im_contr_loc";"codice_azienda";"im_loc";"codice_azienda";"FOREIGN KEY"
"im_colo_loc_fk";"im_contr_loc";"codice_azienda";"im_loc";"id_loc";"FOREIGN KEY"
"im_comp_azie_fk";"im_comp";"codice_azienda";"aziende";"codice_azienda";"FOREIGN KEY"
"im_comp_nazi_fk";"im_comp";"codice_nazione";"nazioni";"codice_nazione";"FOREIGN KEY"
"im_contr_anag_fk";"im_contr";"codice_part";"anagrafiche_id";"codice_part";"FOREIGN KEY"
"im_contr_anag_fk";"im_contr";"codice_part";"anagrafiche_id";"id_anagrafica";"FOREIGN KEY"
"im_contr_anag_fk";"im_contr";"id_conduttore";"anagrafiche_id";"codice_part";"FOREIGN KEY"
"im_contr_anag_fk";"im_contr";"id_conduttore";"anagrafiche_id";"id_anagrafica";"FOREIGN KEY"
"im_contr_anid_dfat_fk";"im_contr";"codice_part";"anagrafiche_id";"id_anagrafica";"FOREIGN KEY"
"im_contr_anid_dfat_fk";"im_contr";"codice_part";"anagrafiche_id";"codice_part";"FOREIGN KEY"
"im_contr_anid_dfat_fk";"im_contr";"id_dest_fatture";"anagrafiche_id";"id_anagrafica";"FOREIGN KEY"
"im_contr_anid_dfat_fk";"im_contr";"id_dest_fatture";"anagrafiche_id";"codice_part";"FOREIGN KEY"
"im_contr_anid_fatt_fk";"im_contr";"codice_part";"anagrafiche_id";"codice_part";"FOREIGN KEY"
"im_contr_anid_fatt_fk";"im_contr";"codice_part";"anagrafiche_id";"id_anagrafica";"FOREIGN KEY"
"im_contr_anid_fatt_fk";"im_contr";"id_fatturazione";"anagrafiche_id";"codice_part";"FOREIGN KEY"
"im_contr_anid_fatt_fk";"im_contr";"id_fatturazione";"anagrafiche_id";"id_anagrafica";"FOREIGN KEY"
"im_contr_anno_contr_fk";"im_contr_anno";"codice_azienda";"im_contr";"codice_azienda";"FOREIGN KEY"
"im_contr_anno_contr_fk";"im_contr_anno";"codice_azienda";"im_contr";"id_contratto";"FOREIGN KEY"
"im_contr_anno_contr_fk";"im_contr_anno";"id_contratto";"im_contr";"codice_azienda";"FOREIGN KEY"
"im_contr_anno_contr_fk";"im_contr_anno";"id_contratto";"im_contr";"id_contratto";"FOREIGN KEY"
"im_contr_ccti_ccaz_fk";"im_contr";"id_conto_corrente_az";"conti_correnti";"id_conto_corrente";"FOREIGN KEY"
"im_contr_ccti_ccaz_fk";"im_contr";"id_conto_corrente_az";"conti_correnti";"codice_azienda";"FOREIGN KEY"
"im_contr_ccti_ccaz_fk";"im_contr";"codice_azienda";"conti_correnti";"id_conto_corrente";"FOREIGN KEY"
"im_contr_ccti_ccaz_fk";"im_contr";"codice_azienda";"conti_correnti";"codice_azienda";"FOREIGN KEY"
"im_contr_ccti_cctz_fk";"im_contr";"codice_azienda";"conti_correnti";"id_conto_corrente";"FOREIGN KEY"
"im_contr_ccti_cctz_fk";"im_contr";"codice_azienda";"conti_correnti";"codice_azienda";"FOREIGN KEY"
"im_contr_ccti_cctz_fk";"im_contr";"id_conto_corrente_terzi";"conti_correnti";"id_conto_corrente";"FOREIGN KEY"
"im_contr_ccti_cctz_fk";"im_contr";"id_conto_corrente_terzi";"conti_correnti";"codice_azienda";"FOREIGN KEY"
"im_contr_cfat_fk";"im_contr";"id_cond_fatt";"condizioni_fatturazione";"id_condizione_fatturazione";"FOREIGN KEY"
"im_contr_cfat_fk";"im_contr";"id_cond_fatt";"condizioni_fatturazione";"codice_azienda";"FOREIGN KEY"
"im_contr_cfat_fk";"im_contr";"codice_azienda";"condizioni_fatturazione";"id_condizione_fatturazione";"FOREIGN KEY"
"im_contr_cfat_fk";"im_contr";"codice_azienda";"condizioni_fatturazione";"codice_azienda";"FOREIGN KEY"
"im_contr_cpag_fk";"im_contr";"id_cond_pag";"condizioni_pagamento";"id_condizione_pagamento";"FOREIGN KEY"
"im_contr_cpag_fk";"im_contr";"id_cond_pag";"condizioni_pagamento";"codice_azienda";"FOREIGN KEY"
"im_contr_cpag_fk";"im_contr";"codice_azienda";"condizioni_pagamento";"id_condizione_pagamento";"FOREIGN KEY"
"im_contr_cpag_fk";"im_contr";"codice_azienda";"condizioni_pagamento";"codice_azienda";"FOREIGN KEY"
"im_loc_comp_fk";"im_loc";"id_comp";"im_comp";"codice_azienda";"FOREIGN KEY"
"im_loc_comp_fk";"im_loc";"id_comp";"im_comp";"id_comp";"FOREIGN KEY"
"im_loc_comp_fk";"im_loc";"codice_azienda";"im_comp";"codice_azienda";"FOREIGN KEY"
"im_loc_comp_fk";"im_loc";"codice_azienda";"im_comp";"id_comp";"FOREIGN KEY"
"im_loc_pr_loc_fk";"im_loc_pr";"codice_azienda";"im_loc";"id_loc";"FOREIGN KEY"
"im_loc_pr_loc_fk";"im_loc_pr";"codice_azienda";"im_loc";"codice_azienda";"FOREIGN KEY"
"im_loc_pr_loc_fk";"im_loc_pr";"id_loc";"im_loc";"id_loc";"FOREIGN KEY"
"im_loc_pr_loc_fk";"im_loc_pr";"id_loc";"im_loc";"codice_azienda";"FOREIGN KEY"
"im_rate_contr";"im_rate";"id_contratto";"im_contr";"codice_azienda";"FOREIGN KEY"
"im_rate_contr";"im_rate";"id_contratto";"im_contr";"id_contratto";"FOREIGN KEY"
"im_rate_contr";"im_rate";"codice_azienda";"im_contr";"codice_azienda";"FOREIGN KEY"
"im_rate_contr";"im_rate";"codice_azienda";"im_contr";"id_contratto";"FOREIGN KEY"
"imer_btcf_fk";"im_fatt_errors";"codice_azienda";"batch_fatt";"id_batch_fatt";"FOREIGN KEY"
"imer_btcf_fk";"im_fatt_errors";"codice_azienda";"batch_fatt";"codice_azienda";"FOREIGN KEY"
"imer_btcf_fk";"im_fatt_errors";"id_batch_fatt";"batch_fatt";"id_batch_fatt";"FOREIGN KEY"
"imer_btcf_fk";"im_fatt_errors";"id_batch_fatt";"batch_fatt";"codice_azienda";"FOREIGN KEY"
"imer_im_cntr_fk";"im_fatt_errors";"id_contratto";"im_contr";"id_contratto";"FOREIGN KEY"
"imer_im_cntr_fk";"im_fatt_errors";"id_contratto";"im_contr";"codice_azienda";"FOREIGN KEY"
"imer_im_cntr_fk";"im_fatt_errors";"codice_azienda";"im_contr";"id_contratto";"FOREIGN KEY"
"imer_im_cntr_fk";"im_fatt_errors";"codice_azienda";"im_contr";"codice_azienda";"FOREIGN KEY"
"indip_anag_fk";"indipendenti";"id_anagrafica";"anagrafiche_id";"id_anagrafica";"FOREIGN KEY"
"indip_anag_fk";"indipendenti";"id_anagrafica";"anagrafiche_id";"codice_part";"FOREIGN KEY"
"indip_anag_fk";"indipendenti";"codice_part";"anagrafiche_id";"id_anagrafica";"FOREIGN KEY"
"indip_anag_fk";"indipendenti";"codice_part";"anagrafiche_id";"codice_part";"FOREIGN KEY"
"indip_indip_fk";"indipendenti";"codice_part";"anagrafiche_id";"id_anagrafica";"FOREIGN KEY"
"indip_indip_fk";"indipendenti";"codice_part";"anagrafiche_id";"codice_part";"FOREIGN KEY"
"indip_indip_fk";"indipendenti";"id_indipendente";"anagrafiche_id";"id_anagrafica";"FOREIGN KEY"
"indip_indip_fk";"indipendenti";"id_indipendente";"anagrafiche_id";"codice_part";"FOREIGN KEY"
"inrg_agda_fk";"consuntivazioni";"id_agenda";"agenda";"codice_azienda";"FOREIGN KEY"
"inrg_agda_fk";"consuntivazioni";"id_agenda";"agenda";"id_agenda";"FOREIGN KEY"
"inrg_agda_fk";"consuntivazioni";"codice_azienda";"agenda";"codice_azienda";"FOREIGN KEY"
"inrg_agda_fk";"consuntivazioni";"codice_azienda";"agenda";"id_agenda";"FOREIGN KEY"
"inrg_anrs_fk";"consuntivazioni";"codice_part";"anagrafiche_id";"codice_part";"FOREIGN KEY"
"inrg_anrs_fk";"consuntivazioni";"codice_part";"anagrafiche_id";"id_anagrafica";"FOREIGN KEY"
"inrg_anrs_fk";"consuntivazioni";"id_risorsa";"anagrafiche_id";"codice_part";"FOREIGN KEY"
"inrg_anrs_fk";"consuntivazioni";"id_risorsa";"anagrafiche_id";"id_anagrafica";"FOREIGN KEY"
"inrg_atre_fk";"consuntivazioni";"id_attrezzatura";"attrezzature";"codice_azienda";"FOREIGN KEY"
"inrg_atre_fk";"consuntivazioni";"id_attrezzatura";"attrezzature";"id_attrezzatura";"FOREIGN KEY"
"inrg_atre_fk";"consuntivazioni";"codice_azienda";"attrezzature";"codice_azienda";"FOREIGN KEY"
"inrg_atre_fk";"consuntivazioni";"codice_azienda";"attrezzature";"id_attrezzatura";"FOREIGN KEY"
"inrg_cman_mi_fk";"consuntivazioni";"codice_codifica_mod_int";"codifica_manutenzioni";"codice_codifica";"FOREIGN KEY"
"inrg_cman_mi_fk";"consuntivazioni";"codice_codifica_mod_int";"codifica_manutenzioni";"codice_azienda";"FOREIGN KEY"
"inrg_cman_mi_fk";"consuntivazioni";"codice_codifica_mod_int";"codifica_manutenzioni";"tipo_codifica";"FOREIGN KEY"
"inrg_cman_mi_fk";"consuntivazioni";"tipo_codifica_mod_int";"codifica_manutenzioni";"codice_codifica";"FOREIGN KEY"
"inrg_cman_mi_fk";"consuntivazioni";"tipo_codifica_mod_int";"codifica_manutenzioni";"codice_azienda";"FOREIGN KEY"
"inrg_cman_mi_fk";"consuntivazioni";"tipo_codifica_mod_int";"codifica_manutenzioni";"tipo_codifica";"FOREIGN KEY"
"inrg_cman_mi_fk";"consuntivazioni";"codice_azienda";"codifica_manutenzioni";"codice_codifica";"FOREIGN KEY"
"inrg_cman_mi_fk";"consuntivazioni";"codice_azienda";"codifica_manutenzioni";"codice_azienda";"FOREIGN KEY"
"inrg_cman_mi_fk";"consuntivazioni";"codice_azienda";"codifica_manutenzioni";"tipo_codifica";"FOREIGN KEY"
"inrg_cman_ti_fk";"consuntivazioni";"codice_azienda";"codifica_manutenzioni";"tipo_codifica";"FOREIGN KEY"
"inrg_cman_ti_fk";"consuntivazioni";"codice_azienda";"codifica_manutenzioni";"codice_azienda";"FOREIGN KEY"
"inrg_cman_ti_fk";"consuntivazioni";"codice_azienda";"codifica_manutenzioni";"codice_codifica";"FOREIGN KEY"
"inrg_cman_ti_fk";"consuntivazioni";"codice_codifica_tipo_int";"codifica_manutenzioni";"tipo_codifica";"FOREIGN KEY"
"inrg_cman_ti_fk";"consuntivazioni";"codice_codifica_tipo_int";"codifica_manutenzioni";"codice_azienda";"FOREIGN KEY"
"inrg_cman_ti_fk";"consuntivazioni";"codice_codifica_tipo_int";"codifica_manutenzioni";"codice_codifica";"FOREIGN KEY"
"inrg_cman_ti_fk";"consuntivazioni";"tipo_codifica_tipo_int";"codifica_manutenzioni";"tipo_codifica";"FOREIGN KEY"
"inrg_cman_ti_fk";"consuntivazioni";"tipo_codifica_tipo_int";"codifica_manutenzioni";"codice_azienda";"FOREIGN KEY"
"inrg_cman_ti_fk";"consuntivazioni";"tipo_codifica_tipo_int";"codifica_manutenzioni";"codice_codifica";"FOREIGN KEY"
"inrg_cmpt_fk";"consuntivazioni";"codice_azienda";"compiti";"codice_azienda";"FOREIGN KEY"
"inrg_cmpt_fk";"consuntivazioni";"codice_azienda";"compiti";"codice_compito";"FOREIGN KEY"
"inrg_cmpt_fk";"consuntivazioni";"codice_compito";"compiti";"codice_azienda";"FOREIGN KEY"
"inrg_cmpt_fk";"consuntivazioni";"codice_compito";"compiti";"codice_compito";"FOREIGN KEY"
"inrg_cntr_fk";"consuntivazioni";"codice_azienda";"contratti";"id_contratto";"FOREIGN KEY"
"inrg_cntr_fk";"consuntivazioni";"codice_azienda";"contratti";"codice_azienda";"FOREIGN KEY"
"inrg_cntr_fk";"consuntivazioni";"id_contratto";"contratti";"id_contratto";"FOREIGN KEY"
"inrg_cntr_fk";"consuntivazioni";"id_contratto";"contratti";"codice_azienda";"FOREIGN KEY"
"inrg_cpct_fk";"consuntivazioni";"id_contratto";"contratti_pacchetti";"id_contratto";"FOREIGN KEY"
"inrg_cpct_fk";"consuntivazioni";"id_contratto";"contratti_pacchetti";"id_contratto_risorsa";"FOREIGN KEY"
"inrg_cpct_fk";"consuntivazioni";"id_contratto";"contratti_pacchetti";"codice_azienda";"FOREIGN KEY"
"inrg_cpct_fk";"consuntivazioni";"id_contratto";"contratti_pacchetti";"id_pacchetto";"FOREIGN KEY"
"inrg_cpct_fk";"consuntivazioni";"codice_azienda";"contratti_pacchetti";"id_contratto";"FOREIGN KEY"
"inrg_cpct_fk";"consuntivazioni";"codice_azienda";"contratti_pacchetti";"id_contratto_risorsa";"FOREIGN KEY"
"inrg_cpct_fk";"consuntivazioni";"codice_azienda";"contratti_pacchetti";"codice_azienda";"FOREIGN KEY"
"inrg_cpct_fk";"consuntivazioni";"codice_azienda";"contratti_pacchetti";"id_pacchetto";"FOREIGN KEY"
"inrg_cpct_fk";"consuntivazioni";"id_pacchetto";"contratti_pacchetti";"id_contratto";"FOREIGN KEY"
"inrg_cpct_fk";"consuntivazioni";"id_pacchetto";"contratti_pacchetti";"id_contratto_risorsa";"FOREIGN KEY"
"inrg_cpct_fk";"consuntivazioni";"id_pacchetto";"contratti_pacchetti";"codice_azienda";"FOREIGN KEY"
"inrg_cpct_fk";"consuntivazioni";"id_pacchetto";"contratti_pacchetti";"id_pacchetto";"FOREIGN KEY"
"inrg_cpct_fk";"consuntivazioni";"id_contratto_risorsa";"contratti_pacchetti";"id_contratto";"FOREIGN KEY"
"inrg_cpct_fk";"consuntivazioni";"id_contratto_risorsa";"contratti_pacchetti";"id_contratto_risorsa";"FOREIGN KEY"
"inrg_cpct_fk";"consuntivazioni";"id_contratto_risorsa";"contratti_pacchetti";"codice_azienda";"FOREIGN KEY"
"inrg_cpct_fk";"consuntivazioni";"id_contratto_risorsa";"contratti_pacchetti";"id_pacchetto";"FOREIGN KEY"
"inrg_ctrs_fk";"consuntivazioni";"id_contratto_risorsa";"contratti_risorse";"id_contratto";"FOREIGN KEY"
"inrg_ctrs_fk";"consuntivazioni";"id_contratto_risorsa";"contratti_risorse";"id_contratto_risorsa";"FOREIGN KEY"
"inrg_ctrs_fk";"consuntivazioni";"id_contratto_risorsa";"contratti_risorse";"codice_azienda";"FOREIGN KEY"
"inrg_ctrs_fk";"consuntivazioni";"codice_azienda";"contratti_risorse";"id_contratto";"FOREIGN KEY"
"inrg_ctrs_fk";"consuntivazioni";"codice_azienda";"contratti_risorse";"id_contratto_risorsa";"FOREIGN KEY"
"inrg_ctrs_fk";"consuntivazioni";"codice_azienda";"contratti_risorse";"codice_azienda";"FOREIGN KEY"
"inrg_ctrs_fk";"consuntivazioni";"id_contratto";"contratti_risorse";"id_contratto";"FOREIGN KEY"
"inrg_ctrs_fk";"consuntivazioni";"id_contratto";"contratti_risorse";"id_contratto_risorsa";"FOREIGN KEY"
"inrg_ctrs_fk";"consuntivazioni";"id_contratto";"contratti_risorse";"codice_azienda";"FOREIGN KEY"
"inrg_mezz_fk";"consuntivazioni";"codice_azienda";"mezzi";"codice_azienda";"FOREIGN KEY"
"inrg_mezz_fk";"consuntivazioni";"codice_azienda";"mezzi";"targa_mezzo";"FOREIGN KEY"
"inrg_mezz_fk";"consuntivazioni";"targa_mezzo";"mezzi";"codice_azienda";"FOREIGN KEY"
"inrg_mezz_fk";"consuntivazioni";"targa_mezzo";"mezzi";"targa_mezzo";"FOREIGN KEY"
"inrg_timp_fk";"consuntivazioni";"codice_azienda";"tipi_impegno";"codice_azienda";"FOREIGN KEY"
"inrg_timp_fk";"consuntivazioni";"codice_azienda";"tipi_impegno";"codice_impegno";"FOREIGN KEY"
"inrg_timp_fk";"consuntivazioni";"codice_impegno";"tipi_impegno";"codice_azienda";"FOREIGN KEY"
"inrg_timp_fk";"consuntivazioni";"codice_impegno";"tipi_impegno";"codice_impegno";"FOREIGN KEY"
"inrg_tiri_fk";"consuntivazioni";"codice_azienda";"tipi_risorsa";"codice_azienda";"FOREIGN KEY"
"inrg_tiri_fk";"consuntivazioni";"codice_azienda";"tipi_risorsa";"id_tipo_risorsa";"FOREIGN KEY"
"inrg_tiri_fk";"consuntivazioni";"id_tipo_risorsa";"tipi_risorsa";"codice_azienda";"FOREIGN KEY"
"inrg_tiri_fk";"consuntivazioni";"id_tipo_risorsa";"tipi_risorsa";"id_tipo_risorsa";"FOREIGN KEY"
"inrr_anvr_fk";"mod_intra_righe";"id_anagrafica";"anagrafiche_vr";"id_anagrafica";"FOREIGN KEY"
"inrr_anvr_fk";"mod_intra_righe";"id_anagrafica";"anagrafiche_vr";"prog_vr";"FOREIGN KEY"
"inrr_anvr_fk";"mod_intra_righe";"id_anagrafica";"anagrafiche_vr";"codice_part";"FOREIGN KEY"
"inrr_anvr_fk";"mod_intra_righe";"codice_part";"anagrafiche_vr";"id_anagrafica";"FOREIGN KEY"
"inrr_anvr_fk";"mod_intra_righe";"codice_part";"anagrafiche_vr";"prog_vr";"FOREIGN KEY"
"inrr_anvr_fk";"mod_intra_righe";"codice_part";"anagrafiche_vr";"codice_part";"FOREIGN KEY"
"inrr_anvr_fk";"mod_intra_righe";"prog_vr_anag";"anagrafiche_vr";"id_anagrafica";"FOREIGN KEY"
"inrr_anvr_fk";"mod_intra_righe";"prog_vr_anag";"anagrafiche_vr";"prog_vr";"FOREIGN KEY"
"inrr_anvr_fk";"mod_intra_righe";"prog_vr_anag";"anagrafiche_vr";"codice_part";"FOREIGN KEY"
"inrr_intr_fk";"mod_intra_righe";"intra_id";"codici_intrastat";"intra_id";"FOREIGN KEY"
"inrr_intra_fk";"mod_intra_righe";"codice_azienda";"mod_intra";"num_rif";"FOREIGN KEY"
"inrr_intra_fk";"mod_intra_righe";"codice_azienda";"mod_intra";"codice_azienda";"FOREIGN KEY"
"inrr_intra_fk";"mod_intra_righe";"num_rif";"mod_intra";"num_rif";"FOREIGN KEY"
"inrr_intra_fk";"mod_intra_righe";"num_rif";"mod_intra";"codice_azienda";"FOREIGN KEY"
"intm_intv_fk";"interventi_materiali";"codice_azienda";"interventi";"id_intervento";"FOREIGN KEY"
"intm_intv_fk";"interventi_materiali";"codice_azienda";"interventi";"codice_azienda";"FOREIGN KEY"
"intm_intv_fk";"interventi_materiali";"id_intervento";"interventi";"id_intervento";"FOREIGN KEY"
"intm_intv_fk";"interventi_materiali";"id_intervento";"interventi";"codice_azienda";"FOREIGN KEY"
"intm_vari_fk";"interventi_materiali";"id_articolo";"articoli_varianti";"codice_azienda";"FOREIGN KEY"
"intm_vari_fk";"interventi_materiali";"id_articolo";"articoli_varianti";"codice_variante";"FOREIGN KEY"
"intm_vari_fk";"interventi_materiali";"id_articolo";"articoli_varianti";"id_articolo";"FOREIGN KEY"
"intm_vari_fk";"interventi_materiali";"codice_azienda";"articoli_varianti";"codice_azienda";"FOREIGN KEY"
"intm_vari_fk";"interventi_materiali";"codice_azienda";"articoli_varianti";"codice_variante";"FOREIGN KEY"
"intm_vari_fk";"interventi_materiali";"codice_azienda";"articoli_varianti";"id_articolo";"FOREIGN KEY"
"intm_vari_fk";"interventi_materiali";"codice_variante";"articoli_varianti";"codice_azienda";"FOREIGN KEY"
"intm_vari_fk";"interventi_materiali";"codice_variante";"articoli_varianti";"codice_variante";"FOREIGN KEY"
"intm_vari_fk";"interventi_materiali";"codice_variante";"articoli_varianti";"id_articolo";"FOREIGN KEY"
"intra_mdif_fk";"mod_intra";"codice_azienda";"mod_intra_file";"file_id";"FOREIGN KEY"
"intra_mdif_fk";"mod_intra";"codice_azienda";"mod_intra_file";"codice_azienda";"FOREIGN KEY"
"intra_mdif_fk";"mod_intra";"file_id";"mod_intra_file";"file_id";"FOREIGN KEY"
"intra_mdif_fk";"mod_intra";"file_id";"mod_intra_file";"codice_azienda";"FOREIGN KEY"
"intv_agda_fk";"interventi";"codice_azienda";"agenda";"id_agenda";"FOREIGN KEY"
"intv_agda_fk";"interventi";"codice_azienda";"agenda";"codice_azienda";"FOREIGN KEY"
"intv_agda_fk";"interventi";"id_agenda";"agenda";"id_agenda";"FOREIGN KEY"
"intv_agda_fk";"interventi";"id_agenda";"agenda";"codice_azienda";"FOREIGN KEY"
"intv_anvr_cli_fk";"interventi";"prog_vr_cli";"anagrafiche_vr";"codice_part";"FOREIGN KEY"
"intv_anvr_cli_fk";"interventi";"prog_vr_cli";"anagrafiche_vr";"id_anagrafica";"FOREIGN KEY"
"intv_anvr_cli_fk";"interventi";"prog_vr_cli";"anagrafiche_vr";"prog_vr";"FOREIGN KEY"
"intv_anvr_cli_fk";"interventi";"id_cliente";"anagrafiche_vr";"codice_part";"FOREIGN KEY"
"intv_anvr_cli_fk";"interventi";"id_cliente";"anagrafiche_vr";"id_anagrafica";"FOREIGN KEY"
"intv_anvr_cli_fk";"interventi";"id_cliente";"anagrafiche_vr";"prog_vr";"FOREIGN KEY"
"intv_anvr_cli_fk";"interventi";"codice_part";"anagrafiche_vr";"codice_part";"FOREIGN KEY"
"intv_anvr_cli_fk";"interventi";"codice_part";"anagrafiche_vr";"id_anagrafica";"FOREIGN KEY"
"intv_anvr_cli_fk";"interventi";"codice_part";"anagrafiche_vr";"prog_vr";"FOREIGN KEY"
"intv_anvr_dest_fk";"interventi";"id_luogo_intervento";"anagrafiche_vr";"id_anagrafica";"FOREIGN KEY"
"intv_anvr_dest_fk";"interventi";"id_luogo_intervento";"anagrafiche_vr";"codice_part";"FOREIGN KEY"
"intv_anvr_dest_fk";"interventi";"id_luogo_intervento";"anagrafiche_vr";"prog_vr";"FOREIGN KEY"
"intv_anvr_dest_fk";"interventi";"prog_vr_luogo";"anagrafiche_vr";"id_anagrafica";"FOREIGN KEY"
"intv_anvr_dest_fk";"interventi";"prog_vr_luogo";"anagrafiche_vr";"codice_part";"FOREIGN KEY"
"intv_anvr_dest_fk";"interventi";"prog_vr_luogo";"anagrafiche_vr";"prog_vr";"FOREIGN KEY"
"intv_anvr_dest_fk";"interventi";"codice_part";"anagrafiche_vr";"id_anagrafica";"FOREIGN KEY"
"intv_anvr_dest_fk";"interventi";"codice_part";"anagrafiche_vr";"codice_part";"FOREIGN KEY"
"intv_anvr_dest_fk";"interventi";"codice_part";"anagrafiche_vr";"prog_vr";"FOREIGN KEY"
"intv_cpct_fk";"interventi";"codice_azienda";"contratti_pacchetti";"codice_azienda";"FOREIGN KEY"
"intv_cpct_fk";"interventi";"codice_azienda";"contratti_pacchetti";"id_contratto";"FOREIGN KEY"
"intv_cpct_fk";"interventi";"codice_azienda";"contratti_pacchetti";"id_contratto_risorsa";"FOREIGN KEY"
"intv_cpct_fk";"interventi";"codice_azienda";"contratti_pacchetti";"id_pacchetto";"FOREIGN KEY"
"intv_cpct_fk";"interventi";"id_pacchetto";"contratti_pacchetti";"codice_azienda";"FOREIGN KEY"
"intv_cpct_fk";"interventi";"id_pacchetto";"contratti_pacchetti";"id_contratto";"FOREIGN KEY"
"intv_cpct_fk";"interventi";"id_pacchetto";"contratti_pacchetti";"id_contratto_risorsa";"FOREIGN KEY"
"intv_cpct_fk";"interventi";"id_pacchetto";"contratti_pacchetti";"id_pacchetto";"FOREIGN KEY"
"intv_cpct_fk";"interventi";"id_contratto_risorsa";"contratti_pacchetti";"codice_azienda";"FOREIGN KEY"
"intv_cpct_fk";"interventi";"id_contratto_risorsa";"contratti_pacchetti";"id_contratto";"FOREIGN KEY"
"intv_cpct_fk";"interventi";"id_contratto_risorsa";"contratti_pacchetti";"id_contratto_risorsa";"FOREIGN KEY"
"intv_cpct_fk";"interventi";"id_contratto_risorsa";"contratti_pacchetti";"id_pacchetto";"FOREIGN KEY"
"intv_cpct_fk";"interventi";"id_contratto";"contratti_pacchetti";"codice_azienda";"FOREIGN KEY"
"intv_cpct_fk";"interventi";"id_contratto";"contratti_pacchetti";"id_contratto";"FOREIGN KEY"
"intv_cpct_fk";"interventi";"id_contratto";"contratti_pacchetti";"id_contratto_risorsa";"FOREIGN KEY"
"intv_cpct_fk";"interventi";"id_contratto";"contratti_pacchetti";"id_pacchetto";"FOREIGN KEY"
"intv_tlim_fk";"interventi";"codice_azienda";"tipi_luogo_impegni";"codice_tipo_luogo";"FOREIGN KEY"
"intv_tlim_fk";"interventi";"codice_azienda";"tipi_luogo_impegni";"codice_azienda";"FOREIGN KEY"
"intv_tlim_fk";"interventi";"codice_tipo_luogo";"tipi_luogo_impegni";"codice_tipo_luogo";"FOREIGN KEY"
"intv_tlim_fk";"interventi";"codice_tipo_luogo";"tipi_luogo_impegni";"codice_azienda";"FOREIGN KEY"
"inva__azie_source__fk";"inviti_aziende";"codice_azienda_source";"aziende";"codice_azienda";"FOREIGN KEY"
"inva__azie_target__fk";"inviti_aziende";"codice_azienda_target";"aziende";"codice_azienda";"FOREIGN KEY"
"inva__uten__ins_fk";"inviti_aziende";"ute_ins";"utenti";"login";"FOREIGN KEY"
"inva__uten__upd_fk";"inviti_aziende";"ute_upd";"utenti";"login";"FOREIGN KEY"
"invb_caco_fk";"inventari_batch";"codice_azienda";"categorie_commerciali";"codice_cat_comm";"FOREIGN KEY"
"invb_caco_fk";"inventari_batch";"codice_azienda";"categorie_commerciali";"codice_azienda";"FOREIGN KEY"
"invb_caco_fk";"inventari_batch";"codice_cat_comm";"categorie_commerciali";"codice_cat_comm";"FOREIGN KEY"
"invb_caco_fk";"inventari_batch";"codice_cat_comm";"categorie_commerciali";"codice_azienda";"FOREIGN KEY"
"invb_maga_fk";"inventari_batch";"codice_azienda";"magazzini";"codice_magazzino";"FOREIGN KEY"
"invb_maga_fk";"inventari_batch";"codice_azienda";"magazzini";"codice_azienda";"FOREIGN KEY"
"invb_maga_fk";"inventari_batch";"codice_magazzino";"magazzini";"codice_magazzino";"FOREIGN KEY"
"invb_maga_fk";"inventari_batch";"codice_magazzino";"magazzini";"codice_azienda";"FOREIGN KEY"
"invu__azie__fk";"inviti_utenti";"codice_azienda";"aziende";"codice_azienda";"FOREIGN KEY"
"invu__prof__fk";"inviti_utenti";"nome_profilo";"profili";"nome";"FOREIGN KEY"
"invu__uten__fk";"inviti_utenti";"login_utente";"utenti";"login";"FOREIGN KEY"
"io_attr__io_obj__fk";"input_output_attributes";"object_name";"input_output_objects";"object_name";"FOREIGN KEY"
"io_op__io_obj__fk";"input_output_operations";"object_name";"input_output_objects";"object_name";"FOREIGN KEY"
"io_op__io_op__fk";"input_output_operations";"codice_io_parent";"input_output_operations";"object_name";"FOREIGN KEY"
"io_op__io_op__fk";"input_output_operations";"codice_io_parent";"input_output_operations";"codice_io";"FOREIGN KEY"
"io_op__io_op__fk";"input_output_operations";"object_name_parent";"input_output_operations";"object_name";"FOREIGN KEY"
"io_op__io_op__fk";"input_output_operations";"object_name_parent";"input_output_operations";"codice_io";"FOREIGN KEY"
"io_op_el__io_attr__fk";"input_output_operation_elements";"attribute_name";"input_output_attributes";"attribute_name";"FOREIGN KEY"
"io_op_el__io_attr__fk";"input_output_operation_elements";"attribute_name";"input_output_attributes";"object_name";"FOREIGN KEY"
"io_op_el__io_attr__fk";"input_output_operation_elements";"object_name";"input_output_attributes";"attribute_name";"FOREIGN KEY"
"io_op_el__io_attr__fk";"input_output_operation_elements";"object_name";"input_output_attributes";"object_name";"FOREIGN KEY"
"io_op_el__io_op__fk";"input_output_operation_elements";"codice_io";"input_output_operations";"codice_io";"FOREIGN KEY"
"io_op_el__io_op__fk";"input_output_operation_elements";"codice_io";"input_output_operations";"object_name";"FOREIGN KEY"
"io_op_el__io_op__fk";"input_output_operation_elements";"object_name";"input_output_operations";"codice_io";"FOREIGN KEY"
"io_op_el__io_op__fk";"input_output_operation_elements";"object_name";"input_output_operations";"object_name";"FOREIGN KEY"
"io_op_el__io_op__target__fk";"input_output_operation_elements";"codice_io_target";"input_output_operations";"object_name";"FOREIGN KEY"
"io_op_el__io_op__target__fk";"input_output_operation_elements";"codice_io_target";"input_output_operations";"codice_io";"FOREIGN KEY"
"io_op_el__io_op__target__fk";"input_output_operation_elements";"object_name_target";"input_output_operations";"object_name";"FOREIGN KEY"
"io_op_el__io_op__target__fk";"input_output_operation_elements";"object_name_target";"input_output_operations";"codice_io";"FOREIGN KEY"
"io_op_el__io_rela__fk";"input_output_operation_elements";"object_name";"input_output_relations";"rela_name";"FOREIGN KEY"
"io_op_el__io_rela__fk";"input_output_operation_elements";"object_name";"input_output_relations";"object_name";"FOREIGN KEY"
"io_op_el__io_rela__fk";"input_output_operation_elements";"rela_name";"input_output_relations";"rela_name";"FOREIGN KEY"
"io_op_el__io_rela__fk";"input_output_operation_elements";"rela_name";"input_output_relations";"object_name";"FOREIGN KEY"
"io_rela__io_obj__fk";"input_output_relations";"object_name";"input_output_objects";"object_name";"FOREIGN KEY"
"io_rela__io_obj_target__fk";"input_output_relations";"object_name_target";"input_output_objects";"object_name";"FOREIGN KEY"
"iofm__io_op__fk";"io_file_maps";"object_name";"input_output_operations";"codice_io";"FOREIGN KEY"
"iofm__io_op__fk";"io_file_maps";"object_name";"input_output_operations";"object_name";"FOREIGN KEY"
"iofm__io_op__fk";"io_file_maps";"codice_io";"input_output_operations";"codice_io";"FOREIGN KEY"
"iofm__io_op__fk";"io_file_maps";"codice_io";"input_output_operations";"object_name";"FOREIGN KEY"
"iofm_el__io_op__fk";"io_file_map_elements";"object_name_sub_protocol";"input_output_operations";"object_name";"FOREIGN KEY"
"iofm_el__io_op__fk";"io_file_map_elements";"object_name_sub_protocol";"input_output_operations";"codice_io";"FOREIGN KEY"
"iofm_el__io_op__fk";"io_file_map_elements";"codice_io_sub_protocol";"input_output_operations";"object_name";"FOREIGN KEY"
"iofm_el__io_op__fk";"io_file_map_elements";"codice_io_sub_protocol";"input_output_operations";"codice_io";"FOREIGN KEY"
"iofm_el__io_op_el__fk";"io_file_map_elements";"object_name_sub_protocol";"input_output_operation_elements";"object_name";"FOREIGN KEY"
"iofm_el__io_op_el__fk";"io_file_map_elements";"object_name_sub_protocol";"input_output_operation_elements";"codice_io";"FOREIGN KEY"
"iofm_el__io_op_el__fk";"io_file_map_elements";"object_name_sub_protocol";"input_output_operation_elements";"id_element";"FOREIGN KEY"
"iofm_el__io_op_el__fk";"io_file_map_elements";"id_element";"input_output_operation_elements";"object_name";"FOREIGN KEY"
"iofm_el__io_op_el__fk";"io_file_map_elements";"id_element";"input_output_operation_elements";"codice_io";"FOREIGN KEY"
"iofm_el__io_op_el__fk";"io_file_map_elements";"id_element";"input_output_operation_elements";"id_element";"FOREIGN KEY"
"iofm_el__io_op_el__fk";"io_file_map_elements";"codice_io_sub_protocol";"input_output_operation_elements";"object_name";"FOREIGN KEY"
"iofm_el__io_op_el__fk";"io_file_map_elements";"codice_io_sub_protocol";"input_output_operation_elements";"codice_io";"FOREIGN KEY"
"iofm_el__io_op_el__fk";"io_file_map_elements";"codice_io_sub_protocol";"input_output_operation_elements";"id_element";"FOREIGN KEY"
"iofm_el__iofm__fk";"io_file_map_elements";"object_name";"io_file_maps";"id_map";"FOREIGN KEY"
"iofm_el__iofm__fk";"io_file_map_elements";"object_name";"io_file_maps";"codice_io";"FOREIGN KEY"
"iofm_el__iofm__fk";"io_file_map_elements";"object_name";"io_file_maps";"object_name";"FOREIGN KEY"
"iofm_el__iofm__fk";"io_file_map_elements";"codice_io";"io_file_maps";"id_map";"FOREIGN KEY"
"iofm_el__iofm__fk";"io_file_map_elements";"codice_io";"io_file_maps";"codice_io";"FOREIGN KEY"
"iofm_el__iofm__fk";"io_file_map_elements";"codice_io";"io_file_maps";"object_name";"FOREIGN KEY"
"iofm_el__iofm__fk";"io_file_map_elements";"id_map";"io_file_maps";"id_map";"FOREIGN KEY"
"iofm_el__iofm__fk";"io_file_map_elements";"id_map";"io_file_maps";"codice_io";"FOREIGN KEY"
"iofm_el__iofm__fk";"io_file_map_elements";"id_map";"io_file_maps";"object_name";"FOREIGN KEY"
"iofm_el_rls__iofm_el__fk";"io_file_map_element_rules";"codice_io_sub_protocol";"io_file_map_elements";"codice_io_sub_protocol";"FOREIGN KEY"
"iofm_el_rls__iofm_el__fk";"io_file_map_element_rules";"codice_io_sub_protocol";"io_file_map_elements";"object_name";"FOREIGN KEY"
"iofm_el_rls__iofm_el__fk";"io_file_map_element_rules";"codice_io_sub_protocol";"io_file_map_elements";"codice_io";"FOREIGN KEY"
"iofm_el_rls__iofm_el__fk";"io_file_map_element_rules";"codice_io_sub_protocol";"io_file_map_elements";"id_map";"FOREIGN KEY"
"iofm_el_rls__iofm_el__fk";"io_file_map_element_rules";"codice_io_sub_protocol";"io_file_map_elements";"id_element";"FOREIGN KEY"
"iofm_el_rls__iofm_el__fk";"io_file_map_element_rules";"id_element";"io_file_map_elements";"codice_io_sub_protocol";"FOREIGN KEY"
"iofm_el_rls__iofm_el__fk";"io_file_map_element_rules";"id_element";"io_file_map_elements";"object_name";"FOREIGN KEY"
"iofm_el_rls__iofm_el__fk";"io_file_map_element_rules";"id_element";"io_file_map_elements";"codice_io";"FOREIGN KEY"
"iofm_el_rls__iofm_el__fk";"io_file_map_element_rules";"id_element";"io_file_map_elements";"id_map";"FOREIGN KEY"
"iofm_el_rls__iofm_el__fk";"io_file_map_element_rules";"id_element";"io_file_map_elements";"id_element";"FOREIGN KEY"
"iofm_el_rls__iofm_el__fk";"io_file_map_element_rules";"id_map";"io_file_map_elements";"codice_io_sub_protocol";"FOREIGN KEY"
"iofm_el_rls__iofm_el__fk";"io_file_map_element_rules";"id_map";"io_file_map_elements";"object_name";"FOREIGN KEY"
"iofm_el_rls__iofm_el__fk";"io_file_map_element_rules";"id_map";"io_file_map_elements";"codice_io";"FOREIGN KEY"
"iofm_el_rls__iofm_el__fk";"io_file_map_element_rules";"id_map";"io_file_map_elements";"id_map";"FOREIGN KEY"
"iofm_el_rls__iofm_el__fk";"io_file_map_element_rules";"id_map";"io_file_map_elements";"id_element";"FOREIGN KEY"
"iofm_el_rls__iofm_el__fk";"io_file_map_element_rules";"codice_io";"io_file_map_elements";"codice_io_sub_protocol";"FOREIGN KEY"
"iofm_el_rls__iofm_el__fk";"io_file_map_element_rules";"codice_io";"io_file_map_elements";"object_name";"FOREIGN KEY"
"iofm_el_rls__iofm_el__fk";"io_file_map_element_rules";"codice_io";"io_file_map_elements";"codice_io";"FOREIGN KEY"
"iofm_el_rls__iofm_el__fk";"io_file_map_element_rules";"codice_io";"io_file_map_elements";"id_map";"FOREIGN KEY"
"iofm_el_rls__iofm_el__fk";"io_file_map_element_rules";"codice_io";"io_file_map_elements";"id_element";"FOREIGN KEY"
"iofm_el_rls__iofm_el__fk";"io_file_map_element_rules";"object_name";"io_file_map_elements";"codice_io_sub_protocol";"FOREIGN KEY"
"iofm_el_rls__iofm_el__fk";"io_file_map_element_rules";"object_name";"io_file_map_elements";"object_name";"FOREIGN KEY"
"iofm_el_rls__iofm_el__fk";"io_file_map_element_rules";"object_name";"io_file_map_elements";"codice_io";"FOREIGN KEY"
"iofm_el_rls__iofm_el__fk";"io_file_map_element_rules";"object_name";"io_file_map_elements";"id_map";"FOREIGN KEY"
"iofm_el_rls__iofm_el__fk";"io_file_map_element_rules";"object_name";"io_file_map_elements";"id_element";"FOREIGN KEY"
"itcp_cmpt_fk";"interventi_compiti";"codice_compito";"compiti";"codice_compito";"FOREIGN KEY"
"itcp_cmpt_fk";"interventi_compiti";"codice_compito";"compiti";"codice_azienda";"FOREIGN KEY"
"itcp_cmpt_fk";"interventi_compiti";"codice_azienda";"compiti";"codice_compito";"FOREIGN KEY"
"itcp_cmpt_fk";"interventi_compiti";"codice_azienda";"compiti";"codice_azienda";"FOREIGN KEY"
"itcp_intv_fk";"interventi_compiti";"codice_azienda";"interventi";"codice_azienda";"FOREIGN KEY"
"itcp_intv_fk";"interventi_compiti";"codice_azienda";"interventi";"id_intervento";"FOREIGN KEY"
"itcp_intv_fk";"interventi_compiti";"id_intervento";"interventi";"codice_azienda";"FOREIGN KEY"
"itcp_intv_fk";"interventi_compiti";"id_intervento";"interventi";"id_intervento";"FOREIGN KEY"
"item_cfg_azie_fk";"item_configuration";"codice_azienda";"aziende";"codice_azienda";"FOREIGN KEY"
"itrs_agda_fk";"interventi_risorse";"id_agenda";"agenda";"id_agenda";"FOREIGN KEY"
"itrs_agda_fk";"interventi_risorse";"id_agenda";"agenda";"codice_azienda";"FOREIGN KEY"
"itrs_agda_fk";"interventi_risorse";"codice_azienda";"agenda";"id_agenda";"FOREIGN KEY"
"itrs_agda_fk";"interventi_risorse";"codice_azienda";"agenda";"codice_azienda";"FOREIGN KEY"
"itrs_anid_fk";"interventi_risorse";"id_risorsa";"anagrafiche_id";"codice_part";"FOREIGN KEY"
"itrs_anid_fk";"interventi_risorse";"id_risorsa";"anagrafiche_id";"id_anagrafica";"FOREIGN KEY"
"itrs_anid_fk";"interventi_risorse";"codice_part";"anagrafiche_id";"codice_part";"FOREIGN KEY"
"itrs_anid_fk";"interventi_risorse";"codice_part";"anagrafiche_id";"id_anagrafica";"FOREIGN KEY"
"itrs_intv_fk";"interventi_risorse";"codice_azienda";"interventi";"id_intervento";"FOREIGN KEY"
"itrs_intv_fk";"interventi_risorse";"codice_azienda";"interventi";"codice_azienda";"FOREIGN KEY"
"itrs_intv_fk";"interventi_risorse";"id_intervento";"interventi";"id_intervento";"FOREIGN KEY"
"itrs_intv_fk";"interventi_risorse";"id_intervento";"interventi";"codice_azienda";"FOREIGN KEY"
"job_modu_fk";"job";"codice_modulo";"moduli";"codice_modulo";"FOREIGN KEY"
"jobq_azie_fk";"job_queue";"codice_azienda";"aziende";"codice_azienda";"FOREIGN KEY"
"jobq_job_fk";"job_queue";"job_id";"job";"job_id";"FOREIGN KEY"
"jqer_jque_fk";"job_queue_errors";"job_queue_id";"job_queue";"job_queue_id";"FOREIGN KEY"
"jqer_jque_fk";"job_queue_errors";"job_queue_id";"job_queue";"codice_azienda";"FOREIGN KEY"
"jqer_jque_fk";"job_queue_errors";"codice_azienda";"job_queue";"job_queue_id";"FOREIGN KEY"
"jqer_jque_fk";"job_queue_errors";"codice_azienda";"job_queue";"codice_azienda";"FOREIGN KEY"
"kbse__anid__fk";"knowledge_base";"codice_part";"anagrafiche_id";"id_anagrafica";"FOREIGN KEY"
"kbse__anid__fk";"knowledge_base";"codice_part";"anagrafiche_id";"codice_part";"FOREIGN KEY"
"kbse__anid__fk";"knowledge_base";"id_anagrafica";"anagrafiche_id";"id_anagrafica";"FOREIGN KEY"
"kbse__anid__fk";"knowledge_base";"id_anagrafica";"anagrafiche_id";"codice_part";"FOREIGN KEY"
"kbse__prg__fk";"knowledge_base";"id_progetto";"progetti";"codice_azienda";"FOREIGN KEY"
"kbse__prg__fk";"knowledge_base";"id_progetto";"progetti";"id_progetto";"FOREIGN KEY"
"kbse__prg__fk";"knowledge_base";"codice_azienda";"progetti";"codice_azienda";"FOREIGN KEY"
"kbse__prg__fk";"knowledge_base";"codice_azienda";"progetti";"id_progetto";"FOREIGN KEY"
"kbse__prg_fs__fk";"knowledge_base";"id_fase";"progetti_fasi";"codice_azienda";"FOREIGN KEY"
"kbse__prg_fs__fk";"knowledge_base";"id_fase";"progetti_fasi";"id_fase";"FOREIGN KEY"
"kbse__prg_fs__fk";"knowledge_base";"codice_azienda";"progetti_fasi";"codice_azienda";"FOREIGN KEY"
"kbse__prg_fs__fk";"knowledge_base";"codice_azienda";"progetti_fasi";"id_fase";"FOREIGN KEY"
"kbse__vari__fk";"knowledge_base";"codice_azienda";"articoli_varianti";"id_articolo";"FOREIGN KEY"
"kbse__vari__fk";"knowledge_base";"codice_azienda";"articoli_varianti";"codice_azienda";"FOREIGN KEY"
"kbse__vari__fk";"knowledge_base";"codice_azienda";"articoli_varianti";"codice_variante";"FOREIGN KEY"
"kbse__vari__fk";"knowledge_base";"codice_variante";"articoli_varianti";"id_articolo";"FOREIGN KEY"
"kbse__vari__fk";"knowledge_base";"codice_variante";"articoli_varianti";"codice_azienda";"FOREIGN KEY"
"kbse__vari__fk";"knowledge_base";"codice_variante";"articoli_varianti";"codice_variante";"FOREIGN KEY"
"kbse__vari__fk";"knowledge_base";"id_articolo";"articoli_varianti";"id_articolo";"FOREIGN KEY"
"kbse__vari__fk";"knowledge_base";"id_articolo";"articoli_varianti";"codice_azienda";"FOREIGN KEY"
"kbse__vari__fk";"knowledge_base";"id_articolo";"articoli_varianti";"codice_variante";"FOREIGN KEY"
"kbse_timp_fk";"knowledge_base";"codice_azienda";"tipi_impegno";"codice_azienda";"FOREIGN KEY"
"kbse_timp_fk";"knowledge_base";"codice_azienda";"tipi_impegno";"codice_impegno";"FOREIGN KEY"
"kbse_timp_fk";"knowledge_base";"codice_impegno";"tipi_impegno";"codice_azienda";"FOREIGN KEY"
"kbse_timp_fk";"knowledge_base";"codice_impegno";"tipi_impegno";"codice_impegno";"FOREIGN KEY"
"lasf_arti_fk";"lavorazioni_sottofasi";"id_lavorazione";"articoli";"id_articolo";"FOREIGN KEY"
"lasf_arti_fk";"lavorazioni_sottofasi";"id_lavorazione";"articoli";"codice_azienda";"FOREIGN KEY"
"lasf_arti_fk";"lavorazioni_sottofasi";"codice_azienda";"articoli";"id_articolo";"FOREIGN KEY"
"lasf_arti_fk";"lavorazioni_sottofasi";"codice_azienda";"articoli";"codice_azienda";"FOREIGN KEY"
"lasf_macc_fk";"lavorazioni_sottofasi";"codice_macchina";"macchine";"codice_azienda";"FOREIGN KEY"
"lasf_macc_fk";"lavorazioni_sottofasi";"codice_macchina";"macchine";"codice_macchina";"FOREIGN KEY"
"lasf_macc_fk";"lavorazioni_sottofasi";"codice_azienda";"macchine";"codice_azienda";"FOREIGN KEY"
"lasf_macc_fk";"lavorazioni_sottofasi";"codice_azienda";"macchine";"codice_macchina";"FOREIGN KEY"
"lavl_line_fk";"lavorazioni_linee";"id_stabilimento";"linee_produzione";"id_stabilimento";"FOREIGN KEY"
"lavl_line_fk";"lavorazioni_linee";"id_stabilimento";"linee_produzione";"codice_linea";"FOREIGN KEY"
"lavl_line_fk";"lavorazioni_linee";"id_stabilimento";"linee_produzione";"codice_azienda";"FOREIGN KEY"
"lavl_line_fk";"lavorazioni_linee";"codice_linea";"linee_produzione";"id_stabilimento";"FOREIGN KEY"
"lavl_line_fk";"lavorazioni_linee";"codice_linea";"linee_produzione";"codice_linea";"FOREIGN KEY"
"lavl_line_fk";"lavorazioni_linee";"codice_linea";"linee_produzione";"codice_azienda";"FOREIGN KEY"
"lavl_line_fk";"lavorazioni_linee";"codice_azienda";"linee_produzione";"id_stabilimento";"FOREIGN KEY"
"lavl_line_fk";"lavorazioni_linee";"codice_azienda";"linee_produzione";"codice_linea";"FOREIGN KEY"
"lavl_line_fk";"lavorazioni_linee";"codice_azienda";"linee_produzione";"codice_azienda";"FOREIGN KEY"
"lavl_vari_fk_lav";"lavorazioni_linee";"id_lavorazione";"articoli_varianti";"id_articolo";"FOREIGN KEY"
"lavl_vari_fk_lav";"lavorazioni_linee";"id_lavorazione";"articoli_varianti";"codice_variante";"FOREIGN KEY"
"lavl_vari_fk_lav";"lavorazioni_linee";"id_lavorazione";"articoli_varianti";"codice_azienda";"FOREIGN KEY"
"lavl_vari_fk_lav";"lavorazioni_linee";"codice_azienda";"articoli_varianti";"id_articolo";"FOREIGN KEY"
"lavl_vari_fk_lav";"lavorazioni_linee";"codice_azienda";"articoli_varianti";"codice_variante";"FOREIGN KEY"
"lavl_vari_fk_lav";"lavorazioni_linee";"codice_azienda";"articoli_varianti";"codice_azienda";"FOREIGN KEY"
"lavl_vari_fk_lav";"lavorazioni_linee";"codice_variante";"articoli_varianti";"id_articolo";"FOREIGN KEY"
"lavl_vari_fk_lav";"lavorazioni_linee";"codice_variante";"articoli_varianti";"codice_variante";"FOREIGN KEY"
"lavl_vari_fk_lav";"lavorazioni_linee";"codice_variante";"articoli_varianti";"codice_azienda";"FOREIGN KEY"
"ld__azie__fk";"liste_distribuzione";"codice_azienda";"aziende";"codice_azienda";"FOREIGN KEY"
"ld_az__azie__fk";"liste_distribuzione_az";"codice_azienda_target";"aziende";"codice_azienda";"FOREIGN KEY"
"ld_az__inva__fk";"liste_distribuzione_az";"codice_invito";"inviti_aziende";"codice_invito";"FOREIGN KEY"
"ld_az__ld__fk";"liste_distribuzione_az";"codice_azienda";"liste_distribuzione";"codice_azienda";"FOREIGN KEY"
"ld_az__ld__fk";"liste_distribuzione_az";"codice_azienda";"liste_distribuzione";"id_lista";"FOREIGN KEY"
"ld_az__ld__fk";"liste_distribuzione_az";"id_lista";"liste_distribuzione";"codice_azienda";"FOREIGN KEY"
"ld_az__ld__fk";"liste_distribuzione_az";"id_lista";"liste_distribuzione";"id_lista";"FOREIGN KEY"
"ld_az_cfg__azie__fk";"liste_distribuzione_az_cfg";"codice_azienda";"aziende";"codice_azienda";"FOREIGN KEY"
"ld_az_cfg__ld_az__fk";"liste_distribuzione_az_cfg";"codice_azienda";"liste_distribuzione_az";"id_lista";"FOREIGN KEY"
"ld_az_cfg__ld_az__fk";"liste_distribuzione_az_cfg";"codice_azienda";"liste_distribuzione_az";"codice_azienda_target";"FOREIGN KEY"
"ld_az_cfg__ld_az__fk";"liste_distribuzione_az_cfg";"codice_azienda";"liste_distribuzione_az";"codice_azienda";"FOREIGN KEY"
"ld_az_cfg__ld_az__fk";"liste_distribuzione_az_cfg";"id_lista";"liste_distribuzione_az";"id_lista";"FOREIGN KEY"
"ld_az_cfg__ld_az__fk";"liste_distribuzione_az_cfg";"id_lista";"liste_distribuzione_az";"codice_azienda_target";"FOREIGN KEY"
"ld_az_cfg__ld_az__fk";"liste_distribuzione_az_cfg";"id_lista";"liste_distribuzione_az";"codice_azienda";"FOREIGN KEY"
"ld_az_cfg__ld_az__fk";"liste_distribuzione_az_cfg";"codice_azienda_source";"liste_distribuzione_az";"id_lista";"FOREIGN KEY"
"ld_az_cfg__ld_az__fk";"liste_distribuzione_az_cfg";"codice_azienda_source";"liste_distribuzione_az";"codice_azienda_target";"FOREIGN KEY"
"ld_az_cfg__ld_az__fk";"liste_distribuzione_az_cfg";"codice_azienda_source";"liste_distribuzione_az";"codice_azienda";"FOREIGN KEY"
"ld_io__io_op__fk";"liste_distribuzione_io";"codice_io";"input_output_operations";"codice_io";"FOREIGN KEY"
"ld_io__io_op__fk";"liste_distribuzione_io";"codice_io";"input_output_operations";"object_name";"FOREIGN KEY"
"ld_io__io_op__fk";"liste_distribuzione_io";"object_name";"input_output_operations";"codice_io";"FOREIGN KEY"
"ld_io__io_op__fk";"liste_distribuzione_io";"object_name";"input_output_operations";"object_name";"FOREIGN KEY"
"ld_io__ld__fk";"liste_distribuzione_io";"codice_azienda";"liste_distribuzione";"id_lista";"FOREIGN KEY"
"ld_io__ld__fk";"liste_distribuzione_io";"codice_azienda";"liste_distribuzione";"codice_azienda";"FOREIGN KEY"
"ld_io__ld__fk";"liste_distribuzione_io";"id_lista";"liste_distribuzione";"id_lista";"FOREIGN KEY"
"ld_io__ld__fk";"liste_distribuzione_io";"id_lista";"liste_distribuzione";"codice_azienda";"FOREIGN KEY"
"ld_obj__ld_io__fk";"liste_distribuzione_oggetti";"object_name";"liste_distribuzione_io";"codice_azienda";"FOREIGN KEY"
"ld_obj__ld_io__fk";"liste_distribuzione_oggetti";"object_name";"liste_distribuzione_io";"object_name";"FOREIGN KEY"
"ld_obj__ld_io__fk";"liste_distribuzione_oggetti";"object_name";"liste_distribuzione_io";"codice_io";"FOREIGN KEY"
"ld_obj__ld_io__fk";"liste_distribuzione_oggetti";"object_name";"liste_distribuzione_io";"id_lista";"FOREIGN KEY"
"ld_obj__ld_io__fk";"liste_distribuzione_oggetti";"codice_azienda";"liste_distribuzione_io";"codice_azienda";"FOREIGN KEY"
"ld_obj__ld_io__fk";"liste_distribuzione_oggetti";"codice_azienda";"liste_distribuzione_io";"object_name";"FOREIGN KEY"
"ld_obj__ld_io__fk";"liste_distribuzione_oggetti";"codice_azienda";"liste_distribuzione_io";"codice_io";"FOREIGN KEY"
"ld_obj__ld_io__fk";"liste_distribuzione_oggetti";"codice_azienda";"liste_distribuzione_io";"id_lista";"FOREIGN KEY"
"ld_obj__ld_io__fk";"liste_distribuzione_oggetti";"id_lista";"liste_distribuzione_io";"codice_azienda";"FOREIGN KEY"
"ld_obj__ld_io__fk";"liste_distribuzione_oggetti";"id_lista";"liste_distribuzione_io";"object_name";"FOREIGN KEY"
"ld_obj__ld_io__fk";"liste_distribuzione_oggetti";"id_lista";"liste_distribuzione_io";"codice_io";"FOREIGN KEY"
"ld_obj__ld_io__fk";"liste_distribuzione_oggetti";"id_lista";"liste_distribuzione_io";"id_lista";"FOREIGN KEY"
"ld_obj__ld_io__fk";"liste_distribuzione_oggetti";"codice_io";"liste_distribuzione_io";"codice_azienda";"FOREIGN KEY"
"ld_obj__ld_io__fk";"liste_distribuzione_oggetti";"codice_io";"liste_distribuzione_io";"object_name";"FOREIGN KEY"
"ld_obj__ld_io__fk";"liste_distribuzione_oggetti";"codice_io";"liste_distribuzione_io";"codice_io";"FOREIGN KEY"
"ld_obj__ld_io__fk";"liste_distribuzione_oggetti";"codice_io";"liste_distribuzione_io";"id_lista";"FOREIGN KEY"
"letk_mapd_fk";"lotti_etichette";"uuid_dispositivo";"mappa_dispositivi";"codice_azienda";"FOREIGN KEY"
"letk_mapd_fk";"lotti_etichette";"uuid_dispositivo";"mappa_dispositivi";"uuid_dispositivo";"FOREIGN KEY"
"letk_mapd_fk";"lotti_etichette";"codice_azienda";"mappa_dispositivi";"codice_azienda";"FOREIGN KEY"
"letk_mapd_fk";"lotti_etichette";"codice_azienda";"mappa_dispositivi";"uuid_dispositivo";"FOREIGN KEY"
"lgtc_ladd_anag_fk";"lgtc_addebiti";"id_anagrafica";"anagrafiche_id";"codice_part";"FOREIGN KEY"
"lgtc_ladd_anag_fk";"lgtc_addebiti";"id_anagrafica";"anagrafiche_id";"id_anagrafica";"FOREIGN KEY"
"lgtc_ladd_anag_fk";"lgtc_addebiti";"codice_part";"anagrafiche_id";"codice_part";"FOREIGN KEY"
"lgtc_ladd_anag_fk";"lgtc_addebiti";"codice_part";"anagrafiche_id";"id_anagrafica";"FOREIGN KEY"
"lgtc_ladd_lvcl_fk";"lgtc_addebiti";"id_veicolo";"lgtc_veicoli";"id_veicolo";"FOREIGN KEY"
"lgtc_ladd_lvcl_fk";"lgtc_addebiti";"id_veicolo";"lgtc_veicoli";"codice_azienda";"FOREIGN KEY"
"lgtc_ladd_lvcl_fk";"lgtc_addebiti";"codice_azienda";"lgtc_veicoli";"id_veicolo";"FOREIGN KEY"
"lgtc_ladd_lvcl_fk";"lgtc_addebiti";"codice_azienda";"lgtc_veicoli";"codice_azienda";"FOREIGN KEY"
"lgtc_lint_anag_frn_fk";"lgtc_interventi";"codice_part";"anagrafiche_id";"codice_part";"FOREIGN KEY"
"lgtc_lint_anag_frn_fk";"lgtc_interventi";"codice_part";"anagrafiche_id";"id_anagrafica";"FOREIGN KEY"
"lgtc_lint_anag_frn_fk";"lgtc_interventi";"id_fornitore";"anagrafiche_id";"codice_part";"FOREIGN KEY"
"lgtc_lint_anag_frn_fk";"lgtc_interventi";"id_fornitore";"anagrafiche_id";"id_anagrafica";"FOREIGN KEY"
"lgtc_lint_docu_fk";"lgtc_interventi";"id_documento";"documenti";"id_documento";"FOREIGN KEY"
"lgtc_lint_docu_fk";"lgtc_interventi";"id_documento";"documenti";"codice_azienda";"FOREIGN KEY"
"lgtc_lint_docu_fk";"lgtc_interventi";"codice_azienda";"documenti";"id_documento";"FOREIGN KEY"
"lgtc_lint_docu_fk";"lgtc_interventi";"codice_azienda";"documenti";"codice_azienda";"FOREIGN KEY"
"lgtc_lint_ltdi_fk";"lgtc_interventi";"codice_azienda";"lgtc_tipi_intervento";"id_tipo_intervento";"FOREIGN KEY"
"lgtc_lint_ltdi_fk";"lgtc_interventi";"codice_azienda";"lgtc_tipi_intervento";"codice_azienda";"FOREIGN KEY"
"lgtc_lint_ltdi_fk";"lgtc_interventi";"id_tipo_intervento";"lgtc_tipi_intervento";"id_tipo_intervento";"FOREIGN KEY"
"lgtc_lint_ltdi_fk";"lgtc_interventi";"id_tipo_intervento";"lgtc_tipi_intervento";"codice_azienda";"FOREIGN KEY"
"lgtc_lint_lvcl_fk";"lgtc_interventi";"codice_azienda";"lgtc_veicoli";"codice_azienda";"FOREIGN KEY"
"lgtc_lint_lvcl_fk";"lgtc_interventi";"codice_azienda";"lgtc_veicoli";"id_veicolo";"FOREIGN KEY"
"lgtc_lint_lvcl_fk";"lgtc_interventi";"id_veicolo";"lgtc_veicoli";"codice_azienda";"FOREIGN KEY"
"lgtc_lint_lvcl_fk";"lgtc_interventi";"id_veicolo";"lgtc_veicoli";"id_veicolo";"FOREIGN KEY"
"lgtc_lkve_lvcl_fk";"lgtc_chilometri_mensili";"id_veicolo";"lgtc_veicoli";"codice_azienda";"FOREIGN KEY"
"lgtc_lkve_lvcl_fk";"lgtc_chilometri_mensili";"id_veicolo";"lgtc_veicoli";"id_veicolo";"FOREIGN KEY"
"lgtc_lkve_lvcl_fk";"lgtc_chilometri_mensili";"codice_azienda";"lgtc_veicoli";"codice_azienda";"FOREIGN KEY"
"lgtc_lkve_lvcl_fk";"lgtc_chilometri_mensili";"codice_azienda";"lgtc_veicoli";"id_veicolo";"FOREIGN KEY"
"lgtc_lrif_anag_aut_fk";"lgtc_rifornimenti";"codice_part";"anagrafiche_id";"codice_part";"FOREIGN KEY"
"lgtc_lrif_anag_aut_fk";"lgtc_rifornimenti";"codice_part";"anagrafiche_id";"id_anagrafica";"FOREIGN KEY"
"lgtc_lrif_anag_aut_fk";"lgtc_rifornimenti";"id_autista";"anagrafiche_id";"codice_part";"FOREIGN KEY"
"lgtc_lrif_anag_aut_fk";"lgtc_rifornimenti";"id_autista";"anagrafiche_id";"id_anagrafica";"FOREIGN KEY"
"lgtc_lrif_anag_frn_fk";"lgtc_rifornimenti";"id_fornitore";"anagrafiche_id";"codice_part";"FOREIGN KEY"
"lgtc_lrif_anag_frn_fk";"lgtc_rifornimenti";"id_fornitore";"anagrafiche_id";"id_anagrafica";"FOREIGN KEY"
"lgtc_lrif_anag_frn_fk";"lgtc_rifornimenti";"codice_part";"anagrafiche_id";"codice_part";"FOREIGN KEY"
"lgtc_lrif_anag_frn_fk";"lgtc_rifornimenti";"codice_part";"anagrafiche_id";"id_anagrafica";"FOREIGN KEY"
"lgtc_lrif_docu_fk";"lgtc_rifornimenti";"codice_azienda";"documenti";"id_documento";"FOREIGN KEY"
"lgtc_lrif_docu_fk";"lgtc_rifornimenti";"codice_azienda";"documenti";"codice_azienda";"FOREIGN KEY"
"lgtc_lrif_docu_fk";"lgtc_rifornimenti";"id_documento";"documenti";"id_documento";"FOREIGN KEY"
"lgtc_lrif_docu_fk";"lgtc_rifornimenti";"id_documento";"documenti";"codice_azienda";"FOREIGN KEY"
"lgtc_lrif_ltdr_fk";"lgtc_rifornimenti";"id_tipo_rifornimento";"lgtc_tipi_rifornimento";"codice_azienda";"FOREIGN KEY"
"lgtc_lrif_ltdr_fk";"lgtc_rifornimenti";"id_tipo_rifornimento";"lgtc_tipi_rifornimento";"id_tipo_rifornimento";"FOREIGN KEY"
"lgtc_lrif_ltdr_fk";"lgtc_rifornimenti";"codice_azienda";"lgtc_tipi_rifornimento";"codice_azienda";"FOREIGN KEY"
"lgtc_lrif_ltdr_fk";"lgtc_rifornimenti";"codice_azienda";"lgtc_tipi_rifornimento";"id_tipo_rifornimento";"FOREIGN KEY"
"lgtc_lrif_lvcl_fk";"lgtc_rifornimenti";"codice_azienda";"lgtc_veicoli";"codice_azienda";"FOREIGN KEY"
"lgtc_lrif_lvcl_fk";"lgtc_rifornimenti";"codice_azienda";"lgtc_veicoli";"id_veicolo";"FOREIGN KEY"
"lgtc_lrif_lvcl_fk";"lgtc_rifornimenti";"id_veicolo";"lgtc_veicoli";"codice_azienda";"FOREIGN KEY"
"lgtc_lrif_lvcl_fk";"lgtc_rifornimenti";"id_veicolo";"lgtc_veicoli";"id_veicolo";"FOREIGN KEY"
"lgtc_lsin_anag_aut_fk";"lgtc_sinistri";"codice_part";"anagrafiche_id";"id_anagrafica";"FOREIGN KEY"
"lgtc_lsin_anag_aut_fk";"lgtc_sinistri";"codice_part";"anagrafiche_id";"codice_part";"FOREIGN KEY"
"lgtc_lsin_anag_aut_fk";"lgtc_sinistri";"id_autista";"anagrafiche_id";"id_anagrafica";"FOREIGN KEY"
"lgtc_lsin_anag_aut_fk";"lgtc_sinistri";"id_autista";"anagrafiche_id";"codice_part";"FOREIGN KEY"
"lgtc_lsin_anag_frn_fk";"lgtc_sinistri";"codice_part";"anagrafiche_id";"id_anagrafica";"FOREIGN KEY"
"lgtc_lsin_anag_frn_fk";"lgtc_sinistri";"codice_part";"anagrafiche_id";"codice_part";"FOREIGN KEY"
"lgtc_lsin_anag_frn_fk";"lgtc_sinistri";"id_fornitore";"anagrafiche_id";"id_anagrafica";"FOREIGN KEY"
"lgtc_lsin_anag_frn_fk";"lgtc_sinistri";"id_fornitore";"anagrafiche_id";"codice_part";"FOREIGN KEY"
"lgtc_lsin_docu_fk";"lgtc_sinistri";"id_documento";"documenti";"id_documento";"FOREIGN KEY"
"lgtc_lsin_docu_fk";"lgtc_sinistri";"id_documento";"documenti";"codice_azienda";"FOREIGN KEY"
"lgtc_lsin_docu_fk";"lgtc_sinistri";"codice_azienda";"documenti";"id_documento";"FOREIGN KEY"
"lgtc_lsin_docu_fk";"lgtc_sinistri";"codice_azienda";"documenti";"codice_azienda";"FOREIGN KEY"
"lgtc_lsin_lvcl_fk";"lgtc_sinistri";"codice_azienda";"lgtc_veicoli";"id_veicolo";"FOREIGN KEY"
"lgtc_lsin_lvcl_fk";"lgtc_sinistri";"codice_azienda";"lgtc_veicoli";"codice_azienda";"FOREIGN KEY"
"lgtc_lsin_lvcl_fk";"lgtc_sinistri";"id_veicolo";"lgtc_veicoli";"id_veicolo";"FOREIGN KEY"
"lgtc_lsin_lvcl_fk";"lgtc_sinistri";"id_veicolo";"lgtc_veicoli";"codice_azienda";"FOREIGN KEY"
"lgtc_lsin_tsin_fk";"lgtc_sinistri";"id_tipo_sinistro";"lgtc_tipi_sinistro";"id_tipo_sinistro";"FOREIGN KEY"
"lgtc_lsin_tsin_fk";"lgtc_sinistri";"id_tipo_sinistro";"lgtc_tipi_sinistro";"codice_azienda";"FOREIGN KEY"
"lgtc_lsin_tsin_fk";"lgtc_sinistri";"codice_azienda";"lgtc_tipi_sinistro";"id_tipo_sinistro";"FOREIGN KEY"
"lgtc_lsin_tsin_fk";"lgtc_sinistri";"codice_azienda";"lgtc_tipi_sinistro";"codice_azienda";"FOREIGN KEY"
"lgtc_lspe_anag_frn_fk";"lgtc_spese";"id_fornitore";"anagrafiche_id";"id_anagrafica";"FOREIGN KEY"
"lgtc_lspe_anag_frn_fk";"lgtc_spese";"id_fornitore";"anagrafiche_id";"codice_part";"FOREIGN KEY"
"lgtc_lspe_anag_frn_fk";"lgtc_spese";"codice_part";"anagrafiche_id";"id_anagrafica";"FOREIGN KEY"
"lgtc_lspe_anag_frn_fk";"lgtc_spese";"codice_part";"anagrafiche_id";"codice_part";"FOREIGN KEY"
"lgtc_lspe_docu_fk";"lgtc_spese";"id_documento";"documenti";"codice_azienda";"FOREIGN KEY"
"lgtc_lspe_docu_fk";"lgtc_spese";"id_documento";"documenti";"id_documento";"FOREIGN KEY"
"lgtc_lspe_docu_fk";"lgtc_spese";"codice_azienda";"documenti";"codice_azienda";"FOREIGN KEY"
"lgtc_lspe_docu_fk";"lgtc_spese";"codice_azienda";"documenti";"id_documento";"FOREIGN KEY"
"lgtc_lspe_lvcl_fk";"lgtc_spese";"codice_azienda";"lgtc_veicoli";"codice_azienda";"FOREIGN KEY"
"lgtc_lspe_lvcl_fk";"lgtc_spese";"codice_azienda";"lgtc_veicoli";"id_veicolo";"FOREIGN KEY"
"lgtc_lspe_lvcl_fk";"lgtc_spese";"id_veicolo";"lgtc_veicoli";"codice_azienda";"FOREIGN KEY"
"lgtc_lspe_lvcl_fk";"lgtc_spese";"id_veicolo";"lgtc_veicoli";"id_veicolo";"FOREIGN KEY"
"lgtc_lspe_tisp_fk";"lgtc_spese";"codice_azienda";"lgtc_tipi_spesa";"id_tipo_spesa";"FOREIGN KEY"
"lgtc_lspe_tisp_fk";"lgtc_spese";"codice_azienda";"lgtc_tipi_spesa";"codice_azienda";"FOREIGN KEY"
"lgtc_lspe_tisp_fk";"lgtc_spese";"id_tipo_spesa";"lgtc_tipi_spesa";"id_tipo_spesa";"FOREIGN KEY"
"lgtc_lspe_tisp_fk";"lgtc_spese";"id_tipo_spesa";"lgtc_tipi_spesa";"codice_azienda";"FOREIGN KEY"
"lgtc_ltrv_lmdv_fk";"lgtc_tratte_viaggi";"codice_azienda";"lgtc_modelli_veicoli";"codice_azienda";"FOREIGN KEY"
"lgtc_ltrv_lmdv_fk";"lgtc_tratte_viaggi";"codice_azienda";"lgtc_modelli_veicoli";"id_modello_veicolo";"FOREIGN KEY"
"lgtc_ltrv_lmdv_fk";"lgtc_tratte_viaggi";"id_modello_veicolo";"lgtc_modelli_veicoli";"codice_azienda";"FOREIGN KEY"
"lgtc_ltrv_lmdv_fk";"lgtc_tratte_viaggi";"id_modello_veicolo";"lgtc_modelli_veicoli";"id_modello_veicolo";"FOREIGN KEY"
"lgtc_lvcl_anag_aut1_fk";"lgtc_veicoli";"id_autista";"anagrafiche_id";"id_anagrafica";"FOREIGN KEY"
"lgtc_lvcl_anag_aut1_fk";"lgtc_veicoli";"id_autista";"anagrafiche_id";"codice_part";"FOREIGN KEY"
"lgtc_lvcl_anag_aut1_fk";"lgtc_veicoli";"codice_part";"anagrafiche_id";"id_anagrafica";"FOREIGN KEY"
"lgtc_lvcl_anag_aut1_fk";"lgtc_veicoli";"codice_part";"anagrafiche_id";"codice_part";"FOREIGN KEY"
"lgtc_lvcl_anag_aut2_fk";"lgtc_veicoli";"id_autista_2";"anagrafiche_id";"codice_part";"FOREIGN KEY"
"lgtc_lvcl_anag_aut2_fk";"lgtc_veicoli";"id_autista_2";"anagrafiche_id";"id_anagrafica";"FOREIGN KEY"
"lgtc_lvcl_anag_aut2_fk";"lgtc_veicoli";"codice_part";"anagrafiche_id";"codice_part";"FOREIGN KEY"
"lgtc_lvcl_anag_aut2_fk";"lgtc_veicoli";"codice_part";"anagrafiche_id";"id_anagrafica";"FOREIGN KEY"
"lgtc_lvcl_lmdv_fk";"lgtc_veicoli";"codice_azienda";"lgtc_modelli_veicoli";"id_modello_veicolo";"FOREIGN KEY"
"lgtc_lvcl_lmdv_fk";"lgtc_veicoli";"codice_azienda";"lgtc_modelli_veicoli";"codice_azienda";"FOREIGN KEY"
"lgtc_lvcl_lmdv_fk";"lgtc_veicoli";"id_modello_veicolo";"lgtc_modelli_veicoli";"id_modello_veicolo";"FOREIGN KEY"
"lgtc_lvcl_lmdv_fk";"lgtc_veicoli";"id_modello_veicolo";"lgtc_modelli_veicoli";"codice_azienda";"FOREIGN KEY"
"lgtc_lvia_anag_cli_fk";"lgtc_viaggi";"id_cliente";"anagrafiche_id";"codice_part";"FOREIGN KEY"
"lgtc_lvia_anag_cli_fk";"lgtc_viaggi";"id_cliente";"anagrafiche_id";"id_anagrafica";"FOREIGN KEY"
"lgtc_lvia_anag_cli_fk";"lgtc_viaggi";"codice_part";"anagrafiche_id";"codice_part";"FOREIGN KEY"
"lgtc_lvia_anag_cli_fk";"lgtc_viaggi";"codice_part";"anagrafiche_id";"id_anagrafica";"FOREIGN KEY"
"lgtc_viag_vari_fk";"lgtc_viaggi";"codice_variante";"articoli_varianti";"id_articolo";"FOREIGN KEY"
"lgtc_viag_vari_fk";"lgtc_viaggi";"codice_variante";"articoli_varianti";"codice_variante";"FOREIGN KEY"
"lgtc_viag_vari_fk";"lgtc_viaggi";"codice_variante";"articoli_varianti";"codice_azienda";"FOREIGN KEY"
"lgtc_viag_vari_fk";"lgtc_viaggi";"codice_azienda";"articoli_varianti";"id_articolo";"FOREIGN KEY"
"lgtc_viag_vari_fk";"lgtc_viaggi";"codice_azienda";"articoli_varianti";"codice_variante";"FOREIGN KEY"
"lgtc_viag_vari_fk";"lgtc_viaggi";"codice_azienda";"articoli_varianti";"codice_azienda";"FOREIGN KEY"
"lgtc_viag_vari_fk";"lgtc_viaggi";"id_articolo";"articoli_varianti";"id_articolo";"FOREIGN KEY"
"lgtc_viag_vari_fk";"lgtc_viaggi";"id_articolo";"articoli_varianti";"codice_variante";"FOREIGN KEY"
"lgtc_viag_vari_fk";"lgtc_viaggi";"id_articolo";"articoli_varianti";"codice_azienda";"FOREIGN KEY"
"lige__valu__fk";"listini_generali";"id_valuta";"valute";"codice_part";"FOREIGN KEY"
"lige__valu__fk";"listini_generali";"id_valuta";"valute";"id_valuta";"FOREIGN KEY"
"lige__valu__fk";"listini_generali";"codice_part";"valute";"codice_part";"FOREIGN KEY"
"lige__valu__fk";"listini_generali";"codice_part";"valute";"id_valuta";"FOREIGN KEY"
"lige_azie_fk";"listini_generali";"codice_azienda";"aziende";"codice_azienda";"FOREIGN KEY"
"lipr_anfr_fk";"linee_produzione";"codice_part";"anagrafiche_id";"id_anagrafica";"FOREIGN KEY"
"lipr_anfr_fk";"linee_produzione";"codice_part";"anagrafiche_id";"codice_part";"FOREIGN KEY"
"lipr_anfr_fk";"linee_produzione";"id_fornitore";"anagrafiche_id";"id_anagrafica";"FOREIGN KEY"
"lipr_anfr_fk";"linee_produzione";"id_fornitore";"anagrafiche_id";"codice_part";"FOREIGN KEY"
"lipr_anid_fk";"linee_produzione";"codice_part";"anagrafiche_id";"id_anagrafica";"FOREIGN KEY"
"lipr_anid_fk";"linee_produzione";"codice_part";"anagrafiche_id";"codice_part";"FOREIGN KEY"
"lipr_anid_fk";"linee_produzione";"id_stabilimento";"anagrafiche_id";"id_anagrafica";"FOREIGN KEY"
"lipr_anid_fk";"linee_produzione";"id_stabilimento";"anagrafiche_id";"codice_part";"FOREIGN KEY"
"lipr_cale_fk";"linee_produzione";"codice_calendario";"calendari";"codice_azienda";"FOREIGN KEY"
"lipr_cale_fk";"linee_produzione";"codice_calendario";"calendari";"codice_calendario";"FOREIGN KEY"
"lipr_cale_fk";"linee_produzione";"codice_azienda";"calendari";"codice_azienda";"FOREIGN KEY"
"lipr_cale_fk";"linee_produzione";"codice_azienda";"calendari";"codice_calendario";"FOREIGN KEY"
"liva_docu_fk";"liquidazione_iva";"id_documento";"documenti";"id_documento";"FOREIGN KEY"
"liva_docu_fk";"liquidazione_iva";"id_documento";"documenti";"codice_azienda";"FOREIGN KEY"
"liva_docu_fk";"liquidazione_iva";"codice_azienda";"documenti";"id_documento";"FOREIGN KEY"
"liva_docu_fk";"liquidazione_iva";"codice_azienda";"documenti";"codice_azienda";"FOREIGN KEY"
"liva_soco_fk";"liquidazione_iva";"id_sottoconto";"sottoconti";"codice_template_fiscale";"FOREIGN KEY"
"liva_soco_fk";"liquidazione_iva";"id_sottoconto";"sottoconti";"id_pdc";"FOREIGN KEY"
"liva_soco_fk";"liquidazione_iva";"id_sottoconto";"sottoconti";"id_sottoconto";"FOREIGN KEY"
"liva_soco_fk";"liquidazione_iva";"id_sottoconto";"sottoconti";"codice_part";"FOREIGN KEY"
"liva_soco_fk";"liquidazione_iva";"codice_part";"sottoconti";"codice_template_fiscale";"FOREIGN KEY"
"liva_soco_fk";"liquidazione_iva";"codice_part";"sottoconti";"id_pdc";"FOREIGN KEY"
"liva_soco_fk";"liquidazione_iva";"codice_part";"sottoconti";"id_sottoconto";"FOREIGN KEY"
"liva_soco_fk";"liquidazione_iva";"codice_part";"sottoconti";"codice_part";"FOREIGN KEY"
"liva_soco_fk";"liquidazione_iva";"id_pdc";"sottoconti";"codice_template_fiscale";"FOREIGN KEY"
"liva_soco_fk";"liquidazione_iva";"id_pdc";"sottoconti";"id_pdc";"FOREIGN KEY"
"liva_soco_fk";"liquidazione_iva";"id_pdc";"sottoconti";"id_sottoconto";"FOREIGN KEY"
"liva_soco_fk";"liquidazione_iva";"id_pdc";"sottoconti";"codice_part";"FOREIGN KEY"
"liva_soco_fk";"liquidazione_iva";"codice_template_fiscale";"sottoconti";"codice_template_fiscale";"FOREIGN KEY"
"liva_soco_fk";"liquidazione_iva";"codice_template_fiscale";"sottoconti";"id_pdc";"FOREIGN KEY"
"liva_soco_fk";"liquidazione_iva";"codice_template_fiscale";"sottoconti";"id_sottoconto";"FOREIGN KEY"
"liva_soco_fk";"liquidazione_iva";"codice_template_fiscale";"sottoconti";"codice_part";"FOREIGN KEY"
"lott_maga_fk";"lotti";"codice_azienda";"magazzini";"codice_magazzino";"FOREIGN KEY"
"lott_maga_fk";"lotti";"codice_azienda";"magazzini";"codice_azienda";"FOREIGN KEY"
"lott_maga_fk";"lotti";"codice_magazzino";"magazzini";"codice_magazzino";"FOREIGN KEY"
"lott_maga_fk";"lotti";"codice_magazzino";"magazzini";"codice_azienda";"FOREIGN KEY"
"lott_magu_fk";"lotti";"id_ubicazione";"magazzini_ubicazioni";"id_ubicazione";"FOREIGN KEY"
"lott_magu_fk";"lotti";"id_ubicazione";"magazzini_ubicazioni";"codice_azienda";"FOREIGN KEY"
"lott_magu_fk";"lotti";"id_ubicazione";"magazzini_ubicazioni";"codice_magazzino";"FOREIGN KEY"
"lott_magu_fk";"lotti";"codice_magazzino";"magazzini_ubicazioni";"id_ubicazione";"FOREIGN KEY"
"lott_magu_fk";"lotti";"codice_magazzino";"magazzini_ubicazioni";"codice_azienda";"FOREIGN KEY"
"lott_magu_fk";"lotti";"codice_magazzino";"magazzini_ubicazioni";"codice_magazzino";"FOREIGN KEY"
"lott_magu_fk";"lotti";"codice_azienda";"magazzini_ubicazioni";"id_ubicazione";"FOREIGN KEY"
"lott_magu_fk";"lotti";"codice_azienda";"magazzini_ubicazioni";"codice_azienda";"FOREIGN KEY"
"lott_magu_fk";"lotti";"codice_azienda";"magazzini_ubicazioni";"codice_magazzino";"FOREIGN KEY"
"lott_vari_fk";"lotti";"codice_variante";"articoli_varianti";"codice_variante";"FOREIGN KEY"
"lott_vari_fk";"lotti";"codice_variante";"articoli_varianti";"id_articolo";"FOREIGN KEY"
"lott_vari_fk";"lotti";"codice_variante";"articoli_varianti";"codice_azienda";"FOREIGN KEY"
"lott_vari_fk";"lotti";"id_articolo";"articoli_varianti";"codice_variante";"FOREIGN KEY"
"lott_vari_fk";"lotti";"id_articolo";"articoli_varianti";"id_articolo";"FOREIGN KEY"
"lott_vari_fk";"lotti";"id_articolo";"articoli_varianti";"codice_azienda";"FOREIGN KEY"
"lott_vari_fk";"lotti";"codice_azienda";"articoli_varianti";"codice_variante";"FOREIGN KEY"
"lott_vari_fk";"lotti";"codice_azienda";"articoli_varianti";"id_articolo";"FOREIGN KEY"
"lott_vari_fk";"lotti";"codice_azienda";"articoli_varianti";"codice_azienda";"FOREIGN KEY"
"lsrc_caco_fk";"listini_ricarico_cc";"codice_cat_comm";"categorie_commerciali";"codice_cat_comm";"FOREIGN KEY"
"lsrc_caco_fk";"listini_ricarico_cc";"codice_cat_comm";"categorie_commerciali";"codice_azienda";"FOREIGN KEY"
"lsrc_caco_fk";"listini_ricarico_cc";"codice_azienda";"categorie_commerciali";"codice_cat_comm";"FOREIGN KEY"
"lsrc_caco_fk";"listini_ricarico_cc";"codice_azienda";"categorie_commerciali";"codice_azienda";"FOREIGN KEY"
"lsrc_lige_fk";"listini_ricarico_cc";"codice_azienda";"listini_generali";"codice_azienda";"FOREIGN KEY"
"lsrc_lige_fk";"listini_ricarico_cc";"codice_azienda";"listini_generali";"codice_listino";"FOREIGN KEY"
"lsrc_lige_fk";"listini_ricarico_cc";"codice_listino";"listini_generali";"codice_azienda";"FOREIGN KEY"
"lsrc_lige_fk";"listini_ricarico_cc";"codice_listino";"listini_generali";"codice_listino";"FOREIGN KEY"
"lsta_anfr_fk";"listini_acquisto";"codice_part";"anagrafiche_id";"id_anagrafica";"FOREIGN KEY"
"lsta_anfr_fk";"listini_acquisto";"codice_part";"anagrafiche_id";"codice_part";"FOREIGN KEY"
"lsta_anfr_fk";"listini_acquisto";"id_fornitore";"anagrafiche_id";"id_anagrafica";"FOREIGN KEY"
"lsta_anfr_fk";"listini_acquisto";"id_fornitore";"anagrafiche_id";"codice_part";"FOREIGN KEY"
"lsta_arti_fk";"listini_acquisto";"codice_azienda";"articoli";"id_articolo";"FOREIGN KEY"
"lsta_arti_fk";"listini_acquisto";"codice_azienda";"articoli";"codice_azienda";"FOREIGN KEY"
"lsta_arti_fk";"listini_acquisto";"id_lavorazione";"articoli";"id_articolo";"FOREIGN KEY"
"lsta_arti_fk";"listini_acquisto";"id_lavorazione";"articoli";"codice_azienda";"FOREIGN KEY"
"lsta_valu_fk";"listini_acquisto";"id_valuta";"valute";"id_valuta";"FOREIGN KEY"
"lsta_valu_fk";"listini_acquisto";"id_valuta";"valute";"codice_part";"FOREIGN KEY"
"lsta_valu_fk";"listini_acquisto";"codice_part";"valute";"id_valuta";"FOREIGN KEY"
"lsta_valu_fk";"listini_acquisto";"codice_part";"valute";"codice_part";"FOREIGN KEY"
"lstv__anid__appr__fk";"listini_vendita";"codice_part";"anagrafiche_id";"id_anagrafica";"FOREIGN KEY"
"lstv__anid__appr__fk";"listini_vendita";"codice_part";"anagrafiche_id";"codice_part";"FOREIGN KEY"
"lstv__anid__appr__fk";"listini_vendita";"id_anagrafica_approvatore";"anagrafiche_id";"id_anagrafica";"FOREIGN KEY"
"lstv__anid__appr__fk";"listini_vendita";"id_anagrafica_approvatore";"anagrafiche_id";"codice_part";"FOREIGN KEY"
"lstv__anid_rapp__fk";"listini_vendita";"id_anagrafica_richiedente_approvazione";"anagrafiche_id";"codice_part";"FOREIGN KEY"
"lstv__anid_rapp__fk";"listini_vendita";"id_anagrafica_richiedente_approvazione";"anagrafiche_id";"id_anagrafica";"FOREIGN KEY"
"lstv__anid_rapp__fk";"listini_vendita";"codice_part";"anagrafiche_id";"codice_part";"FOREIGN KEY"
"lstv__anid_rapp__fk";"listini_vendita";"codice_part";"anagrafiche_id";"id_anagrafica";"FOREIGN KEY"
"lstv__lstv__fk";"listini_vendita";"id_listino_parent";"listini_vendita";"id_listino";"FOREIGN KEY"
"lstv__lstv__fk";"listini_vendita";"id_listino_parent";"listini_vendita";"codice_azienda";"FOREIGN KEY"
"lstv__lstv__fk";"listini_vendita";"codice_azienda";"listini_vendita";"id_listino";"FOREIGN KEY"
"lstv__lstv__fk";"listini_vendita";"codice_azienda";"listini_vendita";"codice_azienda";"FOREIGN KEY"
"lstv__lstv_sost__fk";"listini_vendita";"id_listino_sostituto";"listini_vendita";"codice_azienda";"FOREIGN KEY"
"lstv__lstv_sost__fk";"listini_vendita";"id_listino_sostituto";"listini_vendita";"id_listino";"FOREIGN KEY"
"lstv__lstv_sost__fk";"listini_vendita";"codice_azienda";"listini_vendita";"codice_azienda";"FOREIGN KEY"
"lstv__lstv_sost__fk";"listini_vendita";"codice_azienda";"listini_vendita";"id_listino";"FOREIGN KEY"
"lstv_ancl_fk";"listini_vendita";"id_cliente";"anagrafiche_id";"codice_part";"FOREIGN KEY"
"lstv_ancl_fk";"listini_vendita";"id_cliente";"anagrafiche_id";"id_anagrafica";"FOREIGN KEY"
"lstv_ancl_fk";"listini_vendita";"codice_part";"anagrafiche_id";"codice_part";"FOREIGN KEY"
"lstv_ancl_fk";"listini_vendita";"codice_part";"anagrafiche_id";"id_anagrafica";"FOREIGN KEY"
"lstv_lgen_fk";"listini_vendita";"codice_listino_generale";"listini_generali";"codice_azienda";"FOREIGN KEY"
"lstv_lgen_fk";"listini_vendita";"codice_listino_generale";"listini_generali";"codice_listino";"FOREIGN KEY"
"lstv_lgen_fk";"listini_vendita";"codice_azienda";"listini_generali";"codice_azienda";"FOREIGN KEY"
"lstv_lgen_fk";"listini_vendita";"codice_azienda";"listini_generali";"codice_listino";"FOREIGN KEY"
"lstv_valu_fk";"listini_vendita";"codice_part";"valute";"codice_part";"FOREIGN KEY"
"lstv_valu_fk";"listini_vendita";"codice_part";"valute";"id_valuta";"FOREIGN KEY"
"lstv_valu_fk";"listini_vendita";"id_valuta";"valute";"codice_part";"FOREIGN KEY"
"lstv_valu_fk";"listini_vendita";"id_valuta";"valute";"id_valuta";"FOREIGN KEY"
"lsvr_anfr_fk";"listini_vendita_righe";"codice_part";"anagrafiche_id";"codice_part";"FOREIGN KEY"
"lsvr_anfr_fk";"listini_vendita_righe";"codice_part";"anagrafiche_id";"id_anagrafica";"FOREIGN KEY"
"lsvr_anfr_fk";"listini_vendita_righe";"id_fornitore";"anagrafiche_id";"codice_part";"FOREIGN KEY"
"lsvr_anfr_fk";"listini_vendita_righe";"id_fornitore";"anagrafiche_id";"id_anagrafica";"FOREIGN KEY"
"lsvr_caco_fk";"listini_vendita_righe";"codice_azienda";"categorie_commerciali";"codice_cat_comm";"FOREIGN KEY"
"lsvr_caco_fk";"listini_vendita_righe";"codice_azienda";"categorie_commerciali";"codice_azienda";"FOREIGN KEY"
"lsvr_caco_fk";"listini_vendita_righe";"codice_cat_comm";"categorie_commerciali";"codice_cat_comm";"FOREIGN KEY"
"lsvr_caco_fk";"listini_vendita_righe";"codice_cat_comm";"categorie_commerciali";"codice_azienda";"FOREIGN KEY"
"lsvr_lsta_fk";"listini_vendita_righe";"codice_azienda";"listini_acquisto";"id_listino";"FOREIGN KEY"
"lsvr_lsta_fk";"listini_vendita_righe";"codice_azienda";"listini_acquisto";"codice_azienda";"FOREIGN KEY"
"lsvr_lsta_fk";"listini_vendita_righe";"id_listino_acquisto";"listini_acquisto";"id_listino";"FOREIGN KEY"
"lsvr_lsta_fk";"listini_vendita_righe";"id_listino_acquisto";"listini_acquisto";"codice_azienda";"FOREIGN KEY"
"lsvr_lstv_fk";"listini_vendita_righe";"id_listino";"listini_vendita";"id_listino";"FOREIGN KEY"
"lsvr_lstv_fk";"listini_vendita_righe";"id_listino";"listini_vendita";"codice_azienda";"FOREIGN KEY"
"lsvr_lstv_fk";"listini_vendita_righe";"codice_azienda";"listini_vendita";"id_listino";"FOREIGN KEY"
"lsvr_lstv_fk";"listini_vendita_righe";"codice_azienda";"listini_vendita";"codice_azienda";"FOREIGN KEY"
"lsvr_valu_fk";"listini_vendita_righe";"id_valuta";"valute";"id_valuta";"FOREIGN KEY"
"lsvr_valu_fk";"listini_vendita_righe";"id_valuta";"valute";"codice_part";"FOREIGN KEY"
"lsvr_valu_fk";"listini_vendita_righe";"codice_part";"valute";"id_valuta";"FOREIGN KEY"
"lsvr_valu_fk";"listini_vendita_righe";"codice_part";"valute";"codice_part";"FOREIGN KEY"
"ltrv_anag_aut1_fk";"lgtc_tratte_viaggi";"codice_part";"anagrafiche_id";"codice_part";"FOREIGN KEY"
"ltrv_anag_aut1_fk";"lgtc_tratte_viaggi";"codice_part";"anagrafiche_id";"id_anagrafica";"FOREIGN KEY"
"ltrv_anag_aut1_fk";"lgtc_tratte_viaggi";"id_autista";"anagrafiche_id";"codice_part";"FOREIGN KEY"
"ltrv_anag_aut1_fk";"lgtc_tratte_viaggi";"id_autista";"anagrafiche_id";"id_anagrafica";"FOREIGN KEY"
"ltrv_anag_aut2_fk";"lgtc_tratte_viaggi";"id_autista_2";"anagrafiche_id";"codice_part";"FOREIGN KEY"
"ltrv_anag_aut2_fk";"lgtc_tratte_viaggi";"id_autista_2";"anagrafiche_id";"id_anagrafica";"FOREIGN KEY"
"ltrv_anag_aut2_fk";"lgtc_tratte_viaggi";"codice_part";"anagrafiche_id";"codice_part";"FOREIGN KEY"
"ltrv_anag_aut2_fk";"lgtc_tratte_viaggi";"codice_part";"anagrafiche_id";"id_anagrafica";"FOREIGN KEY"
"ltrv_anag_vet_fk";"lgtc_tratte_viaggi";"id_vettore";"anagrafiche_id";"codice_part";"FOREIGN KEY"
"ltrv_anag_vet_fk";"lgtc_tratte_viaggi";"id_vettore";"anagrafiche_id";"id_anagrafica";"FOREIGN KEY"
"ltrv_anag_vet_fk";"lgtc_tratte_viaggi";"codice_part";"anagrafiche_id";"codice_part";"FOREIGN KEY"
"ltrv_anag_vet_fk";"lgtc_tratte_viaggi";"codice_part";"anagrafiche_id";"id_anagrafica";"FOREIGN KEY"
"ltrv_lvcl_fk";"lgtc_tratte_viaggi";"codice_azienda";"lgtc_veicoli";"codice_azienda";"FOREIGN KEY"
"ltrv_lvcl_fk";"lgtc_tratte_viaggi";"codice_azienda";"lgtc_veicoli";"id_veicolo";"FOREIGN KEY"
"ltrv_lvcl_fk";"lgtc_tratte_viaggi";"id_veicolo";"lgtc_veicoli";"codice_azienda";"FOREIGN KEY"
"ltrv_lvcl_fk";"lgtc_tratte_viaggi";"id_veicolo";"lgtc_veicoli";"id_veicolo";"FOREIGN KEY"
"ltrv_lvcl_rmrc_fk";"lgtc_tratte_viaggi";"id_rimorchio";"lgtc_veicoli";"codice_azienda";"FOREIGN KEY"
"ltrv_lvcl_rmrc_fk";"lgtc_tratte_viaggi";"id_rimorchio";"lgtc_veicoli";"id_veicolo";"FOREIGN KEY"
"ltrv_lvcl_rmrc_fk";"lgtc_tratte_viaggi";"codice_azienda";"lgtc_veicoli";"codice_azienda";"FOREIGN KEY"
"ltrv_lvcl_rmrc_fk";"lgtc_tratte_viaggi";"codice_azienda";"lgtc_veicoli";"id_veicolo";"FOREIGN KEY"
"ltrv_lvia_fk";"lgtc_tratte_viaggi";"codice_azienda";"lgtc_viaggi";"id_viaggio";"FOREIGN KEY"
"ltrv_lvia_fk";"lgtc_tratte_viaggi";"codice_azienda";"lgtc_viaggi";"codice_azienda";"FOREIGN KEY"
"ltrv_lvia_fk";"lgtc_tratte_viaggi";"id_viaggio";"lgtc_viaggi";"id_viaggio";"FOREIGN KEY"
"ltrv_lvia_fk";"lgtc_tratte_viaggi";"id_viaggio";"lgtc_viaggi";"codice_azienda";"FOREIGN KEY"
"mag_movd_caub_fk";"mag_mov_distinte";"codice_azienda";"causali_bolle";"codice_causale";"FOREIGN KEY"
"mag_movd_caub_fk";"mag_mov_distinte";"codice_azienda";"causali_bolle";"codice_azienda";"FOREIGN KEY"
"mag_movd_caub_fk";"mag_mov_distinte";"codice_causale";"causali_bolle";"codice_causale";"FOREIGN KEY"
"mag_movd_caub_fk";"mag_mov_distinte";"codice_causale";"causali_bolle";"codice_azienda";"FOREIGN KEY"
"mag_movd_maga_fk";"mag_mov_distinte";"codice_magazzino";"magazzini";"codice_magazzino";"FOREIGN KEY"
"mag_movd_maga_fk";"mag_mov_distinte";"codice_magazzino";"magazzini";"codice_azienda";"FOREIGN KEY"
"mag_movd_maga_fk";"mag_mov_distinte";"codice_azienda";"magazzini";"codice_magazzino";"FOREIGN KEY"
"mag_movd_maga_fk";"mag_mov_distinte";"codice_azienda";"magazzini";"codice_azienda";"FOREIGN KEY"
"mag_movd_vari_fk_c";"mag_mov_distinte";"id_articolo_carico";"articoli_varianti";"codice_variante";"FOREIGN KEY"
"mag_movd_vari_fk_c";"mag_mov_distinte";"id_articolo_carico";"articoli_varianti";"id_articolo";"FOREIGN KEY"
"mag_movd_vari_fk_c";"mag_mov_distinte";"id_articolo_carico";"articoli_varianti";"codice_azienda";"FOREIGN KEY"
"mag_movd_vari_fk_c";"mag_mov_distinte";"codice_variante_carico";"articoli_varianti";"codice_variante";"FOREIGN KEY"
"mag_movd_vari_fk_c";"mag_mov_distinte";"codice_variante_carico";"articoli_varianti";"id_articolo";"FOREIGN KEY"
"mag_movd_vari_fk_c";"mag_mov_distinte";"codice_variante_carico";"articoli_varianti";"codice_azienda";"FOREIGN KEY"
"mag_movd_vari_fk_c";"mag_mov_distinte";"codice_azienda";"articoli_varianti";"codice_variante";"FOREIGN KEY"
"mag_movd_vari_fk_c";"mag_mov_distinte";"codice_azienda";"articoli_varianti";"id_articolo";"FOREIGN KEY"
"mag_movd_vari_fk_c";"mag_mov_distinte";"codice_azienda";"articoli_varianti";"codice_azienda";"FOREIGN KEY"
"mag_movd_vari_fk_s";"mag_mov_distinte";"id_articolo_scarico";"articoli_varianti";"id_articolo";"FOREIGN KEY"
"mag_movd_vari_fk_s";"mag_mov_distinte";"id_articolo_scarico";"articoli_varianti";"codice_azienda";"FOREIGN KEY"
"mag_movd_vari_fk_s";"mag_mov_distinte";"id_articolo_scarico";"articoli_varianti";"codice_variante";"FOREIGN KEY"
"mag_movd_vari_fk_s";"mag_mov_distinte";"codice_variante_scarico";"articoli_varianti";"id_articolo";"FOREIGN KEY"
"mag_movd_vari_fk_s";"mag_mov_distinte";"codice_variante_scarico";"articoli_varianti";"codice_azienda";"FOREIGN KEY"
"mag_movd_vari_fk_s";"mag_mov_distinte";"codice_variante_scarico";"articoli_varianti";"codice_variante";"FOREIGN KEY"
"mag_movd_vari_fk_s";"mag_mov_distinte";"codice_azienda";"articoli_varianti";"id_articolo";"FOREIGN KEY"
"mag_movd_vari_fk_s";"mag_mov_distinte";"codice_azienda";"articoli_varianti";"codice_azienda";"FOREIGN KEY"
"mag_movd_vari_fk_s";"mag_mov_distinte";"codice_azienda";"articoli_varianti";"codice_variante";"FOREIGN KEY"
"maga__valu__fk";"magazzini";"codice_part";"valute";"codice_part";"FOREIGN KEY"
"maga__valu__fk";"magazzini";"codice_part";"valute";"id_valuta";"FOREIGN KEY"
"maga__valu__fk";"magazzini";"id_valuta";"valute";"codice_part";"FOREIGN KEY"
"maga__valu__fk";"magazzini";"id_valuta";"valute";"id_valuta";"FOREIGN KEY"
"maga_anag_fk_prop";"magazzini";"codice_part";"anagrafiche_id";"codice_part";"FOREIGN KEY"
"maga_anag_fk_prop";"magazzini";"codice_part";"anagrafiche_id";"id_anagrafica";"FOREIGN KEY"
"maga_anag_fk_prop";"magazzini";"id_proprietario";"anagrafiche_id";"codice_part";"FOREIGN KEY"
"maga_anag_fk_prop";"magazzini";"id_proprietario";"anagrafiche_id";"id_anagrafica";"FOREIGN KEY"
"maga_anid_fk";"magazzini";"codice_part";"anagrafiche_id";"codice_part";"FOREIGN KEY"
"maga_anid_fk";"magazzini";"codice_part";"anagrafiche_id";"id_anagrafica";"FOREIGN KEY"
"maga_anid_fk";"magazzini";"id_anagrafica";"anagrafiche_id";"codice_part";"FOREIGN KEY"
"maga_anid_fk";"magazzini";"id_anagrafica";"anagrafiche_id";"id_anagrafica";"FOREIGN KEY"
"maga_orfo_fk";"ordini_fornitori";"codice_magazzino_carico";"magazzini";"codice_azienda";"FOREIGN KEY"
"maga_orfo_fk";"ordini_fornitori";"codice_magazzino_carico";"magazzini";"codice_magazzino";"FOREIGN KEY"
"maga_orfo_fk";"ordini_fornitori";"codice_azienda";"magazzini";"codice_azienda";"FOREIGN KEY"
"maga_orfo_fk";"ordini_fornitori";"codice_azienda";"magazzini";"codice_magazzino";"FOREIGN KEY"
"magu_maga_fk";"magazzini_ubicazioni";"codice_magazzino";"magazzini";"codice_magazzino";"FOREIGN KEY"
"magu_maga_fk";"magazzini_ubicazioni";"codice_magazzino";"magazzini";"codice_azienda";"FOREIGN KEY"
"magu_maga_fk";"magazzini_ubicazioni";"codice_azienda";"magazzini";"codice_magazzino";"FOREIGN KEY"
"magu_maga_fk";"magazzini_ubicazioni";"codice_azienda";"magazzini";"codice_azienda";"FOREIGN KEY"
"mapd_azie_fk";"mappa_dispositivi";"codice_azienda";"aziende";"codice_azienda";"FOREIGN KEY"
"mapd_caub_fk";"mappa_dispositivi";"codice_azienda";"causali_bolle";"codice_causale";"FOREIGN KEY"
"mapd_caub_fk";"mappa_dispositivi";"codice_azienda";"causali_bolle";"codice_azienda";"FOREIGN KEY"
"mapd_caub_fk";"mappa_dispositivi";"codice_causale_ddt";"causali_bolle";"codice_causale";"FOREIGN KEY"
"mapd_caub_fk";"mappa_dispositivi";"codice_causale_ddt";"causali_bolle";"codice_azienda";"FOREIGN KEY"
"mapd_maga_fk";"mappa_dispositivi";"codice_azienda";"magazzini";"codice_azienda";"FOREIGN KEY"
"mapd_maga_fk";"mappa_dispositivi";"codice_azienda";"magazzini";"codice_magazzino";"FOREIGN KEY"
"mapd_maga_fk";"mappa_dispositivi";"codice_magazzino";"magazzini";"codice_azienda";"FOREIGN KEY"
"mapd_maga_fk";"mappa_dispositivi";"codice_magazzino";"magazzini";"codice_magazzino";"FOREIGN KEY"
"mapd_soco_fk";"mappa_dispositivi";"codice_part";"sottoconti";"id_sottoconto";"FOREIGN KEY"
"mapd_soco_fk";"mappa_dispositivi";"codice_part";"sottoconti";"codice_template_fiscale";"FOREIGN KEY"
"mapd_soco_fk";"mappa_dispositivi";"codice_part";"sottoconti";"id_pdc";"FOREIGN KEY"
"mapd_soco_fk";"mappa_dispositivi";"codice_part";"sottoconti";"codice_part";"FOREIGN KEY"
"mapd_soco_fk";"mappa_dispositivi";"codice_template_fiscale";"sottoconti";"id_sottoconto";"FOREIGN KEY"
"mapd_soco_fk";"mappa_dispositivi";"codice_template_fiscale";"sottoconti";"codice_template_fiscale";"FOREIGN KEY"
"mapd_soco_fk";"mappa_dispositivi";"codice_template_fiscale";"sottoconti";"id_pdc";"FOREIGN KEY"
"mapd_soco_fk";"mappa_dispositivi";"codice_template_fiscale";"sottoconti";"codice_part";"FOREIGN KEY"
"mapd_soco_fk";"mappa_dispositivi";"id_pdc";"sottoconti";"id_sottoconto";"FOREIGN KEY"
"mapd_soco_fk";"mappa_dispositivi";"id_pdc";"sottoconti";"codice_template_fiscale";"FOREIGN KEY"
"mapd_soco_fk";"mappa_dispositivi";"id_pdc";"sottoconti";"id_pdc";"FOREIGN KEY"
"mapd_soco_fk";"mappa_dispositivi";"id_pdc";"sottoconti";"codice_part";"FOREIGN KEY"
"mapd_soco_fk";"mappa_dispositivi";"id_sottoconto";"sottoconti";"id_sottoconto";"FOREIGN KEY"
"mapd_soco_fk";"mappa_dispositivi";"id_sottoconto";"sottoconti";"codice_template_fiscale";"FOREIGN KEY"
"mapd_soco_fk";"mappa_dispositivi";"id_sottoconto";"sottoconti";"id_pdc";"FOREIGN KEY"
"mapd_soco_fk";"mappa_dispositivi";"id_sottoconto";"sottoconti";"codice_part";"FOREIGN KEY"
"mapd_tinu_fk";"mappa_dispositivi";"codice_azienda";"tipi_numeratore";"id_numeratore";"FOREIGN KEY"
"mapd_tinu_fk";"mappa_dispositivi";"codice_azienda";"tipi_numeratore";"codice_azienda";"FOREIGN KEY"
"mapd_tinu_fk";"mappa_dispositivi";"id_numeratore";"tipi_numeratore";"id_numeratore";"FOREIGN KEY"
"mapd_tinu_fk";"mappa_dispositivi";"id_numeratore";"tipi_numeratore";"codice_azienda";"FOREIGN KEY"
"mct_desc_caub_fk";"mct_destinazioni";"codice_azienda";"causali_bolle";"codice_causale";"FOREIGN KEY"
"mct_desc_caub_fk";"mct_destinazioni";"codice_azienda";"causali_bolle";"codice_azienda";"FOREIGN KEY"
"mct_desc_caub_fk";"mct_destinazioni";"codice_causale";"causali_bolle";"codice_causale";"FOREIGN KEY"
"mct_desc_caub_fk";"mct_destinazioni";"codice_causale";"causali_bolle";"codice_azienda";"FOREIGN KEY"
"mct_desc_tipo_fk";"mct_destinazioni";"codice_porto";"tipi_porto";"codice_azienda";"FOREIGN KEY"
"mct_desc_tipo_fk";"mct_destinazioni";"codice_porto";"tipi_porto";"codice";"FOREIGN KEY"
"mct_desc_tipo_fk";"mct_destinazioni";"codice_azienda";"tipi_porto";"codice_azienda";"FOREIGN KEY"
"mct_desc_tipo_fk";"mct_destinazioni";"codice_azienda";"tipi_porto";"codice";"FOREIGN KEY"
"mct_desc_tisp_fk";"mct_destinazioni";"codice_spedizione";"tipi_spedizione";"codice_azienda";"FOREIGN KEY"
"mct_desc_tisp_fk";"mct_destinazioni";"codice_spedizione";"tipi_spedizione";"codice";"FOREIGN KEY"
"mct_desc_tisp_fk";"mct_destinazioni";"codice_azienda";"tipi_spedizione";"codice_azienda";"FOREIGN KEY"
"mct_desc_tisp_fk";"mct_destinazioni";"codice_azienda";"tipi_spedizione";"codice";"FOREIGN KEY"
"mct_dest_anag_fk";"mct_destinazioni";"codice_part";"anagrafiche_id";"codice_part";"FOREIGN KEY"
"mct_dest_anag_fk";"mct_destinazioni";"codice_part";"anagrafiche_id";"id_anagrafica";"FOREIGN KEY"
"mct_dest_anag_fk";"mct_destinazioni";"id_destinazione";"anagrafiche_id";"codice_part";"FOREIGN KEY"
"mct_dest_anag_fk";"mct_destinazioni";"id_destinazione";"anagrafiche_id";"id_anagrafica";"FOREIGN KEY"
"mct_dest_anag_fk_car";"mct_destinazioni";"id_caricatore";"anagrafiche_id";"codice_part";"FOREIGN KEY"
"mct_dest_anag_fk_car";"mct_destinazioni";"id_caricatore";"anagrafiche_id";"id_anagrafica";"FOREIGN KEY"
"mct_dest_anag_fk_car";"mct_destinazioni";"codice_part";"anagrafiche_id";"codice_part";"FOREIGN KEY"
"mct_dest_anag_fk_car";"mct_destinazioni";"codice_part";"anagrafiche_id";"id_anagrafica";"FOREIGN KEY"
"mct_dest_anag_fk_vett";"mct_destinazioni";"id_vettore";"anagrafiche_id";"id_anagrafica";"FOREIGN KEY"
"mct_dest_anag_fk_vett";"mct_destinazioni";"id_vettore";"anagrafiche_id";"codice_part";"FOREIGN KEY"
"mct_dest_anag_fk_vett";"mct_destinazioni";"codice_part";"anagrafiche_id";"id_anagrafica";"FOREIGN KEY"
"mct_dest_anag_fk_vett";"mct_destinazioni";"codice_part";"anagrafiche_id";"codice_part";"FOREIGN KEY"
"mct_dest_oper_fk";"mct_destinazioni";"codice_magazzino";"mct_operazioni";"numero_operazione";"FOREIGN KEY"
"mct_dest_oper_fk";"mct_destinazioni";"codice_magazzino";"mct_operazioni";"codice_magazzino";"FOREIGN KEY"
"mct_dest_oper_fk";"mct_destinazioni";"codice_magazzino";"mct_operazioni";"codice_azienda";"FOREIGN KEY"
"mct_dest_oper_fk";"mct_destinazioni";"codice_azienda";"mct_operazioni";"numero_operazione";"FOREIGN KEY"
"mct_dest_oper_fk";"mct_destinazioni";"codice_azienda";"mct_operazioni";"codice_magazzino";"FOREIGN KEY"
"mct_dest_oper_fk";"mct_destinazioni";"codice_azienda";"mct_operazioni";"codice_azienda";"FOREIGN KEY"
"mct_dest_oper_fk";"mct_destinazioni";"numero_operazione";"mct_operazioni";"numero_operazione";"FOREIGN KEY"
"mct_dest_oper_fk";"mct_destinazioni";"numero_operazione";"mct_operazioni";"codice_magazzino";"FOREIGN KEY"
"mct_dest_oper_fk";"mct_destinazioni";"numero_operazione";"mct_operazioni";"codice_azienda";"FOREIGN KEY"
"mct_even_dest_fk";"mct_eventi";"codice_magazzino";"mct_destinazioni";"codice_azienda";"FOREIGN KEY"
"mct_even_dest_fk";"mct_eventi";"codice_magazzino";"mct_destinazioni";"prog_destinazione";"FOREIGN KEY"
"mct_even_dest_fk";"mct_eventi";"codice_magazzino";"mct_destinazioni";"numero_operazione";"FOREIGN KEY"
"mct_even_dest_fk";"mct_eventi";"codice_magazzino";"mct_destinazioni";"codice_magazzino";"FOREIGN KEY"
"mct_even_dest_fk";"mct_eventi";"numero_operazione";"mct_destinazioni";"codice_azienda";"FOREIGN KEY"
"mct_even_dest_fk";"mct_eventi";"numero_operazione";"mct_destinazioni";"prog_destinazione";"FOREIGN KEY"
"mct_even_dest_fk";"mct_eventi";"numero_operazione";"mct_destinazioni";"numero_operazione";"FOREIGN KEY"
"mct_even_dest_fk";"mct_eventi";"numero_operazione";"mct_destinazioni";"codice_magazzino";"FOREIGN KEY"
"mct_even_dest_fk";"mct_eventi";"prog_destinazione";"mct_destinazioni";"codice_azienda";"FOREIGN KEY"
"mct_even_dest_fk";"mct_eventi";"prog_destinazione";"mct_destinazioni";"prog_destinazione";"FOREIGN KEY"
"mct_even_dest_fk";"mct_eventi";"prog_destinazione";"mct_destinazioni";"numero_operazione";"FOREIGN KEY"
"mct_even_dest_fk";"mct_eventi";"prog_destinazione";"mct_destinazioni";"codice_magazzino";"FOREIGN KEY"
"mct_even_dest_fk";"mct_eventi";"codice_azienda";"mct_destinazioni";"codice_azienda";"FOREIGN KEY"
"mct_even_dest_fk";"mct_eventi";"codice_azienda";"mct_destinazioni";"prog_destinazione";"FOREIGN KEY"
"mct_even_dest_fk";"mct_eventi";"codice_azienda";"mct_destinazioni";"numero_operazione";"FOREIGN KEY"
"mct_even_dest_fk";"mct_eventi";"codice_azienda";"mct_destinazioni";"codice_magazzino";"FOREIGN KEY"
"mct_even_magu_fk";"mct_eventi";"codice_azienda";"magazzini_ubicazioni";"codice_azienda";"FOREIGN KEY"
"mct_even_magu_fk";"mct_eventi";"codice_azienda";"magazzini_ubicazioni";"id_ubicazione";"FOREIGN KEY"
"mct_even_magu_fk";"mct_eventi";"codice_azienda";"magazzini_ubicazioni";"codice_magazzino";"FOREIGN KEY"
"mct_even_magu_fk";"mct_eventi";"id_ubicazione";"magazzini_ubicazioni";"codice_azienda";"FOREIGN KEY"
"mct_even_magu_fk";"mct_eventi";"id_ubicazione";"magazzini_ubicazioni";"id_ubicazione";"FOREIGN KEY"
"mct_even_magu_fk";"mct_eventi";"id_ubicazione";"magazzini_ubicazioni";"codice_magazzino";"FOREIGN KEY"
"mct_even_magu_fk";"mct_eventi";"codice_magazzino";"magazzini_ubicazioni";"codice_azienda";"FOREIGN KEY"
"mct_even_magu_fk";"mct_eventi";"codice_magazzino";"magazzini_ubicazioni";"id_ubicazione";"FOREIGN KEY"
"mct_even_magu_fk";"mct_eventi";"codice_magazzino";"magazzini_ubicazioni";"codice_magazzino";"FOREIGN KEY"
"mct_even_oper_fk";"mct_eventi";"codice_azienda";"mct_operazioni";"codice_azienda";"FOREIGN KEY"
"mct_even_oper_fk";"mct_eventi";"codice_azienda";"mct_operazioni";"numero_operazione";"FOREIGN KEY"
"mct_even_oper_fk";"mct_eventi";"codice_azienda";"mct_operazioni";"codice_magazzino";"FOREIGN KEY"
"mct_even_oper_fk";"mct_eventi";"codice_magazzino";"mct_operazioni";"codice_azienda";"FOREIGN KEY"
"mct_even_oper_fk";"mct_eventi";"codice_magazzino";"mct_operazioni";"numero_operazione";"FOREIGN KEY"
"mct_even_oper_fk";"mct_eventi";"codice_magazzino";"mct_operazioni";"codice_magazzino";"FOREIGN KEY"
"mct_even_oper_fk";"mct_eventi";"numero_operazione";"mct_operazioni";"codice_azienda";"FOREIGN KEY"
"mct_even_oper_fk";"mct_eventi";"numero_operazione";"mct_operazioni";"numero_operazione";"FOREIGN KEY"
"mct_even_oper_fk";"mct_eventi";"numero_operazione";"mct_operazioni";"codice_magazzino";"FOREIGN KEY"
"mct_even_tiev_fk";"mct_eventi";"codice_tipo_evento";"mct_tipi_evento";"codice_azienda";"FOREIGN KEY"
"mct_even_tiev_fk";"mct_eventi";"codice_tipo_evento";"mct_tipi_evento";"codice_tipo_evento";"FOREIGN KEY"
"mct_even_tiev_fk";"mct_eventi";"codice_azienda";"mct_tipi_evento";"codice_azienda";"FOREIGN KEY"
"mct_even_tiev_fk";"mct_eventi";"codice_azienda";"mct_tipi_evento";"codice_tipo_evento";"FOREIGN KEY"
"mct_even_udc_fk";"mct_eventi";"codice_magazzino";"mct_udc";"id_udc";"FOREIGN KEY"
"mct_even_udc_fk";"mct_eventi";"codice_magazzino";"mct_udc";"codice_azienda";"FOREIGN KEY"
"mct_even_udc_fk";"mct_eventi";"codice_magazzino";"mct_udc";"codice_magazzino";"FOREIGN KEY"
"mct_even_udc_fk";"mct_eventi";"id_udc";"mct_udc";"id_udc";"FOREIGN KEY"
"mct_even_udc_fk";"mct_eventi";"id_udc";"mct_udc";"codice_azienda";"FOREIGN KEY"
"mct_even_udc_fk";"mct_eventi";"id_udc";"mct_udc";"codice_magazzino";"FOREIGN KEY"
"mct_even_udc_fk";"mct_eventi";"codice_azienda";"mct_udc";"id_udc";"FOREIGN KEY"
"mct_even_udc_fk";"mct_eventi";"codice_azienda";"mct_udc";"codice_azienda";"FOREIGN KEY"
"mct_even_udc_fk";"mct_eventi";"codice_azienda";"mct_udc";"codice_magazzino";"FOREIGN KEY"
"mct_evpi_even_fk";"mct_eventi_picking";"prog_evento";"mct_eventi";"prog_evento";"FOREIGN KEY"
"mct_evpi_even_fk";"mct_eventi_picking";"prog_evento";"mct_eventi";"codice_azienda";"FOREIGN KEY"
"mct_evpi_even_fk";"mct_eventi_picking";"prog_evento";"mct_eventi";"id_udc";"FOREIGN KEY"
"mct_evpi_even_fk";"mct_eventi_picking";"prog_evento";"mct_eventi";"codice_magazzino";"FOREIGN KEY"
"mct_evpi_even_fk";"mct_eventi_picking";"id_udc";"mct_eventi";"prog_evento";"FOREIGN KEY"
"mct_evpi_even_fk";"mct_eventi_picking";"id_udc";"mct_eventi";"codice_azienda";"FOREIGN KEY"
"mct_evpi_even_fk";"mct_eventi_picking";"id_udc";"mct_eventi";"id_udc";"FOREIGN KEY"
"mct_evpi_even_fk";"mct_eventi_picking";"id_udc";"mct_eventi";"codice_magazzino";"FOREIGN KEY"
"mct_evpi_even_fk";"mct_eventi_picking";"codice_magazzino";"mct_eventi";"prog_evento";"FOREIGN KEY"
"mct_evpi_even_fk";"mct_eventi_picking";"codice_magazzino";"mct_eventi";"codice_azienda";"FOREIGN KEY"
"mct_evpi_even_fk";"mct_eventi_picking";"codice_magazzino";"mct_eventi";"id_udc";"FOREIGN KEY"
"mct_evpi_even_fk";"mct_eventi_picking";"codice_magazzino";"mct_eventi";"codice_magazzino";"FOREIGN KEY"
"mct_evpi_even_fk";"mct_eventi_picking";"codice_azienda";"mct_eventi";"prog_evento";"FOREIGN KEY"
"mct_evpi_even_fk";"mct_eventi_picking";"codice_azienda";"mct_eventi";"codice_azienda";"FOREIGN KEY"
"mct_evpi_even_fk";"mct_eventi_picking";"codice_azienda";"mct_eventi";"id_udc";"FOREIGN KEY"
"mct_evpi_even_fk";"mct_eventi_picking";"codice_azienda";"mct_eventi";"codice_magazzino";"FOREIGN KEY"
"mct_evpi_pack_fk";"mct_eventi_picking";"id_udc";"mct_packing_list";"id_udc";"FOREIGN KEY"
"mct_evpi_pack_fk";"mct_eventi_picking";"id_udc";"mct_packing_list";"numero_ddt_carico";"FOREIGN KEY"
"mct_evpi_pack_fk";"mct_eventi_picking";"id_udc";"mct_packing_list";"codice_magazzino";"FOREIGN KEY"
"mct_evpi_pack_fk";"mct_eventi_picking";"id_udc";"mct_packing_list";"codice_azienda";"FOREIGN KEY"
"mct_evpi_pack_fk";"mct_eventi_picking";"id_udc";"mct_packing_list";"numero_riga_ddt";"FOREIGN KEY"
"mct_evpi_pack_fk";"mct_eventi_picking";"codice_magazzino";"mct_packing_list";"id_udc";"FOREIGN KEY"
"mct_evpi_pack_fk";"mct_eventi_picking";"codice_magazzino";"mct_packing_list";"numero_ddt_carico";"FOREIGN KEY"
"mct_evpi_pack_fk";"mct_eventi_picking";"codice_magazzino";"mct_packing_list";"codice_magazzino";"FOREIGN KEY"
"mct_evpi_pack_fk";"mct_eventi_picking";"codice_magazzino";"mct_packing_list";"codice_azienda";"FOREIGN KEY"
"mct_evpi_pack_fk";"mct_eventi_picking";"codice_magazzino";"mct_packing_list";"numero_riga_ddt";"FOREIGN KEY"
"mct_evpi_pack_fk";"mct_eventi_picking";"numero_ddt_carico";"mct_packing_list";"id_udc";"FOREIGN KEY"
"mct_evpi_pack_fk";"mct_eventi_picking";"numero_ddt_carico";"mct_packing_list";"numero_ddt_carico";"FOREIGN KEY"
"mct_evpi_pack_fk";"mct_eventi_picking";"numero_ddt_carico";"mct_packing_list";"codice_magazzino";"FOREIGN KEY"
"mct_evpi_pack_fk";"mct_eventi_picking";"numero_ddt_carico";"mct_packing_list";"codice_azienda";"FOREIGN KEY"
"mct_evpi_pack_fk";"mct_eventi_picking";"numero_ddt_carico";"mct_packing_list";"numero_riga_ddt";"FOREIGN KEY"
"mct_evpi_pack_fk";"mct_eventi_picking";"numero_riga_ddt";"mct_packing_list";"id_udc";"FOREIGN KEY"
"mct_evpi_pack_fk";"mct_eventi_picking";"numero_riga_ddt";"mct_packing_list";"numero_ddt_carico";"FOREIGN KEY"
"mct_evpi_pack_fk";"mct_eventi_picking";"numero_riga_ddt";"mct_packing_list";"codice_magazzino";"FOREIGN KEY"
"mct_evpi_pack_fk";"mct_eventi_picking";"numero_riga_ddt";"mct_packing_list";"codice_azienda";"FOREIGN KEY"
"mct_evpi_pack_fk";"mct_eventi_picking";"numero_riga_ddt";"mct_packing_list";"numero_riga_ddt";"FOREIGN KEY"
"mct_evpi_pack_fk";"mct_eventi_picking";"codice_azienda";"mct_packing_list";"id_udc";"FOREIGN KEY"
"mct_evpi_pack_fk";"mct_eventi_picking";"codice_azienda";"mct_packing_list";"numero_ddt_carico";"FOREIGN KEY"
"mct_evpi_pack_fk";"mct_eventi_picking";"codice_azienda";"mct_packing_list";"codice_magazzino";"FOREIGN KEY"
"mct_evpi_pack_fk";"mct_eventi_picking";"codice_azienda";"mct_packing_list";"codice_azienda";"FOREIGN KEY"
"mct_evpi_pack_fk";"mct_eventi_picking";"codice_azienda";"mct_packing_list";"numero_riga_ddt";"FOREIGN KEY"
"mct_inv_anid_fk";"mct_inventari";"id_cliente";"anagrafiche_id";"id_anagrafica";"FOREIGN KEY"
"mct_inv_anid_fk";"mct_inventari";"id_cliente";"anagrafiche_id";"codice_part";"FOREIGN KEY"
"mct_inv_anid_fk";"mct_inventari";"codice_part";"anagrafiche_id";"id_anagrafica";"FOREIGN KEY"
"mct_inv_anid_fk";"mct_inventari";"codice_part";"anagrafiche_id";"codice_part";"FOREIGN KEY"
"mct_inv_boll_fk";"mct_inventari";"numero_ddt";"bolle";"codice_magazzino";"FOREIGN KEY"
"mct_inv_boll_fk";"mct_inventari";"numero_ddt";"bolle";"codice_azienda";"FOREIGN KEY"
"mct_inv_boll_fk";"mct_inventari";"numero_ddt";"bolle";"numero_bolla";"FOREIGN KEY"
"mct_inv_boll_fk";"mct_inventari";"codice_magazzino";"bolle";"codice_magazzino";"FOREIGN KEY"
"mct_inv_boll_fk";"mct_inventari";"codice_magazzino";"bolle";"codice_azienda";"FOREIGN KEY"
"mct_inv_boll_fk";"mct_inventari";"codice_magazzino";"bolle";"numero_bolla";"FOREIGN KEY"
"mct_inv_boll_fk";"mct_inventari";"codice_azienda";"bolle";"codice_magazzino";"FOREIGN KEY"
"mct_inv_boll_fk";"mct_inventari";"codice_azienda";"bolle";"codice_azienda";"FOREIGN KEY"
"mct_inv_boll_fk";"mct_inventari";"codice_azienda";"bolle";"numero_bolla";"FOREIGN KEY"
"mct_inv_maga_fk";"mct_inventari";"codice_azienda";"magazzini";"codice_magazzino";"FOREIGN KEY"
"mct_inv_maga_fk";"mct_inventari";"codice_azienda";"magazzini";"codice_azienda";"FOREIGN KEY"
"mct_inv_maga_fk";"mct_inventari";"codice_magazzino";"magazzini";"codice_magazzino";"FOREIGN KEY"
"mct_inv_maga_fk";"mct_inventari";"codice_magazzino";"magazzini";"codice_azienda";"FOREIGN KEY"
"mct_invp_invu_fk";"mct_inv_pklist";"codice_magazzino";"mct_inv_udc";"id_udc";"FOREIGN KEY"
"mct_invp_invu_fk";"mct_inv_pklist";"codice_magazzino";"mct_inv_udc";"id_inventario";"FOREIGN KEY"
"mct_invp_invu_fk";"mct_inv_pklist";"codice_magazzino";"mct_inv_udc";"codice_azienda";"FOREIGN KEY"
"mct_invp_invu_fk";"mct_inv_pklist";"codice_magazzino";"mct_inv_udc";"codice_magazzino";"FOREIGN KEY"
"mct_invp_invu_fk";"mct_inv_pklist";"codice_azienda";"mct_inv_udc";"id_udc";"FOREIGN KEY"
"mct_invp_invu_fk";"mct_inv_pklist";"codice_azienda";"mct_inv_udc";"id_inventario";"FOREIGN KEY"
"mct_invp_invu_fk";"mct_inv_pklist";"codice_azienda";"mct_inv_udc";"codice_azienda";"FOREIGN KEY"
"mct_invp_invu_fk";"mct_inv_pklist";"codice_azienda";"mct_inv_udc";"codice_magazzino";"FOREIGN KEY"
"mct_invp_invu_fk";"mct_inv_pklist";"id_udc";"mct_inv_udc";"id_udc";"FOREIGN KEY"
"mct_invp_invu_fk";"mct_inv_pklist";"id_udc";"mct_inv_udc";"id_inventario";"FOREIGN KEY"
"mct_invp_invu_fk";"mct_inv_pklist";"id_udc";"mct_inv_udc";"codice_azienda";"FOREIGN KEY"
"mct_invp_invu_fk";"mct_inv_pklist";"id_udc";"mct_inv_udc";"codice_magazzino";"FOREIGN KEY"
"mct_invp_invu_fk";"mct_inv_pklist";"id_inventario";"mct_inv_udc";"id_udc";"FOREIGN KEY"
"mct_invp_invu_fk";"mct_inv_pklist";"id_inventario";"mct_inv_udc";"id_inventario";"FOREIGN KEY"
"mct_invp_invu_fk";"mct_inv_pklist";"id_inventario";"mct_inv_udc";"codice_azienda";"FOREIGN KEY"
"mct_invp_invu_fk";"mct_inv_pklist";"id_inventario";"mct_inv_udc";"codice_magazzino";"FOREIGN KEY"
"mct_invp_pack_fk";"mct_inv_pklist";"id_udc";"mct_packing_list";"codice_magazzino";"FOREIGN KEY"
"mct_invp_pack_fk";"mct_inv_pklist";"id_udc";"mct_packing_list";"codice_azienda";"FOREIGN KEY"
"mct_invp_pack_fk";"mct_inv_pklist";"id_udc";"mct_packing_list";"numero_riga_ddt";"FOREIGN KEY"
"mct_invp_pack_fk";"mct_inv_pklist";"id_udc";"mct_packing_list";"numero_ddt_carico";"FOREIGN KEY"
"mct_invp_pack_fk";"mct_inv_pklist";"id_udc";"mct_packing_list";"id_udc";"FOREIGN KEY"
"mct_invp_pack_fk";"mct_inv_pklist";"codice_azienda";"mct_packing_list";"codice_magazzino";"FOREIGN KEY"
"mct_invp_pack_fk";"mct_inv_pklist";"codice_azienda";"mct_packing_list";"codice_azienda";"FOREIGN KEY"
"mct_invp_pack_fk";"mct_inv_pklist";"codice_azienda";"mct_packing_list";"numero_riga_ddt";"FOREIGN KEY"
"mct_invp_pack_fk";"mct_inv_pklist";"codice_azienda";"mct_packing_list";"numero_ddt_carico";"FOREIGN KEY"
"mct_invp_pack_fk";"mct_inv_pklist";"codice_azienda";"mct_packing_list";"id_udc";"FOREIGN KEY"
"mct_invp_pack_fk";"mct_inv_pklist";"numero_riga_ddt";"mct_packing_list";"codice_magazzino";"FOREIGN KEY"
"mct_invp_pack_fk";"mct_inv_pklist";"numero_riga_ddt";"mct_packing_list";"codice_azienda";"FOREIGN KEY"
"mct_invp_pack_fk";"mct_inv_pklist";"numero_riga_ddt";"mct_packing_list";"numero_riga_ddt";"FOREIGN KEY"
"mct_invp_pack_fk";"mct_inv_pklist";"numero_riga_ddt";"mct_packing_list";"numero_ddt_carico";"FOREIGN KEY"
"mct_invp_pack_fk";"mct_inv_pklist";"numero_riga_ddt";"mct_packing_list";"id_udc";"FOREIGN KEY"
"mct_invp_pack_fk";"mct_inv_pklist";"codice_magazzino";"mct_packing_list";"codice_magazzino";"FOREIGN KEY"
"mct_invp_pack_fk";"mct_inv_pklist";"codice_magazzino";"mct_packing_list";"codice_azienda";"FOREIGN KEY"
"mct_invp_pack_fk";"mct_inv_pklist";"codice_magazzino";"mct_packing_list";"numero_riga_ddt";"FOREIGN KEY"
"mct_invp_pack_fk";"mct_inv_pklist";"codice_magazzino";"mct_packing_list";"numero_ddt_carico";"FOREIGN KEY"
"mct_invp_pack_fk";"mct_inv_pklist";"codice_magazzino";"mct_packing_list";"id_udc";"FOREIGN KEY"
"mct_invp_pack_fk";"mct_inv_pklist";"numero_ddt_carico";"mct_packing_list";"codice_magazzino";"FOREIGN KEY"
"mct_invp_pack_fk";"mct_inv_pklist";"numero_ddt_carico";"mct_packing_list";"codice_azienda";"FOREIGN KEY"
"mct_invp_pack_fk";"mct_inv_pklist";"numero_ddt_carico";"mct_packing_list";"numero_riga_ddt";"FOREIGN KEY"
"mct_invp_pack_fk";"mct_inv_pklist";"numero_ddt_carico";"mct_packing_list";"numero_ddt_carico";"FOREIGN KEY"
"mct_invp_pack_fk";"mct_inv_pklist";"numero_ddt_carico";"mct_packing_list";"id_udc";"FOREIGN KEY"
"mct_invu_inv_fk";"mct_inv_udc";"codice_azienda";"mct_inventari";"id_inventario";"FOREIGN KEY"
"mct_invu_inv_fk";"mct_inv_udc";"codice_azienda";"mct_inventari";"codice_azienda";"FOREIGN KEY"
"mct_invu_inv_fk";"mct_inv_udc";"id_inventario";"mct_inventari";"id_inventario";"FOREIGN KEY"
"mct_invu_inv_fk";"mct_inv_udc";"id_inventario";"mct_inventari";"codice_azienda";"FOREIGN KEY"
"mct_invu_udc_fk";"mct_inv_udc";"codice_azienda";"mct_udc";"codice_azienda";"FOREIGN KEY"
"mct_invu_udc_fk";"mct_inv_udc";"codice_azienda";"mct_udc";"codice_magazzino";"FOREIGN KEY"
"mct_invu_udc_fk";"mct_inv_udc";"codice_azienda";"mct_udc";"id_udc";"FOREIGN KEY"
"mct_invu_udc_fk";"mct_inv_udc";"id_udc";"mct_udc";"codice_azienda";"FOREIGN KEY"
"mct_invu_udc_fk";"mct_inv_udc";"id_udc";"mct_udc";"codice_magazzino";"FOREIGN KEY"
"mct_invu_udc_fk";"mct_inv_udc";"id_udc";"mct_udc";"id_udc";"FOREIGN KEY"
"mct_invu_udc_fk";"mct_inv_udc";"codice_magazzino";"mct_udc";"codice_azienda";"FOREIGN KEY"
"mct_invu_udc_fk";"mct_inv_udc";"codice_magazzino";"mct_udc";"codice_magazzino";"FOREIGN KEY"
"mct_invu_udc_fk";"mct_inv_udc";"codice_magazzino";"mct_udc";"id_udc";"FOREIGN KEY"
"mct_oper_anag_fk";"mct_operazioni";"codice_part";"anagrafiche_id";"codice_part";"FOREIGN KEY"
"mct_oper_anag_fk";"mct_operazioni";"codice_part";"anagrafiche_id";"id_anagrafica";"FOREIGN KEY"
"mct_oper_anag_fk";"mct_operazioni";"id_cliente";"anagrafiche_id";"codice_part";"FOREIGN KEY"
"mct_oper_anag_fk";"mct_operazioni";"id_cliente";"anagrafiche_id";"id_anagrafica";"FOREIGN KEY"
"mct_oper_maga_fk";"mct_operazioni";"codice_magazzino";"magazzini";"codice_azienda";"FOREIGN KEY"
"mct_oper_maga_fk";"mct_operazioni";"codice_magazzino";"magazzini";"codice_magazzino";"FOREIGN KEY"
"mct_oper_maga_fk";"mct_operazioni";"codice_azienda";"magazzini";"codice_azienda";"FOREIGN KEY"
"mct_oper_maga_fk";"mct_operazioni";"codice_azienda";"magazzini";"codice_magazzino";"FOREIGN KEY"
"mct_oper_tiev_fk";"mct_operazioni";"codice_azienda";"mct_tipi_evento";"codice_azienda";"FOREIGN KEY"
"mct_oper_tiev_fk";"mct_operazioni";"codice_azienda";"mct_tipi_evento";"codice_tipo_evento";"FOREIGN KEY"
"mct_oper_tiev_fk";"mct_operazioni";"codice_tipo_evento";"mct_tipi_evento";"codice_azienda";"FOREIGN KEY"
"mct_oper_tiev_fk";"mct_operazioni";"codice_tipo_evento";"mct_tipi_evento";"codice_tipo_evento";"FOREIGN KEY"
"mct_pack_bolr_fk";"mct_packing_list";"numero_riga_ddt";"bolle_righe";"numero_bolla";"FOREIGN KEY"
"mct_pack_bolr_fk";"mct_packing_list";"numero_riga_ddt";"bolle_righe";"codice_azienda";"FOREIGN KEY"
"mct_pack_bolr_fk";"mct_packing_list";"numero_riga_ddt";"bolle_righe";"codice_magazzino";"FOREIGN KEY"
"mct_pack_bolr_fk";"mct_packing_list";"numero_riga_ddt";"bolle_righe";"numero_riga";"FOREIGN KEY"
"mct_pack_bolr_fk";"mct_packing_list";"codice_azienda";"bolle_righe";"numero_bolla";"FOREIGN KEY"
"mct_pack_bolr_fk";"mct_packing_list";"codice_azienda";"bolle_righe";"codice_azienda";"FOREIGN KEY"
"mct_pack_bolr_fk";"mct_packing_list";"codice_azienda";"bolle_righe";"codice_magazzino";"FOREIGN KEY"
"mct_pack_bolr_fk";"mct_packing_list";"codice_azienda";"bolle_righe";"numero_riga";"FOREIGN KEY"
"mct_pack_bolr_fk";"mct_packing_list";"codice_magazzino";"bolle_righe";"numero_bolla";"FOREIGN KEY"
"mct_pack_bolr_fk";"mct_packing_list";"codice_magazzino";"bolle_righe";"codice_azienda";"FOREIGN KEY"
"mct_pack_bolr_fk";"mct_packing_list";"codice_magazzino";"bolle_righe";"codice_magazzino";"FOREIGN KEY"
"mct_pack_bolr_fk";"mct_packing_list";"codice_magazzino";"bolle_righe";"numero_riga";"FOREIGN KEY"
"mct_pack_bolr_fk";"mct_packing_list";"numero_ddt_carico";"bolle_righe";"numero_bolla";"FOREIGN KEY"
"mct_pack_bolr_fk";"mct_packing_list";"numero_ddt_carico";"bolle_righe";"codice_azienda";"FOREIGN KEY"
"mct_pack_bolr_fk";"mct_packing_list";"numero_ddt_carico";"bolle_righe";"codice_magazzino";"FOREIGN KEY"
"mct_pack_bolr_fk";"mct_packing_list";"numero_ddt_carico";"bolle_righe";"numero_riga";"FOREIGN KEY"
"mct_pack_udc_fk";"mct_packing_list";"id_udc";"mct_udc";"codice_azienda";"FOREIGN KEY"
"mct_pack_udc_fk";"mct_packing_list";"id_udc";"mct_udc";"id_udc";"FOREIGN KEY"
"mct_pack_udc_fk";"mct_packing_list";"id_udc";"mct_udc";"codice_magazzino";"FOREIGN KEY"
"mct_pack_udc_fk";"mct_packing_list";"codice_magazzino";"mct_udc";"codice_azienda";"FOREIGN KEY"
"mct_pack_udc_fk";"mct_packing_list";"codice_magazzino";"mct_udc";"id_udc";"FOREIGN KEY"
"mct_pack_udc_fk";"mct_packing_list";"codice_magazzino";"mct_udc";"codice_magazzino";"FOREIGN KEY"
"mct_pack_udc_fk";"mct_packing_list";"codice_azienda";"mct_udc";"codice_azienda";"FOREIGN KEY"
"mct_pack_udc_fk";"mct_packing_list";"codice_azienda";"mct_udc";"id_udc";"FOREIGN KEY"
"mct_pack_udc_fk";"mct_packing_list";"codice_azienda";"mct_udc";"codice_magazzino";"FOREIGN KEY"
"mct_sald_anag_fk";"mct_saldi";"codice_part";"anagrafiche_id";"codice_part";"FOREIGN KEY"
"mct_sald_anag_fk";"mct_saldi";"codice_part";"anagrafiche_id";"id_anagrafica";"FOREIGN KEY"
"mct_sald_anag_fk";"mct_saldi";"id_cliente";"anagrafiche_id";"codice_part";"FOREIGN KEY"
"mct_sald_anag_fk";"mct_saldi";"id_cliente";"anagrafiche_id";"id_anagrafica";"FOREIGN KEY"
"mct_sald_bgdf_fk";"mct_saldi";"codice_azienda";"batch_gen_dett_fatt";"codice_azienda";"FOREIGN KEY"
"mct_sald_bgdf_fk";"mct_saldi";"codice_azienda";"batch_gen_dett_fatt";"id_batch";"FOREIGN KEY"
"mct_sald_bgdf_fk";"mct_saldi";"id_batch";"batch_gen_dett_fatt";"codice_azienda";"FOREIGN KEY"
"mct_sald_bgdf_fk";"mct_saldi";"id_batch";"batch_gen_dett_fatt";"id_batch";"FOREIGN KEY"
"mct_tiev_arti_fk";"mct_tipi_evento";"codice_azienda";"articoli";"id_articolo";"FOREIGN KEY"
"mct_tiev_arti_fk";"mct_tipi_evento";"codice_azienda";"articoli";"codice_azienda";"FOREIGN KEY"
"mct_tiev_arti_fk";"mct_tipi_evento";"id_articolo_ft";"articoli";"id_articolo";"FOREIGN KEY"
"mct_tiev_arti_fk";"mct_tipi_evento";"id_articolo_ft";"articoli";"codice_azienda";"FOREIGN KEY"
"mct_tiev_azie_fk";"mct_tipi_evento";"codice_azienda";"aziende";"codice_azienda";"FOREIGN KEY"
"mct_trav_bolr_fk";"mct_travaso_list";"numero_riga_ddt";"bolle_righe";"numero_riga";"FOREIGN KEY"
"mct_trav_bolr_fk";"mct_travaso_list";"numero_riga_ddt";"bolle_righe";"codice_magazzino";"FOREIGN KEY"
"mct_trav_bolr_fk";"mct_travaso_list";"numero_riga_ddt";"bolle_righe";"codice_azienda";"FOREIGN KEY"
"mct_trav_bolr_fk";"mct_travaso_list";"numero_riga_ddt";"bolle_righe";"numero_bolla";"FOREIGN KEY"
"mct_trav_bolr_fk";"mct_travaso_list";"codice_azienda";"bolle_righe";"numero_riga";"FOREIGN KEY"
"mct_trav_bolr_fk";"mct_travaso_list";"codice_azienda";"bolle_righe";"codice_magazzino";"FOREIGN KEY"
"mct_trav_bolr_fk";"mct_travaso_list";"codice_azienda";"bolle_righe";"codice_azienda";"FOREIGN KEY"
"mct_trav_bolr_fk";"mct_travaso_list";"codice_azienda";"bolle_righe";"numero_bolla";"FOREIGN KEY"
"mct_trav_bolr_fk";"mct_travaso_list";"codice_magazzino";"bolle_righe";"numero_riga";"FOREIGN KEY"
"mct_trav_bolr_fk";"mct_travaso_list";"codice_magazzino";"bolle_righe";"codice_magazzino";"FOREIGN KEY"
"mct_trav_bolr_fk";"mct_travaso_list";"codice_magazzino";"bolle_righe";"codice_azienda";"FOREIGN KEY"
"mct_trav_bolr_fk";"mct_travaso_list";"codice_magazzino";"bolle_righe";"numero_bolla";"FOREIGN KEY"
"mct_trav_bolr_fk";"mct_travaso_list";"numero_ddt_carico";"bolle_righe";"numero_riga";"FOREIGN KEY"
"mct_trav_bolr_fk";"mct_travaso_list";"numero_ddt_carico";"bolle_righe";"codice_magazzino";"FOREIGN KEY"
"mct_trav_bolr_fk";"mct_travaso_list";"numero_ddt_carico";"bolle_righe";"codice_azienda";"FOREIGN KEY"
"mct_trav_bolr_fk";"mct_travaso_list";"numero_ddt_carico";"bolle_righe";"numero_bolla";"FOREIGN KEY"
"mct_trav_udc_fk";"mct_travaso_list";"codice_magazzino";"mct_udc";"codice_magazzino";"FOREIGN KEY"
"mct_trav_udc_fk";"mct_travaso_list";"codice_magazzino";"mct_udc";"id_udc";"FOREIGN KEY"
"mct_trav_udc_fk";"mct_travaso_list";"codice_magazzino";"mct_udc";"codice_azienda";"FOREIGN KEY"
"mct_trav_udc_fk";"mct_travaso_list";"id_udc";"mct_udc";"codice_magazzino";"FOREIGN KEY"
"mct_trav_udc_fk";"mct_travaso_list";"id_udc";"mct_udc";"id_udc";"FOREIGN KEY"
"mct_trav_udc_fk";"mct_travaso_list";"id_udc";"mct_udc";"codice_azienda";"FOREIGN KEY"
"mct_trav_udc_fk";"mct_travaso_list";"codice_azienda";"mct_udc";"codice_magazzino";"FOREIGN KEY"
"mct_trav_udc_fk";"mct_travaso_list";"codice_azienda";"mct_udc";"id_udc";"FOREIGN KEY"
"mct_trav_udc_fk";"mct_travaso_list";"codice_azienda";"mct_udc";"codice_azienda";"FOREIGN KEY"
"mct_udc_anag_fk";"mct_udc";"id_cliente";"anagrafiche_id";"id_anagrafica";"FOREIGN KEY"
"mct_udc_anag_fk";"mct_udc";"id_cliente";"anagrafiche_id";"codice_part";"FOREIGN KEY"
"mct_udc_anag_fk";"mct_udc";"codice_part";"anagrafiche_id";"id_anagrafica";"FOREIGN KEY"
"mct_udc_anag_fk";"mct_udc";"codice_part";"anagrafiche_id";"codice_part";"FOREIGN KEY"
"mct_udc_boll_fk";"mct_udc";"numero_ddt_carico";"bolle";"numero_bolla";"FOREIGN KEY"
"mct_udc_boll_fk";"mct_udc";"numero_ddt_carico";"bolle";"codice_magazzino";"FOREIGN KEY"
"mct_udc_boll_fk";"mct_udc";"numero_ddt_carico";"bolle";"codice_azienda";"FOREIGN KEY"
"mct_udc_boll_fk";"mct_udc";"codice_magazzino";"bolle";"numero_bolla";"FOREIGN KEY"
"mct_udc_boll_fk";"mct_udc";"codice_magazzino";"bolle";"codice_magazzino";"FOREIGN KEY"
"mct_udc_boll_fk";"mct_udc";"codice_magazzino";"bolle";"codice_azienda";"FOREIGN KEY"
"mct_udc_boll_fk";"mct_udc";"codice_azienda";"bolle";"numero_bolla";"FOREIGN KEY"
"mct_udc_boll_fk";"mct_udc";"codice_azienda";"bolle";"codice_magazzino";"FOREIGN KEY"
"mct_udc_boll_fk";"mct_udc";"codice_azienda";"bolle";"codice_azienda";"FOREIGN KEY"
"mct_udc_even_fk";"mct_udc";"codice_azienda";"mct_eventi";"id_udc";"FOREIGN KEY"
"mct_udc_even_fk";"mct_udc";"codice_azienda";"mct_eventi";"codice_azienda";"FOREIGN KEY"
"mct_udc_even_fk";"mct_udc";"codice_azienda";"mct_eventi";"prog_evento";"FOREIGN KEY"
"mct_udc_even_fk";"mct_udc";"codice_azienda";"mct_eventi";"codice_magazzino";"FOREIGN KEY"
"mct_udc_even_fk";"mct_udc";"id_udc_da";"mct_eventi";"id_udc";"FOREIGN KEY"
"mct_udc_even_fk";"mct_udc";"id_udc_da";"mct_eventi";"codice_azienda";"FOREIGN KEY"
"mct_udc_even_fk";"mct_udc";"id_udc_da";"mct_eventi";"prog_evento";"FOREIGN KEY"
"mct_udc_even_fk";"mct_udc";"id_udc_da";"mct_eventi";"codice_magazzino";"FOREIGN KEY"
"mct_udc_even_fk";"mct_udc";"codice_magazzino";"mct_eventi";"id_udc";"FOREIGN KEY"
"mct_udc_even_fk";"mct_udc";"codice_magazzino";"mct_eventi";"codice_azienda";"FOREIGN KEY"
"mct_udc_even_fk";"mct_udc";"codice_magazzino";"mct_eventi";"prog_evento";"FOREIGN KEY"
"mct_udc_even_fk";"mct_udc";"codice_magazzino";"mct_eventi";"codice_magazzino";"FOREIGN KEY"
"mct_udc_even_fk";"mct_udc";"prog_evento_da";"mct_eventi";"id_udc";"FOREIGN KEY"
"mct_udc_even_fk";"mct_udc";"prog_evento_da";"mct_eventi";"codice_azienda";"FOREIGN KEY"
"mct_udc_even_fk";"mct_udc";"prog_evento_da";"mct_eventi";"prog_evento";"FOREIGN KEY"
"mct_udc_even_fk";"mct_udc";"prog_evento_da";"mct_eventi";"codice_magazzino";"FOREIGN KEY"
"mct_udc_maga_fk";"mct_udc";"codice_azienda";"magazzini";"codice_azienda";"FOREIGN KEY"
"mct_udc_maga_fk";"mct_udc";"codice_azienda";"magazzini";"codice_magazzino";"FOREIGN KEY"
"mct_udc_maga_fk";"mct_udc";"codice_magazzino";"magazzini";"codice_azienda";"FOREIGN KEY"
"mct_udc_maga_fk";"mct_udc";"codice_magazzino";"magazzini";"codice_magazzino";"FOREIGN KEY"
"mct_udc_magu_fk";"mct_udc";"codice_azienda";"magazzini_ubicazioni";"id_ubicazione";"FOREIGN KEY"
"mct_udc_magu_fk";"mct_udc";"codice_azienda";"magazzini_ubicazioni";"codice_azienda";"FOREIGN KEY"
"mct_udc_magu_fk";"mct_udc";"codice_azienda";"magazzini_ubicazioni";"codice_magazzino";"FOREIGN KEY"
"mct_udc_magu_fk";"mct_udc";"codice_magazzino";"magazzini_ubicazioni";"id_ubicazione";"FOREIGN KEY"
"mct_udc_magu_fk";"mct_udc";"codice_magazzino";"magazzini_ubicazioni";"codice_azienda";"FOREIGN KEY"
"mct_udc_magu_fk";"mct_udc";"codice_magazzino";"magazzini_ubicazioni";"codice_magazzino";"FOREIGN KEY"
"mct_udc_magu_fk";"mct_udc";"id_ubicazione";"magazzini_ubicazioni";"id_ubicazione";"FOREIGN KEY"
"mct_udc_magu_fk";"mct_udc";"id_ubicazione";"magazzini_ubicazioni";"codice_azienda";"FOREIGN KEY"
"mct_udc_magu_fk";"mct_udc";"id_ubicazione";"magazzini_ubicazioni";"codice_magazzino";"FOREIGN KEY"
"mdif_azie_fk";"mod_intra_file";"codice_azienda";"aziende";"codice_azienda";"FOREIGN KEY"
"metl_lang_fk";"metodi_lingue";"codice_lingua";"lingue";"codice_lingua";"FOREIGN KEY"
"metl_meto_fk";"metodi_lingue";"codice_azienda";"metodi";"codice_azienda";"FOREIGN KEY"
"metl_meto_fk";"metodi_lingue";"codice_azienda";"metodi";"id_metodo";"FOREIGN KEY"
"metl_meto_fk";"metodi_lingue";"id_metodo";"metodi";"codice_azienda";"FOREIGN KEY"
"metl_meto_fk";"metodi_lingue";"id_metodo";"metodi";"id_metodo";"FOREIGN KEY"
"meto_arti_fk";"metodi";"id_articolo";"articoli";"id_articolo";"FOREIGN KEY"
"meto_arti_fk";"metodi";"id_articolo";"articoli";"codice_azienda";"FOREIGN KEY"
"meto_arti_fk";"metodi";"codice_azienda";"articoli";"id_articolo";"FOREIGN KEY"
"meto_arti_fk";"metodi";"codice_azienda";"articoli";"codice_azienda";"FOREIGN KEY"
"meto_azie_fk";"metodi";"codice_azienda";"aziende";"codice_azienda";"FOREIGN KEY"
"meto_meto_fk";"metodi";"codice_azienda";"metodi";"codice_azienda";"FOREIGN KEY"
"meto_meto_fk";"metodi";"codice_azienda";"metodi";"id_metodo";"FOREIGN KEY"
"meto_meto_fk";"metodi";"id_metodo_padre";"metodi";"codice_azienda";"FOREIGN KEY"
"meto_meto_fk";"metodi";"id_metodo_padre";"metodi";"id_metodo";"FOREIGN KEY"
"meto_scdp_fk";"metodi";"codice_schema";"schemi_dati_produzione";"codice_schema";"FOREIGN KEY"
"meto_umsc_fk";"metodi";"um_scaglione";"um_scaglioni";"codice_um";"FOREIGN KEY"
"mezz_anid_fk";"mezzi";"codice_part";"anagrafiche_id";"codice_part";"FOREIGN KEY"
"mezz_anid_fk";"mezzi";"codice_part";"anagrafiche_id";"id_anagrafica";"FOREIGN KEY"
"mezz_anid_fk";"mezzi";"id_anagrafica";"anagrafiche_id";"codice_part";"FOREIGN KEY"
"mezz_anid_fk";"mezzi";"id_anagrafica";"anagrafiche_id";"id_anagrafica";"FOREIGN KEY"
"mezz_tiri_fk";"mezzi";"codice_azienda";"tipi_risorsa";"codice_azienda";"FOREIGN KEY"
"mezz_tiri_fk";"mezzi";"codice_azienda";"tipi_risorsa";"id_tipo_risorsa";"FOREIGN KEY"
"mezz_tiri_fk";"mezzi";"id_tipo_risorsa";"tipi_risorsa";"codice_azienda";"FOREIGN KEY"
"mezz_tiri_fk";"mezzi";"id_tipo_risorsa";"tipi_risorsa";"id_tipo_risorsa";"FOREIGN KEY"
"misu_modl_fk";"olap_misure";"nome_modello";"olap_modelli";"nome_modello";"FOREIGN KEY"
"mkt_camp_azie_fk";"mkt_campagne";"codice_azienda";"aziende";"codice_azienda";"FOREIGN KEY"
"mkt_cari_anid_fk";"mkt_campagne_risorse";"id_risorsa";"anagrafiche_id";"id_anagrafica";"FOREIGN KEY"
"mkt_cari_anid_fk";"mkt_campagne_risorse";"id_risorsa";"anagrafiche_id";"codice_part";"FOREIGN KEY"
"mkt_cari_anid_fk";"mkt_campagne_risorse";"codice_part";"anagrafiche_id";"id_anagrafica";"FOREIGN KEY"
"mkt_cari_anid_fk";"mkt_campagne_risorse";"codice_part";"anagrafiche_id";"codice_part";"FOREIGN KEY"
"mkt_cari_camp_fk";"mkt_campagne_risorse";"id_campagna";"mkt_campagne";"id_campagna";"FOREIGN KEY"
"mkt_cari_camp_fk";"mkt_campagne_risorse";"id_campagna";"mkt_campagne";"codice_azienda";"FOREIGN KEY"
"mkt_cari_camp_fk";"mkt_campagne_risorse";"codice_azienda";"mkt_campagne";"id_campagna";"FOREIGN KEY"
"mkt_cari_camp_fk";"mkt_campagne_risorse";"codice_azienda";"mkt_campagne";"codice_azienda";"FOREIGN KEY"
"mobl_mapd_fk";"mobile_log";"uuid_dispositivo";"mappa_dispositivi";"uuid_dispositivo";"FOREIGN KEY"
"mobl_mapd_fk";"mobile_log";"uuid_dispositivo";"mappa_dispositivi";"codice_azienda";"FOREIGN KEY"
"mobl_mapd_fk";"mobile_log";"codice_azienda";"mappa_dispositivi";"uuid_dispositivo";"FOREIGN KEY"
"mobl_mapd_fk";"mobile_log";"codice_azienda";"mappa_dispositivi";"codice_azienda";"FOREIGN KEY"
"modl_azie_fk";"olap_modelli";"codice_azienda";"aziende";"codice_azienda";"FOREIGN KEY"
"mrcm__prtz__fk";"marchi_commerciali";"codice_part";"partizioni";"codice_part";"FOREIGN KEY"
"msg__emal_fk";"messaggi";"email_id";"email";"email_id";"FOREIGN KEY"
"msg__emal_fk";"messaggi";"email_id";"email";"codice_azienda";"FOREIGN KEY"
"msg__emal_fk";"messaggi";"codice_azienda";"email";"email_id";"FOREIGN KEY"
"msg__emal_fk";"messaggi";"codice_azienda";"email";"codice_azienda";"FOREIGN KEY"
"msg__tp_msg_fk";"messaggi";"id_tipo_messaggio";"tipi_messaggi";"id_tipo_messaggio";"FOREIGN KEY"
"mtrr_mtrs_fk";"modelli_test_risultati_righe";"codice_azienda";"modelli_test_risultati";"id_risultato";"FOREIGN KEY"
"mtrr_mtrs_fk";"modelli_test_risultati_righe";"codice_azienda";"modelli_test_risultati";"codice_azienda";"FOREIGN KEY"
"mtrr_mtrs_fk";"modelli_test_risultati_righe";"id_risultato";"modelli_test_risultati";"id_risultato";"FOREIGN KEY"
"mtrr_mtrs_fk";"modelli_test_risultati_righe";"id_risultato";"modelli_test_risultati";"codice_azienda";"FOREIGN KEY"
"mtrr_tmrr_fk";"modelli_test_risultati_righe";"prog_riga";"tipi_modelli_test_risultati_righe";"codice_azienda";"FOREIGN KEY"
"mtrr_tmrr_fk";"modelli_test_risultati_righe";"prog_riga";"tipi_modelli_test_risultati_righe";"prog_riga";"FOREIGN KEY"
"mtrr_tmrr_fk";"modelli_test_risultati_righe";"prog_riga";"tipi_modelli_test_risultati_righe";"id_tipo_risultato";"FOREIGN KEY"
"mtrr_tmrr_fk";"modelli_test_risultati_righe";"codice_azienda";"tipi_modelli_test_risultati_righe";"codice_azienda";"FOREIGN KEY"
"mtrr_tmrr_fk";"modelli_test_risultati_righe";"codice_azienda";"tipi_modelli_test_risultati_righe";"prog_riga";"FOREIGN KEY"
"mtrr_tmrr_fk";"modelli_test_risultati_righe";"codice_azienda";"tipi_modelli_test_risultati_righe";"id_tipo_risultato";"FOREIGN KEY"
"mtrr_tmrr_fk";"modelli_test_risultati_righe";"id_tipo_risultato";"tipi_modelli_test_risultati_righe";"codice_azienda";"FOREIGN KEY"
"mtrr_tmrr_fk";"modelli_test_risultati_righe";"id_tipo_risultato";"tipi_modelli_test_risultati_righe";"prog_riga";"FOREIGN KEY"
"mtrr_tmrr_fk";"modelli_test_risultati_righe";"id_tipo_risultato";"tipi_modelli_test_risultati_righe";"id_tipo_risultato";"FOREIGN KEY"
"mtrs_azie_fk";"modelli_test_risultati";"codice_azienda";"aziende";"codice_azienda";"FOREIGN KEY"
"mtrs_mtsm_fk";"modelli_test_risultati";"id_modello_test";"modelli_test_sottomodello";"codice_azienda";"FOREIGN KEY"
"mtrs_mtsm_fk";"modelli_test_risultati";"id_modello_test";"modelli_test_sottomodello";"id_modello_test";"FOREIGN KEY"
"mtrs_mtsm_fk";"modelli_test_risultati";"id_modello_test";"modelli_test_sottomodello";"id_sottomodello";"FOREIGN KEY"
"mtrs_mtsm_fk";"modelli_test_risultati";"id_modello_test";"modelli_test_sottomodello";"id_modello_test_vr";"FOREIGN KEY"
"mtrs_mtsm_fk";"modelli_test_risultati";"codice_azienda";"modelli_test_sottomodello";"codice_azienda";"FOREIGN KEY"
"mtrs_mtsm_fk";"modelli_test_risultati";"codice_azienda";"modelli_test_sottomodello";"id_modello_test";"FOREIGN KEY"
"mtrs_mtsm_fk";"modelli_test_risultati";"codice_azienda";"modelli_test_sottomodello";"id_sottomodello";"FOREIGN KEY"
"mtrs_mtsm_fk";"modelli_test_risultati";"codice_azienda";"modelli_test_sottomodello";"id_modello_test_vr";"FOREIGN KEY"
"mtrs_mtsm_fk";"modelli_test_risultati";"id_modello_test_vr";"modelli_test_sottomodello";"codice_azienda";"FOREIGN KEY"
"mtrs_mtsm_fk";"modelli_test_risultati";"id_modello_test_vr";"modelli_test_sottomodello";"id_modello_test";"FOREIGN KEY"
"mtrs_mtsm_fk";"modelli_test_risultati";"id_modello_test_vr";"modelli_test_sottomodello";"id_sottomodello";"FOREIGN KEY"
"mtrs_mtsm_fk";"modelli_test_risultati";"id_modello_test_vr";"modelli_test_sottomodello";"id_modello_test_vr";"FOREIGN KEY"
"mtrs_mtsm_fk";"modelli_test_risultati";"id_sottomodello";"modelli_test_sottomodello";"codice_azienda";"FOREIGN KEY"
"mtrs_mtsm_fk";"modelli_test_risultati";"id_sottomodello";"modelli_test_sottomodello";"id_modello_test";"FOREIGN KEY"
"mtrs_mtsm_fk";"modelli_test_risultati";"id_sottomodello";"modelli_test_sottomodello";"id_sottomodello";"FOREIGN KEY"
"mtrs_mtsm_fk";"modelli_test_risultati";"id_sottomodello";"modelli_test_sottomodello";"id_modello_test_vr";"FOREIGN KEY"
"mtrs_mtvr_fk";"modelli_test_risultati";"id_modello_test_vr";"modelli_test_vr";"id_modello_test";"FOREIGN KEY"
"mtrs_mtvr_fk";"modelli_test_risultati";"id_modello_test_vr";"modelli_test_vr";"id_modello_test_vr";"FOREIGN KEY"
"mtrs_mtvr_fk";"modelli_test_risultati";"id_modello_test_vr";"modelli_test_vr";"codice_azienda";"FOREIGN KEY"
"mtrs_mtvr_fk";"modelli_test_risultati";"id_modello_test";"modelli_test_vr";"id_modello_test";"FOREIGN KEY"
"mtrs_mtvr_fk";"modelli_test_risultati";"id_modello_test";"modelli_test_vr";"id_modello_test_vr";"FOREIGN KEY"
"mtrs_mtvr_fk";"modelli_test_risultati";"id_modello_test";"modelli_test_vr";"codice_azienda";"FOREIGN KEY"
"mtrs_mtvr_fk";"modelli_test_risultati";"codice_azienda";"modelli_test_vr";"id_modello_test";"FOREIGN KEY"
"mtrs_mtvr_fk";"modelli_test_risultati";"codice_azienda";"modelli_test_vr";"id_modello_test_vr";"FOREIGN KEY"
"mtrs_mtvr_fk";"modelli_test_risultati";"codice_azienda";"modelli_test_vr";"codice_azienda";"FOREIGN KEY"
"mtrs_tmtr_fk";"modelli_test_risultati";"id_tipo_risultato";"tipi_modelli_test_risultati";"id_tipo_risultato";"FOREIGN KEY"
"mtrs_tmtr_fk";"modelli_test_risultati";"id_tipo_risultato";"tipi_modelli_test_risultati";"codice_azienda";"FOREIGN KEY"
"mtrs_tmtr_fk";"modelli_test_risultati";"codice_azienda";"tipi_modelli_test_risultati";"id_tipo_risultato";"FOREIGN KEY"
"mtrs_tmtr_fk";"modelli_test_risultati";"codice_azienda";"tipi_modelli_test_risultati";"codice_azienda";"FOREIGN KEY"
"mtsd_dmde_fk";"modelli_test_sottomodello_domande";"id_modello_test_vr";"domande";"codice_azienda";"FOREIGN KEY"
"mtsd_dmde_fk";"modelli_test_sottomodello_domande";"id_modello_test_vr";"domande";"id_modello_test_vr";"FOREIGN KEY"
"mtsd_dmde_fk";"modelli_test_sottomodello_domande";"id_modello_test_vr";"domande";"id_domanda";"FOREIGN KEY"
"mtsd_dmde_fk";"modelli_test_sottomodello_domande";"id_modello_test_vr";"domande";"id_modello_test";"FOREIGN KEY"
"mtsd_dmde_fk";"modelli_test_sottomodello_domande";"id_modello_test";"domande";"codice_azienda";"FOREIGN KEY"
"mtsd_dmde_fk";"modelli_test_sottomodello_domande";"id_modello_test";"domande";"id_modello_test_vr";"FOREIGN KEY"
"mtsd_dmde_fk";"modelli_test_sottomodello_domande";"id_modello_test";"domande";"id_domanda";"FOREIGN KEY"
"mtsd_dmde_fk";"modelli_test_sottomodello_domande";"id_modello_test";"domande";"id_modello_test";"FOREIGN KEY"
"mtsd_dmde_fk";"modelli_test_sottomodello_domande";"codice_azienda";"domande";"codice_azienda";"FOREIGN KEY"
"mtsd_dmde_fk";"modelli_test_sottomodello_domande";"codice_azienda";"domande";"id_modello_test_vr";"FOREIGN KEY"
"mtsd_dmde_fk";"modelli_test_sottomodello_domande";"codice_azienda";"domande";"id_domanda";"FOREIGN KEY"
"mtsd_dmde_fk";"modelli_test_sottomodello_domande";"codice_azienda";"domande";"id_modello_test";"FOREIGN KEY"
"mtsd_dmde_fk";"modelli_test_sottomodello_domande";"id_domanda";"domande";"codice_azienda";"FOREIGN KEY"
"mtsd_dmde_fk";"modelli_test_sottomodello_domande";"id_domanda";"domande";"id_modello_test_vr";"FOREIGN KEY"
"mtsd_dmde_fk";"modelli_test_sottomodello_domande";"id_domanda";"domande";"id_domanda";"FOREIGN KEY"
"mtsd_dmde_fk";"modelli_test_sottomodello_domande";"id_domanda";"domande";"id_modello_test";"FOREIGN KEY"
"mtsd_mtsm_fk";"modelli_test_sottomodello_domande";"id_modello_test_vr";"modelli_test_sottomodello";"id_modello_test_vr";"FOREIGN KEY"
"mtsd_mtsm_fk";"modelli_test_sottomodello_domande";"id_modello_test_vr";"modelli_test_sottomodello";"id_sottomodello";"FOREIGN KEY"
"mtsd_mtsm_fk";"modelli_test_sottomodello_domande";"id_modello_test_vr";"modelli_test_sottomodello";"codice_azienda";"FOREIGN KEY"
"mtsd_mtsm_fk";"modelli_test_sottomodello_domande";"id_modello_test_vr";"modelli_test_sottomodello";"id_modello_test";"FOREIGN KEY"
"mtsd_mtsm_fk";"modelli_test_sottomodello_domande";"codice_azienda";"modelli_test_sottomodello";"id_modello_test_vr";"FOREIGN KEY"
"mtsd_mtsm_fk";"modelli_test_sottomodello_domande";"codice_azienda";"modelli_test_sottomodello";"id_sottomodello";"FOREIGN KEY"
"mtsd_mtsm_fk";"modelli_test_sottomodello_domande";"codice_azienda";"modelli_test_sottomodello";"codice_azienda";"FOREIGN KEY"
"mtsd_mtsm_fk";"modelli_test_sottomodello_domande";"codice_azienda";"modelli_test_sottomodello";"id_modello_test";"FOREIGN KEY"
"mtsd_mtsm_fk";"modelli_test_sottomodello_domande";"id_sottomodello";"modelli_test_sottomodello";"id_modello_test_vr";"FOREIGN KEY"
"mtsd_mtsm_fk";"modelli_test_sottomodello_domande";"id_sottomodello";"modelli_test_sottomodello";"id_sottomodello";"FOREIGN KEY"
"mtsd_mtsm_fk";"modelli_test_sottomodello_domande";"id_sottomodello";"modelli_test_sottomodello";"codice_azienda";"FOREIGN KEY"
"mtsd_mtsm_fk";"modelli_test_sottomodello_domande";"id_sottomodello";"modelli_test_sottomodello";"id_modello_test";"FOREIGN KEY"
"mtsd_mtsm_fk";"modelli_test_sottomodello_domande";"id_modello_test";"modelli_test_sottomodello";"id_modello_test_vr";"FOREIGN KEY"
"mtsd_mtsm_fk";"modelli_test_sottomodello_domande";"id_modello_test";"modelli_test_sottomodello";"id_sottomodello";"FOREIGN KEY"
"mtsd_mtsm_fk";"modelli_test_sottomodello_domande";"id_modello_test";"modelli_test_sottomodello";"codice_azienda";"FOREIGN KEY"
"mtsd_mtsm_fk";"modelli_test_sottomodello_domande";"id_modello_test";"modelli_test_sottomodello";"id_modello_test";"FOREIGN KEY"
"mtsm__mtvr_fk";"modelli_test_sottomodello";"codice_azienda";"modelli_test_vr";"codice_azienda";"FOREIGN KEY"
"mtsm__mtvr_fk";"modelli_test_sottomodello";"codice_azienda";"modelli_test_vr";"id_modello_test_vr";"FOREIGN KEY"
"mtsm__mtvr_fk";"modelli_test_sottomodello";"codice_azienda";"modelli_test_vr";"id_modello_test";"FOREIGN KEY"
"mtsm__mtvr_fk";"modelli_test_sottomodello";"id_modello_test_vr";"modelli_test_vr";"codice_azienda";"FOREIGN KEY"
"mtsm__mtvr_fk";"modelli_test_sottomodello";"id_modello_test_vr";"modelli_test_vr";"id_modello_test_vr";"FOREIGN KEY"
"mtsm__mtvr_fk";"modelli_test_sottomodello";"id_modello_test_vr";"modelli_test_vr";"id_modello_test";"FOREIGN KEY"
"mtsm__mtvr_fk";"modelli_test_sottomodello";"id_modello_test";"modelli_test_vr";"codice_azienda";"FOREIGN KEY"
"mtsm__mtvr_fk";"modelli_test_sottomodello";"id_modello_test";"modelli_test_vr";"id_modello_test_vr";"FOREIGN KEY"
"mtsm__mtvr_fk";"modelli_test_sottomodello";"id_modello_test";"modelli_test_vr";"id_modello_test";"FOREIGN KEY"
"mtst__mtvr_fk";"modelli_test";"id_modello_test_vr";"modelli_test_vr";"codice_azienda";"FOREIGN KEY"
"mtst__mtvr_fk";"modelli_test";"id_modello_test_vr";"modelli_test_vr";"id_modello_test";"FOREIGN KEY"
"mtst__mtvr_fk";"modelli_test";"id_modello_test_vr";"modelli_test_vr";"id_modello_test_vr";"FOREIGN KEY"
"mtst__mtvr_fk";"modelli_test";"id_modello_test";"modelli_test_vr";"codice_azienda";"FOREIGN KEY"
"mtst__mtvr_fk";"modelli_test";"id_modello_test";"modelli_test_vr";"id_modello_test";"FOREIGN KEY"
"mtst__mtvr_fk";"modelli_test";"id_modello_test";"modelli_test_vr";"id_modello_test_vr";"FOREIGN KEY"
"mtst__mtvr_fk";"modelli_test";"codice_azienda";"modelli_test_vr";"codice_azienda";"FOREIGN KEY"
"mtst__mtvr_fk";"modelli_test";"codice_azienda";"modelli_test_vr";"id_modello_test";"FOREIGN KEY"
"mtst__mtvr_fk";"modelli_test";"codice_azienda";"modelli_test_vr";"id_modello_test_vr";"FOREIGN KEY"
"mtst_agmt__agmt__fk";"modelli_test_argomenti";"id_argomento";"argomenti";"id_argomento";"FOREIGN KEY"
"mtst_agmt__mtst__fk";"modelli_test_argomenti";"codice_azienda";"modelli_test";"id_modello_test";"FOREIGN KEY"
"mtst_agmt__mtst__fk";"modelli_test_argomenti";"codice_azienda";"modelli_test";"codice_azienda";"FOREIGN KEY"
"mtst_agmt__mtst__fk";"modelli_test_argomenti";"id_modello_test";"modelli_test";"id_modello_test";"FOREIGN KEY"
"mtst_agmt__mtst__fk";"modelli_test_argomenti";"id_modello_test";"modelli_test";"codice_azienda";"FOREIGN KEY"
"mtst_agmt_fk";"modelli_test";"id_tipo_modello_test";"tipi_modello_test";"codice_azienda";"FOREIGN KEY"
"mtst_agmt_fk";"modelli_test";"id_tipo_modello_test";"tipi_modello_test";"id_tipo_modello_test";"FOREIGN KEY"
"mtst_agmt_fk";"modelli_test";"codice_azienda";"tipi_modello_test";"codice_azienda";"FOREIGN KEY"
"mtst_agmt_fk";"modelli_test";"codice_azienda";"tipi_modello_test";"id_tipo_modello_test";"FOREIGN KEY"
"mtst_cege_fk";"modelli_test";"codice_part";"centri_gestionali";"id_centro_gest";"FOREIGN KEY"
"mtst_cege_fk";"modelli_test";"codice_part";"centri_gestionali";"codice_part";"FOREIGN KEY"
"mtst_cege_fk";"modelli_test";"id_centro_gest";"centri_gestionali";"id_centro_gest";"FOREIGN KEY"
"mtst_cege_fk";"modelli_test";"id_centro_gest";"centri_gestionali";"codice_part";"FOREIGN KEY"
"mtst_fsog_fk";"modelli_test";"id_filtro_selezione";"filtri_selezione_oggetti";"id_filtro_selezione";"FOREIGN KEY"
"mtst_mtsm_fk";"modelli_test_sottomodello";"codice_azienda";"modelli_test_risultati";"id_risultato";"FOREIGN KEY"
"mtst_mtsm_fk";"modelli_test_sottomodello";"codice_azienda";"modelli_test_risultati";"codice_azienda";"FOREIGN KEY"
"mtst_mtsm_fk";"modelli_test_sottomodello";"id_risultato";"modelli_test_risultati";"id_risultato";"FOREIGN KEY"
"mtst_mtsm_fk";"modelli_test_sottomodello";"id_risultato";"modelli_test_risultati";"codice_azienda";"FOREIGN KEY"
"mtvr__dmde_att_dis__fk";"modelli_test_vr";"codice_azienda";"domande";"id_domanda";"FOREIGN KEY"
"mtvr__dmde_att_dis__fk";"modelli_test_vr";"codice_azienda";"domande";"id_modello_test";"FOREIGN KEY"
"mtvr__dmde_att_dis__fk";"modelli_test_vr";"codice_azienda";"domande";"codice_azienda";"FOREIGN KEY"
"mtvr__dmde_att_dis__fk";"modelli_test_vr";"codice_azienda";"domande";"id_modello_test_vr";"FOREIGN KEY"
"mtvr__dmde_att_dis__fk";"modelli_test_vr";"id_modello_test_vr_att_dis";"domande";"id_domanda";"FOREIGN KEY"
"mtvr__dmde_att_dis__fk";"modelli_test_vr";"id_modello_test_vr_att_dis";"domande";"id_modello_test";"FOREIGN KEY"
"mtvr__dmde_att_dis__fk";"modelli_test_vr";"id_modello_test_vr_att_dis";"domande";"codice_azienda";"FOREIGN KEY"
"mtvr__dmde_att_dis__fk";"modelli_test_vr";"id_modello_test_vr_att_dis";"domande";"id_modello_test_vr";"FOREIGN KEY"
"mtvr__dmde_att_dis__fk";"modelli_test_vr";"id_modello_test_att_dis";"domande";"id_domanda";"FOREIGN KEY"
"mtvr__dmde_att_dis__fk";"modelli_test_vr";"id_modello_test_att_dis";"domande";"id_modello_test";"FOREIGN KEY"
"mtvr__dmde_att_dis__fk";"modelli_test_vr";"id_modello_test_att_dis";"domande";"codice_azienda";"FOREIGN KEY"
"mtvr__dmde_att_dis__fk";"modelli_test_vr";"id_modello_test_att_dis";"domande";"id_modello_test_vr";"FOREIGN KEY"
"mtvr__dmde_att_dis__fk";"modelli_test_vr";"id_domanda_att_dis";"domande";"id_domanda";"FOREIGN KEY"
"mtvr__dmde_att_dis__fk";"modelli_test_vr";"id_domanda_att_dis";"domande";"id_modello_test";"FOREIGN KEY"
"mtvr__dmde_att_dis__fk";"modelli_test_vr";"id_domanda_att_dis";"domande";"codice_azienda";"FOREIGN KEY"
"mtvr__dmde_att_dis__fk";"modelli_test_vr";"id_domanda_att_dis";"domande";"id_modello_test_vr";"FOREIGN KEY"
"mtvr__mtst_fk";"modelli_test_vr";"codice_azienda";"modelli_test";"id_modello_test";"FOREIGN KEY"
"mtvr__mtst_fk";"modelli_test_vr";"codice_azienda";"modelli_test";"codice_azienda";"FOREIGN KEY"
"mtvr__mtst_fk";"modelli_test_vr";"id_modello_test";"modelli_test";"id_modello_test";"FOREIGN KEY"
"mtvr__mtst_fk";"modelli_test_vr";"id_modello_test";"modelli_test";"codice_azienda";"FOREIGN KEY"
"mtvr__mtvr_att_dis__fk";"modelli_test_vr";"id_modello_test_vr_att_dis";"modelli_test_vr";"id_modello_test_vr";"FOREIGN KEY"
"mtvr__mtvr_att_dis__fk";"modelli_test_vr";"id_modello_test_vr_att_dis";"modelli_test_vr";"codice_azienda";"FOREIGN KEY"
"mtvr__mtvr_att_dis__fk";"modelli_test_vr";"id_modello_test_vr_att_dis";"modelli_test_vr";"id_modello_test";"FOREIGN KEY"
"mtvr__mtvr_att_dis__fk";"modelli_test_vr";"id_modello_test_att_dis";"modelli_test_vr";"id_modello_test_vr";"FOREIGN KEY"
"mtvr__mtvr_att_dis__fk";"modelli_test_vr";"id_modello_test_att_dis";"modelli_test_vr";"codice_azienda";"FOREIGN KEY"
"mtvr__mtvr_att_dis__fk";"modelli_test_vr";"id_modello_test_att_dis";"modelli_test_vr";"id_modello_test";"FOREIGN KEY"
"mtvr__mtvr_att_dis__fk";"modelli_test_vr";"codice_azienda";"modelli_test_vr";"id_modello_test_vr";"FOREIGN KEY"
"mtvr__mtvr_att_dis__fk";"modelli_test_vr";"codice_azienda";"modelli_test_vr";"codice_azienda";"FOREIGN KEY"
"mtvr__mtvr_att_dis__fk";"modelli_test_vr";"codice_azienda";"modelli_test_vr";"id_modello_test";"FOREIGN KEY"
"mtvr__rstp__fk";"modelli_test_vr";"codice_azienda";"risposte_previste";"id_domanda";"FOREIGN KEY"
"mtvr__rstp__fk";"modelli_test_vr";"codice_azienda";"risposte_previste";"id_risposta_prev";"FOREIGN KEY"
"mtvr__rstp__fk";"modelli_test_vr";"codice_azienda";"risposte_previste";"id_modello_test_vr";"FOREIGN KEY"
"mtvr__rstp__fk";"modelli_test_vr";"codice_azienda";"risposte_previste";"id_modello_test";"FOREIGN KEY"
"mtvr__rstp__fk";"modelli_test_vr";"codice_azienda";"risposte_previste";"codice_azienda";"FOREIGN KEY"
"mtvr__rstp__fk";"modelli_test_vr";"id_domanda_att_dis";"risposte_previste";"id_domanda";"FOREIGN KEY"
"mtvr__rstp__fk";"modelli_test_vr";"id_domanda_att_dis";"risposte_previste";"id_risposta_prev";"FOREIGN KEY"
"mtvr__rstp__fk";"modelli_test_vr";"id_domanda_att_dis";"risposte_previste";"id_modello_test_vr";"FOREIGN KEY"
"mtvr__rstp__fk";"modelli_test_vr";"id_domanda_att_dis";"risposte_previste";"id_modello_test";"FOREIGN KEY"
"mtvr__rstp__fk";"modelli_test_vr";"id_domanda_att_dis";"risposte_previste";"codice_azienda";"FOREIGN KEY"
"mtvr__rstp__fk";"modelli_test_vr";"id_risposta_prev_att_dis";"risposte_previste";"id_domanda";"FOREIGN KEY"
"mtvr__rstp__fk";"modelli_test_vr";"id_risposta_prev_att_dis";"risposte_previste";"id_risposta_prev";"FOREIGN KEY"
"mtvr__rstp__fk";"modelli_test_vr";"id_risposta_prev_att_dis";"risposte_previste";"id_modello_test_vr";"FOREIGN KEY"
"mtvr__rstp__fk";"modelli_test_vr";"id_risposta_prev_att_dis";"risposte_previste";"id_modello_test";"FOREIGN KEY"
"mtvr__rstp__fk";"modelli_test_vr";"id_risposta_prev_att_dis";"risposte_previste";"codice_azienda";"FOREIGN KEY"
"mtvr__rstp__fk";"modelli_test_vr";"id_modello_test_att_dis";"risposte_previste";"id_domanda";"FOREIGN KEY"
"mtvr__rstp__fk";"modelli_test_vr";"id_modello_test_att_dis";"risposte_previste";"id_risposta_prev";"FOREIGN KEY"
"mtvr__rstp__fk";"modelli_test_vr";"id_modello_test_att_dis";"risposte_previste";"id_modello_test_vr";"FOREIGN KEY"
"mtvr__rstp__fk";"modelli_test_vr";"id_modello_test_att_dis";"risposte_previste";"id_modello_test";"FOREIGN KEY"
"mtvr__rstp__fk";"modelli_test_vr";"id_modello_test_att_dis";"risposte_previste";"codice_azienda";"FOREIGN KEY"
"mtvr__rstp__fk";"modelli_test_vr";"id_modello_test_vr_att_dis";"risposte_previste";"id_domanda";"FOREIGN KEY"
"mtvr__rstp__fk";"modelli_test_vr";"id_modello_test_vr_att_dis";"risposte_previste";"id_risposta_prev";"FOREIGN KEY"
"mtvr__rstp__fk";"modelli_test_vr";"id_modello_test_vr_att_dis";"risposte_previste";"id_modello_test_vr";"FOREIGN KEY"
"mtvr__rstp__fk";"modelli_test_vr";"id_modello_test_vr_att_dis";"risposte_previste";"id_modello_test";"FOREIGN KEY"
"mtvr__rstp__fk";"modelli_test_vr";"id_modello_test_vr_att_dis";"risposte_previste";"codice_azienda";"FOREIGN KEY"
"mtvr_mtrs_fk";"modelli_test_vr";"codice_azienda";"modelli_test_risultati";"id_risultato";"FOREIGN KEY"
"mtvr_mtrs_fk";"modelli_test_vr";"codice_azienda";"modelli_test_risultati";"codice_azienda";"FOREIGN KEY"
"mtvr_mtrs_fk";"modelli_test_vr";"id_risultato";"modelli_test_risultati";"id_risultato";"FOREIGN KEY"
"mtvr_mtrs_fk";"modelli_test_vr";"id_risultato";"modelli_test_risultati";"codice_azienda";"FOREIGN KEY"
"nazi_lang_fk";"nazioni";"codice_lingua";"lingue";"codice_lingua";"FOREIGN KEY"
"nosp_anrs_fk";"note_spese";"codice_part";"anagrafiche_id";"id_anagrafica";"FOREIGN KEY"
"nosp_anrs_fk";"note_spese";"codice_part";"anagrafiche_id";"codice_part";"FOREIGN KEY"
"nosp_anrs_fk";"note_spese";"id_risorsa";"anagrafiche_id";"id_anagrafica";"FOREIGN KEY"
"nosp_anrs_fk";"note_spese";"id_risorsa";"anagrafiche_id";"codice_part";"FOREIGN KEY"
"nosp_mezz_fk";"note_spese";"targa_mezzo";"mezzi";"targa_mezzo";"FOREIGN KEY"
"nosp_mezz_fk";"note_spese";"targa_mezzo";"mezzi";"codice_azienda";"FOREIGN KEY"
"nosp_mezz_fk";"note_spese";"codice_azienda";"mezzi";"targa_mezzo";"FOREIGN KEY"
"nosp_mezz_fk";"note_spese";"codice_azienda";"mezzi";"codice_azienda";"FOREIGN KEY"
"nosr_nosp_fk";"note_spese_righe";"codice_azienda";"note_spese";"codice_azienda";"FOREIGN KEY"
"nosr_nosp_fk";"note_spese_righe";"codice_azienda";"note_spese";"id_nota_spese";"FOREIGN KEY"
"nosr_nosp_fk";"note_spese_righe";"id_nota_spese";"note_spese";"codice_azienda";"FOREIGN KEY"
"nosr_nosp_fk";"note_spese_righe";"id_nota_spese";"note_spese";"id_nota_spese";"FOREIGN KEY"
"numd_nume_fk";"numeratori_default";"codice_azienda";"numeratori";"codice_azienda";"FOREIGN KEY"
"numd_nume_fk";"numeratori_default";"codice_azienda";"numeratori";"anno";"FOREIGN KEY"
"numd_nume_fk";"numeratori_default";"codice_azienda";"numeratori";"id_numeratore";"FOREIGN KEY"
"numd_nume_fk";"numeratori_default";"id_numeratore";"numeratori";"codice_azienda";"FOREIGN KEY"
"numd_nume_fk";"numeratori_default";"id_numeratore";"numeratori";"anno";"FOREIGN KEY"
"numd_nume_fk";"numeratori_default";"id_numeratore";"numeratori";"id_numeratore";"FOREIGN KEY"
"numd_nume_fk";"numeratori_default";"anno";"numeratori";"codice_azienda";"FOREIGN KEY"
"numd_nume_fk";"numeratori_default";"anno";"numeratori";"anno";"FOREIGN KEY"
"numd_nume_fk";"numeratori_default";"anno";"numeratori";"id_numeratore";"FOREIGN KEY"
"nume_azie_fk";"numeratori";"codice_azienda";"aziende";"codice_azienda";"FOREIGN KEY"
"nume_seaz_fk";"numeratori";"codice_sede";"sedi_azienda";"codice_azienda";"FOREIGN KEY"
"nume_seaz_fk";"numeratori";"codice_sede";"sedi_azienda";"codice_sede";"FOREIGN KEY"
"nume_seaz_fk";"numeratori";"codice_azienda";"sedi_azienda";"codice_azienda";"FOREIGN KEY"
"nume_seaz_fk";"numeratori";"codice_azienda";"sedi_azienda";"codice_sede";"FOREIGN KEY"
"nume_tinu_fk";"numeratori";"codice_azienda";"tipi_numeratore";"id_numeratore";"FOREIGN KEY"
"nume_tinu_fk";"numeratori";"codice_azienda";"tipi_numeratore";"codice_azienda";"FOREIGN KEY"
"nume_tinu_fk";"numeratori";"id_numeratore";"tipi_numeratore";"id_numeratore";"FOREIGN KEY"
"nume_tinu_fk";"numeratori";"id_numeratore";"tipi_numeratore";"codice_azienda";"FOREIGN KEY"
"nvar_nvad_fk";"nv_addizionali_righe";"codice_azienda";"nv_addizionali";"data_inizio_validita";"FOREIGN KEY"
"nvar_nvad_fk";"nv_addizionali_righe";"codice_azienda";"nv_addizionali";"codice_azienda";"FOREIGN KEY"
"nvar_nvad_fk";"nv_addizionali_righe";"data_inizio_validita";"nv_addizionali";"data_inizio_validita";"FOREIGN KEY"
"nvar_nvad_fk";"nv_addizionali_righe";"data_inizio_validita";"nv_addizionali";"codice_azienda";"FOREIGN KEY"
"nvct_anid_fk";"nv_contabilizzazioni";"id_cliente";"anagrafiche_id";"codice_part";"FOREIGN KEY"
"nvct_anid_fk";"nv_contabilizzazioni";"id_cliente";"anagrafiche_id";"id_anagrafica";"FOREIGN KEY"
"nvct_anid_fk";"nv_contabilizzazioni";"codice_part";"anagrafiche_id";"codice_part";"FOREIGN KEY"
"nvct_anid_fk";"nv_contabilizzazioni";"codice_part";"anagrafiche_id";"id_anagrafica";"FOREIGN KEY"
"nvra_anid_fk";"nv_riepilogo_attivita";"id_cliente";"anagrafiche_id";"id_anagrafica";"FOREIGN KEY"
"nvra_anid_fk";"nv_riepilogo_attivita";"id_cliente";"anagrafiche_id";"codice_part";"FOREIGN KEY"
"nvra_anid_fk";"nv_riepilogo_attivita";"codice_part";"anagrafiche_id";"id_anagrafica";"FOREIGN KEY"
"nvra_anid_fk";"nv_riepilogo_attivita";"codice_part";"anagrafiche_id";"codice_part";"FOREIGN KEY"
"nvra_anid_ris_fk";"nv_riepilogo_attivita";"codice_part";"anagrafiche_id";"codice_part";"FOREIGN KEY"
"nvra_anid_ris_fk";"nv_riepilogo_attivita";"codice_part";"anagrafiche_id";"id_anagrafica";"FOREIGN KEY"
"nvra_anid_ris_fk";"nv_riepilogo_attivita";"id_risorsa";"anagrafiche_id";"codice_part";"FOREIGN KEY"
"nvra_anid_ris_fk";"nv_riepilogo_attivita";"id_risorsa";"anagrafiche_id";"id_anagrafica";"FOREIGN KEY"
"nvra_nvct_fk";"nv_riepilogo_attivita";"codice_azienda";"nv_contabilizzazioni";"codice_azienda";"FOREIGN KEY"
"nvra_nvct_fk";"nv_riepilogo_attivita";"codice_azienda";"nv_contabilizzazioni";"id_contabilizzazione";"FOREIGN KEY"
"nvra_nvct_fk";"nv_riepilogo_attivita";"id_contabilizzazione";"nv_contabilizzazioni";"codice_azienda";"FOREIGN KEY"
"nvra_nvct_fk";"nv_riepilogo_attivita";"id_contabilizzazione";"nv_contabilizzazioni";"id_contabilizzazione";"FOREIGN KEY"
"nvrr_nvra_fk";"nv_riepilogo_attivita_righe";"id_riepilogo_attivita";"nv_riepilogo_attivita";"codice_azienda";"FOREIGN KEY"
"nvrr_nvra_fk";"nv_riepilogo_attivita_righe";"id_riepilogo_attivita";"nv_riepilogo_attivita";"id_riepilogo_attivita";"FOREIGN KEY"
"nvrr_nvra_fk";"nv_riepilogo_attivita_righe";"codice_azienda";"nv_riepilogo_attivita";"codice_azienda";"FOREIGN KEY"
"nvrr_nvra_fk";"nv_riepilogo_attivita_righe";"codice_azienda";"nv_riepilogo_attivita";"id_riepilogo_attivita";"FOREIGN KEY"
"nvrt_anid_fk";"nv_rettifiche";"id_cliente";"anagrafiche_id";"id_anagrafica";"FOREIGN KEY"
"nvrt_anid_fk";"nv_rettifiche";"id_cliente";"anagrafiche_id";"codice_part";"FOREIGN KEY"
"nvrt_anid_fk";"nv_rettifiche";"codice_part";"anagrafiche_id";"id_anagrafica";"FOREIGN KEY"
"nvrt_anid_fk";"nv_rettifiche";"codice_part";"anagrafiche_id";"codice_part";"FOREIGN KEY"
"nvrt_anid_ris_fk";"nv_rettifiche";"id_risorsa";"anagrafiche_id";"id_anagrafica";"FOREIGN KEY"
"nvrt_anid_ris_fk";"nv_rettifiche";"id_risorsa";"anagrafiche_id";"codice_part";"FOREIGN KEY"
"nvrt_anid_ris_fk";"nv_rettifiche";"codice_part";"anagrafiche_id";"id_anagrafica";"FOREIGN KEY"
"nvrt_anid_ris_fk";"nv_rettifiche";"codice_part";"anagrafiche_id";"codice_part";"FOREIGN KEY"
"nvrt_nvct_fk";"nv_rettifiche";"id_contabilizzazione";"nv_contabilizzazioni";"codice_azienda";"FOREIGN KEY"
"nvrt_nvct_fk";"nv_rettifiche";"id_contabilizzazione";"nv_contabilizzazioni";"id_contabilizzazione";"FOREIGN KEY"
"nvrt_nvct_fk";"nv_rettifiche";"codice_azienda";"nv_contabilizzazioni";"codice_azienda";"FOREIGN KEY"
"nvrt_nvct_fk";"nv_rettifiche";"codice_azienda";"nv_contabilizzazioni";"id_contabilizzazione";"FOREIGN KEY"
"nvsv_anid_fk";"nv_servizi";"id_cliente";"anagrafiche_id";"codice_part";"FOREIGN KEY"
"nvsv_anid_fk";"nv_servizi";"id_cliente";"anagrafiche_id";"id_anagrafica";"FOREIGN KEY"
"nvsv_anid_fk";"nv_servizi";"codice_part";"anagrafiche_id";"codice_part";"FOREIGN KEY"
"nvsv_anid_fk";"nv_servizi";"codice_part";"anagrafiche_id";"id_anagrafica";"FOREIGN KEY"
"ocat_atti_fk";"ordini_clienti_attivita";"codice_azienda";"attivita";"codice_azienda";"FOREIGN KEY"
"ocat_atti_fk";"ordini_clienti_attivita";"codice_azienda";"attivita";"codice_attivita";"FOREIGN KEY"
"ocat_atti_fk";"ordini_clienti_attivita";"codice_attivita";"attivita";"codice_azienda";"FOREIGN KEY"
"ocat_atti_fk";"ordini_clienti_attivita";"codice_attivita";"attivita";"codice_attivita";"FOREIGN KEY"
"ocat_ocat_fk";"ordini_clienti_attivita";"prog_attivita_ordine_parent";"ordini_clienti_attivita";"codice_azienda";"FOREIGN KEY"
"ocat_ocat_fk";"ordini_clienti_attivita";"prog_attivita_ordine_parent";"ordini_clienti_attivita";"prog_attivita_ordine";"FOREIGN KEY"
"ocat_ocat_fk";"ordini_clienti_attivita";"prog_attivita_ordine_parent";"ordini_clienti_attivita";"numero_ordine";"FOREIGN KEY"
"ocat_ocat_fk";"ordini_clienti_attivita";"numero_ordine";"ordini_clienti_attivita";"codice_azienda";"FOREIGN KEY"
"ocat_ocat_fk";"ordini_clienti_attivita";"numero_ordine";"ordini_clienti_attivita";"prog_attivita_ordine";"FOREIGN KEY"
"ocat_ocat_fk";"ordini_clienti_attivita";"numero_ordine";"ordini_clienti_attivita";"numero_ordine";"FOREIGN KEY"
"ocat_ocat_fk";"ordini_clienti_attivita";"codice_azienda";"ordini_clienti_attivita";"codice_azienda";"FOREIGN KEY"
"ocat_ocat_fk";"ordini_clienti_attivita";"codice_azienda";"ordini_clienti_attivita";"prog_attivita_ordine";"FOREIGN KEY"
"ocat_ocat_fk";"ordini_clienti_attivita";"codice_azienda";"ordini_clienti_attivita";"numero_ordine";"FOREIGN KEY"
"ocat_orcl_fk";"ordini_clienti_attivita";"numero_ordine";"ordini_clienti";"codice_azienda";"FOREIGN KEY"
"ocat_orcl_fk";"ordini_clienti_attivita";"numero_ordine";"ordini_clienti";"numero_ordine";"FOREIGN KEY"
"ocat_orcl_fk";"ordini_clienti_attivita";"codice_azienda";"ordini_clienti";"codice_azienda";"FOREIGN KEY"
"ocat_orcl_fk";"ordini_clienti_attivita";"codice_azienda";"ordini_clienti";"numero_ordine";"FOREIGN KEY"
"ocat_orcr_fk";"ordini_clienti_attivita";"numero_ordine";"ordini_clienti_righe";"numero_riga";"FOREIGN KEY"
"ocat_orcr_fk";"ordini_clienti_attivita";"numero_ordine";"ordini_clienti_righe";"codice_azienda";"FOREIGN KEY"
"ocat_orcr_fk";"ordini_clienti_attivita";"numero_ordine";"ordini_clienti_righe";"numero_ordine";"FOREIGN KEY"
"ocat_orcr_fk";"ordini_clienti_attivita";"numero_riga";"ordini_clienti_righe";"numero_riga";"FOREIGN KEY"
"ocat_orcr_fk";"ordini_clienti_attivita";"numero_riga";"ordini_clienti_righe";"codice_azienda";"FOREIGN KEY"
"ocat_orcr_fk";"ordini_clienti_attivita";"numero_riga";"ordini_clienti_righe";"numero_ordine";"FOREIGN KEY"
"ocat_orcr_fk";"ordini_clienti_attivita";"codice_azienda";"ordini_clienti_righe";"numero_riga";"FOREIGN KEY"
"ocat_orcr_fk";"ordini_clienti_attivita";"codice_azienda";"ordini_clienti_righe";"codice_azienda";"FOREIGN KEY"
"ocat_orcr_fk";"ordini_clienti_attivita";"codice_azienda";"ordini_clienti_righe";"numero_ordine";"FOREIGN KEY"
"ocat_tiat_fk";"ordini_clienti_attivita";"codice_azienda";"tipi_attivita";"codice_azienda";"FOREIGN KEY"
"ocat_tiat_fk";"ordini_clienti_attivita";"codice_azienda";"tipi_attivita";"codice_tipo_attivita";"FOREIGN KEY"
"ocat_tiat_fk";"ordini_clienti_attivita";"codice_tipo_attivita";"tipi_attivita";"codice_azienda";"FOREIGN KEY"
"ocat_tiat_fk";"ordini_clienti_attivita";"codice_tipo_attivita";"tipi_attivita";"codice_tipo_attivita";"FOREIGN KEY"
"ocat_timp_fk";"ordini_clienti_attivita";"codice_azienda";"tipi_impegno";"codice_azienda";"FOREIGN KEY"
"ocat_timp_fk";"ordini_clienti_attivita";"codice_azienda";"tipi_impegno";"codice_impegno";"FOREIGN KEY"
"ocat_timp_fk";"ordini_clienti_attivita";"codice_impegno";"tipi_impegno";"codice_azienda";"FOREIGN KEY"
"ocat_timp_fk";"ordini_clienti_attivita";"codice_impegno";"tipi_impegno";"codice_impegno";"FOREIGN KEY"
"ocat_timp_fk2";"ordini_clienti_attivita";"codice_impegno_2";"tipi_impegno";"codice_impegno";"FOREIGN KEY"
"ocat_timp_fk2";"ordini_clienti_attivita";"codice_impegno_2";"tipi_impegno";"codice_azienda";"FOREIGN KEY"
"ocat_timp_fk2";"ordini_clienti_attivita";"codice_azienda";"tipi_impegno";"codice_impegno";"FOREIGN KEY"
"ocat_timp_fk2";"ordini_clienti_attivita";"codice_azienda";"tipi_impegno";"codice_azienda";"FOREIGN KEY"
"ocat_vari_fk";"ordini_clienti_attivita";"codice_variante";"articoli_varianti";"codice_azienda";"FOREIGN KEY"
"ocat_vari_fk";"ordini_clienti_attivita";"codice_variante";"articoli_varianti";"codice_variante";"FOREIGN KEY"
"ocat_vari_fk";"ordini_clienti_attivita";"codice_variante";"articoli_varianti";"id_articolo";"FOREIGN KEY"
"ocat_vari_fk";"ordini_clienti_attivita";"codice_azienda";"articoli_varianti";"codice_azienda";"FOREIGN KEY"
"ocat_vari_fk";"ordini_clienti_attivita";"codice_azienda";"articoli_varianti";"codice_variante";"FOREIGN KEY"
"ocat_vari_fk";"ordini_clienti_attivita";"codice_azienda";"articoli_varianti";"id_articolo";"FOREIGN KEY"
"ocat_vari_fk";"ordini_clienti_attivita";"id_articolo";"articoli_varianti";"codice_azienda";"FOREIGN KEY"
"ocat_vari_fk";"ordini_clienti_attivita";"id_articolo";"articoli_varianti";"codice_variante";"FOREIGN KEY"
"ocat_vari_fk";"ordini_clienti_attivita";"id_articolo";"articoli_varianti";"id_articolo";"FOREIGN KEY"
"ocof_orcl_fk";"ordini_clienti_offerte";"codice_azienda";"ordini_clienti";"codice_azienda";"FOREIGN KEY"
"ocof_orcl_fk";"ordini_clienti_offerte";"codice_azienda";"ordini_clienti";"numero_ordine";"FOREIGN KEY"
"ocof_orcl_fk";"ordini_clienti_offerte";"numero_ordine";"ordini_clienti";"codice_azienda";"FOREIGN KEY"
"ocof_orcl_fk";"ordini_clienti_offerte";"numero_ordine";"ordini_clienti";"numero_ordine";"FOREIGN KEY"
"ocof_roff_fk";"ordini_clienti_offerte";"codice_azienda";"richieste_offerta";"codice_azienda";"FOREIGN KEY"
"ocof_roff_fk";"ordini_clienti_offerte";"codice_azienda";"richieste_offerta";"numero_richiesta";"FOREIGN KEY"
"ocof_roff_fk";"ordini_clienti_offerte";"numero_offerta";"richieste_offerta";"codice_azienda";"FOREIGN KEY"
"ocof_roff_fk";"ordini_clienti_offerte";"numero_offerta";"richieste_offerta";"numero_richiesta";"FOREIGN KEY"
"ocpe_anrs_fk";"ordini_clienti_persone";"id_anagrafica";"anagrafiche_id";"id_anagrafica";"FOREIGN KEY"
"ocpe_anrs_fk";"ordini_clienti_persone";"id_anagrafica";"anagrafiche_id";"codice_part";"FOREIGN KEY"
"ocpe_anrs_fk";"ordini_clienti_persone";"codice_part";"anagrafiche_id";"id_anagrafica";"FOREIGN KEY"
"ocpe_anrs_fk";"ordini_clienti_persone";"codice_part";"anagrafiche_id";"codice_part";"FOREIGN KEY"
"ocpe_roff_fk";"ordini_clienti_persone";"numero_ordine";"ordini_clienti";"numero_ordine";"FOREIGN KEY"
"ocpe_roff_fk";"ordini_clienti_persone";"numero_ordine";"ordini_clienti";"codice_azienda";"FOREIGN KEY"
"ocpe_roff_fk";"ordini_clienti_persone";"codice_azienda";"ordini_clienti";"numero_ordine";"FOREIGN KEY"
"ocpe_roff_fk";"ordini_clienti_persone";"codice_azienda";"ordini_clienti";"codice_azienda";"FOREIGN KEY"
"ocpe_tiri_fk";"ordini_clienti_persone";"codice_azienda";"tipi_risorsa";"id_tipo_risorsa";"FOREIGN KEY"
"ocpe_tiri_fk";"ordini_clienti_persone";"codice_azienda";"tipi_risorsa";"codice_azienda";"FOREIGN KEY"
"ocpe_tiri_fk";"ordini_clienti_persone";"id_tipo_risorsa";"tipi_risorsa";"id_tipo_risorsa";"FOREIGN KEY"
"ocpe_tiri_fk";"ordini_clienti_persone";"id_tipo_risorsa";"tipi_risorsa";"codice_azienda";"FOREIGN KEY"
"ofco_ancl_fk";"offerte_concorrenti";"codice_part";"anagrafiche_id";"codice_part";"FOREIGN KEY"
"ofco_ancl_fk";"offerte_concorrenti";"codice_part";"anagrafiche_id";"id_anagrafica";"FOREIGN KEY"
"ofco_ancl_fk";"offerte_concorrenti";"id_cliente";"anagrafiche_id";"codice_part";"FOREIGN KEY"
"ofco_ancl_fk";"offerte_concorrenti";"id_cliente";"anagrafiche_id";"id_anagrafica";"FOREIGN KEY"
"ofco_anid_conc_fk";"offerte_concorrenti";"id_concorrente";"anagrafiche_id";"codice_part";"FOREIGN KEY"
"ofco_anid_conc_fk";"offerte_concorrenti";"id_concorrente";"anagrafiche_id";"id_anagrafica";"FOREIGN KEY"
"ofco_anid_conc_fk";"offerte_concorrenti";"codice_part";"anagrafiche_id";"codice_part";"FOREIGN KEY"
"ofco_anid_conc_fk";"offerte_concorrenti";"codice_part";"anagrafiche_id";"id_anagrafica";"FOREIGN KEY"
"ofco_gara_fk";"offerte_concorrenti";"id_gara_appalto";"gare_appalto";"id_gara_appalto";"FOREIGN KEY"
"ofco_gara_fk";"offerte_concorrenti";"id_gara_appalto";"gare_appalto";"codice_azienda";"FOREIGN KEY"
"ofco_gara_fk";"offerte_concorrenti";"codice_azienda";"gare_appalto";"id_gara_appalto";"FOREIGN KEY"
"ofco_gara_fk";"offerte_concorrenti";"codice_azienda";"gare_appalto";"codice_azienda";"FOREIGN KEY"
"ofcr_ofco_fk";"offerte_concorrenti_righe";"codice_azienda";"offerte_concorrenti";"id_offerta";"FOREIGN KEY"
"ofcr_ofco_fk";"offerte_concorrenti_righe";"codice_azienda";"offerte_concorrenti";"codice_azienda";"FOREIGN KEY"
"ofcr_ofco_fk";"offerte_concorrenti_righe";"id_offerta";"offerte_concorrenti";"id_offerta";"FOREIGN KEY"
"ofcr_ofco_fk";"offerte_concorrenti_righe";"id_offerta";"offerte_concorrenti";"codice_azienda";"FOREIGN KEY"
"ofcr_vari_fk";"offerte_concorrenti_righe";"id_articolo";"articoli_varianti";"codice_variante";"FOREIGN KEY"
"ofcr_vari_fk";"offerte_concorrenti_righe";"id_articolo";"articoli_varianti";"codice_azienda";"FOREIGN KEY"
"ofcr_vari_fk";"offerte_concorrenti_righe";"id_articolo";"articoli_varianti";"id_articolo";"FOREIGN KEY"
"ofcr_vari_fk";"offerte_concorrenti_righe";"codice_variante";"articoli_varianti";"codice_variante";"FOREIGN KEY"
"ofcr_vari_fk";"offerte_concorrenti_righe";"codice_variante";"articoli_varianti";"codice_azienda";"FOREIGN KEY"
"ofcr_vari_fk";"offerte_concorrenti_righe";"codice_variante";"articoli_varianti";"id_articolo";"FOREIGN KEY"
"ofcr_vari_fk";"offerte_concorrenti_righe";"codice_azienda";"articoli_varianti";"codice_variante";"FOREIGN KEY"
"ofcr_vari_fk";"offerte_concorrenti_righe";"codice_azienda";"articoli_varianti";"codice_azienda";"FOREIGN KEY"
"ofcr_vari_fk";"offerte_concorrenti_righe";"codice_azienda";"articoli_varianti";"id_articolo";"FOREIGN KEY"
"olpe_azie_fk";"olap_periodi";"codice_azienda";"aziende";"codice_azienda";"FOREIGN KEY"
"olqi_cubi_fk";"olap_query_items";"nome_cubo";"olap_cubi";"nome_cubo";"FOREIGN KEY"
"olqi_cubi_fk";"olap_query_items";"nome_cubo";"olap_cubi";"nome_modello";"FOREIGN KEY"
"olqi_cubi_fk";"olap_query_items";"nome_cubo";"olap_cubi";"codice_azienda";"FOREIGN KEY"
"olqi_cubi_fk";"olap_query_items";"codice_azienda";"olap_cubi";"nome_cubo";"FOREIGN KEY"
"olqi_cubi_fk";"olap_query_items";"codice_azienda";"olap_cubi";"nome_modello";"FOREIGN KEY"
"olqi_cubi_fk";"olap_query_items";"codice_azienda";"olap_cubi";"codice_azienda";"FOREIGN KEY"
"olqi_cubi_fk";"olap_query_items";"nome_modello";"olap_cubi";"nome_cubo";"FOREIGN KEY"
"olqi_cubi_fk";"olap_query_items";"nome_modello";"olap_cubi";"nome_modello";"FOREIGN KEY"
"olqi_cubi_fk";"olap_query_items";"nome_modello";"olap_cubi";"codice_azienda";"FOREIGN KEY"
"omad_caco_fk";"op_massive_distinte";"codice_azienda";"categorie_commerciali";"codice_cat_comm";"FOREIGN KEY"
"omad_caco_fk";"op_massive_distinte";"codice_azienda";"categorie_commerciali";"codice_azienda";"FOREIGN KEY"
"omad_caco_fk";"op_massive_distinte";"codice_cat_comm";"categorie_commerciali";"codice_cat_comm";"FOREIGN KEY"
"omad_caco_fk";"op_massive_distinte";"codice_cat_comm";"categorie_commerciali";"codice_azienda";"FOREIGN KEY"
"omad_um_fk";"op_massive_distinte";"codice_um";"unita_misura";"codice_um";"FOREIGN KEY"
"omad_um_fk";"op_massive_distinte";"codice_um";"unita_misura";"codice_azienda";"FOREIGN KEY"
"omad_um_fk";"op_massive_distinte";"codice_azienda";"unita_misura";"codice_um";"FOREIGN KEY"
"omad_um_fk";"op_massive_distinte";"codice_azienda";"unita_misura";"codice_azienda";"FOREIGN KEY"
"omad_vari_fk";"op_massive_distinte";"id_articolo";"articoli_varianti";"codice_azienda";"FOREIGN KEY"
"omad_vari_fk";"op_massive_distinte";"id_articolo";"articoli_varianti";"id_articolo";"FOREIGN KEY"
"omad_vari_fk";"op_massive_distinte";"id_articolo";"articoli_varianti";"codice_variante";"FOREIGN KEY"
"omad_vari_fk";"op_massive_distinte";"codice_azienda";"articoli_varianti";"codice_azienda";"FOREIGN KEY"
"omad_vari_fk";"op_massive_distinte";"codice_azienda";"articoli_varianti";"id_articolo";"FOREIGN KEY"
"omad_vari_fk";"op_massive_distinte";"codice_azienda";"articoli_varianti";"codice_variante";"FOREIGN KEY"
"omad_vari_fk";"op_massive_distinte";"codice_variante";"articoli_varianti";"codice_azienda";"FOREIGN KEY"
"omad_vari_fk";"op_massive_distinte";"codice_variante";"articoli_varianti";"id_articolo";"FOREIGN KEY"
"omad_vari_fk";"op_massive_distinte";"codice_variante";"articoli_varianti";"codice_variante";"FOREIGN KEY"
"omad_vari_fk_sost";"op_massive_distinte";"codice_variante_sost";"articoli_varianti";"codice_azienda";"FOREIGN KEY"
"omad_vari_fk_sost";"op_massive_distinte";"codice_variante_sost";"articoli_varianti";"codice_variante";"FOREIGN KEY"
"omad_vari_fk_sost";"op_massive_distinte";"codice_variante_sost";"articoli_varianti";"id_articolo";"FOREIGN KEY"
"omad_vari_fk_sost";"op_massive_distinte";"id_articolo_sost";"articoli_varianti";"codice_azienda";"FOREIGN KEY"
"omad_vari_fk_sost";"op_massive_distinte";"id_articolo_sost";"articoli_varianti";"codice_variante";"FOREIGN KEY"
"omad_vari_fk_sost";"op_massive_distinte";"id_articolo_sost";"articoli_varianti";"id_articolo";"FOREIGN KEY"
"omad_vari_fk_sost";"op_massive_distinte";"codice_azienda";"articoli_varianti";"codice_azienda";"FOREIGN KEY"
"omad_vari_fk_sost";"op_massive_distinte";"codice_azienda";"articoli_varianti";"codice_variante";"FOREIGN KEY"
"omad_vari_fk_sost";"op_massive_distinte";"codice_azienda";"articoli_varianti";"id_articolo";"FOREIGN KEY"
"opft_anrs_fk_op";"ordini_produzione_fasi_tempi";"id_operatore";"anagrafiche_ris";"id_anagrafica";"FOREIGN KEY"
"opft_anrs_fk_op";"ordini_produzione_fasi_tempi";"id_operatore";"anagrafiche_ris";"codice_azienda";"FOREIGN KEY"
"opft_anrs_fk_op";"ordini_produzione_fasi_tempi";"codice_azienda";"anagrafiche_ris";"id_anagrafica";"FOREIGN KEY"
"opft_anrs_fk_op";"ordini_produzione_fasi_tempi";"codice_azienda";"anagrafiche_ris";"codice_azienda";"FOREIGN KEY"
"opft_camp_fk";"ordini_produzione_fasi_tempi";"codice_causale_mp";"causali_min_persi";"codice_azienda";"FOREIGN KEY"
"opft_camp_fk";"ordini_produzione_fasi_tempi";"codice_causale_mp";"causali_min_persi";"codice_causale";"FOREIGN KEY"
"opft_camp_fk";"ordini_produzione_fasi_tempi";"codice_azienda";"causali_min_persi";"codice_azienda";"FOREIGN KEY"
"opft_camp_fk";"ordini_produzione_fasi_tempi";"codice_azienda";"causali_min_persi";"codice_causale";"FOREIGN KEY"
"opft_lasf_fk";"ordini_produzione_fasi_tempi";"codice_sottofase";"lavorazioni_sottofasi";"id_lavorazione";"FOREIGN KEY"
"opft_lasf_fk";"ordini_produzione_fasi_tempi";"codice_sottofase";"lavorazioni_sottofasi";"codice_sottofase";"FOREIGN KEY"
"opft_lasf_fk";"ordini_produzione_fasi_tempi";"codice_sottofase";"lavorazioni_sottofasi";"codice_azienda";"FOREIGN KEY"
"opft_lasf_fk";"ordini_produzione_fasi_tempi";"id_lavorazione";"lavorazioni_sottofasi";"id_lavorazione";"FOREIGN KEY"
"opft_lasf_fk";"ordini_produzione_fasi_tempi";"id_lavorazione";"lavorazioni_sottofasi";"codice_sottofase";"FOREIGN KEY"
"opft_lasf_fk";"ordini_produzione_fasi_tempi";"id_lavorazione";"lavorazioni_sottofasi";"codice_azienda";"FOREIGN KEY"
"opft_lasf_fk";"ordini_produzione_fasi_tempi";"codice_azienda";"lavorazioni_sottofasi";"id_lavorazione";"FOREIGN KEY"
"opft_lasf_fk";"ordini_produzione_fasi_tempi";"codice_azienda";"lavorazioni_sottofasi";"codice_sottofase";"FOREIGN KEY"
"opft_lasf_fk";"ordini_produzione_fasi_tempi";"codice_azienda";"lavorazioni_sottofasi";"codice_azienda";"FOREIGN KEY"
"opft_orpf_fk";"ordini_produzione_fasi_tempi";"prog_fase";"ordini_produzione_fasi";"codice_azienda";"FOREIGN KEY"
"opft_orpf_fk";"ordini_produzione_fasi_tempi";"prog_fase";"ordini_produzione_fasi";"prog_fase";"FOREIGN KEY"
"opft_orpf_fk";"ordini_produzione_fasi_tempi";"prog_fase";"ordini_produzione_fasi";"numero_ordine";"FOREIGN KEY"
"opft_orpf_fk";"ordini_produzione_fasi_tempi";"numero_ordine";"ordini_produzione_fasi";"codice_azienda";"FOREIGN KEY"
"opft_orpf_fk";"ordini_produzione_fasi_tempi";"numero_ordine";"ordini_produzione_fasi";"prog_fase";"FOREIGN KEY"
"opft_orpf_fk";"ordini_produzione_fasi_tempi";"numero_ordine";"ordini_produzione_fasi";"numero_ordine";"FOREIGN KEY"
"opft_orpf_fk";"ordini_produzione_fasi_tempi";"codice_azienda";"ordini_produzione_fasi";"codice_azienda";"FOREIGN KEY"
"opft_orpf_fk";"ordini_produzione_fasi_tempi";"codice_azienda";"ordini_produzione_fasi";"prog_fase";"FOREIGN KEY"
"opft_orpf_fk";"ordini_produzione_fasi_tempi";"codice_azienda";"ordini_produzione_fasi";"numero_ordine";"FOREIGN KEY"
"orcl_alqt_fk";"ordini_clienti";"codice_part";"aliquote";"codice_part";"FOREIGN KEY"
"orcl_alqt_fk";"ordini_clienti";"codice_part";"aliquote";"codice_aliquota";"FOREIGN KEY"
"orcl_alqt_fk";"ordini_clienti";"codice_aliquota_iva";"aliquote";"codice_part";"FOREIGN KEY"
"orcl_alqt_fk";"ordini_clienti";"codice_aliquota_iva";"aliquote";"codice_aliquota";"FOREIGN KEY"
"orcl_ancl_fk";"ordini_clienti";"codice_part";"anagrafiche_vr";"prog_vr";"FOREIGN KEY"
"orcl_ancl_fk";"ordini_clienti";"codice_part";"anagrafiche_vr";"codice_part";"FOREIGN KEY"
"orcl_ancl_fk";"ordini_clienti";"codice_part";"anagrafiche_vr";"id_anagrafica";"FOREIGN KEY"
"orcl_ancl_fk";"ordini_clienti";"id_cliente";"anagrafiche_vr";"prog_vr";"FOREIGN KEY"
"orcl_ancl_fk";"ordini_clienti";"id_cliente";"anagrafiche_vr";"codice_part";"FOREIGN KEY"
"orcl_ancl_fk";"ordini_clienti";"id_cliente";"anagrafiche_vr";"id_anagrafica";"FOREIGN KEY"
"orcl_ancl_fk";"ordini_clienti";"prog_vr_cli";"anagrafiche_vr";"prog_vr";"FOREIGN KEY"
"orcl_ancl_fk";"ordini_clienti";"prog_vr_cli";"anagrafiche_vr";"codice_part";"FOREIGN KEY"
"orcl_ancl_fk";"ordini_clienti";"prog_vr_cli";"anagrafiche_vr";"id_anagrafica";"FOREIGN KEY"
"orcl_anfr_age1_fk";"ordini_clienti";"codice_part";"anagrafiche_id";"codice_part";"FOREIGN KEY"
"orcl_anfr_age1_fk";"ordini_clienti";"codice_part";"anagrafiche_id";"id_anagrafica";"FOREIGN KEY"
"orcl_anfr_age1_fk";"ordini_clienti";"id_agente_primario";"anagrafiche_id";"codice_part";"FOREIGN KEY"
"orcl_anfr_age1_fk";"ordini_clienti";"id_agente_primario";"anagrafiche_id";"id_anagrafica";"FOREIGN KEY"
"orcl_anfr_age2_fk";"ordini_clienti";"id_agente_secondario";"anagrafiche_id";"codice_part";"FOREIGN KEY"
"orcl_anfr_age2_fk";"ordini_clienti";"id_agente_secondario";"anagrafiche_id";"id_anagrafica";"FOREIGN KEY"
"orcl_anfr_age2_fk";"ordini_clienti";"codice_part";"anagrafiche_id";"codice_part";"FOREIGN KEY"
"orcl_anfr_age2_fk";"ordini_clienti";"codice_part";"anagrafiche_id";"id_anagrafica";"FOREIGN KEY"
"orcl_anfr_cl_fk";"ordini_clienti";"codice_part";"anagrafiche_id";"codice_part";"FOREIGN KEY"
"orcl_anfr_cl_fk";"ordini_clienti";"codice_part";"anagrafiche_id";"id_anagrafica";"FOREIGN KEY"
"orcl_anfr_cl_fk";"ordini_clienti";"id_fornitore_cl";"anagrafiche_id";"codice_part";"FOREIGN KEY"
"orcl_anfr_cl_fk";"ordini_clienti";"id_fornitore_cl";"anagrafiche_id";"id_anagrafica";"FOREIGN KEY"
"orcl_anfr_vett_fk";"ordini_clienti";"codice_part";"anagrafiche_id";"id_anagrafica";"FOREIGN KEY"
"orcl_anfr_vett_fk";"ordini_clienti";"codice_part";"anagrafiche_id";"codice_part";"FOREIGN KEY"
"orcl_anfr_vett_fk";"ordini_clienti";"id_vettore";"anagrafiche_id";"id_anagrafica";"FOREIGN KEY"
"orcl_anfr_vett_fk";"ordini_clienti";"id_vettore";"anagrafiche_id";"codice_part";"FOREIGN KEY"
"orcl_anid_cc_fk";"ordini_clienti";"codice_part";"anagrafiche_id";"id_anagrafica";"FOREIGN KEY"
"orcl_anid_cc_fk";"ordini_clienti";"codice_part";"anagrafiche_id";"codice_part";"FOREIGN KEY"
"orcl_anid_cc_fk";"ordini_clienti";"id_anagrafica_cc";"anagrafiche_id";"id_anagrafica";"FOREIGN KEY"
"orcl_anid_cc_fk";"ordini_clienti";"id_anagrafica_cc";"anagrafiche_id";"codice_part";"FOREIGN KEY"
"orcl_anid_dest_fk";"ordini_clienti";"codice_part";"anagrafiche_id";"codice_part";"FOREIGN KEY"
"orcl_anid_dest_fk";"ordini_clienti";"codice_part";"anagrafiche_id";"id_anagrafica";"FOREIGN KEY"
"orcl_anid_dest_fk";"ordini_clienti";"id_destinazione";"anagrafiche_id";"codice_part";"FOREIGN KEY"
"orcl_anid_dest_fk";"ordini_clienti";"id_destinazione";"anagrafiche_id";"id_anagrafica";"FOREIGN KEY"
"orcl_arti_fk_lav";"ordini_clienti";"id_finitura";"articoli";"id_articolo";"FOREIGN KEY"
"orcl_arti_fk_lav";"ordini_clienti";"id_finitura";"articoli";"codice_azienda";"FOREIGN KEY"
"orcl_arti_fk_lav";"ordini_clienti";"codice_azienda";"articoli";"id_articolo";"FOREIGN KEY"
"orcl_arti_fk_lav";"ordini_clienti";"codice_azienda";"articoli";"codice_azienda";"FOREIGN KEY"
"orcl_bank_fk";"ordini_clienti";"codice_azienda";"conti_correnti";"codice_azienda";"FOREIGN KEY"
"orcl_bank_fk";"ordini_clienti";"codice_azienda";"conti_correnti";"id_conto_corrente";"FOREIGN KEY"
"orcl_bank_fk";"ordini_clienti";"id_conto_corrente_az";"conti_correnti";"codice_azienda";"FOREIGN KEY"
"orcl_bank_fk";"ordini_clienti";"id_conto_corrente_az";"conti_correnti";"id_conto_corrente";"FOREIGN KEY"
"orcl_cc_fk_terzi";"ordini_clienti";"codice_azienda";"conti_correnti";"codice_azienda";"FOREIGN KEY"
"orcl_cc_fk_terzi";"ordini_clienti";"codice_azienda";"conti_correnti";"id_conto_corrente";"FOREIGN KEY"
"orcl_cc_fk_terzi";"ordini_clienti";"id_conto_corrente_terzi";"conti_correnti";"codice_azienda";"FOREIGN KEY"
"orcl_cc_fk_terzi";"ordini_clienti";"id_conto_corrente_terzi";"conti_correnti";"id_conto_corrente";"FOREIGN KEY"
"orcl_ceco_fk";"ordini_clienti";"id_centro_costo";"centri_costo";"id_centro_costo";"FOREIGN KEY"
"orcl_ceco_fk";"ordini_clienti";"id_centro_costo";"centri_costo";"codice_azienda";"FOREIGN KEY"
"orcl_ceco_fk";"ordini_clienti";"codice_azienda";"centri_costo";"id_centro_costo";"FOREIGN KEY"
"orcl_ceco_fk";"ordini_clienti";"codice_azienda";"centri_costo";"codice_azienda";"FOREIGN KEY"
"orcl_cfat_fk";"ordini_clienti";"codice_azienda";"condizioni_fatturazione";"id_condizione_fatturazione";"FOREIGN KEY"
"orcl_cfat_fk";"ordini_clienti";"codice_azienda";"condizioni_fatturazione";"codice_azienda";"FOREIGN KEY"
"orcl_cfat_fk";"ordini_clienti";"id_cond_fatt";"condizioni_fatturazione";"id_condizione_fatturazione";"FOREIGN KEY"
"orcl_cfat_fk";"ordini_clienti";"id_cond_fatt";"condizioni_fatturazione";"codice_azienda";"FOREIGN KEY"
"orcl_even_fk";"ordini_clienti";"codice_azienda";"eventi";"id_evento";"FOREIGN KEY"
"orcl_even_fk";"ordini_clienti";"codice_azienda";"eventi";"codice_azienda";"FOREIGN KEY"
"orcl_even_fk";"ordini_clienti";"id_evento";"eventi";"id_evento";"FOREIGN KEY"
"orcl_even_fk";"ordini_clienti";"id_evento";"eventi";"codice_azienda";"FOREIGN KEY"
"orcl_maga_fk";"ordini_clienti";"codice_cantiere";"magazzini";"codice_azienda";"FOREIGN KEY"
"orcl_maga_fk";"ordini_clienti";"codice_cantiere";"magazzini";"codice_magazzino";"FOREIGN KEY"
"orcl_maga_fk";"ordini_clienti";"codice_azienda";"magazzini";"codice_azienda";"FOREIGN KEY"
"orcl_maga_fk";"ordini_clienti";"codice_azienda";"magazzini";"codice_magazzino";"FOREIGN KEY"
"orcl_maga_fk_da";"ordini_clienti";"codice_magazzino";"magazzini";"codice_magazzino";"FOREIGN KEY"
"orcl_maga_fk_da";"ordini_clienti";"codice_magazzino";"magazzini";"codice_azienda";"FOREIGN KEY"
"orcl_maga_fk_da";"ordini_clienti";"codice_azienda";"magazzini";"codice_magazzino";"FOREIGN KEY"
"orcl_maga_fk_da";"ordini_clienti";"codice_azienda";"magazzini";"codice_azienda";"FOREIGN KEY"
"orcl_paga_fk";"ordini_clienti";"codice_azienda";"condizioni_pagamento";"id_condizione_pagamento";"FOREIGN KEY"
"orcl_paga_fk";"ordini_clienti";"codice_azienda";"condizioni_pagamento";"codice_azienda";"FOREIGN KEY"
"orcl_paga_fk";"ordini_clienti";"id_cond_pag";"condizioni_pagamento";"id_condizione_pagamento";"FOREIGN KEY"
"orcl_paga_fk";"ordini_clienti";"id_cond_pag";"condizioni_pagamento";"codice_azienda";"FOREIGN KEY"
"orcl_rofr_fk";"ordini_clienti_righe";"codice_azienda";"richieste_offerta_righe";"prog_riga";"FOREIGN KEY"
"orcl_rofr_fk";"ordini_clienti_righe";"codice_azienda";"richieste_offerta_righe";"codice_azienda";"FOREIGN KEY"
"orcl_rofr_fk";"ordini_clienti_righe";"codice_azienda";"richieste_offerta_righe";"numero_richiesta";"FOREIGN KEY"
"orcl_rofr_fk";"ordini_clienti_righe";"numero_offerta";"richieste_offerta_righe";"prog_riga";"FOREIGN KEY"
"orcl_rofr_fk";"ordini_clienti_righe";"numero_offerta";"richieste_offerta_righe";"codice_azienda";"FOREIGN KEY"
"orcl_rofr_fk";"ordini_clienti_righe";"numero_offerta";"richieste_offerta_righe";"numero_richiesta";"FOREIGN KEY"
"orcl_rofr_fk";"ordini_clienti_righe";"prog_riga_offe";"richieste_offerta_righe";"prog_riga";"FOREIGN KEY"
"orcl_rofr_fk";"ordini_clienti_righe";"prog_riga_offe";"richieste_offerta_righe";"codice_azienda";"FOREIGN KEY"
"orcl_rofr_fk";"ordini_clienti_righe";"prog_riga_offe";"richieste_offerta_righe";"numero_richiesta";"FOREIGN KEY"
"orcl_sped_fk";"ordini_clienti";"codice_azienda";"tipi_spedizione";"codice_azienda";"FOREIGN KEY"
"orcl_sped_fk";"ordini_clienti";"codice_azienda";"tipi_spedizione";"codice";"FOREIGN KEY"
"orcl_sped_fk";"ordini_clienti";"codice_spedizione";"tipi_spedizione";"codice_azienda";"FOREIGN KEY"
"orcl_sped_fk";"ordini_clienti";"codice_spedizione";"tipi_spedizione";"codice";"FOREIGN KEY"
"orcl_tipo_fk";"ordini_clienti";"porto";"tipi_porto";"codice";"FOREIGN KEY"
"orcl_tipo_fk";"ordini_clienti";"porto";"tipi_porto";"codice_azienda";"FOREIGN KEY"
"orcl_tipo_fk";"ordini_clienti";"codice_azienda";"tipi_porto";"codice";"FOREIGN KEY"
"orcl_tipo_fk";"ordini_clienti";"codice_azienda";"tipi_porto";"codice_azienda";"FOREIGN KEY"
"orcl_um_fk";"ordini_clienti_righe";"codice_azienda";"unita_misura";"codice_um";"FOREIGN KEY"
"orcl_um_fk";"ordini_clienti_righe";"codice_azienda";"unita_misura";"codice_azienda";"FOREIGN KEY"
"orcl_um_fk";"ordini_clienti_righe";"codice_um";"unita_misura";"codice_um";"FOREIGN KEY"
"orcl_um_fk";"ordini_clienti_righe";"codice_um";"unita_misura";"codice_azienda";"FOREIGN KEY"
"orcl_unim_fk";"ordini_clienti";"codice_azienda";"unita_misura";"codice_um";"FOREIGN KEY"
"orcl_unim_fk";"ordini_clienti";"codice_azienda";"unita_misura";"codice_azienda";"FOREIGN KEY"
"orcl_unim_fk";"ordini_clienti";"codice_um_progetti";"unita_misura";"codice_um";"FOREIGN KEY"
"orcl_unim_fk";"ordini_clienti";"codice_um_progetti";"unita_misura";"codice_azienda";"FOREIGN KEY"
"orcl_valu_fk";"ordini_clienti";"codice_part";"valute";"codice_part";"FOREIGN KEY"
"orcl_valu_fk";"ordini_clienti";"codice_part";"valute";"id_valuta";"FOREIGN KEY"
"orcl_valu_fk";"ordini_clienti";"id_valuta";"valute";"codice_part";"FOREIGN KEY"
"orcl_valu_fk";"ordini_clienti";"id_valuta";"valute";"id_valuta";"FOREIGN KEY"
"orcr_alqt_fk";"ordini_clienti_righe";"codice_aliquota_iva";"aliquote";"codice_part";"FOREIGN KEY"
"orcr_alqt_fk";"ordini_clienti_righe";"codice_aliquota_iva";"aliquote";"codice_aliquota";"FOREIGN KEY"
"orcr_alqt_fk";"ordini_clienti_righe";"codice_part";"aliquote";"codice_part";"FOREIGN KEY"
"orcr_alqt_fk";"ordini_clienti_righe";"codice_part";"aliquote";"codice_aliquota";"FOREIGN KEY"
"orcr_anid_dest_fk";"ordini_clienti_righe";"codice_part";"anagrafiche_id";"codice_part";"FOREIGN KEY"
"orcr_anid_dest_fk";"ordini_clienti_righe";"codice_part";"anagrafiche_id";"id_anagrafica";"FOREIGN KEY"
"orcr_anid_dest_fk";"ordini_clienti_righe";"id_destinazione";"anagrafiche_id";"codice_part";"FOREIGN KEY"
"orcr_anid_dest_fk";"ordini_clienti_righe";"id_destinazione";"anagrafiche_id";"id_anagrafica";"FOREIGN KEY"
"orcr_ctrs_fk";"ordini_clienti_righe";"id_contratto";"contratti_risorse";"codice_azienda";"FOREIGN KEY"
"orcr_ctrs_fk";"ordini_clienti_righe";"id_contratto";"contratti_risorse";"id_contratto";"FOREIGN KEY"
"orcr_ctrs_fk";"ordini_clienti_righe";"id_contratto";"contratti_risorse";"id_contratto_risorsa";"FOREIGN KEY"
"orcr_ctrs_fk";"ordini_clienti_righe";"codice_azienda";"contratti_risorse";"codice_azienda";"FOREIGN KEY"
"orcr_ctrs_fk";"ordini_clienti_righe";"codice_azienda";"contratti_risorse";"id_contratto";"FOREIGN KEY"
"orcr_ctrs_fk";"ordini_clienti_righe";"codice_azienda";"contratti_risorse";"id_contratto_risorsa";"FOREIGN KEY"
"orcr_ctrs_fk";"ordini_clienti_righe";"id_contratto_risorsa";"contratti_risorse";"codice_azienda";"FOREIGN KEY"
"orcr_ctrs_fk";"ordini_clienti_righe";"id_contratto_risorsa";"contratti_risorse";"id_contratto";"FOREIGN KEY"
"orcr_ctrs_fk";"ordini_clienti_righe";"id_contratto_risorsa";"contratti_risorse";"id_contratto_risorsa";"FOREIGN KEY"
"orcr_orcl_fk";"ordini_clienti_righe";"numero_ordine";"ordini_clienti";"codice_azienda";"FOREIGN KEY"
"orcr_orcl_fk";"ordini_clienti_righe";"numero_ordine";"ordini_clienti";"numero_ordine";"FOREIGN KEY"
"orcr_orcl_fk";"ordini_clienti_righe";"codice_azienda";"ordini_clienti";"codice_azienda";"FOREIGN KEY"
"orcr_orcl_fk";"ordini_clienti_righe";"codice_azienda";"ordini_clienti";"numero_ordine";"FOREIGN KEY"
"orcr_tiim_fk";"ordini_clienti_righe";"id_tipo_imballo";"tipi_imballo";"codice_azienda";"FOREIGN KEY"
"orcr_tiim_fk";"ordini_clienti_righe";"id_tipo_imballo";"tipi_imballo";"id_tipo_imballo";"FOREIGN KEY"
"orcr_tiim_fk";"ordini_clienti_righe";"codice_azienda";"tipi_imballo";"codice_azienda";"FOREIGN KEY"
"orcr_tiim_fk";"ordini_clienti_righe";"codice_azienda";"tipi_imballo";"id_tipo_imballo";"FOREIGN KEY"
"orcr_vari_fk";"ordini_clienti_righe";"codice_variante";"articoli_varianti";"codice_variante";"FOREIGN KEY"
"orcr_vari_fk";"ordini_clienti_righe";"codice_variante";"articoli_varianti";"codice_azienda";"FOREIGN KEY"
"orcr_vari_fk";"ordini_clienti_righe";"codice_variante";"articoli_varianti";"id_articolo";"FOREIGN KEY"
"orcr_vari_fk";"ordini_clienti_righe";"codice_azienda";"articoli_varianti";"codice_variante";"FOREIGN KEY"
"orcr_vari_fk";"ordini_clienti_righe";"codice_azienda";"articoli_varianti";"codice_azienda";"FOREIGN KEY"
"orcr_vari_fk";"ordini_clienti_righe";"codice_azienda";"articoli_varianti";"id_articolo";"FOREIGN KEY"
"orcr_vari_fk";"ordini_clienti_righe";"id_articolo";"articoli_varianti";"codice_variante";"FOREIGN KEY"
"orcr_vari_fk";"ordini_clienti_righe";"id_articolo";"articoli_varianti";"codice_azienda";"FOREIGN KEY"
"orcr_vari_fk";"ordini_clienti_righe";"id_articolo";"articoli_varianti";"id_articolo";"FOREIGN KEY"
"orep_azie_fk";"object_reports_az";"codice_azienda";"aziende";"codice_azienda";"FOREIGN KEY"
"orep_repo_fk";"object_reports_az";"context_object";"object_reports";"context_object";"FOREIGN KEY"
"orep_repo_fk";"object_reports_az";"context_object";"object_reports";"alias";"FOREIGN KEY"
"orep_repo_fk";"object_reports_az";"alias";"object_reports";"context_object";"FOREIGN KEY"
"orep_repo_fk";"object_reports_az";"alias";"object_reports";"alias";"FOREIGN KEY"
"orep_tedo_fk";"object_reports_az";"codice_azienda";"template_documenti";"id_template";"FOREIGN KEY"
"orep_tedo_fk";"object_reports_az";"codice_azienda";"template_documenti";"codice_azienda";"FOREIGN KEY"
"orep_tedo_fk";"object_reports_az";"id_template";"template_documenti";"id_template";"FOREIGN KEY"
"orep_tedo_fk";"object_reports_az";"id_template";"template_documenti";"codice_azienda";"FOREIGN KEY"
"orfo_alqt_fk";"ordini_fornitori";"codice_aliquota_iva";"aliquote";"codice_aliquota";"FOREIGN KEY"
"orfo_alqt_fk";"ordini_fornitori";"codice_aliquota_iva";"aliquote";"codice_part";"FOREIGN KEY"
"orfo_alqt_fk";"ordini_fornitori";"codice_part";"aliquote";"codice_aliquota";"FOREIGN KEY"
"orfo_alqt_fk";"ordini_fornitori";"codice_part";"aliquote";"codice_part";"FOREIGN KEY"
"orfo_anfr_vett_fk";"ordini_fornitori";"id_vettore";"anagrafiche_id";"codice_part";"FOREIGN KEY"
"orfo_anfr_vett_fk";"ordini_fornitori";"id_vettore";"anagrafiche_id";"id_anagrafica";"FOREIGN KEY"
"orfo_anfr_vett_fk";"ordini_fornitori";"codice_part";"anagrafiche_id";"codice_part";"FOREIGN KEY"
"orfo_anfr_vett_fk";"ordini_fornitori";"codice_part";"anagrafiche_id";"id_anagrafica";"FOREIGN KEY"
"orfo_anvr_dest_fk";"ordini_fornitori";"prog_vr_dest";"anagrafiche_vr";"codice_part";"FOREIGN KEY"
"orfo_anvr_dest_fk";"ordini_fornitori";"prog_vr_dest";"anagrafiche_vr";"prog_vr";"FOREIGN KEY"
"orfo_anvr_dest_fk";"ordini_fornitori";"prog_vr_dest";"anagrafiche_vr";"id_anagrafica";"FOREIGN KEY"
"orfo_anvr_dest_fk";"ordini_fornitori";"codice_part";"anagrafiche_vr";"codice_part";"FOREIGN KEY"
"orfo_anvr_dest_fk";"ordini_fornitori";"codice_part";"anagrafiche_vr";"prog_vr";"FOREIGN KEY"
"orfo_anvr_dest_fk";"ordini_fornitori";"codice_part";"anagrafiche_vr";"id_anagrafica";"FOREIGN KEY"
"orfo_anvr_dest_fk";"ordini_fornitori";"id_destinazione";"anagrafiche_vr";"codice_part";"FOREIGN KEY"
"orfo_anvr_dest_fk";"ordini_fornitori";"id_destinazione";"anagrafiche_vr";"prog_vr";"FOREIGN KEY"
"orfo_anvr_dest_fk";"ordini_fornitori";"id_destinazione";"anagrafiche_vr";"id_anagrafica";"FOREIGN KEY"
"orfo_anvr_dscl_fk";"ordini_fornitori";"prog_vr_cl";"anagrafiche_vr";"codice_part";"FOREIGN KEY"
"orfo_anvr_dscl_fk";"ordini_fornitori";"prog_vr_cl";"anagrafiche_vr";"id_anagrafica";"FOREIGN KEY"
"orfo_anvr_dscl_fk";"ordini_fornitori";"prog_vr_cl";"anagrafiche_vr";"prog_vr";"FOREIGN KEY"
"orfo_anvr_dscl_fk";"ordini_fornitori";"codice_part";"anagrafiche_vr";"codice_part";"FOREIGN KEY"
"orfo_anvr_dscl_fk";"ordini_fornitori";"codice_part";"anagrafiche_vr";"id_anagrafica";"FOREIGN KEY"
"orfo_anvr_dscl_fk";"ordini_fornitori";"codice_part";"anagrafiche_vr";"prog_vr";"FOREIGN KEY"
"orfo_anvr_dscl_fk";"ordini_fornitori";"id_destinazione_cl";"anagrafiche_vr";"codice_part";"FOREIGN KEY"
"orfo_anvr_dscl_fk";"ordini_fornitori";"id_destinazione_cl";"anagrafiche_vr";"id_anagrafica";"FOREIGN KEY"
"orfo_anvr_dscl_fk";"ordini_fornitori";"id_destinazione_cl";"anagrafiche_vr";"prog_vr";"FOREIGN KEY"
"orfo_anvr_fk";"ordini_fornitori";"id_fornitore";"anagrafiche_vr";"codice_part";"FOREIGN KEY"
"orfo_anvr_fk";"ordini_fornitori";"id_fornitore";"anagrafiche_vr";"id_anagrafica";"FOREIGN KEY"
"orfo_anvr_fk";"ordini_fornitori";"id_fornitore";"anagrafiche_vr";"prog_vr";"FOREIGN KEY"
"orfo_anvr_fk";"ordini_fornitori";"codice_part";"anagrafiche_vr";"codice_part";"FOREIGN KEY"
"orfo_anvr_fk";"ordini_fornitori";"codice_part";"anagrafiche_vr";"id_anagrafica";"FOREIGN KEY"
"orfo_anvr_fk";"ordini_fornitori";"codice_part";"anagrafiche_vr";"prog_vr";"FOREIGN KEY"
"orfo_anvr_fk";"ordini_fornitori";"prog_vr_forn";"anagrafiche_vr";"codice_part";"FOREIGN KEY"
"orfo_anvr_fk";"ordini_fornitori";"prog_vr_forn";"anagrafiche_vr";"id_anagrafica";"FOREIGN KEY"
"orfo_anvr_fk";"ordini_fornitori";"prog_vr_forn";"anagrafiche_vr";"prog_vr";"FOREIGN KEY"
"orfo_anvr_fk_int";"ordini_fornitori";"id_intestatario";"anagrafiche_vr";"codice_part";"FOREIGN KEY"
"orfo_anvr_fk_int";"ordini_fornitori";"id_intestatario";"anagrafiche_vr";"id_anagrafica";"FOREIGN KEY"
"orfo_anvr_fk_int";"ordini_fornitori";"id_intestatario";"anagrafiche_vr";"prog_vr";"FOREIGN KEY"
"orfo_anvr_fk_int";"ordini_fornitori";"prog_vr_int";"anagrafiche_vr";"codice_part";"FOREIGN KEY"
"orfo_anvr_fk_int";"ordini_fornitori";"prog_vr_int";"anagrafiche_vr";"id_anagrafica";"FOREIGN KEY"
"orfo_anvr_fk_int";"ordini_fornitori";"prog_vr_int";"anagrafiche_vr";"prog_vr";"FOREIGN KEY"
"orfo_anvr_fk_int";"ordini_fornitori";"codice_part";"anagrafiche_vr";"codice_part";"FOREIGN KEY"
"orfo_anvr_fk_int";"ordini_fornitori";"codice_part";"anagrafiche_vr";"id_anagrafica";"FOREIGN KEY"
"orfo_anvr_fk_int";"ordini_fornitori";"codice_part";"anagrafiche_vr";"prog_vr";"FOREIGN KEY"
"orfo_bank_fk";"ordini_fornitori";"id_conto_corrente_az";"conti_correnti";"codice_azienda";"FOREIGN KEY"
"orfo_bank_fk";"ordini_fornitori";"id_conto_corrente_az";"conti_correnti";"id_conto_corrente";"FOREIGN KEY"
"orfo_bank_fk";"ordini_fornitori";"codice_azienda";"conti_correnti";"codice_azienda";"FOREIGN KEY"
"orfo_bank_fk";"ordini_fornitori";"codice_azienda";"conti_correnti";"id_conto_corrente";"FOREIGN KEY"
"orfo_even_fk";"ordini_fornitori";"codice_azienda";"eventi";"codice_azienda";"FOREIGN KEY"
"orfo_even_fk";"ordini_fornitori";"codice_azienda";"eventi";"id_evento";"FOREIGN KEY"
"orfo_even_fk";"ordini_fornitori";"id_evento";"eventi";"codice_azienda";"FOREIGN KEY"
"orfo_even_fk";"ordini_fornitori";"id_evento";"eventi";"id_evento";"FOREIGN KEY"
"orfo_orcl_fk";"ordini_fornitori";"numero_ordine_cliente";"ordini_clienti";"codice_azienda";"FOREIGN KEY"
"orfo_orcl_fk";"ordini_fornitori";"numero_ordine_cliente";"ordini_clienti";"numero_ordine";"FOREIGN KEY"
"orfo_orcl_fk";"ordini_fornitori";"codice_azienda";"ordini_clienti";"codice_azienda";"FOREIGN KEY"
"orfo_orcl_fk";"ordini_fornitori";"codice_azienda";"ordini_clienti";"numero_ordine";"FOREIGN KEY"
"orfo_paga_fk";"ordini_fornitori";"codice_azienda";"condizioni_pagamento";"id_condizione_pagamento";"FOREIGN KEY"
"orfo_paga_fk";"ordini_fornitori";"codice_azienda";"condizioni_pagamento";"codice_azienda";"FOREIGN KEY"
"orfo_paga_fk";"ordini_fornitori";"id_cond_pag";"condizioni_pagamento";"id_condizione_pagamento";"FOREIGN KEY"
"orfo_paga_fk";"ordini_fornitori";"id_cond_pag";"condizioni_pagamento";"codice_azienda";"FOREIGN KEY"
"orfo_sped_fk";"ordini_fornitori";"codice_spedizione";"tipi_spedizione";"codice_azienda";"FOREIGN KEY"
"orfo_sped_fk";"ordini_fornitori";"codice_spedizione";"tipi_spedizione";"codice";"FOREIGN KEY"
"orfo_sped_fk";"ordini_fornitori";"codice_azienda";"tipi_spedizione";"codice_azienda";"FOREIGN KEY"
"orfo_sped_fk";"ordini_fornitori";"codice_azienda";"tipi_spedizione";"codice";"FOREIGN KEY"
"orfo_valu_fk";"ordini_fornitori";"codice_part";"valute";"id_valuta";"FOREIGN KEY"
"orfo_valu_fk";"ordini_fornitori";"codice_part";"valute";"codice_part";"FOREIGN KEY"
"orfo_valu_fk";"ordini_fornitori";"id_valuta";"valute";"id_valuta";"FOREIGN KEY"
"orfo_valu_fk";"ordini_fornitori";"id_valuta";"valute";"codice_part";"FOREIGN KEY"
"orfr_alqt_fk";"ordini_fornitori_righe";"codice_part";"aliquote";"codice_aliquota";"FOREIGN KEY"
"orfr_alqt_fk";"ordini_fornitori_righe";"codice_part";"aliquote";"codice_part";"FOREIGN KEY"
"orfr_alqt_fk";"ordini_fornitori_righe";"codice_aliquota_iva";"aliquote";"codice_aliquota";"FOREIGN KEY"
"orfr_alqt_fk";"ordini_fornitori_righe";"codice_aliquota_iva";"aliquote";"codice_part";"FOREIGN KEY"
"orfr_cc_fk_terzi";"ordini_fornitori";"codice_azienda";"conti_correnti";"codice_azienda";"FOREIGN KEY"
"orfr_cc_fk_terzi";"ordini_fornitori";"codice_azienda";"conti_correnti";"id_conto_corrente";"FOREIGN KEY"
"orfr_cc_fk_terzi";"ordini_fornitori";"id_conto_corrente_terzi";"conti_correnti";"codice_azienda";"FOREIGN KEY"
"orfr_cc_fk_terzi";"ordini_fornitori";"id_conto_corrente_terzi";"conti_correnti";"id_conto_corrente";"FOREIGN KEY"
"orfr_lsta_fk";"ordini_fornitori_righe";"id_listino";"listini_acquisto";"id_listino";"FOREIGN KEY"
"orfr_lsta_fk";"ordini_fornitori_righe";"id_listino";"listini_acquisto";"codice_azienda";"FOREIGN KEY"
"orfr_lsta_fk";"ordini_fornitori_righe";"codice_azienda";"listini_acquisto";"id_listino";"FOREIGN KEY"
"orfr_lsta_fk";"ordini_fornitori_righe";"codice_azienda";"listini_acquisto";"codice_azienda";"FOREIGN KEY"
"orfr_orfo_fk";"ordini_fornitori_righe";"numero_ordine";"ordini_fornitori";"codice_azienda";"FOREIGN KEY"
"orfr_orfo_fk";"ordini_fornitori_righe";"numero_ordine";"ordini_fornitori";"numero_ordine";"FOREIGN KEY"
"orfr_orfo_fk";"ordini_fornitori_righe";"codice_azienda";"ordini_fornitori";"codice_azienda";"FOREIGN KEY"
"orfr_orfo_fk";"ordini_fornitori_righe";"codice_azienda";"ordini_fornitori";"numero_ordine";"FOREIGN KEY"
"orfr_tipo_fk";"ordini_fornitori";"porto";"tipi_porto";"codice_azienda";"FOREIGN KEY"
"orfr_tipo_fk";"ordini_fornitori";"porto";"tipi_porto";"codice";"FOREIGN KEY"
"orfr_tipo_fk";"ordini_fornitori";"codice_azienda";"tipi_porto";"codice_azienda";"FOREIGN KEY"
"orfr_tipo_fk";"ordini_fornitori";"codice_azienda";"tipi_porto";"codice";"FOREIGN KEY"
"orfr_um_fk_acq";"ordini_fornitori_righe";"codice_azienda";"unita_misura";"codice_azienda";"FOREIGN KEY"
"orfr_um_fk_acq";"ordini_fornitori_righe";"codice_azienda";"unita_misura";"codice_um";"FOREIGN KEY"
"orfr_um_fk_acq";"ordini_fornitori_righe";"codice_um_acquisto";"unita_misura";"codice_azienda";"FOREIGN KEY"
"orfr_um_fk_acq";"ordini_fornitori_righe";"codice_um_acquisto";"unita_misura";"codice_um";"FOREIGN KEY"
"orfr_vari_fk";"ordini_fornitori_righe";"codice_variante";"articoli_varianti";"codice_azienda";"FOREIGN KEY"
"orfr_vari_fk";"ordini_fornitori_righe";"codice_variante";"articoli_varianti";"id_articolo";"FOREIGN KEY"
"orfr_vari_fk";"ordini_fornitori_righe";"codice_variante";"articoli_varianti";"codice_variante";"FOREIGN KEY"
"orfr_vari_fk";"ordini_fornitori_righe";"id_articolo";"articoli_varianti";"codice_azienda";"FOREIGN KEY"
"orfr_vari_fk";"ordini_fornitori_righe";"id_articolo";"articoli_varianti";"id_articolo";"FOREIGN KEY"
"orfr_vari_fk";"ordini_fornitori_righe";"id_articolo";"articoli_varianti";"codice_variante";"FOREIGN KEY"
"orfr_vari_fk";"ordini_fornitori_righe";"codice_azienda";"articoli_varianti";"codice_azienda";"FOREIGN KEY"
"orfr_vari_fk";"ordini_fornitori_righe";"codice_azienda";"articoli_varianti";"id_articolo";"FOREIGN KEY"
"orfr_vari_fk";"ordini_fornitori_righe";"codice_azienda";"articoli_varianti";"codice_variante";"FOREIGN KEY"
"orpd_even_fk";"ordini_produzione";"id_evento";"eventi";"codice_azienda";"FOREIGN KEY"
"orpd_even_fk";"ordini_produzione";"id_evento";"eventi";"id_evento";"FOREIGN KEY"
"orpd_even_fk";"ordini_produzione";"codice_azienda";"eventi";"codice_azienda";"FOREIGN KEY"
"orpd_even_fk";"ordini_produzione";"codice_azienda";"eventi";"id_evento";"FOREIGN KEY"
"orpd_orpd_fk";"ordini_produzione";"codice_azienda";"ordini_produzione";"codice_azienda";"FOREIGN KEY"
"orpd_orpd_fk";"ordini_produzione";"codice_azienda";"ordini_produzione";"numero_ordine";"FOREIGN KEY"
"orpd_orpd_fk";"ordini_produzione";"numero_ordine_pri";"ordini_produzione";"codice_azienda";"FOREIGN KEY"
"orpd_orpd_fk";"ordini_produzione";"numero_ordine_pri";"ordini_produzione";"numero_ordine";"FOREIGN KEY"
"orpf_cicf_fk";"ordini_produzione_fasi";"prog_fase";"cicli_produzione_fasi";"prog_fase";"FOREIGN KEY"
"orpf_cicf_fk";"ordini_produzione_fasi";"prog_fase";"cicli_produzione_fasi";"codice_azienda";"FOREIGN KEY"
"orpf_cicf_fk";"ordini_produzione_fasi";"prog_fase";"cicli_produzione_fasi";"codice_ciclo";"FOREIGN KEY"
"orpf_cicf_fk";"ordini_produzione_fasi";"codice_azienda";"cicli_produzione_fasi";"prog_fase";"FOREIGN KEY"
"orpf_cicf_fk";"ordini_produzione_fasi";"codice_azienda";"cicli_produzione_fasi";"codice_azienda";"FOREIGN KEY"
"orpf_cicf_fk";"ordini_produzione_fasi";"codice_azienda";"cicli_produzione_fasi";"codice_ciclo";"FOREIGN KEY"
"orpf_cicf_fk";"ordini_produzione_fasi";"codice_ciclo";"cicli_produzione_fasi";"prog_fase";"FOREIGN KEY"
"orpf_cicf_fk";"ordini_produzione_fasi";"codice_ciclo";"cicli_produzione_fasi";"codice_azienda";"FOREIGN KEY"
"orpf_cicf_fk";"ordini_produzione_fasi";"codice_ciclo";"cicli_produzione_fasi";"codice_ciclo";"FOREIGN KEY"
"orpf_line_fk";"ordini_produzione_fasi";"id_stabilimento";"linee_produzione";"id_stabilimento";"FOREIGN KEY"
"orpf_line_fk";"ordini_produzione_fasi";"id_stabilimento";"linee_produzione";"codice_linea";"FOREIGN KEY"
"orpf_line_fk";"ordini_produzione_fasi";"id_stabilimento";"linee_produzione";"codice_azienda";"FOREIGN KEY"
"orpf_line_fk";"ordini_produzione_fasi";"codice_azienda";"linee_produzione";"id_stabilimento";"FOREIGN KEY"
"orpf_line_fk";"ordini_produzione_fasi";"codice_azienda";"linee_produzione";"codice_linea";"FOREIGN KEY"
"orpf_line_fk";"ordini_produzione_fasi";"codice_azienda";"linee_produzione";"codice_azienda";"FOREIGN KEY"
"orpf_line_fk";"ordini_produzione_fasi";"codice_linea";"linee_produzione";"id_stabilimento";"FOREIGN KEY"
"orpf_line_fk";"ordini_produzione_fasi";"codice_linea";"linee_produzione";"codice_linea";"FOREIGN KEY"
"orpf_line_fk";"ordini_produzione_fasi";"codice_linea";"linee_produzione";"codice_azienda";"FOREIGN KEY"
"orpf_orfo_fk";"ordini_produzione_fasi";"numero_ordine_cl";"ordini_fornitori";"numero_ordine";"FOREIGN KEY"
"orpf_orfo_fk";"ordini_produzione_fasi";"numero_ordine_cl";"ordini_fornitori";"codice_azienda";"FOREIGN KEY"
"orpf_orfo_fk";"ordini_produzione_fasi";"codice_azienda";"ordini_fornitori";"numero_ordine";"FOREIGN KEY"
"orpf_orfo_fk";"ordini_produzione_fasi";"codice_azienda";"ordini_fornitori";"codice_azienda";"FOREIGN KEY"
"orpf_orpr_fk";"ordini_produzione_fasi";"codice_azienda";"ordini_produzione";"codice_azienda";"FOREIGN KEY"
"orpf_orpr_fk";"ordini_produzione_fasi";"codice_azienda";"ordini_produzione";"numero_ordine";"FOREIGN KEY"
"orpf_orpr_fk";"ordini_produzione_fasi";"numero_ordine";"ordini_produzione";"codice_azienda";"FOREIGN KEY"
"orpf_orpr_fk";"ordini_produzione_fasi";"numero_ordine";"ordini_produzione";"numero_ordine";"FOREIGN KEY"
"orpr_bolr_fk";"ordini_produzione";"numero_riga_bolla";"bolle_righe";"codice_azienda";"FOREIGN KEY"
"orpr_bolr_fk";"ordini_produzione";"numero_riga_bolla";"bolle_righe";"numero_riga";"FOREIGN KEY"
"orpr_bolr_fk";"ordini_produzione";"numero_riga_bolla";"bolle_righe";"numero_bolla";"FOREIGN KEY"
"orpr_bolr_fk";"ordini_produzione";"numero_riga_bolla";"bolle_righe";"codice_magazzino";"FOREIGN KEY"
"orpr_bolr_fk";"ordini_produzione";"numero_bolla";"bolle_righe";"codice_azienda";"FOREIGN KEY"
"orpr_bolr_fk";"ordini_produzione";"numero_bolla";"bolle_righe";"numero_riga";"FOREIGN KEY"
"orpr_bolr_fk";"ordini_produzione";"numero_bolla";"bolle_righe";"numero_bolla";"FOREIGN KEY"
"orpr_bolr_fk";"ordini_produzione";"numero_bolla";"bolle_righe";"codice_magazzino";"FOREIGN KEY"
"orpr_bolr_fk";"ordini_produzione";"codice_azienda";"bolle_righe";"codice_azienda";"FOREIGN KEY"
"orpr_bolr_fk";"ordini_produzione";"codice_azienda";"bolle_righe";"numero_riga";"FOREIGN KEY"
"orpr_bolr_fk";"ordini_produzione";"codice_azienda";"bolle_righe";"numero_bolla";"FOREIGN KEY"
"orpr_bolr_fk";"ordini_produzione";"codice_azienda";"bolle_righe";"codice_magazzino";"FOREIGN KEY"
"orpr_bolr_fk";"ordini_produzione";"codice_magazzino";"bolle_righe";"codice_azienda";"FOREIGN KEY"
"orpr_bolr_fk";"ordini_produzione";"codice_magazzino";"bolle_righe";"numero_riga";"FOREIGN KEY"
"orpr_bolr_fk";"ordini_produzione";"codice_magazzino";"bolle_righe";"numero_bolla";"FOREIGN KEY"
"orpr_bolr_fk";"ordini_produzione";"codice_magazzino";"bolle_righe";"codice_magazzino";"FOREIGN KEY"
"orpr_maga_fk";"ordini_produzione";"codice_azienda";"magazzini";"codice_magazzino";"FOREIGN KEY"
"orpr_maga_fk";"ordini_produzione";"codice_azienda";"magazzini";"codice_azienda";"FOREIGN KEY"
"orpr_maga_fk";"ordini_produzione";"codice_magazzino";"magazzini";"codice_magazzino";"FOREIGN KEY"
"orpr_maga_fk";"ordini_produzione";"codice_magazzino";"magazzini";"codice_azienda";"FOREIGN KEY"
"orpr_orcr_fk";"ordini_produzione";"numero_riga_orcl";"ordini_clienti_righe";"numero_ordine";"FOREIGN KEY"
"orpr_orcr_fk";"ordini_produzione";"numero_riga_orcl";"ordini_clienti_righe";"numero_riga";"FOREIGN KEY"
"orpr_orcr_fk";"ordini_produzione";"numero_riga_orcl";"ordini_clienti_righe";"codice_azienda";"FOREIGN KEY"
"orpr_orcr_fk";"ordini_produzione";"codice_azienda";"ordini_clienti_righe";"numero_ordine";"FOREIGN KEY"
"orpr_orcr_fk";"ordini_produzione";"codice_azienda";"ordini_clienti_righe";"numero_riga";"FOREIGN KEY"
"orpr_orcr_fk";"ordini_produzione";"codice_azienda";"ordini_clienti_righe";"codice_azienda";"FOREIGN KEY"
"orpr_orcr_fk";"ordini_produzione";"numero_ordine_cli";"ordini_clienti_righe";"numero_ordine";"FOREIGN KEY"
"orpr_orcr_fk";"ordini_produzione";"numero_ordine_cli";"ordini_clienti_righe";"numero_riga";"FOREIGN KEY"
"orpr_orcr_fk";"ordini_produzione";"numero_ordine_cli";"ordini_clienti_righe";"codice_azienda";"FOREIGN KEY"
"orpr_vari_fk";"ordini_produzione";"codice_variante";"articoli_varianti";"codice_azienda";"FOREIGN KEY"
"orpr_vari_fk";"ordini_produzione";"codice_variante";"articoli_varianti";"codice_variante";"FOREIGN KEY"
"orpr_vari_fk";"ordini_produzione";"codice_variante";"articoli_varianti";"id_articolo";"FOREIGN KEY"
"orpr_vari_fk";"ordini_produzione";"id_articolo";"articoli_varianti";"codice_azienda";"FOREIGN KEY"
"orpr_vari_fk";"ordini_produzione";"id_articolo";"articoli_varianti";"codice_variante";"FOREIGN KEY"
"orpr_vari_fk";"ordini_produzione";"id_articolo";"articoli_varianti";"id_articolo";"FOREIGN KEY"
"orpr_vari_fk";"ordini_produzione";"codice_azienda";"articoli_varianti";"codice_azienda";"FOREIGN KEY"
"orpr_vari_fk";"ordini_produzione";"codice_azienda";"articoli_varianti";"codice_variante";"FOREIGN KEY"
"orpr_vari_fk";"ordini_produzione";"codice_azienda";"articoli_varianti";"id_articolo";"FOREIGN KEY"
"orrc_anid_fk";"object_reports_rcpt";"codice_part";"anagrafiche_id";"id_anagrafica";"FOREIGN KEY"
"orrc_anid_fk";"object_reports_rcpt";"codice_part";"anagrafiche_id";"codice_part";"FOREIGN KEY"
"orrc_anid_fk";"object_reports_rcpt";"id_anagrafica";"anagrafiche_id";"id_anagrafica";"FOREIGN KEY"
"orrc_anid_fk";"object_reports_rcpt";"id_anagrafica";"anagrafiche_id";"codice_part";"FOREIGN KEY"
"orrc_orep_fk";"object_reports_rcpt";"context_object";"object_reports_az";"context_object";"FOREIGN KEY"
"orrc_orep_fk";"object_reports_rcpt";"context_object";"object_reports_az";"codice_azienda";"FOREIGN KEY"
"orrc_orep_fk";"object_reports_rcpt";"context_object";"object_reports_az";"alias";"FOREIGN KEY"
"orrc_orep_fk";"object_reports_rcpt";"codice_azienda";"object_reports_az";"context_object";"FOREIGN KEY"
"orrc_orep_fk";"object_reports_rcpt";"codice_azienda";"object_reports_az";"codice_azienda";"FOREIGN KEY"
"orrc_orep_fk";"object_reports_rcpt";"codice_azienda";"object_reports_az";"alias";"FOREIGN KEY"
"orrc_orep_fk";"object_reports_rcpt";"alias";"object_reports_az";"context_object";"FOREIGN KEY"
"orrc_orep_fk";"object_reports_rcpt";"alias";"object_reports_az";"codice_azienda";"FOREIGN KEY"
"orrc_orep_fk";"object_reports_rcpt";"alias";"object_reports_az";"alias";"FOREIGN KEY"
"orsk_azie_fk";"object_reports_sched";"codice_azienda";"aziende";"codice_azienda";"FOREIGN KEY"
"orsk_repo_fk";"object_reports_sched";"alias";"object_reports";"alias";"FOREIGN KEY"
"orsk_repo_fk";"object_reports_sched";"alias";"object_reports";"context_object";"FOREIGN KEY"
"orsk_repo_fk";"object_reports_sched";"context_object";"object_reports";"alias";"FOREIGN KEY"
"orsk_repo_fk";"object_reports_sched";"context_object";"object_reports";"context_object";"FOREIGN KEY"
"pace_azie_fk";"parametri_cee";"codice_azienda";"aziende";"codice_azienda";"FOREIGN KEY"
"pace_cee_fk";"parametri_cee";"id_cee";"cee";"id_cee";"FOREIGN KEY"
"pace_ctce_fk";"parametri_cee";"id_conto_cee";"conti_cee";"id_conto_cee";"FOREIGN KEY"
"pamo_doc_fk_intleg";"partitario_movim";"codice_azienda";"documenti";"codice_azienda";"FOREIGN KEY"
"pamo_doc_fk_intleg";"partitario_movim";"codice_azienda";"documenti";"id_documento";"FOREIGN KEY"
"pamo_doc_fk_intleg";"partitario_movim";"id_doc_intleg";"documenti";"codice_azienda";"FOREIGN KEY"
"pamo_doc_fk_intleg";"partitario_movim";"id_doc_intleg";"documenti";"id_documento";"FOREIGN KEY"
"pamo_docu_fk";"partitario_movim";"codice_azienda";"documenti";"id_documento";"FOREIGN KEY"
"pamo_docu_fk";"partitario_movim";"codice_azienda";"documenti";"codice_azienda";"FOREIGN KEY"
"pamo_docu_fk";"partitario_movim";"id_documento";"documenti";"id_documento";"FOREIGN KEY"
"pamo_docu_fk";"partitario_movim";"id_documento";"documenti";"codice_azienda";"FOREIGN KEY"
"pamo_docu_part_fk";"partitario_movim";"id_documento_partita";"documenti";"codice_azienda";"FOREIGN KEY"
"pamo_docu_part_fk";"partitario_movim";"id_documento_partita";"documenti";"id_documento";"FOREIGN KEY"
"pamo_docu_part_fk";"partitario_movim";"codice_azienda";"documenti";"codice_azienda";"FOREIGN KEY"
"pamo_docu_part_fk";"partitario_movim";"codice_azienda";"documenti";"id_documento";"FOREIGN KEY"
"pamo_docu_part_mstr_fk";"partitario_movim";"codice_azienda";"documenti";"codice_azienda";"FOREIGN KEY"
"pamo_docu_part_mstr_fk";"partitario_movim";"codice_azienda";"documenti";"id_documento";"FOREIGN KEY"
"pamo_docu_part_mstr_fk";"partitario_movim";"id_documento_partita_master";"documenti";"codice_azienda";"FOREIGN KEY"
"pamo_docu_part_mstr_fk";"partitario_movim";"id_documento_partita_master";"documenti";"id_documento";"FOREIGN KEY"
"pamo_drip_fk";"partitario_movim";"codice_azienda";"documenti_righe_inc_pag";"codice_azienda";"FOREIGN KEY"
"pamo_drip_fk";"partitario_movim";"codice_azienda";"documenti_righe_inc_pag";"id_riga_inc_pag";"FOREIGN KEY"
"pamo_drip_fk";"partitario_movim";"codice_azienda";"documenti_righe_inc_pag";"id_documento";"FOREIGN KEY"
"pamo_drip_fk";"partitario_movim";"id_documento";"documenti_righe_inc_pag";"codice_azienda";"FOREIGN KEY"
"pamo_drip_fk";"partitario_movim";"id_documento";"documenti_righe_inc_pag";"id_riga_inc_pag";"FOREIGN KEY"
"pamo_drip_fk";"partitario_movim";"id_documento";"documenti_righe_inc_pag";"id_documento";"FOREIGN KEY"
"pamo_drip_fk";"partitario_movim";"id_riga_inc_pag";"documenti_righe_inc_pag";"codice_azienda";"FOREIGN KEY"
"pamo_drip_fk";"partitario_movim";"id_riga_inc_pag";"documenti_righe_inc_pag";"id_riga_inc_pag";"FOREIGN KEY"
"pamo_drip_fk";"partitario_movim";"id_riga_inc_pag";"documenti_righe_inc_pag";"id_documento";"FOREIGN KEY"
"pamo_pamo_fk";"partitario_movim";"id_partitario_movim_cp";"partitario_movim";"codice_azienda";"FOREIGN KEY"
"pamo_pamo_fk";"partitario_movim";"id_partitario_movim_cp";"partitario_movim";"id_partitario_movim";"FOREIGN KEY"
"pamo_pamo_fk";"partitario_movim";"codice_azienda";"partitario_movim";"codice_azienda";"FOREIGN KEY"
"pamo_pamo_fk";"partitario_movim";"codice_azienda";"partitario_movim";"id_partitario_movim";"FOREIGN KEY"
"pamo_pamo_ra_fk";"partitario_movim";"codice_azienda";"partitario_movim";"id_partitario_movim";"FOREIGN KEY"
"pamo_pamo_ra_fk";"partitario_movim";"codice_azienda";"partitario_movim";"codice_azienda";"FOREIGN KEY"
"pamo_pamo_ra_fk";"partitario_movim";"id_partitario_movim_ra";"partitario_movim";"id_partitario_movim";"FOREIGN KEY"
"pamo_pamo_ra_fk";"partitario_movim";"id_partitario_movim_ra";"partitario_movim";"codice_azienda";"FOREIGN KEY"
"pamo_part_fk";"partitario_movim";"id_partitario";"partitario";"codice_azienda";"FOREIGN KEY"
"pamo_part_fk";"partitario_movim";"id_partitario";"partitario";"id_partitario";"FOREIGN KEY"
"pamo_part_fk";"partitario_movim";"codice_azienda";"partitario";"codice_azienda";"FOREIGN KEY"
"pamo_part_fk";"partitario_movim";"codice_azienda";"partitario";"id_partitario";"FOREIGN KEY"
"pamo_rido_fk";"partitario_movim";"codice_azienda";"righe_documento";"codice_azienda";"FOREIGN KEY"
"pamo_rido_fk";"partitario_movim";"codice_azienda";"righe_documento";"id_riga_documento";"FOREIGN KEY"
"pamo_rido_fk";"partitario_movim";"codice_azienda";"righe_documento";"id_documento";"FOREIGN KEY"
"pamo_rido_fk";"partitario_movim";"id_documento";"righe_documento";"codice_azienda";"FOREIGN KEY"
"pamo_rido_fk";"partitario_movim";"id_documento";"righe_documento";"id_riga_documento";"FOREIGN KEY"
"pamo_rido_fk";"partitario_movim";"id_documento";"righe_documento";"id_documento";"FOREIGN KEY"
"pamo_rido_fk";"partitario_movim";"id_riga_documento";"righe_documento";"codice_azienda";"FOREIGN KEY"
"pamo_rido_fk";"partitario_movim";"id_riga_documento";"righe_documento";"id_riga_documento";"FOREIGN KEY"
"pamo_rido_fk";"partitario_movim";"id_riga_documento";"righe_documento";"id_documento";"FOREIGN KEY"
"papg_azie_fk";"partitario_pagamenti";"codice_azienda";"aziende";"codice_azienda";"FOREIGN KEY"
"part_anid_fk";"partitario";"id_anagrafica";"anagrafiche_id";"id_anagrafica";"FOREIGN KEY"
"part_anid_fk";"partitario";"id_anagrafica";"anagrafiche_id";"codice_part";"FOREIGN KEY"
"part_anid_fk";"partitario";"codice_part";"anagrafiche_id";"id_anagrafica";"FOREIGN KEY"
"part_anid_fk";"partitario";"codice_part";"anagrafiche_id";"codice_part";"FOREIGN KEY"
"part_azie_fk";"partitario";"codice_azienda";"aziende";"codice_azienda";"FOREIGN KEY"
"part_cari_fk";"partitario";"codice_causale_rit";"causali_ritenute";"codice_causale_rit";"FOREIGN KEY"
"part_ccaz_fk";"partitario";"id_conto_corrente_az";"conti_correnti";"id_conto_corrente";"FOREIGN KEY"
"part_ccaz_fk";"partitario";"id_conto_corrente_az";"conti_correnti";"codice_azienda";"FOREIGN KEY"
"part_ccaz_fk";"partitario";"codice_azienda";"conti_correnti";"id_conto_corrente";"FOREIGN KEY"
"part_ccaz_fk";"partitario";"codice_azienda";"conti_correnti";"codice_azienda";"FOREIGN KEY"
"part_ccte_fk";"partitario";"id_conto_corrente_terzi";"conti_correnti";"id_conto_corrente";"FOREIGN KEY"
"part_ccte_fk";"partitario";"id_conto_corrente_terzi";"conti_correnti";"codice_azienda";"FOREIGN KEY"
"part_ccte_fk";"partitario";"codice_azienda";"conti_correnti";"id_conto_corrente";"FOREIGN KEY"
"part_ccte_fk";"partitario";"codice_azienda";"conti_correnti";"codice_azienda";"FOREIGN KEY"
"part_docu_fk";"partitario";"codice_azienda";"documenti";"codice_azienda";"FOREIGN KEY"
"part_docu_fk";"partitario";"codice_azienda";"documenti";"id_documento";"FOREIGN KEY"
"part_docu_fk";"partitario";"id_documento";"documenti";"codice_azienda";"FOREIGN KEY"
"part_docu_fk";"partitario";"id_documento";"documenti";"id_documento";"FOREIGN KEY"
"part_docu_liq_fk";"partitario_movim";"codice_azienda";"documenti";"codice_azienda";"FOREIGN KEY"
"part_docu_liq_fk";"partitario_movim";"codice_azienda";"documenti";"id_documento";"FOREIGN KEY"
"part_docu_liq_fk";"partitario_movim";"id_documento_liq";"documenti";"codice_azienda";"FOREIGN KEY"
"part_docu_liq_fk";"partitario_movim";"id_documento_liq";"documenti";"id_documento";"FOREIGN KEY"
"part_docu_part_fk";"partitario";"codice_azienda";"documenti";"codice_azienda";"FOREIGN KEY"
"part_docu_part_fk";"partitario";"codice_azienda";"documenti";"id_documento";"FOREIGN KEY"
"part_docu_part_fk";"partitario";"id_documento_partita";"documenti";"codice_azienda";"FOREIGN KEY"
"part_docu_part_fk";"partitario";"id_documento_partita";"documenti";"id_documento";"FOREIGN KEY"
"part_docu_part_mstr_fk";"partitario";"id_documento_partita_master";"documenti";"id_documento";"FOREIGN KEY"
"part_docu_part_mstr_fk";"partitario";"id_documento_partita_master";"documenti";"codice_azienda";"FOREIGN KEY"
"part_docu_part_mstr_fk";"partitario";"codice_azienda";"documenti";"id_documento";"FOREIGN KEY"
"part_docu_part_mstr_fk";"partitario";"codice_azienda";"documenti";"codice_azienda";"FOREIGN KEY"
"part_drip_fk";"partitario";"id_riga_inc_pag";"documenti_righe_inc_pag";"id_documento";"FOREIGN KEY"
"part_drip_fk";"partitario";"id_riga_inc_pag";"documenti_righe_inc_pag";"id_riga_inc_pag";"FOREIGN KEY"
"part_drip_fk";"partitario";"id_riga_inc_pag";"documenti_righe_inc_pag";"codice_azienda";"FOREIGN KEY"
"part_drip_fk";"partitario";"codice_azienda";"documenti_righe_inc_pag";"id_documento";"FOREIGN KEY"
"part_drip_fk";"partitario";"codice_azienda";"documenti_righe_inc_pag";"id_riga_inc_pag";"FOREIGN KEY"
"part_drip_fk";"partitario";"codice_azienda";"documenti_righe_inc_pag";"codice_azienda";"FOREIGN KEY"
"part_drip_fk";"partitario";"id_documento";"documenti_righe_inc_pag";"id_documento";"FOREIGN KEY"
"part_drip_fk";"partitario";"id_documento";"documenti_righe_inc_pag";"id_riga_inc_pag";"FOREIGN KEY"
"part_drip_fk";"partitario";"id_documento";"documenti_righe_inc_pag";"codice_azienda";"FOREIGN KEY"
"part_pamo_fk";"partitario";"id_partitario_movim_rit";"partitario_movim";"id_partitario_movim";"FOREIGN KEY"
"part_pamo_fk";"partitario";"id_partitario_movim_rit";"partitario_movim";"codice_azienda";"FOREIGN KEY"
"part_pamo_fk";"partitario";"codice_azienda";"partitario_movim";"id_partitario_movim";"FOREIGN KEY"
"part_pamo_fk";"partitario";"codice_azienda";"partitario_movim";"codice_azienda";"FOREIGN KEY"
"part_pamo_inso_fk";"partitario";"codice_azienda";"partitario_movim";"codice_azienda";"FOREIGN KEY"
"part_pamo_inso_fk";"partitario";"codice_azienda";"partitario_movim";"id_partitario_movim";"FOREIGN KEY"
"part_pamo_inso_fk";"partitario";"id_partitario_movim_inso";"partitario_movim";"codice_azienda";"FOREIGN KEY"
"part_pamo_inso_fk";"partitario";"id_partitario_movim_inso";"partitario_movim";"id_partitario_movim";"FOREIGN KEY"
"part_part_fk";"partitario";"codice_azienda";"partitario";"id_partitario";"FOREIGN KEY"
"part_part_fk";"partitario";"codice_azienda";"partitario";"codice_azienda";"FOREIGN KEY"
"part_part_fk";"partitario";"id_partitario_rit";"partitario";"id_partitario";"FOREIGN KEY"
"part_part_fk";"partitario";"id_partitario_rit";"partitario";"codice_azienda";"FOREIGN KEY"
"part_part_inso_fk";"partitario";"codice_azienda";"partitario";"codice_azienda";"FOREIGN KEY"
"part_part_inso_fk";"partitario";"codice_azienda";"partitario";"id_partitario";"FOREIGN KEY"
"part_part_inso_fk";"partitario";"id_partitario_inso";"partitario";"codice_azienda";"FOREIGN KEY"
"part_part_inso_fk";"partitario";"id_partitario_inso";"partitario";"id_partitario";"FOREIGN KEY"
"part_ptop_inso_fk";"partitario";"id_partitario_op_inso";"partitario_operazioni";"id_partitario_op";"FOREIGN KEY"
"part_ptop_inso_fk";"partitario";"id_partitario_op_inso";"partitario_operazioni";"id_partitario";"FOREIGN KEY"
"part_ptop_inso_fk";"partitario";"id_partitario_op_inso";"partitario_operazioni";"codice_azienda";"FOREIGN KEY"
"part_ptop_inso_fk";"partitario";"id_partitario_inso";"partitario_operazioni";"id_partitario_op";"FOREIGN KEY"
"part_ptop_inso_fk";"partitario";"id_partitario_inso";"partitario_operazioni";"id_partitario";"FOREIGN KEY"
"part_ptop_inso_fk";"partitario";"id_partitario_inso";"partitario_operazioni";"codice_azienda";"FOREIGN KEY"
"part_ptop_inso_fk";"partitario";"codice_azienda";"partitario_operazioni";"id_partitario_op";"FOREIGN KEY"
"part_ptop_inso_fk";"partitario";"codice_azienda";"partitario_operazioni";"id_partitario";"FOREIGN KEY"
"part_ptop_inso_fk";"partitario";"codice_azienda";"partitario_operazioni";"codice_azienda";"FOREIGN KEY"
"part_rido_fk";"partitario";"id_documento";"righe_documento";"codice_azienda";"FOREIGN KEY"
"part_rido_fk";"partitario";"id_documento";"righe_documento";"id_riga_documento";"FOREIGN KEY"
"part_rido_fk";"partitario";"id_documento";"righe_documento";"id_documento";"FOREIGN KEY"
"part_rido_fk";"partitario";"id_riga_documento";"righe_documento";"codice_azienda";"FOREIGN KEY"
"part_rido_fk";"partitario";"id_riga_documento";"righe_documento";"id_riga_documento";"FOREIGN KEY"
"part_rido_fk";"partitario";"id_riga_documento";"righe_documento";"id_documento";"FOREIGN KEY"
"part_rido_fk";"partitario";"codice_azienda";"righe_documento";"codice_azienda";"FOREIGN KEY"
"part_rido_fk";"partitario";"codice_azienda";"righe_documento";"id_riga_documento";"FOREIGN KEY"
"part_rido_fk";"partitario";"codice_azienda";"righe_documento";"id_documento";"FOREIGN KEY"
"pccl_anid_fk";"prezzi_cat_comm_lv";"codice_part";"anagrafiche_id";"id_anagrafica";"FOREIGN KEY"
"pccl_anid_fk";"prezzi_cat_comm_lv";"codice_part";"anagrafiche_id";"codice_part";"FOREIGN KEY"
"pccl_anid_fk";"prezzi_cat_comm_lv";"id_cliente";"anagrafiche_id";"id_anagrafica";"FOREIGN KEY"
"pccl_anid_fk";"prezzi_cat_comm_lv";"id_cliente";"anagrafiche_id";"codice_part";"FOREIGN KEY"
"pccl_caco_fk";"prezzi_cat_comm_lv";"codice_cat_comm";"categorie_commerciali";"codice_cat_comm";"FOREIGN KEY"
"pccl_caco_fk";"prezzi_cat_comm_lv";"codice_cat_comm";"categorie_commerciali";"codice_azienda";"FOREIGN KEY"
"pccl_caco_fk";"prezzi_cat_comm_lv";"codice_azienda";"categorie_commerciali";"codice_cat_comm";"FOREIGN KEY"
"pccl_caco_fk";"prezzi_cat_comm_lv";"codice_azienda";"categorie_commerciali";"codice_azienda";"FOREIGN KEY"
"pccl_vari_fk";"prezzi_cat_comm_lv";"id_articolo";"articoli_varianti";"id_articolo";"FOREIGN KEY"
"pccl_vari_fk";"prezzi_cat_comm_lv";"id_articolo";"articoli_varianti";"codice_azienda";"FOREIGN KEY"
"pccl_vari_fk";"prezzi_cat_comm_lv";"id_articolo";"articoli_varianti";"codice_variante";"FOREIGN KEY"
"pccl_vari_fk";"prezzi_cat_comm_lv";"codice_azienda";"articoli_varianti";"id_articolo";"FOREIGN KEY"
"pccl_vari_fk";"prezzi_cat_comm_lv";"codice_azienda";"articoli_varianti";"codice_azienda";"FOREIGN KEY"
"pccl_vari_fk";"prezzi_cat_comm_lv";"codice_azienda";"articoli_varianti";"codice_variante";"FOREIGN KEY"
"pccl_vari_fk";"prezzi_cat_comm_lv";"codice_variante";"articoli_varianti";"id_articolo";"FOREIGN KEY"
"pccl_vari_fk";"prezzi_cat_comm_lv";"codice_variante";"articoli_varianti";"codice_azienda";"FOREIGN KEY"
"pccl_vari_fk";"prezzi_cat_comm_lv";"codice_variante";"articoli_varianti";"codice_variante";"FOREIGN KEY"
"pcda__tpcs__fk";"procedure_aziendali";"codice_azienda";"tipi_processi";"id_tipo_processo";"FOREIGN KEY"
"pcda__tpcs__fk";"procedure_aziendali";"codice_azienda";"tipi_processi";"codice_azienda";"FOREIGN KEY"
"pcda__tpcs__fk";"procedure_aziendali";"id_tipo_processo";"tipi_processi";"id_tipo_processo";"FOREIGN KEY"
"pcda__tpcs__fk";"procedure_aziendali";"id_tipo_processo";"tipi_processi";"codice_azienda";"FOREIGN KEY"
"pcda_cege_fk";"procedure_aziendali";"id_centro_gest";"centri_gestionali";"codice_part";"FOREIGN KEY"
"pcda_cege_fk";"procedure_aziendali";"id_centro_gest";"centri_gestionali";"id_centro_gest";"FOREIGN KEY"
"pcda_cege_fk";"procedure_aziendali";"codice_part";"centri_gestionali";"codice_part";"FOREIGN KEY"
"pcda_cege_fk";"procedure_aziendali";"codice_part";"centri_gestionali";"id_centro_gest";"FOREIGN KEY"
"pcda_pcda_fk";"procedure_aziendali";"codice_azienda";"procedure_aziendali";"id_procedura";"FOREIGN KEY"
"pcda_pcda_fk";"procedure_aziendali";"codice_azienda";"procedure_aziendali";"codice_azienda";"FOREIGN KEY"
"pcda_pcda_fk";"procedure_aziendali";"id_procedura_parent";"procedure_aziendali";"id_procedura";"FOREIGN KEY"
"pcda_pcda_fk";"procedure_aziendali";"id_procedura_parent";"procedure_aziendali";"codice_azienda";"FOREIGN KEY"
"pdc_azie_fk";"pdc";"codice_azienda";"aziende";"codice_azienda";"FOREIGN KEY"
"pdc_part_fk";"pdc";"codice_part";"partizioni";"codice_part";"FOREIGN KEY"
"pdc_tefi_fk";"pdc";"codice_template_fiscale";"template_fiscali";"codice_part";"FOREIGN KEY"
"pdc_tefi_fk";"pdc";"codice_template_fiscale";"template_fiscali";"codice_template_fiscale";"FOREIGN KEY"
"pdc_tefi_fk";"pdc";"codice_part";"template_fiscali";"codice_part";"FOREIGN KEY"
"pdc_tefi_fk";"pdc";"codice_part";"template_fiscali";"codice_template_fiscale";"FOREIGN KEY"
"pefa_azie_fk";"periodi_fatturazione";"codice_azienda";"aziende";"codice_azienda";"FOREIGN KEY"
"pena_alqt_fk";"periodi_enasarco_att";"codice_part";"aliquote";"codice_aliquota";"FOREIGN KEY"
"pena_alqt_fk";"periodi_enasarco_att";"codice_part";"aliquote";"codice_part";"FOREIGN KEY"
"pena_alqt_fk";"periodi_enasarco_att";"codice_aliquota_iva";"aliquote";"codice_aliquota";"FOREIGN KEY"
"pena_alqt_fk";"periodi_enasarco_att";"codice_aliquota_iva";"aliquote";"codice_part";"FOREIGN KEY"
"pena_anid_age_fk";"periodi_enasarco_att";"id_agente";"anagrafiche_id";"codice_part";"FOREIGN KEY"
"pena_anid_age_fk";"periodi_enasarco_att";"id_agente";"anagrafiche_id";"id_anagrafica";"FOREIGN KEY"
"pena_anid_age_fk";"periodi_enasarco_att";"codice_part";"anagrafiche_id";"codice_part";"FOREIGN KEY"
"pena_anid_age_fk";"periodi_enasarco_att";"codice_part";"anagrafiche_id";"id_anagrafica";"FOREIGN KEY"
"pena_anid_cli_fk";"periodi_enasarco_att";"id_cliente";"anagrafiche_id";"codice_part";"FOREIGN KEY"
"pena_anid_cli_fk";"periodi_enasarco_att";"id_cliente";"anagrafiche_id";"id_anagrafica";"FOREIGN KEY"
"pena_anid_cli_fk";"periodi_enasarco_att";"codice_part";"anagrafiche_id";"codice_part";"FOREIGN KEY"
"pena_anid_cli_fk";"periodi_enasarco_att";"codice_part";"anagrafiche_id";"id_anagrafica";"FOREIGN KEY"
"pena_cari_fk";"periodi_enasarco_att";"codice_causale_rit";"causali_ritenute";"codice_causale_rit";"FOREIGN KEY"
"penp_alqt_fk";"periodi_enasarco_pass";"codice_aliquota_iva";"aliquote";"codice_part";"FOREIGN KEY"
"penp_alqt_fk";"periodi_enasarco_pass";"codice_aliquota_iva";"aliquote";"codice_aliquota";"FOREIGN KEY"
"penp_alqt_fk";"periodi_enasarco_pass";"codice_part";"aliquote";"codice_part";"FOREIGN KEY"
"penp_alqt_fk";"periodi_enasarco_pass";"codice_part";"aliquote";"codice_aliquota";"FOREIGN KEY"
"penp_anfr_fk";"periodi_enasarco_pass";"codice_part";"anagrafiche_id";"codice_part";"FOREIGN KEY"
"penp_anfr_fk";"periodi_enasarco_pass";"codice_part";"anagrafiche_id";"id_anagrafica";"FOREIGN KEY"
"penp_anfr_fk";"periodi_enasarco_pass";"id_agente";"anagrafiche_id";"codice_part";"FOREIGN KEY"
"penp_anfr_fk";"periodi_enasarco_pass";"id_agente";"anagrafiche_id";"id_anagrafica";"FOREIGN KEY"
"penp_cari_fk";"periodi_enasarco_pass";"codice_causale_rit";"causali_ritenute";"codice_causale_rit";"FOREIGN KEY"
"pick_ancl_fk";"picking";"codice_part";"anagrafiche_id";"codice_part";"FOREIGN KEY"
"pick_ancl_fk";"picking";"codice_part";"anagrafiche_id";"id_anagrafica";"FOREIGN KEY"
"pick_ancl_fk";"picking";"id_cliente";"anagrafiche_id";"codice_part";"FOREIGN KEY"
"pick_ancl_fk";"picking";"id_cliente";"anagrafiche_id";"id_anagrafica";"FOREIGN KEY"
"pick_anfr_fk";"picking";"id_fornitore";"anagrafiche_id";"codice_part";"FOREIGN KEY"
"pick_anfr_fk";"picking";"id_fornitore";"anagrafiche_id";"id_anagrafica";"FOREIGN KEY"
"pick_anfr_fk";"picking";"codice_part";"anagrafiche_id";"codice_part";"FOREIGN KEY"
"pick_anfr_fk";"picking";"codice_part";"anagrafiche_id";"id_anagrafica";"FOREIGN KEY"
"pick_anid_dest_fk";"picking";"codice_part";"anagrafiche_id";"id_anagrafica";"FOREIGN KEY"
"pick_anid_dest_fk";"picking";"codice_part";"anagrafiche_id";"codice_part";"FOREIGN KEY"
"pick_anid_dest_fk";"picking";"id_destinazione";"anagrafiche_id";"id_anagrafica";"FOREIGN KEY"
"pick_anid_dest_fk";"picking";"id_destinazione";"anagrafiche_id";"codice_part";"FOREIGN KEY"
"pick_anid_destcl_fk";"picking";"codice_part";"anagrafiche_id";"id_anagrafica";"FOREIGN KEY"
"pick_anid_destcl_fk";"picking";"codice_part";"anagrafiche_id";"codice_part";"FOREIGN KEY"
"pick_anid_destcl_fk";"picking";"id_destinazione_cl";"anagrafiche_id";"id_anagrafica";"FOREIGN KEY"
"pick_anid_destcl_fk";"picking";"id_destinazione_cl";"anagrafiche_id";"codice_part";"FOREIGN KEY"
"pick_arti_fk";"picking";"id_lavorazione";"articoli";"id_articolo";"FOREIGN KEY"
"pick_arti_fk";"picking";"id_lavorazione";"articoli";"codice_azienda";"FOREIGN KEY"
"pick_arti_fk";"picking";"codice_azienda";"articoli";"id_articolo";"FOREIGN KEY"
"pick_arti_fk";"picking";"codice_azienda";"articoli";"codice_azienda";"FOREIGN KEY"
"pick_caub_fk";"picking";"codice_causale";"causali_bolle";"codice_causale";"FOREIGN KEY"
"pick_caub_fk";"picking";"codice_causale";"causali_bolle";"codice_azienda";"FOREIGN KEY"
"pick_caub_fk";"picking";"codice_azienda";"causali_bolle";"codice_causale";"FOREIGN KEY"
"pick_caub_fk";"picking";"codice_azienda";"causali_bolle";"codice_azienda";"FOREIGN KEY"
"pick_maga_fk";"picking";"codice_azienda";"magazzini";"codice_azienda";"FOREIGN KEY"
"pick_maga_fk";"picking";"codice_azienda";"magazzini";"codice_magazzino";"FOREIGN KEY"
"pick_maga_fk";"picking";"codice_magazzino";"magazzini";"codice_azienda";"FOREIGN KEY"
"pick_maga_fk";"picking";"codice_magazzino";"magazzini";"codice_magazzino";"FOREIGN KEY"
"pick_orfo_fk";"picking";"numero_ordine_cl";"ordini_fornitori";"numero_ordine";"FOREIGN KEY"
"pick_orfo_fk";"picking";"numero_ordine_cl";"ordini_fornitori";"codice_azienda";"FOREIGN KEY"
"pick_orfo_fk";"picking";"codice_azienda";"ordini_fornitori";"numero_ordine";"FOREIGN KEY"
"pick_orfo_fk";"picking";"codice_azienda";"ordini_fornitori";"codice_azienda";"FOREIGN KEY"
"pikr_fboa_fk";"picking_righe";"numero_ordine_for";"fabbisogni_ordini_acquisto";"id_articolo";"FOREIGN KEY"
"pikr_fboa_fk";"picking_righe";"numero_ordine_for";"fabbisogni_ordini_acquisto";"codice_variante";"FOREIGN KEY"
"pikr_fboa_fk";"picking_righe";"numero_ordine_for";"fabbisogni_ordini_acquisto";"numero_riga";"FOREIGN KEY"
"pikr_fboa_fk";"picking_righe";"numero_ordine_for";"fabbisogni_ordini_acquisto";"numero_ordine";"FOREIGN KEY"
"pikr_fboa_fk";"picking_righe";"numero_ordine_for";"fabbisogni_ordini_acquisto";"codice_azienda";"FOREIGN KEY"
"pikr_fboa_fk";"picking_righe";"codice_variante";"fabbisogni_ordini_acquisto";"id_articolo";"FOREIGN KEY"
"pikr_fboa_fk";"picking_righe";"codice_variante";"fabbisogni_ordini_acquisto";"codice_variante";"FOREIGN KEY"
"pikr_fboa_fk";"picking_righe";"codice_variante";"fabbisogni_ordini_acquisto";"numero_riga";"FOREIGN KEY"
"pikr_fboa_fk";"picking_righe";"codice_variante";"fabbisogni_ordini_acquisto";"numero_ordine";"FOREIGN KEY"
"pikr_fboa_fk";"picking_righe";"codice_variante";"fabbisogni_ordini_acquisto";"codice_azienda";"FOREIGN KEY"
"pikr_fboa_fk";"picking_righe";"codice_azienda";"fabbisogni_ordini_acquisto";"id_articolo";"FOREIGN KEY"
"pikr_fboa_fk";"picking_righe";"codice_azienda";"fabbisogni_ordini_acquisto";"codice_variante";"FOREIGN KEY"
"pikr_fboa_fk";"picking_righe";"codice_azienda";"fabbisogni_ordini_acquisto";"numero_riga";"FOREIGN KEY"
"pikr_fboa_fk";"picking_righe";"codice_azienda";"fabbisogni_ordini_acquisto";"numero_ordine";"FOREIGN KEY"
"pikr_fboa_fk";"picking_righe";"codice_azienda";"fabbisogni_ordini_acquisto";"codice_azienda";"FOREIGN KEY"
"pikr_fboa_fk";"picking_righe";"id_articolo";"fabbisogni_ordini_acquisto";"id_articolo";"FOREIGN KEY"
"pikr_fboa_fk";"picking_righe";"id_articolo";"fabbisogni_ordini_acquisto";"codice_variante";"FOREIGN KEY"
"pikr_fboa_fk";"picking_righe";"id_articolo";"fabbisogni_ordini_acquisto";"numero_riga";"FOREIGN KEY"
"pikr_fboa_fk";"picking_righe";"id_articolo";"fabbisogni_ordini_acquisto";"numero_ordine";"FOREIGN KEY"
"pikr_fboa_fk";"picking_righe";"id_articolo";"fabbisogni_ordini_acquisto";"codice_azienda";"FOREIGN KEY"
"pikr_fboa_fk";"picking_righe";"numero_riga_orfr";"fabbisogni_ordini_acquisto";"id_articolo";"FOREIGN KEY"
"pikr_fboa_fk";"picking_righe";"numero_riga_orfr";"fabbisogni_ordini_acquisto";"codice_variante";"FOREIGN KEY"
"pikr_fboa_fk";"picking_righe";"numero_riga_orfr";"fabbisogni_ordini_acquisto";"numero_riga";"FOREIGN KEY"
"pikr_fboa_fk";"picking_righe";"numero_riga_orfr";"fabbisogni_ordini_acquisto";"numero_ordine";"FOREIGN KEY"
"pikr_fboa_fk";"picking_righe";"numero_riga_orfr";"fabbisogni_ordini_acquisto";"codice_azienda";"FOREIGN KEY"
"pikr_lott_fk";"picking_righe";"codice_azienda";"lotti";"codice_azienda";"FOREIGN KEY"
"pikr_lott_fk";"picking_righe";"codice_azienda";"lotti";"codice_magazzino";"FOREIGN KEY"
"pikr_lott_fk";"picking_righe";"codice_azienda";"lotti";"numero_lotto";"FOREIGN KEY"
"pikr_lott_fk";"picking_righe";"codice_azienda";"lotti";"id_articolo";"FOREIGN KEY"
"pikr_lott_fk";"picking_righe";"codice_azienda";"lotti";"codice_variante";"FOREIGN KEY"
"pikr_lott_fk";"picking_righe";"id_articolo";"lotti";"codice_azienda";"FOREIGN KEY"
"pikr_lott_fk";"picking_righe";"id_articolo";"lotti";"codice_magazzino";"FOREIGN KEY"
"pikr_lott_fk";"picking_righe";"id_articolo";"lotti";"numero_lotto";"FOREIGN KEY"
"pikr_lott_fk";"picking_righe";"id_articolo";"lotti";"id_articolo";"FOREIGN KEY"
"pikr_lott_fk";"picking_righe";"id_articolo";"lotti";"codice_variante";"FOREIGN KEY"
"pikr_lott_fk";"picking_righe";"codice_magazzino";"lotti";"codice_azienda";"FOREIGN KEY"
"pikr_lott_fk";"picking_righe";"codice_magazzino";"lotti";"codice_magazzino";"FOREIGN KEY"
"pikr_lott_fk";"picking_righe";"codice_magazzino";"lotti";"numero_lotto";"FOREIGN KEY"
"pikr_lott_fk";"picking_righe";"codice_magazzino";"lotti";"id_articolo";"FOREIGN KEY"
"pikr_lott_fk";"picking_righe";"codice_magazzino";"lotti";"codice_variante";"FOREIGN KEY"
"pikr_lott_fk";"picking_righe";"codice_variante";"lotti";"codice_azienda";"FOREIGN KEY"
"pikr_lott_fk";"picking_righe";"codice_variante";"lotti";"codice_magazzino";"FOREIGN KEY"
"pikr_lott_fk";"picking_righe";"codice_variante";"lotti";"numero_lotto";"FOREIGN KEY"
"pikr_lott_fk";"picking_righe";"codice_variante";"lotti";"id_articolo";"FOREIGN KEY"
"pikr_lott_fk";"picking_righe";"codice_variante";"lotti";"codice_variante";"FOREIGN KEY"
"pikr_lott_fk";"picking_righe";"numero_lotto";"lotti";"codice_azienda";"FOREIGN KEY"
"pikr_lott_fk";"picking_righe";"numero_lotto";"lotti";"codice_magazzino";"FOREIGN KEY"
"pikr_lott_fk";"picking_righe";"numero_lotto";"lotti";"numero_lotto";"FOREIGN KEY"
"pikr_lott_fk";"picking_righe";"numero_lotto";"lotti";"id_articolo";"FOREIGN KEY"
"pikr_lott_fk";"picking_righe";"numero_lotto";"lotti";"codice_variante";"FOREIGN KEY"
"pikr_orcr_fk";"picking_righe";"codice_azienda";"ordini_clienti_righe";"numero_riga";"FOREIGN KEY"
"pikr_orcr_fk";"picking_righe";"codice_azienda";"ordini_clienti_righe";"numero_ordine";"FOREIGN KEY"
"pikr_orcr_fk";"picking_righe";"codice_azienda";"ordini_clienti_righe";"codice_azienda";"FOREIGN KEY"
"pikr_orcr_fk";"picking_righe";"numero_ordine_cli";"ordini_clienti_righe";"numero_riga";"FOREIGN KEY"
"pikr_orcr_fk";"picking_righe";"numero_ordine_cli";"ordini_clienti_righe";"numero_ordine";"FOREIGN KEY"
"pikr_orcr_fk";"picking_righe";"numero_ordine_cli";"ordini_clienti_righe";"codice_azienda";"FOREIGN KEY"
"pikr_orcr_fk";"picking_righe";"numero_riga_orcl";"ordini_clienti_righe";"numero_riga";"FOREIGN KEY"
"pikr_orcr_fk";"picking_righe";"numero_riga_orcl";"ordini_clienti_righe";"numero_ordine";"FOREIGN KEY"
"pikr_orcr_fk";"picking_righe";"numero_riga_orcl";"ordini_clienti_righe";"codice_azienda";"FOREIGN KEY"
"pikr_pick_fk";"picking_righe";"codice_magazzino";"picking";"codice_azienda";"FOREIGN KEY"
"pikr_pick_fk";"picking_righe";"codice_magazzino";"picking";"numero_picking";"FOREIGN KEY"
"pikr_pick_fk";"picking_righe";"codice_magazzino";"picking";"codice_magazzino";"FOREIGN KEY"
"pikr_pick_fk";"picking_righe";"codice_azienda";"picking";"codice_azienda";"FOREIGN KEY"
"pikr_pick_fk";"picking_righe";"codice_azienda";"picking";"numero_picking";"FOREIGN KEY"
"pikr_pick_fk";"picking_righe";"codice_azienda";"picking";"codice_magazzino";"FOREIGN KEY"
"pikr_pick_fk";"picking_righe";"numero_picking";"picking";"codice_azienda";"FOREIGN KEY"
"pikr_pick_fk";"picking_righe";"numero_picking";"picking";"numero_picking";"FOREIGN KEY"
"pikr_pick_fk";"picking_righe";"numero_picking";"picking";"codice_magazzino";"FOREIGN KEY"
"pikr_um_fk_acquisto";"picking_righe";"codice_um_acquisto";"unita_misura";"codice_azienda";"FOREIGN KEY"
"pikr_um_fk_acquisto";"picking_righe";"codice_um_acquisto";"unita_misura";"codice_um";"FOREIGN KEY"
"pikr_um_fk_acquisto";"picking_righe";"codice_azienda";"unita_misura";"codice_azienda";"FOREIGN KEY"
"pikr_um_fk_acquisto";"picking_righe";"codice_azienda";"unita_misura";"codice_um";"FOREIGN KEY"
"plac_cate_fk";"prezzi_listini_acquisto_cat";"codice_azienda";"categorie_commerciali";"codice_cat_comm";"FOREIGN KEY"
"plac_cate_fk";"prezzi_listini_acquisto_cat";"codice_azienda";"categorie_commerciali";"codice_azienda";"FOREIGN KEY"
"plac_cate_fk";"prezzi_listini_acquisto_cat";"codice_cat_comm";"categorie_commerciali";"codice_cat_comm";"FOREIGN KEY"
"plac_cate_fk";"prezzi_listini_acquisto_cat";"codice_cat_comm";"categorie_commerciali";"codice_azienda";"FOREIGN KEY"
"plac_lsta_fk";"prezzi_listini_acquisto_cat";"codice_azienda";"listini_acquisto";"codice_azienda";"FOREIGN KEY"
"plac_lsta_fk";"prezzi_listini_acquisto_cat";"codice_azienda";"listini_acquisto";"id_listino";"FOREIGN KEY"
"plac_lsta_fk";"prezzi_listini_acquisto_cat";"id_listino";"listini_acquisto";"codice_azienda";"FOREIGN KEY"
"plac_lsta_fk";"prezzi_listini_acquisto_cat";"id_listino";"listini_acquisto";"id_listino";"FOREIGN KEY"
"plac_um_fk";"prezzi_listini_acquisto_cat";"codice_um";"unita_misura";"codice_azienda";"FOREIGN KEY"
"plac_um_fk";"prezzi_listini_acquisto_cat";"codice_um";"unita_misura";"codice_um";"FOREIGN KEY"
"plac_um_fk";"prezzi_listini_acquisto_cat";"codice_azienda";"unita_misura";"codice_azienda";"FOREIGN KEY"
"plac_um_fk";"prezzi_listini_acquisto_cat";"codice_azienda";"unita_misura";"codice_um";"FOREIGN KEY"
"plsa_foar_fk";"prezzi_listini_acquisto";"codice_variante";"fornitori_articoli";"codice_azienda";"FOREIGN KEY"
"plsa_foar_fk";"prezzi_listini_acquisto";"codice_variante";"fornitori_articoli";"id_fornitore";"FOREIGN KEY"
"plsa_foar_fk";"prezzi_listini_acquisto";"codice_variante";"fornitori_articoli";"codice_variante";"FOREIGN KEY"
"plsa_foar_fk";"prezzi_listini_acquisto";"codice_variante";"fornitori_articoli";"id_articolo";"FOREIGN KEY"
"plsa_foar_fk";"prezzi_listini_acquisto";"codice_azienda";"fornitori_articoli";"codice_azienda";"FOREIGN KEY"
"plsa_foar_fk";"prezzi_listini_acquisto";"codice_azienda";"fornitori_articoli";"id_fornitore";"FOREIGN KEY"
"plsa_foar_fk";"prezzi_listini_acquisto";"codice_azienda";"fornitori_articoli";"codice_variante";"FOREIGN KEY"
"plsa_foar_fk";"prezzi_listini_acquisto";"codice_azienda";"fornitori_articoli";"id_articolo";"FOREIGN KEY"
"plsa_foar_fk";"prezzi_listini_acquisto";"id_articolo";"fornitori_articoli";"codice_azienda";"FOREIGN KEY"
"plsa_foar_fk";"prezzi_listini_acquisto";"id_articolo";"fornitori_articoli";"id_fornitore";"FOREIGN KEY"
"plsa_foar_fk";"prezzi_listini_acquisto";"id_articolo";"fornitori_articoli";"codice_variante";"FOREIGN KEY"
"plsa_foar_fk";"prezzi_listini_acquisto";"id_articolo";"fornitori_articoli";"id_articolo";"FOREIGN KEY"
"plsa_foar_fk";"prezzi_listini_acquisto";"id_fornitore";"fornitori_articoli";"codice_azienda";"FOREIGN KEY"
"plsa_foar_fk";"prezzi_listini_acquisto";"id_fornitore";"fornitori_articoli";"id_fornitore";"FOREIGN KEY"
"plsa_foar_fk";"prezzi_listini_acquisto";"id_fornitore";"fornitori_articoli";"codice_variante";"FOREIGN KEY"
"plsa_foar_fk";"prezzi_listini_acquisto";"id_fornitore";"fornitori_articoli";"id_articolo";"FOREIGN KEY"
"plsa_lsta_fk";"prezzi_listini_acquisto";"codice_azienda";"listini_acquisto";"codice_azienda";"FOREIGN KEY"
"plsa_lsta_fk";"prezzi_listini_acquisto";"codice_azienda";"listini_acquisto";"id_listino";"FOREIGN KEY"
"plsa_lsta_fk";"prezzi_listini_acquisto";"id_listino";"listini_acquisto";"codice_azienda";"FOREIGN KEY"
"plsa_lsta_fk";"prezzi_listini_acquisto";"id_listino";"listini_acquisto";"id_listino";"FOREIGN KEY"
"plsa_um_fk";"prezzi_listini_acquisto";"codice_um";"unita_misura";"codice_azienda";"FOREIGN KEY"
"plsa_um_fk";"prezzi_listini_acquisto";"codice_um";"unita_misura";"codice_um";"FOREIGN KEY"
"plsa_um_fk";"prezzi_listini_acquisto";"codice_azienda";"unita_misura";"codice_azienda";"FOREIGN KEY"
"plsa_um_fk";"prezzi_listini_acquisto";"codice_azienda";"unita_misura";"codice_um";"FOREIGN KEY"
"plsa_vari_fk";"prezzi_listini_acquisto";"id_articolo";"articoli_varianti";"codice_azienda";"FOREIGN KEY"
"plsa_vari_fk";"prezzi_listini_acquisto";"id_articolo";"articoli_varianti";"id_articolo";"FOREIGN KEY"
"plsa_vari_fk";"prezzi_listini_acquisto";"id_articolo";"articoli_varianti";"codice_variante";"FOREIGN KEY"
"plsa_vari_fk";"prezzi_listini_acquisto";"codice_azienda";"articoli_varianti";"codice_azienda";"FOREIGN KEY"
"plsa_vari_fk";"prezzi_listini_acquisto";"codice_azienda";"articoli_varianti";"id_articolo";"FOREIGN KEY"
"plsa_vari_fk";"prezzi_listini_acquisto";"codice_azienda";"articoli_varianti";"codice_variante";"FOREIGN KEY"
"plsa_vari_fk";"prezzi_listini_acquisto";"codice_variante";"articoli_varianti";"codice_azienda";"FOREIGN KEY"
"plsa_vari_fk";"prezzi_listini_acquisto";"codice_variante";"articoli_varianti";"id_articolo";"FOREIGN KEY"
"plsa_vari_fk";"prezzi_listini_acquisto";"codice_variante";"articoli_varianti";"codice_variante";"FOREIGN KEY"
"plsv_um_fk";"prezzi_vendita";"codice_azienda";"unita_misura";"codice_um";"FOREIGN KEY"
"plsv_um_fk";"prezzi_vendita";"codice_azienda";"unita_misura";"codice_azienda";"FOREIGN KEY"
"plsv_um_fk";"prezzi_vendita";"codice_um";"unita_misura";"codice_um";"FOREIGN KEY"
"plsv_um_fk";"prezzi_vendita";"codice_um";"unita_misura";"codice_azienda";"FOREIGN KEY"
"pmlg_docu_fk";"partite_master_log";"id_documento";"documenti";"id_documento";"FOREIGN KEY"
"pmlg_docu_fk";"partite_master_log";"id_documento";"documenti";"codice_azienda";"FOREIGN KEY"
"pmlg_docu_fk";"partite_master_log";"codice_azienda";"documenti";"id_documento";"FOREIGN KEY"
"pmlg_docu_fk";"partite_master_log";"codice_azienda";"documenti";"codice_azienda";"FOREIGN KEY"
"pmlg_docu_pm_fk";"partite_master_log";"codice_azienda";"documenti";"codice_azienda";"FOREIGN KEY"
"pmlg_docu_pm_fk";"partite_master_log";"codice_azienda";"documenti";"id_documento";"FOREIGN KEY"
"pmlg_docu_pm_fk";"partite_master_log";"id_documento_partita_master";"documenti";"codice_azienda";"FOREIGN KEY"
"pmlg_docu_pm_fk";"partite_master_log";"id_documento_partita_master";"documenti";"id_documento";"FOREIGN KEY"
"pmpc_anid_fk";"partitario_movim_epc";"id_anagrafica";"anagrafiche_id";"codice_part";"FOREIGN KEY"
"pmpc_anid_fk";"partitario_movim_epc";"id_anagrafica";"anagrafiche_id";"id_anagrafica";"FOREIGN KEY"
"pmpc_anid_fk";"partitario_movim_epc";"codice_part";"anagrafiche_id";"codice_part";"FOREIGN KEY"
"pmpc_anid_fk";"partitario_movim_epc";"codice_part";"anagrafiche_id";"id_anagrafica";"FOREIGN KEY"
"pmpc_drip_fk";"partitario_movim_epc";"id_riga_inc_pag";"documenti_righe_inc_pag";"id_riga_inc_pag";"FOREIGN KEY"
"pmpc_drip_fk";"partitario_movim_epc";"id_riga_inc_pag";"documenti_righe_inc_pag";"codice_azienda";"FOREIGN KEY"
"pmpc_drip_fk";"partitario_movim_epc";"id_riga_inc_pag";"documenti_righe_inc_pag";"id_documento";"FOREIGN KEY"
"pmpc_drip_fk";"partitario_movim_epc";"codice_azienda";"documenti_righe_inc_pag";"id_riga_inc_pag";"FOREIGN KEY"
"pmpc_drip_fk";"partitario_movim_epc";"codice_azienda";"documenti_righe_inc_pag";"codice_azienda";"FOREIGN KEY"
"pmpc_drip_fk";"partitario_movim_epc";"codice_azienda";"documenti_righe_inc_pag";"id_documento";"FOREIGN KEY"
"pmpc_drip_fk";"partitario_movim_epc";"id_documento";"documenti_righe_inc_pag";"id_riga_inc_pag";"FOREIGN KEY"
"pmpc_drip_fk";"partitario_movim_epc";"id_documento";"documenti_righe_inc_pag";"codice_azienda";"FOREIGN KEY"
"pmpc_drip_fk";"partitario_movim_epc";"id_documento";"documenti_righe_inc_pag";"id_documento";"FOREIGN KEY"
"posc_poso_fk";"politiche_sollecito_casi";"id_politica";"politiche_sollecito";"codice_azienda";"FOREIGN KEY"
"posc_poso_fk";"politiche_sollecito_casi";"id_politica";"politiche_sollecito";"id_politica";"FOREIGN KEY"
"posc_poso_fk";"politiche_sollecito_casi";"codice_azienda";"politiche_sollecito";"codice_azienda";"FOREIGN KEY"
"posc_poso_fk";"politiche_sollecito_casi";"codice_azienda";"politiche_sollecito";"id_politica";"FOREIGN KEY"
"posc_tavv_fk";"politiche_sollecito_casi";"codice_azienda";"tipi_avviso";"id_tipo_avviso";"FOREIGN KEY"
"posc_tavv_fk";"politiche_sollecito_casi";"codice_azienda";"tipi_avviso";"codice_azienda";"FOREIGN KEY"
"posc_tavv_fk";"politiche_sollecito_casi";"id_tipo_avviso";"tipi_avviso";"id_tipo_avviso";"FOREIGN KEY"
"posc_tavv_fk";"politiche_sollecito_casi";"id_tipo_avviso";"tipi_avviso";"codice_azienda";"FOREIGN KEY"
"poso_azie_fk";"politiche_sollecito";"codice_azienda";"aziende";"codice_azienda";"FOREIGN KEY"
"prac_anid_fk";"pratiche_credito";"id_cliente";"anagrafiche_id";"codice_part";"FOREIGN KEY"
"prac_anid_fk";"pratiche_credito";"id_cliente";"anagrafiche_id";"id_anagrafica";"FOREIGN KEY"
"prac_anid_fk";"pratiche_credito";"codice_part";"anagrafiche_id";"codice_part";"FOREIGN KEY"
"prac_anid_fk";"pratiche_credito";"codice_part";"anagrafiche_id";"id_anagrafica";"FOREIGN KEY"
"prag_anfr_fk";"provv_age";"codice_part";"anagrafiche_id";"id_anagrafica";"FOREIGN KEY"
"prag_anfr_fk";"provv_age";"codice_part";"anagrafiche_id";"codice_part";"FOREIGN KEY"
"prag_anfr_fk";"provv_age";"id_agente";"anagrafiche_id";"id_anagrafica";"FOREIGN KEY"
"prag_anfr_fk";"provv_age";"id_agente";"anagrafiche_id";"codice_part";"FOREIGN KEY"
"prcc_anfr_fk";"provv_cat_comm";"id_agente";"anagrafiche_id";"id_anagrafica";"FOREIGN KEY"
"prcc_anfr_fk";"provv_cat_comm";"id_agente";"anagrafiche_id";"codice_part";"FOREIGN KEY"
"prcc_anfr_fk";"provv_cat_comm";"codice_part";"anagrafiche_id";"id_anagrafica";"FOREIGN KEY"
"prcc_anfr_fk";"provv_cat_comm";"codice_part";"anagrafiche_id";"codice_part";"FOREIGN KEY"
"prcc_caco_fk";"provv_cat_comm";"codice_cat_comm";"categorie_commerciali";"codice_cat_comm";"FOREIGN KEY"
"prcc_caco_fk";"provv_cat_comm";"codice_cat_comm";"categorie_commerciali";"codice_azienda";"FOREIGN KEY"
"prcc_caco_fk";"provv_cat_comm";"codice_azienda";"categorie_commerciali";"codice_cat_comm";"FOREIGN KEY"
"prcc_caco_fk";"provv_cat_comm";"codice_azienda";"categorie_commerciali";"codice_azienda";"FOREIGN KEY"
"prcl_ancl_fk";"provv_cli";"id_cliente";"anagrafiche_id";"id_anagrafica";"FOREIGN KEY"
"prcl_ancl_fk";"provv_cli";"id_cliente";"anagrafiche_id";"codice_part";"FOREIGN KEY"
"prcl_ancl_fk";"provv_cli";"codice_part";"anagrafiche_id";"id_anagrafica";"FOREIGN KEY"
"prcl_ancl_fk";"provv_cli";"codice_part";"anagrafiche_id";"codice_part";"FOREIGN KEY"
"prcl_anfr_fk";"provv_cli";"id_agente";"anagrafiche_id";"codice_part";"FOREIGN KEY"
"prcl_anfr_fk";"provv_cli";"id_agente";"anagrafiche_id";"id_anagrafica";"FOREIGN KEY"
"prcl_anfr_fk";"provv_cli";"codice_part";"anagrafiche_id";"codice_part";"FOREIGN KEY"
"prcl_anfr_fk";"provv_cli";"codice_part";"anagrafiche_id";"id_anagrafica";"FOREIGN KEY"
"prcr_part_fk";"pratiche_credito_crediti";"codice_azienda";"partitario";"id_partitario";"FOREIGN KEY"
"prcr_part_fk";"pratiche_credito_crediti";"codice_azienda";"partitario";"codice_azienda";"FOREIGN KEY"
"prcr_part_fk";"pratiche_credito_crediti";"id_partitario";"partitario";"id_partitario";"FOREIGN KEY"
"prcr_part_fk";"pratiche_credito_crediti";"id_partitario";"partitario";"codice_azienda";"FOREIGN KEY"
"prcr_prac_fk";"pratiche_credito_crediti";"codice_part";"pratiche_credito";"numero_pratica";"FOREIGN KEY"
"prcr_prac_fk";"pratiche_credito_crediti";"codice_part";"pratiche_credito";"codice_part";"FOREIGN KEY"
"prcr_prac_fk";"pratiche_credito_crediti";"numero_pratica";"pratiche_credito";"numero_pratica";"FOREIGN KEY"
"prcr_prac_fk";"pratiche_credito_crediti";"numero_pratica";"pratiche_credito";"codice_part";"FOREIGN KEY"
"prep_azie_fk";"prestazioni_parametri";"codice_azienda";"aziende";"codice_azienda";"FOREIGN KEY"
"pres_anac_fk";"prestazioni_dettaglio";"codice_azienda";"anagrafiche_col";"codice_azienda";"FOREIGN KEY"
"pres_anac_fk";"prestazioni_dettaglio";"codice_azienda";"anagrafiche_col";"id_anagrafica";"FOREIGN KEY"
"pres_anac_fk";"prestazioni_dettaglio";"codice_azienda";"anagrafiche_col";"cod_meccanografico";"FOREIGN KEY"
"pres_anac_fk";"prestazioni_dettaglio";"id_anagrafica";"anagrafiche_col";"codice_azienda";"FOREIGN KEY"
"pres_anac_fk";"prestazioni_dettaglio";"id_anagrafica";"anagrafiche_col";"id_anagrafica";"FOREIGN KEY"
"pres_anac_fk";"prestazioni_dettaglio";"id_anagrafica";"anagrafiche_col";"cod_meccanografico";"FOREIGN KEY"
"pres_anac_fk";"prestazioni_dettaglio";"cod_meccanografico";"anagrafiche_col";"codice_azienda";"FOREIGN KEY"
"pres_anac_fk";"prestazioni_dettaglio";"cod_meccanografico";"anagrafiche_col";"id_anagrafica";"FOREIGN KEY"
"pres_anac_fk";"prestazioni_dettaglio";"cod_meccanografico";"anagrafiche_col";"cod_meccanografico";"FOREIGN KEY"
"pres_anag_fk";"prestazioni_dettaglio";"id_anagrafica";"anagrafiche_id";"codice_part";"FOREIGN KEY"
"pres_anag_fk";"prestazioni_dettaglio";"id_anagrafica";"anagrafiche_id";"id_anagrafica";"FOREIGN KEY"
"pres_anag_fk";"prestazioni_dettaglio";"codice_part";"anagrafiche_id";"codice_part";"FOREIGN KEY"
"pres_anag_fk";"prestazioni_dettaglio";"codice_part";"anagrafiche_id";"id_anagrafica";"FOREIGN KEY"
"pres_azie_fk";"prestazioni_dettaglio";"codice_azienda";"aziende";"codice_azienda";"FOREIGN KEY"
"pres_ceat_fk";"prestazioni_dettaglio";"id_centro_attivita";"centri_attivita";"codice_azienda";"FOREIGN KEY"
"pres_ceat_fk";"prestazioni_dettaglio";"id_centro_attivita";"centri_attivita";"id_centro_attivita";"FOREIGN KEY"
"pres_ceat_fk";"prestazioni_dettaglio";"codice_azienda";"centri_attivita";"codice_azienda";"FOREIGN KEY"
"pres_ceat_fk";"prestazioni_dettaglio";"codice_azienda";"centri_attivita";"id_centro_attivita";"FOREIGN KEY"
"pres_ceco_fk";"prestazioni_dettaglio";"codice_azienda";"centri_costo";"codice_azienda";"FOREIGN KEY"
"pres_ceco_fk";"prestazioni_dettaglio";"codice_azienda";"centri_costo";"id_centro_costo";"FOREIGN KEY"
"pres_ceco_fk";"prestazioni_dettaglio";"id_centro_costo";"centri_costo";"codice_azienda";"FOREIGN KEY"
"pres_ceco_fk";"prestazioni_dettaglio";"id_centro_costo";"centri_costo";"id_centro_costo";"FOREIGN KEY"
"pres_cege_fk";"prestazioni_dettaglio";"id_centro_gest";"centri_gestionali";"codice_part";"FOREIGN KEY"
"pres_cege_fk";"prestazioni_dettaglio";"id_centro_gest";"centri_gestionali";"id_centro_gest";"FOREIGN KEY"
"pres_cege_fk";"prestazioni_dettaglio";"codice_part";"centri_gestionali";"codice_part";"FOREIGN KEY"
"pres_cege_fk";"prestazioni_dettaglio";"codice_part";"centri_gestionali";"id_centro_gest";"FOREIGN KEY"
"pres_ceri1_fk";"prestazioni_dettaglio";"id_centro_riclass1";"centri_riclass";"id_centro_riclass";"FOREIGN KEY"
"pres_ceri1_fk";"prestazioni_dettaglio";"id_centro_riclass1";"centri_riclass";"codice_part";"FOREIGN KEY"
"pres_ceri1_fk";"prestazioni_dettaglio";"id_centro_riclass1";"centri_riclass";"prog_riclass";"FOREIGN KEY"
"pres_ceri1_fk";"prestazioni_dettaglio";"codice_part";"centri_riclass";"id_centro_riclass";"FOREIGN KEY"
"pres_ceri1_fk";"prestazioni_dettaglio";"codice_part";"centri_riclass";"codice_part";"FOREIGN KEY"
"pres_ceri1_fk";"prestazioni_dettaglio";"codice_part";"centri_riclass";"prog_riclass";"FOREIGN KEY"
"pres_ceri1_fk";"prestazioni_dettaglio";"prog_riclass1";"centri_riclass";"id_centro_riclass";"FOREIGN KEY"
"pres_ceri1_fk";"prestazioni_dettaglio";"prog_riclass1";"centri_riclass";"codice_part";"FOREIGN KEY"
"pres_ceri1_fk";"prestazioni_dettaglio";"prog_riclass1";"centri_riclass";"prog_riclass";"FOREIGN KEY"
"pres_ceri2_fk";"prestazioni_dettaglio";"prog_riclass2";"centri_riclass";"id_centro_riclass";"FOREIGN KEY"
"pres_ceri2_fk";"prestazioni_dettaglio";"prog_riclass2";"centri_riclass";"codice_part";"FOREIGN KEY"
"pres_ceri2_fk";"prestazioni_dettaglio";"prog_riclass2";"centri_riclass";"prog_riclass";"FOREIGN KEY"
"pres_ceri2_fk";"prestazioni_dettaglio";"codice_part";"centri_riclass";"id_centro_riclass";"FOREIGN KEY"
"pres_ceri2_fk";"prestazioni_dettaglio";"codice_part";"centri_riclass";"codice_part";"FOREIGN KEY"
"pres_ceri2_fk";"prestazioni_dettaglio";"codice_part";"centri_riclass";"prog_riclass";"FOREIGN KEY"
"pres_ceri2_fk";"prestazioni_dettaglio";"id_centro_riclass2";"centri_riclass";"id_centro_riclass";"FOREIGN KEY"
"pres_ceri2_fk";"prestazioni_dettaglio";"id_centro_riclass2";"centri_riclass";"codice_part";"FOREIGN KEY"
"pres_ceri2_fk";"prestazioni_dettaglio";"id_centro_riclass2";"centri_riclass";"prog_riclass";"FOREIGN KEY"
"pres_even_fk";"prestazioni_dettaglio";"id_evento";"eventi";"id_evento";"FOREIGN KEY"
"pres_even_fk";"prestazioni_dettaglio";"id_evento";"eventi";"codice_azienda";"FOREIGN KEY"
"pres_even_fk";"prestazioni_dettaglio";"codice_azienda";"eventi";"id_evento";"FOREIGN KEY"
"pres_even_fk";"prestazioni_dettaglio";"codice_azienda";"eventi";"codice_azienda";"FOREIGN KEY"
"pres_prep_fk";"prestazioni_dettaglio";"id_prestazioni_parametri";"prestazioni_parametri";"id_prestazioni_parametri";"FOREIGN KEY"
"pres_prep_fk";"prestazioni_dettaglio";"id_prestazioni_parametri";"prestazioni_parametri";"codice_azienda";"FOREIGN KEY"
"pres_prep_fk";"prestazioni_dettaglio";"codice_azienda";"prestazioni_parametri";"id_prestazioni_parametri";"FOREIGN KEY"
"pres_prep_fk";"prestazioni_dettaglio";"codice_azienda";"prestazioni_parametri";"codice_azienda";"FOREIGN KEY"
"pres_prpe_fk";"prestazioni_dettaglio";"id_prestazioni_periodo";"prestazioni_periodo";"id_prestazioni_periodo";"FOREIGN KEY"
"pres_prpe_fk";"prestazioni_dettaglio";"id_prestazioni_periodo";"prestazioni_periodo";"codice_azienda";"FOREIGN KEY"
"pres_prpe_fk";"prestazioni_dettaglio";"codice_azienda";"prestazioni_periodo";"id_prestazioni_periodo";"FOREIGN KEY"
"pres_prpe_fk";"prestazioni_dettaglio";"codice_azienda";"prestazioni_periodo";"codice_azienda";"FOREIGN KEY"
"pres_sedi_fk";"prestazioni_dettaglio";"codice_sede";"sedi";"codice_part";"FOREIGN KEY"
"pres_sedi_fk";"prestazioni_dettaglio";"codice_sede";"sedi";"codice_sede";"FOREIGN KEY"
"pres_sedi_fk";"prestazioni_dettaglio";"codice_part";"sedi";"codice_part";"FOREIGN KEY"
"pres_sedi_fk";"prestazioni_dettaglio";"codice_part";"sedi";"codice_sede";"FOREIGN KEY"
"prfa_prof_amm_fk";"profili_amministrabili";"nome_profilo_amministrabile";"profili";"nome";"FOREIGN KEY"
"prfa_prof_fk";"profili_amministrabili";"nome_profilo";"profili";"nome";"FOREIGN KEY"
"prg__anid_sede__fk";"progetti";"id_cliente_sede";"anagrafiche_id";"id_anagrafica";"FOREIGN KEY"
"prg__anid_sede__fk";"progetti";"id_cliente_sede";"anagrafiche_id";"codice_part";"FOREIGN KEY"
"prg__anid_sede__fk";"progetti";"codice_part";"anagrafiche_id";"id_anagrafica";"FOREIGN KEY"
"prg__anid_sede__fk";"progetti";"codice_part";"anagrafiche_id";"codice_part";"FOREIGN KEY"
"prg__atti__fk";"progetti";"codice_azienda";"attivita";"codice_attivita";"FOREIGN KEY"
"prg__atti__fk";"progetti";"codice_azienda";"attivita";"codice_azienda";"FOREIGN KEY"
"prg__atti__fk";"progetti";"codice_attivita";"attivita";"codice_attivita";"FOREIGN KEY"
"prg__atti__fk";"progetti";"codice_attivita";"attivita";"codice_azienda";"FOREIGN KEY"
"prg__prg_vr_fk";"progetti";"id_versione_ultima";"progetti_vr";"id_versione";"FOREIGN KEY"
"prg__prg_vr_fk";"progetti";"id_versione_ultima";"progetti_vr";"codice_azienda";"FOREIGN KEY"
"prg__prg_vr_fk";"progetti";"codice_azienda";"progetti_vr";"id_versione";"FOREIGN KEY"
"prg__prg_vr_fk";"progetti";"codice_azienda";"progetti_vr";"codice_azienda";"FOREIGN KEY"
"prg__tp_prg_fk";"progetti";"id_tipo_progetto";"tipi_progetti";"codice_azienda";"FOREIGN KEY"
"prg__tp_prg_fk";"progetti";"id_tipo_progetto";"tipi_progetti";"id_tipo_progetto";"FOREIGN KEY"
"prg__tp_prg_fk";"progetti";"codice_azienda";"tipi_progetti";"codice_azienda";"FOREIGN KEY"
"prg__tp_prg_fk";"progetti";"codice_azienda";"tipi_progetti";"id_tipo_progetto";"FOREIGN KEY"
"prg__vari__fk";"progetti";"id_articolo";"articoli_varianti";"id_articolo";"FOREIGN KEY"
"prg__vari__fk";"progetti";"id_articolo";"articoli_varianti";"codice_variante";"FOREIGN KEY"
"prg__vari__fk";"progetti";"id_articolo";"articoli_varianti";"codice_azienda";"FOREIGN KEY"
"prg__vari__fk";"progetti";"codice_variante";"articoli_varianti";"id_articolo";"FOREIGN KEY"
"prg__vari__fk";"progetti";"codice_variante";"articoli_varianti";"codice_variante";"FOREIGN KEY"
"prg__vari__fk";"progetti";"codice_variante";"articoli_varianti";"codice_azienda";"FOREIGN KEY"
"prg__vari__fk";"progetti";"codice_azienda";"articoli_varianti";"id_articolo";"FOREIGN KEY"
"prg__vari__fk";"progetti";"codice_azienda";"articoli_varianti";"codice_variante";"FOREIGN KEY"
"prg__vari__fk";"progetti";"codice_azienda";"articoli_varianti";"codice_azienda";"FOREIGN KEY"
"prg_anid_fk";"progetti";"id_cliente";"anagrafiche_id";"codice_part";"FOREIGN KEY"
"prg_anid_fk";"progetti";"id_cliente";"anagrafiche_id";"id_anagrafica";"FOREIGN KEY"
"prg_anid_fk";"progetti";"codice_part";"anagrafiche_id";"codice_part";"FOREIGN KEY"
"prg_anid_fk";"progetti";"codice_part";"anagrafiche_id";"id_anagrafica";"FOREIGN KEY"
"prg_azie_fk";"progetti";"codice_azienda";"aziende";"codice_azienda";"FOREIGN KEY"
"prg_fs__anid_sede__fk";"progetti_fasi";"id_cliente_sede";"anagrafiche_id";"id_anagrafica";"FOREIGN KEY"
"prg_fs__anid_sede__fk";"progetti_fasi";"id_cliente_sede";"anagrafiche_id";"codice_part";"FOREIGN KEY"
"prg_fs__anid_sede__fk";"progetti_fasi";"codice_part";"anagrafiche_id";"id_anagrafica";"FOREIGN KEY"
"prg_fs__anid_sede__fk";"progetti_fasi";"codice_part";"anagrafiche_id";"codice_part";"FOREIGN KEY"
"prg_fs__atti__fk";"progetti_fasi";"codice_attivita";"attivita";"codice_azienda";"FOREIGN KEY"
"prg_fs__atti__fk";"progetti_fasi";"codice_attivita";"attivita";"codice_attivita";"FOREIGN KEY"
"prg_fs__atti__fk";"progetti_fasi";"codice_azienda";"attivita";"codice_azienda";"FOREIGN KEY"
"prg_fs__atti__fk";"progetti_fasi";"codice_azienda";"attivita";"codice_attivita";"FOREIGN KEY"
"prg_fs__prg_fk";"progetti_fasi";"id_progetto";"progetti";"id_progetto";"FOREIGN KEY"
"prg_fs__prg_fk";"progetti_fasi";"id_progetto";"progetti";"codice_azienda";"FOREIGN KEY"
"prg_fs__prg_fk";"progetti_fasi";"codice_azienda";"progetti";"id_progetto";"FOREIGN KEY"
"prg_fs__prg_fk";"progetti_fasi";"codice_azienda";"progetti";"codice_azienda";"FOREIGN KEY"
"prg_fs__prg_fs_fk";"progetti_fasi";"id_fase_sup";"progetti_fasi";"codice_azienda";"FOREIGN KEY"
"prg_fs__prg_fs_fk";"progetti_fasi";"id_fase_sup";"progetti_fasi";"id_fase";"FOREIGN KEY"
"prg_fs__prg_fs_fk";"progetti_fasi";"codice_azienda";"progetti_fasi";"codice_azienda";"FOREIGN KEY"
"prg_fs__prg_fs_fk";"progetti_fasi";"codice_azienda";"progetti_fasi";"id_fase";"FOREIGN KEY"
"prg_fs__prg_fs_vr_fk";"progetti_fasi";"codice_azienda";"progetti_fasi_vr";"codice_azienda";"FOREIGN KEY"
"prg_fs__prg_fs_vr_fk";"progetti_fasi";"codice_azienda";"progetti_fasi_vr";"id_fase";"FOREIGN KEY"
"prg_fs__prg_fs_vr_fk";"progetti_fasi";"codice_azienda";"progetti_fasi_vr";"id_versione";"FOREIGN KEY"
"prg_fs__prg_fs_vr_fk";"progetti_fasi";"id_versione_ultima";"progetti_fasi_vr";"codice_azienda";"FOREIGN KEY"
"prg_fs__prg_fs_vr_fk";"progetti_fasi";"id_versione_ultima";"progetti_fasi_vr";"id_fase";"FOREIGN KEY"
"prg_fs__prg_fs_vr_fk";"progetti_fasi";"id_versione_ultima";"progetti_fasi_vr";"id_versione";"FOREIGN KEY"
"prg_fs__prg_fs_vr_fk";"progetti_fasi";"id_fase";"progetti_fasi_vr";"codice_azienda";"FOREIGN KEY"
"prg_fs__prg_fs_vr_fk";"progetti_fasi";"id_fase";"progetti_fasi_vr";"id_fase";"FOREIGN KEY"
"prg_fs__prg_fs_vr_fk";"progetti_fasi";"id_fase";"progetti_fasi_vr";"id_versione";"FOREIGN KEY"
"prg_fs__prg_sub_fk";"progetti_fasi";"id_progetto_sub";"progetti";"id_progetto";"FOREIGN KEY"
"prg_fs__prg_sub_fk";"progetti_fasi";"id_progetto_sub";"progetti";"codice_azienda";"FOREIGN KEY"
"prg_fs__prg_sub_fk";"progetti_fasi";"codice_azienda";"progetti";"id_progetto";"FOREIGN KEY"
"prg_fs__prg_sub_fk";"progetti_fasi";"codice_azienda";"progetti";"codice_azienda";"FOREIGN KEY"
"prg_fs__sndg__fk";"progetti_fasi";"id_sondaggio";"sondaggi";"codice_azienda";"FOREIGN KEY"
"prg_fs__sndg__fk";"progetti_fasi";"id_sondaggio";"sondaggi";"id_sondaggio";"FOREIGN KEY"
"prg_fs__sndg__fk";"progetti_fasi";"codice_azienda";"sondaggi";"codice_azienda";"FOREIGN KEY"
"prg_fs__sndg__fk";"progetti_fasi";"codice_azienda";"sondaggi";"id_sondaggio";"FOREIGN KEY"
"prg_fs__sndg_rpzt__fk";"progetti_fasi";"id_sondaggio_rimpiazzato";"sondaggi";"id_sondaggio";"FOREIGN KEY"
"prg_fs__sndg_rpzt__fk";"progetti_fasi";"id_sondaggio_rimpiazzato";"sondaggi";"codice_azienda";"FOREIGN KEY"
"prg_fs__sndg_rpzt__fk";"progetti_fasi";"codice_azienda";"sondaggi";"id_sondaggio";"FOREIGN KEY"
"prg_fs__sndg_rpzt__fk";"progetti_fasi";"codice_azienda";"sondaggi";"codice_azienda";"FOREIGN KEY"
"prg_fs__tp_fs_prg_fk";"progetti_fasi";"codice_azienda";"tipi_fasi_progetti";"codice_azienda";"FOREIGN KEY"
"prg_fs__tp_fs_prg_fk";"progetti_fasi";"codice_azienda";"tipi_fasi_progetti";"id_tipo_fase";"FOREIGN KEY"
"prg_fs__tp_fs_prg_fk";"progetti_fasi";"id_tipo_fase";"tipi_fasi_progetti";"codice_azienda";"FOREIGN KEY"
"prg_fs__tp_fs_prg_fk";"progetti_fasi";"id_tipo_fase";"tipi_fasi_progetti";"id_tipo_fase";"FOREIGN KEY"
"prg_fs__vari__fk";"progetti_fasi";"codice_variante";"articoli_varianti";"id_articolo";"FOREIGN KEY"
"prg_fs__vari__fk";"progetti_fasi";"codice_variante";"articoli_varianti";"codice_azienda";"FOREIGN KEY"
"prg_fs__vari__fk";"progetti_fasi";"codice_variante";"articoli_varianti";"codice_variante";"FOREIGN KEY"
"prg_fs__vari__fk";"progetti_fasi";"id_articolo";"articoli_varianti";"id_articolo";"FOREIGN KEY"
"prg_fs__vari__fk";"progetti_fasi";"id_articolo";"articoli_varianti";"codice_azienda";"FOREIGN KEY"
"prg_fs__vari__fk";"progetti_fasi";"id_articolo";"articoli_varianti";"codice_variante";"FOREIGN KEY"
"prg_fs__vari__fk";"progetti_fasi";"codice_azienda";"articoli_varianti";"id_articolo";"FOREIGN KEY"
"prg_fs__vari__fk";"progetti_fasi";"codice_azienda";"articoli_varianti";"codice_azienda";"FOREIGN KEY"
"prg_fs__vari__fk";"progetti_fasi";"codice_azienda";"articoli_varianti";"codice_variante";"FOREIGN KEY"
"prg_fs_an__prg_fs__fk";"progetti_fasi_zone";"codice_azienda";"progetti_fasi";"id_fase";"FOREIGN KEY"
"prg_fs_an__prg_fs__fk";"progetti_fasi_zone";"codice_azienda";"progetti_fasi";"codice_azienda";"FOREIGN KEY"
"prg_fs_an__prg_fs__fk";"progetti_fasi_zone";"id_fase";"progetti_fasi";"id_fase";"FOREIGN KEY"
"prg_fs_an__prg_fs__fk";"progetti_fasi_zone";"id_fase";"progetti_fasi";"codice_azienda";"FOREIGN KEY"
"prg_fs_rela__prg_fs__prec_fk";"progetti_fasi_relazioni";"id_fase_prec";"progetti_fasi";"codice_azienda";"FOREIGN KEY"
"prg_fs_rela__prg_fs__prec_fk";"progetti_fasi_relazioni";"id_fase_prec";"progetti_fasi";"id_fase";"FOREIGN KEY"
"prg_fs_rela__prg_fs__prec_fk";"progetti_fasi_relazioni";"codice_azienda";"progetti_fasi";"codice_azienda";"FOREIGN KEY"
"prg_fs_rela__prg_fs__prec_fk";"progetti_fasi_relazioni";"codice_azienda";"progetti_fasi";"id_fase";"FOREIGN KEY"
"prg_fs_rela__prg_fs__succ_fk";"progetti_fasi_relazioni";"id_fase_succ";"progetti_fasi";"id_fase";"FOREIGN KEY"
"prg_fs_rela__prg_fs__succ_fk";"progetti_fasi_relazioni";"id_fase_succ";"progetti_fasi";"codice_azienda";"FOREIGN KEY"
"prg_fs_rela__prg_fs__succ_fk";"progetti_fasi_relazioni";"codice_azienda";"progetti_fasi";"id_fase";"FOREIGN KEY"
"prg_fs_rela__prg_fs__succ_fk";"progetti_fasi_relazioni";"codice_azienda";"progetti_fasi";"codice_azienda";"FOREIGN KEY"
"prg_fs_rela__prg_vrs_fk";"progetti_fasi_relazioni";"id_versione";"progetti_vr";"id_versione";"FOREIGN KEY"
"prg_fs_rela__prg_vrs_fk";"progetti_fasi_relazioni";"id_versione";"progetti_vr";"codice_azienda";"FOREIGN KEY"
"prg_fs_rela__prg_vrs_fk";"progetti_fasi_relazioni";"codice_azienda";"progetti_vr";"id_versione";"FOREIGN KEY"
"prg_fs_rela__prg_vrs_fk";"progetti_fasi_relazioni";"codice_azienda";"progetti_vr";"codice_azienda";"FOREIGN KEY"
"prg_fs_tr__anid_fk";"progetti_fasi_tr";"id_risorsa";"anagrafiche_id";"id_anagrafica";"FOREIGN KEY"
"prg_fs_tr__anid_fk";"progetti_fasi_tr";"id_risorsa";"anagrafiche_id";"codice_part";"FOREIGN KEY"
"prg_fs_tr__anid_fk";"progetti_fasi_tr";"codice_part";"anagrafiche_id";"id_anagrafica";"FOREIGN KEY"
"prg_fs_tr__anid_fk";"progetti_fasi_tr";"codice_part";"anagrafiche_id";"codice_part";"FOREIGN KEY"
"prg_fs_tr__dvfl_rg__fk";"progetti_fasi_tr";"codice_azienda";"dv_fogli_lavoro_righe";"codice_zona";"FOREIGN KEY"
"prg_fs_tr__dvfl_rg__fk";"progetti_fasi_tr";"codice_azienda";"dv_fogli_lavoro_righe";"codice_azienda";"FOREIGN KEY"
"prg_fs_tr__dvfl_rg__fk";"progetti_fasi_tr";"codice_azienda";"dv_fogli_lavoro_righe";"data";"FOREIGN KEY"
"prg_fs_tr__dvfl_rg__fk";"progetti_fasi_tr";"codice_azienda";"dv_fogli_lavoro_righe";"prog_foglio_lavoro";"FOREIGN KEY"
"prg_fs_tr__dvfl_rg__fk";"progetti_fasi_tr";"codice_zona";"dv_fogli_lavoro_righe";"codice_zona";"FOREIGN KEY"
"prg_fs_tr__dvfl_rg__fk";"progetti_fasi_tr";"codice_zona";"dv_fogli_lavoro_righe";"codice_azienda";"FOREIGN KEY"
"prg_fs_tr__dvfl_rg__fk";"progetti_fasi_tr";"codice_zona";"dv_fogli_lavoro_righe";"data";"FOREIGN KEY"
"prg_fs_tr__dvfl_rg__fk";"progetti_fasi_tr";"codice_zona";"dv_fogli_lavoro_righe";"prog_foglio_lavoro";"FOREIGN KEY"
"prg_fs_tr__dvfl_rg__fk";"progetti_fasi_tr";"data_inizio";"dv_fogli_lavoro_righe";"codice_zona";"FOREIGN KEY"
"prg_fs_tr__dvfl_rg__fk";"progetti_fasi_tr";"data_inizio";"dv_fogli_lavoro_righe";"codice_azienda";"FOREIGN KEY"
"prg_fs_tr__dvfl_rg__fk";"progetti_fasi_tr";"data_inizio";"dv_fogli_lavoro_righe";"data";"FOREIGN KEY"
"prg_fs_tr__dvfl_rg__fk";"progetti_fasi_tr";"data_inizio";"dv_fogli_lavoro_righe";"prog_foglio_lavoro";"FOREIGN KEY"
"prg_fs_tr__dvfl_rg__fk";"progetti_fasi_tr";"prog_foglio_lavoro";"dv_fogli_lavoro_righe";"codice_zona";"FOREIGN KEY"
"prg_fs_tr__dvfl_rg__fk";"progetti_fasi_tr";"prog_foglio_lavoro";"dv_fogli_lavoro_righe";"codice_azienda";"FOREIGN KEY"
"prg_fs_tr__dvfl_rg__fk";"progetti_fasi_tr";"prog_foglio_lavoro";"dv_fogli_lavoro_righe";"data";"FOREIGN KEY"
"prg_fs_tr__dvfl_rg__fk";"progetti_fasi_tr";"prog_foglio_lavoro";"dv_fogli_lavoro_righe";"prog_foglio_lavoro";"FOREIGN KEY"
"prg_fs_tr__prg_fk";"progetti_fasi_tr";"codice_azienda";"progetti";"id_progetto";"FOREIGN KEY"
"prg_fs_tr__prg_fk";"progetti_fasi_tr";"codice_azienda";"progetti";"codice_azienda";"FOREIGN KEY"
"prg_fs_tr__prg_fk";"progetti_fasi_tr";"id_progetto";"progetti";"id_progetto";"FOREIGN KEY"
"prg_fs_tr__prg_fk";"progetti_fasi_tr";"id_progetto";"progetti";"codice_azienda";"FOREIGN KEY"
"prg_fs_tr__prg_fs_fk";"progetti_fasi_tr";"codice_azienda";"progetti_fasi";"id_fase";"FOREIGN KEY"
"prg_fs_tr__prg_fs_fk";"progetti_fasi_tr";"codice_azienda";"progetti_fasi";"codice_azienda";"FOREIGN KEY"
"prg_fs_tr__prg_fs_fk";"progetti_fasi_tr";"id_fase";"progetti_fasi";"id_fase";"FOREIGN KEY"
"prg_fs_tr__prg_fs_fk";"progetti_fasi_tr";"id_fase";"progetti_fasi";"codice_azienda";"FOREIGN KEY"
"prg_fs_tr__prg_fs_zn__fk";"progetti_fasi_tr";"codice_zona";"progetti_fasi_zone";"id_fase";"FOREIGN KEY"
"prg_fs_tr__prg_fs_zn__fk";"progetti_fasi_tr";"codice_zona";"progetti_fasi_zone";"codice_azienda";"FOREIGN KEY"
"prg_fs_tr__prg_fs_zn__fk";"progetti_fasi_tr";"codice_zona";"progetti_fasi_zone";"codice_zona";"FOREIGN KEY"
"prg_fs_tr__prg_fs_zn__fk";"progetti_fasi_tr";"id_fase";"progetti_fasi_zone";"id_fase";"FOREIGN KEY"
"prg_fs_tr__prg_fs_zn__fk";"progetti_fasi_tr";"id_fase";"progetti_fasi_zone";"codice_azienda";"FOREIGN KEY"
"prg_fs_tr__prg_fs_zn__fk";"progetti_fasi_tr";"id_fase";"progetti_fasi_zone";"codice_zona";"FOREIGN KEY"
"prg_fs_tr__prg_fs_zn__fk";"progetti_fasi_tr";"codice_azienda";"progetti_fasi_zone";"id_fase";"FOREIGN KEY"
"prg_fs_tr__prg_fs_zn__fk";"progetti_fasi_tr";"codice_azienda";"progetti_fasi_zone";"codice_azienda";"FOREIGN KEY"
"prg_fs_tr__prg_fs_zn__fk";"progetti_fasi_tr";"codice_azienda";"progetti_fasi_zone";"codice_zona";"FOREIGN KEY"
"prg_fs_tr__tiri_fk";"progetti_fasi_tr";"id_tipo_risorsa";"tipi_risorsa";"codice_azienda";"FOREIGN KEY"
"prg_fs_tr__tiri_fk";"progetti_fasi_tr";"id_tipo_risorsa";"tipi_risorsa";"id_tipo_risorsa";"FOREIGN KEY"
"prg_fs_tr__tiri_fk";"progetti_fasi_tr";"codice_azienda";"tipi_risorsa";"codice_azienda";"FOREIGN KEY"
"prg_fs_tr__tiri_fk";"progetti_fasi_tr";"codice_azienda";"tipi_risorsa";"id_tipo_risorsa";"FOREIGN KEY"
"prg_fs_vcl__prg_fs_vr_fk";"progetti_fasi_vincoli";"codice_azienda";"progetti_fasi_vr";"codice_azienda";"FOREIGN KEY"
"prg_fs_vcl__prg_fs_vr_fk";"progetti_fasi_vincoli";"codice_azienda";"progetti_fasi_vr";"id_versione";"FOREIGN KEY"
"prg_fs_vcl__prg_fs_vr_fk";"progetti_fasi_vincoli";"codice_azienda";"progetti_fasi_vr";"id_fase";"FOREIGN KEY"
"prg_fs_vcl__prg_fs_vr_fk";"progetti_fasi_vincoli";"id_fase";"progetti_fasi_vr";"codice_azienda";"FOREIGN KEY"
"prg_fs_vcl__prg_fs_vr_fk";"progetti_fasi_vincoli";"id_fase";"progetti_fasi_vr";"id_versione";"FOREIGN KEY"
"prg_fs_vcl__prg_fs_vr_fk";"progetti_fasi_vincoli";"id_fase";"progetti_fasi_vr";"id_fase";"FOREIGN KEY"
"prg_fs_vcl__prg_fs_vr_fk";"progetti_fasi_vincoli";"id_versione";"progetti_fasi_vr";"codice_azienda";"FOREIGN KEY"
"prg_fs_vcl__prg_fs_vr_fk";"progetti_fasi_vincoli";"id_versione";"progetti_fasi_vr";"id_versione";"FOREIGN KEY"
"prg_fs_vcl__prg_fs_vr_fk";"progetti_fasi_vincoli";"id_versione";"progetti_fasi_vr";"id_fase";"FOREIGN KEY"
"prg_fs_vcl__prg_fs_vr_rif_fk";"progetti_fasi_vincoli";"id_versione";"progetti_fasi_vr";"id_versione";"FOREIGN KEY"
"prg_fs_vcl__prg_fs_vr_rif_fk";"progetti_fasi_vincoli";"id_versione";"progetti_fasi_vr";"id_fase";"FOREIGN KEY"
"prg_fs_vcl__prg_fs_vr_rif_fk";"progetti_fasi_vincoli";"id_versione";"progetti_fasi_vr";"codice_azienda";"FOREIGN KEY"
"prg_fs_vcl__prg_fs_vr_rif_fk";"progetti_fasi_vincoli";"id_fase_rif";"progetti_fasi_vr";"id_versione";"FOREIGN KEY"
"prg_fs_vcl__prg_fs_vr_rif_fk";"progetti_fasi_vincoli";"id_fase_rif";"progetti_fasi_vr";"id_fase";"FOREIGN KEY"
"prg_fs_vcl__prg_fs_vr_rif_fk";"progetti_fasi_vincoli";"id_fase_rif";"progetti_fasi_vr";"codice_azienda";"FOREIGN KEY"
"prg_fs_vcl__prg_fs_vr_rif_fk";"progetti_fasi_vincoli";"codice_azienda";"progetti_fasi_vr";"id_versione";"FOREIGN KEY"
"prg_fs_vcl__prg_fs_vr_rif_fk";"progetti_fasi_vincoli";"codice_azienda";"progetti_fasi_vr";"id_fase";"FOREIGN KEY"
"prg_fs_vcl__prg_fs_vr_rif_fk";"progetti_fasi_vincoli";"codice_azienda";"progetti_fasi_vr";"codice_azienda";"FOREIGN KEY"
"prg_fs_vr__prg_fs_fk";"progetti_fasi_vr";"codice_azienda";"progetti_fasi";"codice_azienda";"FOREIGN KEY"
"prg_fs_vr__prg_fs_fk";"progetti_fasi_vr";"codice_azienda";"progetti_fasi";"id_fase";"FOREIGN KEY"
"prg_fs_vr__prg_fs_fk";"progetti_fasi_vr";"id_fase";"progetti_fasi";"codice_azienda";"FOREIGN KEY"
"prg_fs_vr__prg_fs_fk";"progetti_fasi_vr";"id_fase";"progetti_fasi";"id_fase";"FOREIGN KEY"
"prg_fs_vr__prg_fs_vr_fk";"progetti_fasi_vr";"id_fase_sup";"progetti_fasi_vr";"id_fase";"FOREIGN KEY"
"prg_fs_vr__prg_fs_vr_fk";"progetti_fasi_vr";"id_fase_sup";"progetti_fasi_vr";"id_versione";"FOREIGN KEY"
"prg_fs_vr__prg_fs_vr_fk";"progetti_fasi_vr";"id_fase_sup";"progetti_fasi_vr";"codice_azienda";"FOREIGN KEY"
"prg_fs_vr__prg_fs_vr_fk";"progetti_fasi_vr";"codice_azienda";"progetti_fasi_vr";"id_fase";"FOREIGN KEY"
"prg_fs_vr__prg_fs_vr_fk";"progetti_fasi_vr";"codice_azienda";"progetti_fasi_vr";"id_versione";"FOREIGN KEY"
"prg_fs_vr__prg_fs_vr_fk";"progetti_fasi_vr";"codice_azienda";"progetti_fasi_vr";"codice_azienda";"FOREIGN KEY"
"prg_fs_vr__prg_fs_vr_fk";"progetti_fasi_vr";"id_versione";"progetti_fasi_vr";"id_fase";"FOREIGN KEY"
"prg_fs_vr__prg_fs_vr_fk";"progetti_fasi_vr";"id_versione";"progetti_fasi_vr";"id_versione";"FOREIGN KEY"
"prg_fs_vr__prg_fs_vr_fk";"progetti_fasi_vr";"id_versione";"progetti_fasi_vr";"codice_azienda";"FOREIGN KEY"
"prg_fs_vr__prg_vr_fk";"progetti_fasi_vr";"codice_azienda";"progetti_vr";"id_versione";"FOREIGN KEY"
"prg_fs_vr__prg_vr_fk";"progetti_fasi_vr";"codice_azienda";"progetti_vr";"codice_azienda";"FOREIGN KEY"
"prg_fs_vr__prg_vr_fk";"progetti_fasi_vr";"id_versione";"progetti_vr";"id_versione";"FOREIGN KEY"
"prg_fs_vr__prg_vr_fk";"progetti_fasi_vr";"id_versione";"progetti_vr";"codice_azienda";"FOREIGN KEY"
"prg_fs_zn__zone__fk";"progetti_fasi_zone";"codice_azienda";"zone";"codice_zona";"FOREIGN KEY"
"prg_fs_zn__zone__fk";"progetti_fasi_zone";"codice_azienda";"zone";"codice_azienda";"FOREIGN KEY"
"prg_fs_zn__zone__fk";"progetti_fasi_zone";"codice_zona";"zone";"codice_zona";"FOREIGN KEY"
"prg_fs_zn__zone__fk";"progetti_fasi_zone";"codice_zona";"zone";"codice_azienda";"FOREIGN KEY"
"prg_vr__prg_fk";"progetti_vr";"id_progetto";"progetti";"codice_azienda";"FOREIGN KEY"
"prg_vr__prg_fk";"progetti_vr";"id_progetto";"progetti";"id_progetto";"FOREIGN KEY"
"prg_vr__prg_fk";"progetti_vr";"codice_azienda";"progetti";"codice_azienda";"FOREIGN KEY"
"prg_vr__prg_fk";"progetti_vr";"codice_azienda";"progetti";"id_progetto";"FOREIGN KEY"
"prmb_azie_fk";"parametri_bolli";"codice_azienda";"aziende";"codice_azienda";"FOREIGN KEY"
"prnc_regi_fk";"province";"codice_regione";"regioni";"codice_regione";"FOREIGN KEY"
"prod_azie_fk";"produttori";"codice_azienda";"aziende";"codice_azienda";"FOREIGN KEY"
"prof_azie_fk";"profili";"codice_azienda";"aziende";"codice_azienda";"FOREIGN KEY"
"prof_prer_fk";"profili_ereditati";"nome";"profili";"nome";"FOREIGN KEY"
"prof_prer_fk_ere";"profili_ereditati";"nome_ereditato";"profili";"nome";"FOREIGN KEY"
"prov_anfr_fk";"provvigioni";"id_agente";"anagrafiche_id";"id_anagrafica";"FOREIGN KEY"
"prov_anfr_fk";"provvigioni";"id_agente";"anagrafiche_id";"codice_part";"FOREIGN KEY"
"prov_anfr_fk";"provvigioni";"codice_part";"anagrafiche_id";"id_anagrafica";"FOREIGN KEY"
"prov_anfr_fk";"provvigioni";"codice_part";"anagrafiche_id";"codice_part";"FOREIGN KEY"
"prov_docu_fk";"provvigioni";"id_documento";"documenti";"id_documento";"FOREIGN KEY"
"prov_docu_fk";"provvigioni";"id_documento";"documenti";"codice_azienda";"FOREIGN KEY"
"prov_docu_fk";"provvigioni";"codice_azienda";"documenti";"id_documento";"FOREIGN KEY"
"prov_docu_fk";"provvigioni";"codice_azienda";"documenti";"codice_azienda";"FOREIGN KEY"
"prov_part_fk";"provvigioni";"id_partitario";"partitario";"codice_azienda";"FOREIGN KEY"
"prov_part_fk";"provvigioni";"id_partitario";"partitario";"id_partitario";"FOREIGN KEY"
"prov_part_fk";"provvigioni";"codice_azienda";"partitario";"codice_azienda";"FOREIGN KEY"
"prov_part_fk";"provvigioni";"codice_azienda";"partitario";"id_partitario";"FOREIGN KEY"
"prov_valu_fk";"provvigioni";"id_valuta";"valute";"id_valuta";"FOREIGN KEY"
"prov_valu_fk";"provvigioni";"id_valuta";"valute";"codice_part";"FOREIGN KEY"
"prov_valu_fk";"provvigioni";"codice_part";"valute";"id_valuta";"FOREIGN KEY"
"prov_valu_fk";"provvigioni";"codice_part";"valute";"codice_part";"FOREIGN KEY"
"prpe_azie_fk";"prestazioni_periodo";"codice_azienda";"aziende";"codice_azienda";"FOREIGN KEY"
"prrg_anac_fk";"prestazioni_periodo_righe";"codice_azienda";"anagrafiche_col";"cod_meccanografico";"FOREIGN KEY"
"prrg_anac_fk";"prestazioni_periodo_righe";"codice_azienda";"anagrafiche_col";"id_anagrafica";"FOREIGN KEY"
"prrg_anac_fk";"prestazioni_periodo_righe";"codice_azienda";"anagrafiche_col";"codice_azienda";"FOREIGN KEY"
"prrg_anac_fk";"prestazioni_periodo_righe";"id_anagrafica";"anagrafiche_col";"cod_meccanografico";"FOREIGN KEY"
"prrg_anac_fk";"prestazioni_periodo_righe";"id_anagrafica";"anagrafiche_col";"id_anagrafica";"FOREIGN KEY"
"prrg_anac_fk";"prestazioni_periodo_righe";"id_anagrafica";"anagrafiche_col";"codice_azienda";"FOREIGN KEY"
"prrg_anac_fk";"prestazioni_periodo_righe";"cod_meccanografico";"anagrafiche_col";"cod_meccanografico";"FOREIGN KEY"
"prrg_anac_fk";"prestazioni_periodo_righe";"cod_meccanografico";"anagrafiche_col";"id_anagrafica";"FOREIGN KEY"
"prrg_anac_fk";"prestazioni_periodo_righe";"cod_meccanografico";"anagrafiche_col";"codice_azienda";"FOREIGN KEY"
"prrg_anag_fk";"prestazioni_periodo_righe";"codice_part";"anagrafiche_id";"codice_part";"FOREIGN KEY"
"prrg_anag_fk";"prestazioni_periodo_righe";"codice_part";"anagrafiche_id";"id_anagrafica";"FOREIGN KEY"
"prrg_anag_fk";"prestazioni_periodo_righe";"id_anagrafica";"anagrafiche_id";"codice_part";"FOREIGN KEY"
"prrg_anag_fk";"prestazioni_periodo_righe";"id_anagrafica";"anagrafiche_id";"id_anagrafica";"FOREIGN KEY"
"prrg_azie_fk";"prestazioni_periodo_righe";"codice_azienda";"aziende";"codice_azienda";"FOREIGN KEY"
"prrg_ceat_fk";"prestazioni_periodo_righe";"id_centro_attivita";"centri_attivita";"id_centro_attivita";"FOREIGN KEY"
"prrg_ceat_fk";"prestazioni_periodo_righe";"id_centro_attivita";"centri_attivita";"codice_azienda";"FOREIGN KEY"
"prrg_ceat_fk";"prestazioni_periodo_righe";"codice_azienda";"centri_attivita";"id_centro_attivita";"FOREIGN KEY"
"prrg_ceat_fk";"prestazioni_periodo_righe";"codice_azienda";"centri_attivita";"codice_azienda";"FOREIGN KEY"
"prrg_ceco_fk";"prestazioni_periodo_righe";"id_centro_costo";"centri_costo";"codice_azienda";"FOREIGN KEY"
"prrg_ceco_fk";"prestazioni_periodo_righe";"id_centro_costo";"centri_costo";"id_centro_costo";"FOREIGN KEY"
"prrg_ceco_fk";"prestazioni_periodo_righe";"codice_azienda";"centri_costo";"codice_azienda";"FOREIGN KEY"
"prrg_ceco_fk";"prestazioni_periodo_righe";"codice_azienda";"centri_costo";"id_centro_costo";"FOREIGN KEY"
"prrg_cege_fk";"prestazioni_periodo_righe";"id_centro_gest";"centri_gestionali";"id_centro_gest";"FOREIGN KEY"
"prrg_cege_fk";"prestazioni_periodo_righe";"id_centro_gest";"centri_gestionali";"codice_part";"FOREIGN KEY"
"prrg_cege_fk";"prestazioni_periodo_righe";"codice_part";"centri_gestionali";"id_centro_gest";"FOREIGN KEY"
"prrg_cege_fk";"prestazioni_periodo_righe";"codice_part";"centri_gestionali";"codice_part";"FOREIGN KEY"
"prrg_ceri1_fk";"prestazioni_periodo_righe";"codice_part";"centri_riclass";"id_centro_riclass";"FOREIGN KEY"
"prrg_ceri1_fk";"prestazioni_periodo_righe";"codice_part";"centri_riclass";"codice_part";"FOREIGN KEY"
"prrg_ceri1_fk";"prestazioni_periodo_righe";"codice_part";"centri_riclass";"prog_riclass";"FOREIGN KEY"
"prrg_ceri1_fk";"prestazioni_periodo_righe";"id_centro_riclass1";"centri_riclass";"id_centro_riclass";"FOREIGN KEY"
"prrg_ceri1_fk";"prestazioni_periodo_righe";"id_centro_riclass1";"centri_riclass";"codice_part";"FOREIGN KEY"
"prrg_ceri1_fk";"prestazioni_periodo_righe";"id_centro_riclass1";"centri_riclass";"prog_riclass";"FOREIGN KEY"
"prrg_ceri1_fk";"prestazioni_periodo_righe";"prog_riclass1";"centri_riclass";"id_centro_riclass";"FOREIGN KEY"
"prrg_ceri1_fk";"prestazioni_periodo_righe";"prog_riclass1";"centri_riclass";"codice_part";"FOREIGN KEY"
"prrg_ceri1_fk";"prestazioni_periodo_righe";"prog_riclass1";"centri_riclass";"prog_riclass";"FOREIGN KEY"
"prrg_ceri2_fk";"prestazioni_periodo_righe";"id_centro_riclass2";"centri_riclass";"codice_part";"FOREIGN KEY"
"prrg_ceri2_fk";"prestazioni_periodo_righe";"id_centro_riclass2";"centri_riclass";"id_centro_riclass";"FOREIGN KEY"
"prrg_ceri2_fk";"prestazioni_periodo_righe";"id_centro_riclass2";"centri_riclass";"prog_riclass";"FOREIGN KEY"
"prrg_ceri2_fk";"prestazioni_periodo_righe";"prog_riclass2";"centri_riclass";"codice_part";"FOREIGN KEY"
"prrg_ceri2_fk";"prestazioni_periodo_righe";"prog_riclass2";"centri_riclass";"id_centro_riclass";"FOREIGN KEY"
"prrg_ceri2_fk";"prestazioni_periodo_righe";"prog_riclass2";"centri_riclass";"prog_riclass";"FOREIGN KEY"
"prrg_ceri2_fk";"prestazioni_periodo_righe";"codice_part";"centri_riclass";"codice_part";"FOREIGN KEY"
"prrg_ceri2_fk";"prestazioni_periodo_righe";"codice_part";"centri_riclass";"id_centro_riclass";"FOREIGN KEY"
"prrg_ceri2_fk";"prestazioni_periodo_righe";"codice_part";"centri_riclass";"prog_riclass";"FOREIGN KEY"
"prrg_even_fk";"prestazioni_periodo_righe";"codice_azienda";"eventi";"id_evento";"FOREIGN KEY"
"prrg_even_fk";"prestazioni_periodo_righe";"codice_azienda";"eventi";"codice_azienda";"FOREIGN KEY"
"prrg_even_fk";"prestazioni_periodo_righe";"id_evento";"eventi";"id_evento";"FOREIGN KEY"
"prrg_even_fk";"prestazioni_periodo_righe";"id_evento";"eventi";"codice_azienda";"FOREIGN KEY"
"prrg_prpe_fk";"prestazioni_periodo_righe";"id_prestazioni_periodo";"prestazioni_periodo";"id_prestazioni_periodo";"FOREIGN KEY"
"prrg_prpe_fk";"prestazioni_periodo_righe";"id_prestazioni_periodo";"prestazioni_periodo";"codice_azienda";"FOREIGN KEY"
"prrg_prpe_fk";"prestazioni_periodo_righe";"codice_azienda";"prestazioni_periodo";"id_prestazioni_periodo";"FOREIGN KEY"
"prrg_prpe_fk";"prestazioni_periodo_righe";"codice_azienda";"prestazioni_periodo";"codice_azienda";"FOREIGN KEY"
"prsd_cege_fk";"presidi";"id_centro_gest";"centri_gestionali";"codice_part";"FOREIGN KEY"
"prsd_cege_fk";"presidi";"id_centro_gest";"centri_gestionali";"id_centro_gest";"FOREIGN KEY"
"prsd_cege_fk";"presidi";"codice_part";"centri_gestionali";"codice_part";"FOREIGN KEY"
"prsd_cege_fk";"presidi";"codice_part";"centri_gestionali";"id_centro_gest";"FOREIGN KEY"
"prsd_pcda_ff";"presidi";"codice_azienda";"procedure_aziendali";"id_procedura";"FOREIGN KEY"
"prsd_pcda_ff";"presidi";"codice_azienda";"procedure_aziendali";"codice_azienda";"FOREIGN KEY"
"prsd_pcda_ff";"presidi";"id_procedura";"procedure_aziendali";"id_procedura";"FOREIGN KEY"
"prsd_pcda_ff";"presidi";"id_procedura";"procedure_aziendali";"codice_azienda";"FOREIGN KEY"
"prva_docu_fk";"provvigioni_autorizzate";"codice_azienda";"documenti";"codice_azienda";"FOREIGN KEY"
"prva_docu_fk";"provvigioni_autorizzate";"codice_azienda";"documenti";"id_documento";"FOREIGN KEY"
"prva_docu_fk";"provvigioni_autorizzate";"id_documento";"documenti";"codice_azienda";"FOREIGN KEY"
"prva_docu_fk";"provvigioni_autorizzate";"id_documento";"documenti";"id_documento";"FOREIGN KEY"
"prva_docu_ft_fk";"provvigioni_autorizzate";"id_fattura";"documenti";"codice_azienda";"FOREIGN KEY"
"prva_docu_ft_fk";"provvigioni_autorizzate";"id_fattura";"documenti";"id_documento";"FOREIGN KEY"
"prva_docu_ft_fk";"provvigioni_autorizzate";"codice_azienda";"documenti";"codice_azienda";"FOREIGN KEY"
"prva_docu_ft_fk";"provvigioni_autorizzate";"codice_azienda";"documenti";"id_documento";"FOREIGN KEY"
"prva_prov_fk";"provvigioni_autorizzate";"id_provvigione";"provvigioni";"codice_azienda";"FOREIGN KEY"
"prva_prov_fk";"provvigioni_autorizzate";"id_provvigione";"provvigioni";"id_provvigione";"FOREIGN KEY"
"prva_prov_fk";"provvigioni_autorizzate";"codice_azienda";"provvigioni";"codice_azienda";"FOREIGN KEY"
"prva_prov_fk";"provvigioni_autorizzate";"codice_azienda";"provvigioni";"id_provvigione";"FOREIGN KEY"
"prva_rido_fk";"provvigioni_autorizzate";"codice_azienda";"righe_documento";"id_documento";"FOREIGN KEY"
"prva_rido_fk";"provvigioni_autorizzate";"codice_azienda";"righe_documento";"codice_azienda";"FOREIGN KEY"
"prva_rido_fk";"provvigioni_autorizzate";"codice_azienda";"righe_documento";"id_riga_documento";"FOREIGN KEY"
"prva_rido_fk";"provvigioni_autorizzate";"id_riga_fattura";"righe_documento";"id_documento";"FOREIGN KEY"
"prva_rido_fk";"provvigioni_autorizzate";"id_riga_fattura";"righe_documento";"codice_azienda";"FOREIGN KEY"
"prva_rido_fk";"provvigioni_autorizzate";"id_riga_fattura";"righe_documento";"id_riga_documento";"FOREIGN KEY"
"prva_rido_fk";"provvigioni_autorizzate";"id_fattura";"righe_documento";"id_documento";"FOREIGN KEY"
"prva_rido_fk";"provvigioni_autorizzate";"id_fattura";"righe_documento";"codice_azienda";"FOREIGN KEY"
"prva_rido_fk";"provvigioni_autorizzate";"id_fattura";"righe_documento";"id_riga_documento";"FOREIGN KEY"
"prve_ancl_fk";"prezzi_vendita";"codice_part";"anagrafiche_id";"codice_part";"FOREIGN KEY"
"prve_ancl_fk";"prezzi_vendita";"codice_part";"anagrafiche_id";"id_anagrafica";"FOREIGN KEY"
"prve_ancl_fk";"prezzi_vendita";"id_cliente";"anagrafiche_id";"codice_part";"FOREIGN KEY"
"prve_ancl_fk";"prezzi_vendita";"id_cliente";"anagrafiche_id";"id_anagrafica";"FOREIGN KEY"
"prve_lgen_fk";"prezzi_vendita";"codice_azienda";"listini_generali";"codice_listino";"FOREIGN KEY"
"prve_lgen_fk";"prezzi_vendita";"codice_azienda";"listini_generali";"codice_azienda";"FOREIGN KEY"
"prve_lgen_fk";"prezzi_vendita";"codice_listino_generale";"listini_generali";"codice_listino";"FOREIGN KEY"
"prve_lgen_fk";"prezzi_vendita";"codice_listino_generale";"listini_generali";"codice_azienda";"FOREIGN KEY"
"prve_lstv_fk";"prezzi_vendita";"id_listino";"listini_vendita";"id_listino";"FOREIGN KEY"
"prve_lstv_fk";"prezzi_vendita";"id_listino";"listini_vendita";"codice_azienda";"FOREIGN KEY"
"prve_lstv_fk";"prezzi_vendita";"codice_azienda";"listini_vendita";"id_listino";"FOREIGN KEY"
"prve_lstv_fk";"prezzi_vendita";"codice_azienda";"listini_vendita";"codice_azienda";"FOREIGN KEY"
"prve_rnpv_fk";"prezzi_vendita";"id_rinnovo";"rinnovo_prezzi_vendita";"codice_azienda";"FOREIGN KEY"
"prve_rnpv_fk";"prezzi_vendita";"id_rinnovo";"rinnovo_prezzi_vendita";"id_rinnovo";"FOREIGN KEY"
"prve_rnpv_fk";"prezzi_vendita";"codice_azienda";"rinnovo_prezzi_vendita";"codice_azienda";"FOREIGN KEY"
"prve_rnpv_fk";"prezzi_vendita";"codice_azienda";"rinnovo_prezzi_vendita";"id_rinnovo";"FOREIGN KEY"
"prve_seaz_fk";"prezzi_vendita";"codice_sede";"sedi_azienda";"codice_azienda";"FOREIGN KEY"
"prve_seaz_fk";"prezzi_vendita";"codice_sede";"sedi_azienda";"codice_sede";"FOREIGN KEY"
"prve_seaz_fk";"prezzi_vendita";"codice_azienda";"sedi_azienda";"codice_azienda";"FOREIGN KEY"
"prve_seaz_fk";"prezzi_vendita";"codice_azienda";"sedi_azienda";"codice_sede";"FOREIGN KEY"
"prve_valu_fk";"prezzi_vendita";"id_valuta";"valute";"codice_part";"FOREIGN KEY"
"prve_valu_fk";"prezzi_vendita";"id_valuta";"valute";"id_valuta";"FOREIGN KEY"
"prve_valu_fk";"prezzi_vendita";"codice_part";"valute";"codice_part";"FOREIGN KEY"
"prve_valu_fk";"prezzi_vendita";"codice_part";"valute";"id_valuta";"FOREIGN KEY"
"prve_vari_fk";"prezzi_vendita";"codice_variante";"articoli_varianti";"codice_variante";"FOREIGN KEY"
"prve_vari_fk";"prezzi_vendita";"codice_variante";"articoli_varianti";"id_articolo";"FOREIGN KEY"
"prve_vari_fk";"prezzi_vendita";"codice_variante";"articoli_varianti";"codice_azienda";"FOREIGN KEY"
"prve_vari_fk";"prezzi_vendita";"codice_azienda";"articoli_varianti";"codice_variante";"FOREIGN KEY"
"prve_vari_fk";"prezzi_vendita";"codice_azienda";"articoli_varianti";"id_articolo";"FOREIGN KEY"
"prve_vari_fk";"prezzi_vendita";"codice_azienda";"articoli_varianti";"codice_azienda";"FOREIGN KEY"
"prve_vari_fk";"prezzi_vendita";"id_articolo";"articoli_varianti";"codice_variante";"FOREIGN KEY"
"prve_vari_fk";"prezzi_vendita";"id_articolo";"articoli_varianti";"id_articolo";"FOREIGN KEY"
"prve_vari_fk";"prezzi_vendita";"id_articolo";"articoli_varianti";"codice_azienda";"FOREIGN KEY"
"prvs_prve_fk";"prezzi_vendita_scag";"valido_dal";"prezzi_vendita";"id_articolo";"FOREIGN KEY"
"prvs_prve_fk";"prezzi_vendita_scag";"valido_dal";"prezzi_vendita";"id_valuta";"FOREIGN KEY"
"prvs_prve_fk";"prezzi_vendita_scag";"valido_dal";"prezzi_vendita";"codice_azienda";"FOREIGN KEY"
"prvs_prve_fk";"prezzi_vendita_scag";"valido_dal";"prezzi_vendita";"valido_dal";"FOREIGN KEY"
"prvs_prve_fk";"prezzi_vendita_scag";"valido_dal";"prezzi_vendita";"codice_variante";"FOREIGN KEY"
"prvs_prve_fk";"prezzi_vendita_scag";"valido_dal";"prezzi_vendita";"riferimento";"FOREIGN KEY"
"prvs_prve_fk";"prezzi_vendita_scag";"id_articolo";"prezzi_vendita";"id_articolo";"FOREIGN KEY"
"prvs_prve_fk";"prezzi_vendita_scag";"id_articolo";"prezzi_vendita";"id_valuta";"FOREIGN KEY"
"prvs_prve_fk";"prezzi_vendita_scag";"id_articolo";"prezzi_vendita";"codice_azienda";"FOREIGN KEY"
"prvs_prve_fk";"prezzi_vendita_scag";"id_articolo";"prezzi_vendita";"valido_dal";"FOREIGN KEY"
"prvs_prve_fk";"prezzi_vendita_scag";"id_articolo";"prezzi_vendita";"codice_variante";"FOREIGN KEY"
"prvs_prve_fk";"prezzi_vendita_scag";"id_articolo";"prezzi_vendita";"riferimento";"FOREIGN KEY"
"prvs_prve_fk";"prezzi_vendita_scag";"codice_variante";"prezzi_vendita";"id_articolo";"FOREIGN KEY"
"prvs_prve_fk";"prezzi_vendita_scag";"codice_variante";"prezzi_vendita";"id_valuta";"FOREIGN KEY"
"prvs_prve_fk";"prezzi_vendita_scag";"codice_variante";"prezzi_vendita";"codice_azienda";"FOREIGN KEY"
"prvs_prve_fk";"prezzi_vendita_scag";"codice_variante";"prezzi_vendita";"valido_dal";"FOREIGN KEY"
"prvs_prve_fk";"prezzi_vendita_scag";"codice_variante";"prezzi_vendita";"codice_variante";"FOREIGN KEY"
"prvs_prve_fk";"prezzi_vendita_scag";"codice_variante";"prezzi_vendita";"riferimento";"FOREIGN KEY"
"prvs_prve_fk";"prezzi_vendita_scag";"id_valuta";"prezzi_vendita";"id_articolo";"FOREIGN KEY"
"prvs_prve_fk";"prezzi_vendita_scag";"id_valuta";"prezzi_vendita";"id_valuta";"FOREIGN KEY"
"prvs_prve_fk";"prezzi_vendita_scag";"id_valuta";"prezzi_vendita";"codice_azienda";"FOREIGN KEY"
"prvs_prve_fk";"prezzi_vendita_scag";"id_valuta";"prezzi_vendita";"valido_dal";"FOREIGN KEY"
"prvs_prve_fk";"prezzi_vendita_scag";"id_valuta";"prezzi_vendita";"codice_variante";"FOREIGN KEY"
"prvs_prve_fk";"prezzi_vendita_scag";"id_valuta";"prezzi_vendita";"riferimento";"FOREIGN KEY"
"prvs_prve_fk";"prezzi_vendita_scag";"riferimento";"prezzi_vendita";"id_articolo";"FOREIGN KEY"
"prvs_prve_fk";"prezzi_vendita_scag";"riferimento";"prezzi_vendita";"id_valuta";"FOREIGN KEY"
"prvs_prve_fk";"prezzi_vendita_scag";"riferimento";"prezzi_vendita";"codice_azienda";"FOREIGN KEY"
"prvs_prve_fk";"prezzi_vendita_scag";"riferimento";"prezzi_vendita";"valido_dal";"FOREIGN KEY"
"prvs_prve_fk";"prezzi_vendita_scag";"riferimento";"prezzi_vendita";"codice_variante";"FOREIGN KEY"
"prvs_prve_fk";"prezzi_vendita_scag";"riferimento";"prezzi_vendita";"riferimento";"FOREIGN KEY"
"prvs_prve_fk";"prezzi_vendita_scag";"codice_azienda";"prezzi_vendita";"id_articolo";"FOREIGN KEY"
"prvs_prve_fk";"prezzi_vendita_scag";"codice_azienda";"prezzi_vendita";"id_valuta";"FOREIGN KEY"
"prvs_prve_fk";"prezzi_vendita_scag";"codice_azienda";"prezzi_vendita";"codice_azienda";"FOREIGN KEY"
"prvs_prve_fk";"prezzi_vendita_scag";"codice_azienda";"prezzi_vendita";"valido_dal";"FOREIGN KEY"
"prvs_prve_fk";"prezzi_vendita_scag";"codice_azienda";"prezzi_vendita";"codice_variante";"FOREIGN KEY"
"prvs_prve_fk";"prezzi_vendita_scag";"codice_azienda";"prezzi_vendita";"riferimento";"FOREIGN KEY"
"psim_azie_fk";"prod_simulazioni";"codice_azienda";"aziende";"codice_azienda";"FOREIGN KEY"
"psin_psim_fk";"prod_sim_input";"codice_azienda";"prod_simulazioni";"id_simulazione";"FOREIGN KEY"
"psin_psim_fk";"prod_sim_input";"codice_azienda";"prod_simulazioni";"codice_azienda";"FOREIGN KEY"
"psin_psim_fk";"prod_sim_input";"id_simulazione";"prod_simulazioni";"id_simulazione";"FOREIGN KEY"
"psin_psim_fk";"prod_sim_input";"id_simulazione";"prod_simulazioni";"codice_azienda";"FOREIGN KEY"
"psin_vari_fk";"prod_sim_input";"codice_variante";"articoli_varianti";"codice_variante";"FOREIGN KEY"
"psin_vari_fk";"prod_sim_input";"codice_variante";"articoli_varianti";"id_articolo";"FOREIGN KEY"
"psin_vari_fk";"prod_sim_input";"codice_variante";"articoli_varianti";"codice_azienda";"FOREIGN KEY"
"psin_vari_fk";"prod_sim_input";"id_articolo";"articoli_varianti";"codice_variante";"FOREIGN KEY"
"psin_vari_fk";"prod_sim_input";"id_articolo";"articoli_varianti";"id_articolo";"FOREIGN KEY"
"psin_vari_fk";"prod_sim_input";"id_articolo";"articoli_varianti";"codice_azienda";"FOREIGN KEY"
"psin_vari_fk";"prod_sim_input";"codice_azienda";"articoli_varianti";"codice_variante";"FOREIGN KEY"
"psin_vari_fk";"prod_sim_input";"codice_azienda";"articoli_varianti";"id_articolo";"FOREIGN KEY"
"psin_vari_fk";"prod_sim_input";"codice_azienda";"articoli_varianti";"codice_azienda";"FOREIGN KEY"
"psla_cale_fk";"priorita_sla";"codice_calendario";"calendari";"codice_azienda";"FOREIGN KEY"
"psla_cale_fk";"priorita_sla";"codice_calendario";"calendari";"codice_calendario";"FOREIGN KEY"
"psla_cale_fk";"priorita_sla";"codice_azienda";"calendari";"codice_azienda";"FOREIGN KEY"
"psla_cale_fk";"priorita_sla";"codice_azienda";"calendari";"codice_calendario";"FOREIGN KEY"
"psou_psim_fk";"prod_sim_output";"id_simulazione";"prod_simulazioni";"id_simulazione";"FOREIGN KEY"
"psou_psim_fk";"prod_sim_output";"id_simulazione";"prod_simulazioni";"codice_azienda";"FOREIGN KEY"
"psou_psim_fk";"prod_sim_output";"codice_azienda";"prod_simulazioni";"id_simulazione";"FOREIGN KEY"
"psou_psim_fk";"prod_sim_output";"codice_azienda";"prod_simulazioni";"codice_azienda";"FOREIGN KEY"
"psou_vari_fk";"prod_sim_output";"id_articolo";"articoli_varianti";"codice_azienda";"FOREIGN KEY"
"psou_vari_fk";"prod_sim_output";"id_articolo";"articoli_varianti";"id_articolo";"FOREIGN KEY"
"psou_vari_fk";"prod_sim_output";"id_articolo";"articoli_varianti";"codice_variante";"FOREIGN KEY"
"psou_vari_fk";"prod_sim_output";"codice_azienda";"articoli_varianti";"codice_azienda";"FOREIGN KEY"
"psou_vari_fk";"prod_sim_output";"codice_azienda";"articoli_varianti";"id_articolo";"FOREIGN KEY"
"psou_vari_fk";"prod_sim_output";"codice_azienda";"articoli_varianti";"codice_variante";"FOREIGN KEY"
"psou_vari_fk";"prod_sim_output";"codice_variante";"articoli_varianti";"codice_azienda";"FOREIGN KEY"
"psou_vari_fk";"prod_sim_output";"codice_variante";"articoli_varianti";"id_articolo";"FOREIGN KEY"
"psou_vari_fk";"prod_sim_output";"codice_variante";"articoli_varianti";"codice_variante";"FOREIGN KEY"
"ptop_docu_fk";"partitario_operazioni";"id_documento";"documenti";"codice_azienda";"FOREIGN KEY"
"ptop_docu_fk";"partitario_operazioni";"id_documento";"documenti";"id_documento";"FOREIGN KEY"
"ptop_docu_fk";"partitario_operazioni";"codice_azienda";"documenti";"codice_azienda";"FOREIGN KEY"
"ptop_docu_fk";"partitario_operazioni";"codice_azienda";"documenti";"id_documento";"FOREIGN KEY"
"ptop_part_fk";"partitario_operazioni";"codice_azienda";"partitario";"id_partitario";"FOREIGN KEY"
"ptop_part_fk";"partitario_operazioni";"codice_azienda";"partitario";"codice_azienda";"FOREIGN KEY"
"ptop_part_fk";"partitario_operazioni";"id_partitario";"partitario";"id_partitario";"FOREIGN KEY"
"ptop_part_fk";"partitario_operazioni";"id_partitario";"partitario";"codice_azienda";"FOREIGN KEY"
"rari_comp_fk";"ratei_risconti";"id_documento";"competenze";"id_competenza";"FOREIGN KEY"
"rari_comp_fk";"ratei_risconti";"id_documento";"competenze";"codice_azienda";"FOREIGN KEY"
"rari_comp_fk";"ratei_risconti";"id_documento";"competenze";"id_documento";"FOREIGN KEY"
"rari_comp_fk";"ratei_risconti";"codice_azienda";"competenze";"id_competenza";"FOREIGN KEY"
"rari_comp_fk";"ratei_risconti";"codice_azienda";"competenze";"codice_azienda";"FOREIGN KEY"
"rari_comp_fk";"ratei_risconti";"codice_azienda";"competenze";"id_documento";"FOREIGN KEY"
"rari_comp_fk";"ratei_risconti";"id_competenza";"competenze";"id_competenza";"FOREIGN KEY"
"rari_comp_fk";"ratei_risconti";"id_competenza";"competenze";"codice_azienda";"FOREIGN KEY"
"rari_comp_fk";"ratei_risconti";"id_competenza";"competenze";"id_documento";"FOREIGN KEY"
"rari_divi_fk";"ratei_risconti";"codice_azienda";"divisioni";"codice_azienda";"FOREIGN KEY"
"rari_divi_fk";"ratei_risconti";"codice_azienda";"divisioni";"id_divisione";"FOREIGN KEY"
"rari_divi_fk";"ratei_risconti";"id_divisione";"divisioni";"codice_azienda";"FOREIGN KEY"
"rari_divi_fk";"ratei_risconti";"id_divisione";"divisioni";"id_divisione";"FOREIGN KEY"
"rari_eser_fk";"ratei_risconti";"id_divisione";"esercizi";"codice_azienda";"FOREIGN KEY"
"rari_eser_fk";"ratei_risconti";"id_divisione";"esercizi";"id_divisione";"FOREIGN KEY"
"rari_eser_fk";"ratei_risconti";"id_divisione";"esercizi";"id_esercizio";"FOREIGN KEY"
"rari_eser_fk";"ratei_risconti";"codice_azienda";"esercizi";"codice_azienda";"FOREIGN KEY"
"rari_eser_fk";"ratei_risconti";"codice_azienda";"esercizi";"id_divisione";"FOREIGN KEY"
"rari_eser_fk";"ratei_risconti";"codice_azienda";"esercizi";"id_esercizio";"FOREIGN KEY"
"rari_eser_fk";"ratei_risconti";"id_esercizio";"esercizi";"codice_azienda";"FOREIGN KEY"
"rari_eser_fk";"ratei_risconti";"id_esercizio";"esercizi";"id_divisione";"FOREIGN KEY"
"rari_eser_fk";"ratei_risconti";"id_esercizio";"esercizi";"id_esercizio";"FOREIGN KEY"
"rcan_artn_fk";"rischi_articoli_normativi";"codice_articolo_normativo";"articoli_normativi";"codice_articolo_normativo";"FOREIGN KEY"
"rcan_artn_fk";"rischi_articoli_normativi";"codice_articolo_normativo";"articoli_normativi";"id_testo_normativo";"FOREIGN KEY"
"rcan_artn_fk";"rischi_articoli_normativi";"id_testo_normativo";"articoli_normativi";"codice_articolo_normativo";"FOREIGN KEY"
"rcan_artn_fk";"rischi_articoli_normativi";"id_testo_normativo";"articoli_normativi";"id_testo_normativo";"FOREIGN KEY"
"rcan_rsch_fk";"rischi_articoli_normativi";"codice_rischio";"rischi";"codice_rischio";"FOREIGN KEY"
"rcan_rsch_fk";"rischi_articoli_normativi";"codice_rischio";"rischi";"codice_azienda";"FOREIGN KEY"
"rcan_rsch_fk";"rischi_articoli_normativi";"codice_azienda";"rischi";"codice_rischio";"FOREIGN KEY"
"rcan_rsch_fk";"rischi_articoli_normativi";"codice_azienda";"rischi";"codice_azienda";"FOREIGN KEY"
"rcon_azie_fk";"reg_contabili";"codice_azienda";"aziende";"codice_azienda";"FOREIGN KEY"
"rcon_ceco_fk";"reg_contabili";"id_centro_costo";"centri_costo";"codice_azienda";"FOREIGN KEY"
"rcon_ceco_fk";"reg_contabili";"id_centro_costo";"centri_costo";"id_centro_costo";"FOREIGN KEY"
"rcon_ceco_fk";"reg_contabili";"codice_azienda";"centri_costo";"codice_azienda";"FOREIGN KEY"
"rcon_ceco_fk";"reg_contabili";"codice_azienda";"centri_costo";"id_centro_costo";"FOREIGN KEY"
"rcon_comp_fk";"reg_contabili";"id_documento";"competenze";"id_documento";"FOREIGN KEY"
"rcon_comp_fk";"reg_contabili";"id_documento";"competenze";"codice_azienda";"FOREIGN KEY"
"rcon_comp_fk";"reg_contabili";"id_documento";"competenze";"id_competenza";"FOREIGN KEY"
"rcon_comp_fk";"reg_contabili";"codice_azienda";"competenze";"id_documento";"FOREIGN KEY"
"rcon_comp_fk";"reg_contabili";"codice_azienda";"competenze";"codice_azienda";"FOREIGN KEY"
"rcon_comp_fk";"reg_contabili";"codice_azienda";"competenze";"id_competenza";"FOREIGN KEY"
"rcon_comp_fk";"reg_contabili";"id_competenza";"competenze";"id_documento";"FOREIGN KEY"
"rcon_comp_fk";"reg_contabili";"id_competenza";"competenze";"codice_azienda";"FOREIGN KEY"
"rcon_comp_fk";"reg_contabili";"id_competenza";"competenze";"id_competenza";"FOREIGN KEY"
"rcon_divi_fk";"reg_contabili";"codice_azienda";"divisioni";"id_divisione";"FOREIGN KEY"
"rcon_divi_fk";"reg_contabili";"codice_azienda";"divisioni";"codice_azienda";"FOREIGN KEY"
"rcon_divi_fk";"reg_contabili";"id_divisione";"divisioni";"id_divisione";"FOREIGN KEY"
"rcon_divi_fk";"reg_contabili";"id_divisione";"divisioni";"codice_azienda";"FOREIGN KEY"
"rcon_docu_fk";"reg_contabili";"codice_azienda";"documenti";"id_documento";"FOREIGN KEY"
"rcon_docu_fk";"reg_contabili";"codice_azienda";"documenti";"codice_azienda";"FOREIGN KEY"
"rcon_docu_fk";"reg_contabili";"id_documento";"documenti";"id_documento";"FOREIGN KEY"
"rcon_docu_fk";"reg_contabili";"id_documento";"documenti";"codice_azienda";"FOREIGN KEY"
"rcon_docu_tmp_fk";"reg_contabili_tmp";"codice_azienda";"documenti";"id_documento";"FOREIGN KEY"
"rcon_docu_tmp_fk";"reg_contabili_tmp";"codice_azienda";"documenti";"codice_azienda";"FOREIGN KEY"
"rcon_docu_tmp_fk";"reg_contabili_tmp";"id_documento";"documenti";"id_documento";"FOREIGN KEY"
"rcon_docu_tmp_fk";"reg_contabili_tmp";"id_documento";"documenti";"codice_azienda";"FOREIGN KEY"
"rcon_rari_fk";"reg_contabili";"id_ratei_risconti";"ratei_risconti";"id_ratei_risconti";"FOREIGN KEY"
"rcon_rari_fk";"reg_contabili";"id_ratei_risconti";"ratei_risconti";"codice_azienda";"FOREIGN KEY"
"rcon_rari_fk";"reg_contabili";"codice_azienda";"ratei_risconti";"id_ratei_risconti";"FOREIGN KEY"
"rcon_rari_fk";"reg_contabili";"codice_azienda";"ratei_risconti";"codice_azienda";"FOREIGN KEY"
"rcon_soco_fk";"reg_contabili";"codice_template_fiscale";"sottoconti";"id_pdc";"FOREIGN KEY"
"rcon_soco_fk";"reg_contabili";"codice_template_fiscale";"sottoconti";"codice_part";"FOREIGN KEY"
"rcon_soco_fk";"reg_contabili";"codice_template_fiscale";"sottoconti";"id_sottoconto";"FOREIGN KEY"
"rcon_soco_fk";"reg_contabili";"codice_template_fiscale";"sottoconti";"codice_template_fiscale";"FOREIGN KEY"
"rcon_soco_fk";"reg_contabili";"id_pdc";"sottoconti";"id_pdc";"FOREIGN KEY"
"rcon_soco_fk";"reg_contabili";"id_pdc";"sottoconti";"codice_part";"FOREIGN KEY"
"rcon_soco_fk";"reg_contabili";"id_pdc";"sottoconti";"id_sottoconto";"FOREIGN KEY"
"rcon_soco_fk";"reg_contabili";"id_pdc";"sottoconti";"codice_template_fiscale";"FOREIGN KEY"
"rcon_soco_fk";"reg_contabili";"codice_part";"sottoconti";"id_pdc";"FOREIGN KEY"
"rcon_soco_fk";"reg_contabili";"codice_part";"sottoconti";"codice_part";"FOREIGN KEY"
"rcon_soco_fk";"reg_contabili";"codice_part";"sottoconti";"id_sottoconto";"FOREIGN KEY"
"rcon_soco_fk";"reg_contabili";"codice_part";"sottoconti";"codice_template_fiscale";"FOREIGN KEY"
"rcon_soco_fk";"reg_contabili";"id_sottoconto";"sottoconti";"id_pdc";"FOREIGN KEY"
"rcon_soco_fk";"reg_contabili";"id_sottoconto";"sottoconti";"codice_part";"FOREIGN KEY"
"rcon_soco_fk";"reg_contabili";"id_sottoconto";"sottoconti";"id_sottoconto";"FOREIGN KEY"
"rcon_soco_fk";"reg_contabili";"id_sottoconto";"sottoconti";"codice_template_fiscale";"FOREIGN KEY"
"rcon_stlg_fk";"reg_contabili";"codice_azienda";"stampa_libro_giornale";"id_stampa";"FOREIGN KEY"
"rcon_stlg_fk";"reg_contabili";"codice_azienda";"stampa_libro_giornale";"codice_azienda";"FOREIGN KEY"
"rcon_stlg_fk";"reg_contabili";"id_stampa";"stampa_libro_giornale";"id_stampa";"FOREIGN KEY"
"rcon_stlg_fk";"reg_contabili";"id_stampa";"stampa_libro_giornale";"codice_azienda";"FOREIGN KEY"
"rcti__docu__fk";"resoconti";"id_fattura";"documenti";"codice_azienda";"FOREIGN KEY"
"rcti__docu__fk";"resoconti";"id_fattura";"documenti";"id_documento";"FOREIGN KEY"
"rcti__docu__fk";"resoconti";"codice_azienda";"documenti";"codice_azienda";"FOREIGN KEY"
"rcti__docu__fk";"resoconti";"codice_azienda";"documenti";"id_documento";"FOREIGN KEY"
"rcti_anvr_fk";"resoconti";"codice_part";"anagrafiche_vr";"codice_part";"FOREIGN KEY"
"rcti_anvr_fk";"resoconti";"codice_part";"anagrafiche_vr";"id_anagrafica";"FOREIGN KEY"
"rcti_anvr_fk";"resoconti";"codice_part";"anagrafiche_vr";"prog_vr";"FOREIGN KEY"
"rcti_anvr_fk";"resoconti";"prog_vr_cli";"anagrafiche_vr";"codice_part";"FOREIGN KEY"
"rcti_anvr_fk";"resoconti";"prog_vr_cli";"anagrafiche_vr";"id_anagrafica";"FOREIGN KEY"
"rcti_anvr_fk";"resoconti";"prog_vr_cli";"anagrafiche_vr";"prog_vr";"FOREIGN KEY"
"rcti_anvr_fk";"resoconti";"id_cliente";"anagrafiche_vr";"codice_part";"FOREIGN KEY"
"rcti_anvr_fk";"resoconti";"id_cliente";"anagrafiche_vr";"id_anagrafica";"FOREIGN KEY"
"rcti_anvr_fk";"resoconti";"id_cliente";"anagrafiche_vr";"prog_vr";"FOREIGN KEY"
"rctm_cntm_fk";"righe_contratti_mancanti";"codice_azienda";"contratti_mancanti";"id_contratti_mancanti";"FOREIGN KEY"
"rctm_cntm_fk";"righe_contratti_mancanti";"codice_azienda";"contratti_mancanti";"codice_azienda";"FOREIGN KEY"
"rctm_cntm_fk";"righe_contratti_mancanti";"id_contratti_mancanti";"contratti_mancanti";"id_contratti_mancanti";"FOREIGN KEY"
"rctm_cntm_fk";"righe_contratti_mancanti";"id_contratti_mancanti";"contratti_mancanti";"codice_azienda";"FOREIGN KEY"
"rctm_scco_fk";"righe_contratti_mancanti";"id_scco";"servizi_comprati_contratti";"id_scco";"FOREIGN KEY"
"rctm_scco_fk";"righe_contratti_mancanti";"id_scco";"servizi_comprati_contratti";"codice_azienda";"FOREIGN KEY"
"rctm_scco_fk";"righe_contratti_mancanti";"codice_azienda";"servizi_comprati_contratti";"id_scco";"FOREIGN KEY"
"rctm_scco_fk";"righe_contratti_mancanti";"codice_azienda";"servizi_comprati_contratti";"codice_azienda";"FOREIGN KEY"
"rctm_srva_fk";"righe_contratti_mancanti";"id_servizio_comp";"servizi_comprati";"codice_part";"FOREIGN KEY"
"rctm_srva_fk";"righe_contratti_mancanti";"id_servizio_comp";"servizi_comprati";"id_servizio_comp";"FOREIGN KEY"
"rctm_srva_fk";"righe_contratti_mancanti";"codice_part";"servizi_comprati";"codice_part";"FOREIGN KEY"
"rctm_srva_fk";"righe_contratti_mancanti";"codice_part";"servizi_comprati";"id_servizio_comp";"FOREIGN KEY"
"rctp_rsch_fk";"rischi_tipi";"codice_rischio";"rischi";"codice_azienda";"FOREIGN KEY"
"rctp_rsch_fk";"rischi_tipi";"codice_rischio";"rischi";"codice_rischio";"FOREIGN KEY"
"rctp_rsch_fk";"rischi_tipi";"codice_azienda";"rischi";"codice_azienda";"FOREIGN KEY"
"rctp_rsch_fk";"rischi_tipi";"codice_azienda";"rischi";"codice_rischio";"FOREIGN KEY"
"rctp_trsc_fk";"rischi_tipi";"id_tipo_rischio";"tipi_rischio";"codice_azienda";"FOREIGN KEY"
"rctp_trsc_fk";"rischi_tipi";"id_tipo_rischio";"tipi_rischio";"id_tipo_rischio";"FOREIGN KEY"
"rctp_trsc_fk";"rischi_tipi";"codice_azienda";"tipi_rischio";"codice_azienda";"FOREIGN KEY"
"rctp_trsc_fk";"rischi_tipi";"codice_azienda";"tipi_rischio";"id_tipo_rischio";"FOREIGN KEY"
"rda_anid_fk";"richieste_acquisto";"id_reparto";"anagrafiche_id";"id_anagrafica";"FOREIGN KEY"
"rda_anid_fk";"richieste_acquisto";"id_reparto";"anagrafiche_id";"codice_part";"FOREIGN KEY"
"rda_anid_fk";"richieste_acquisto";"codice_part";"anagrafiche_id";"id_anagrafica";"FOREIGN KEY"
"rda_anid_fk";"richieste_acquisto";"codice_part";"anagrafiche_id";"codice_part";"FOREIGN KEY"
"rdar_anfr_fk";"richieste_acquisto_righe";"codice_part";"anagrafiche_id";"codice_part";"FOREIGN KEY"
"rdar_anfr_fk";"richieste_acquisto_righe";"codice_part";"anagrafiche_id";"id_anagrafica";"FOREIGN KEY"
"rdar_anfr_fk";"richieste_acquisto_righe";"id_fornitore";"anagrafiche_id";"codice_part";"FOREIGN KEY"
"rdar_anfr_fk";"richieste_acquisto_righe";"id_fornitore";"anagrafiche_id";"id_anagrafica";"FOREIGN KEY"
"rdar_rda_fk";"richieste_acquisto_righe";"numero_rda";"richieste_acquisto";"numero_rda";"FOREIGN KEY"
"rdar_rda_fk";"richieste_acquisto_righe";"numero_rda";"richieste_acquisto";"codice_azienda";"FOREIGN KEY"
"rdar_rda_fk";"richieste_acquisto_righe";"codice_azienda";"richieste_acquisto";"numero_rda";"FOREIGN KEY"
"rdar_rda_fk";"richieste_acquisto_righe";"codice_azienda";"richieste_acquisto";"codice_azienda";"FOREIGN KEY"
"rdar_vari_fk";"richieste_acquisto_righe";"codice_variante";"articoli_varianti";"codice_variante";"FOREIGN KEY"
"rdar_vari_fk";"richieste_acquisto_righe";"codice_variante";"articoli_varianti";"codice_azienda";"FOREIGN KEY"
"rdar_vari_fk";"richieste_acquisto_righe";"codice_variante";"articoli_varianti";"id_articolo";"FOREIGN KEY"
"rdar_vari_fk";"richieste_acquisto_righe";"codice_azienda";"articoli_varianti";"codice_variante";"FOREIGN KEY"
"rdar_vari_fk";"richieste_acquisto_righe";"codice_azienda";"articoli_varianti";"codice_azienda";"FOREIGN KEY"
"rdar_vari_fk";"richieste_acquisto_righe";"codice_azienda";"articoli_varianti";"id_articolo";"FOREIGN KEY"
"rdar_vari_fk";"richieste_acquisto_righe";"id_articolo";"articoli_varianti";"codice_variante";"FOREIGN KEY"
"rdar_vari_fk";"richieste_acquisto_righe";"id_articolo";"articoli_varianti";"codice_azienda";"FOREIGN KEY"
"rdar_vari_fk";"richieste_acquisto_righe";"id_articolo";"articoli_varianti";"id_articolo";"FOREIGN KEY"
"rdoc_azie_fk";"righe_documento";"codice_azienda";"aziende";"codice_azienda";"FOREIGN KEY"
"rdoc_divi_fk";"righe_documento";"id_divisione";"divisioni";"codice_azienda";"FOREIGN KEY"
"rdoc_divi_fk";"righe_documento";"id_divisione";"divisioni";"id_divisione";"FOREIGN KEY"
"rdoc_divi_fk";"righe_documento";"codice_azienda";"divisioni";"codice_azienda";"FOREIGN KEY"
"rdoc_divi_fk";"righe_documento";"codice_azienda";"divisioni";"id_divisione";"FOREIGN KEY"
"rdoc_docu_fk";"righe_documento";"codice_azienda";"documenti";"id_documento";"FOREIGN KEY"
"rdoc_docu_fk";"righe_documento";"codice_azienda";"documenti";"codice_azienda";"FOREIGN KEY"
"rdoc_docu_fk";"righe_documento";"id_documento";"documenti";"id_documento";"FOREIGN KEY"
"rdoc_docu_fk";"righe_documento";"id_documento";"documenti";"codice_azienda";"FOREIGN KEY"
"rdoc_um_fk";"righe_documento";"codice_um";"unita_misura";"codice_azienda";"FOREIGN KEY"
"rdoc_um_fk";"righe_documento";"codice_um";"unita_misura";"codice_um";"FOREIGN KEY"
"rdoc_um_fk";"righe_documento";"codice_azienda";"unita_misura";"codice_azienda";"FOREIGN KEY"
"rdoc_um_fk";"righe_documento";"codice_azienda";"unita_misura";"codice_um";"FOREIGN KEY"
"rdrg_docu_fk";"redditometro_righe";"id_documento";"documenti";"id_documento";"FOREIGN KEY"
"rdrg_docu_fk";"redditometro_righe";"id_documento";"documenti";"codice_azienda";"FOREIGN KEY"
"rdrg_docu_fk";"redditometro_righe";"codice_azienda";"documenti";"id_documento";"FOREIGN KEY"
"rdrg_docu_fk";"redditometro_righe";"codice_azienda";"documenti";"codice_azienda";"FOREIGN KEY"
"rdrg_rtmt_fk";"redditometro_righe";"codice_azienda";"redditometro";"codice_azienda";"FOREIGN KEY"
"rdrg_rtmt_fk";"redditometro_righe";"codice_azienda";"redditometro";"id_redditometro";"FOREIGN KEY"
"rdrg_rtmt_fk";"redditometro_righe";"id_redditometro";"redditometro";"codice_azienda";"FOREIGN KEY"
"rdrg_rtmt_fk";"redditometro_righe";"id_redditometro";"redditometro";"id_redditometro";"FOREIGN KEY"
"recc_ceat_fk";"reg_analitica";"id_centro_attivita";"centri_attivita";"codice_azienda";"FOREIGN KEY"
"recc_ceat_fk";"reg_analitica";"id_centro_attivita";"centri_attivita";"id_centro_attivita";"FOREIGN KEY"
"recc_ceat_fk";"reg_analitica";"codice_azienda";"centri_attivita";"codice_azienda";"FOREIGN KEY"
"recc_ceat_fk";"reg_analitica";"codice_azienda";"centri_attivita";"id_centro_attivita";"FOREIGN KEY"
"recc_ceco_fk";"reg_analitica";"id_centro_costo";"centri_costo";"codice_azienda";"FOREIGN KEY"
"recc_ceco_fk";"reg_analitica";"id_centro_costo";"centri_costo";"id_centro_costo";"FOREIGN KEY"
"recc_ceco_fk";"reg_analitica";"codice_azienda";"centri_costo";"codice_azienda";"FOREIGN KEY"
"recc_ceco_fk";"reg_analitica";"codice_azienda";"centri_costo";"id_centro_costo";"FOREIGN KEY"
"recc_cege_fk";"reg_analitica";"id_centro_gest";"centri_gestionali";"codice_part";"FOREIGN KEY"
"recc_cege_fk";"reg_analitica";"id_centro_gest";"centri_gestionali";"id_centro_gest";"FOREIGN KEY"
"recc_cege_fk";"reg_analitica";"codice_part";"centri_gestionali";"codice_part";"FOREIGN KEY"
"recc_cege_fk";"reg_analitica";"codice_part";"centri_gestionali";"id_centro_gest";"FOREIGN KEY"
"recc_ceri1_fk";"reg_analitica";"codice_part";"centri_riclass";"id_centro_riclass";"FOREIGN KEY"
"recc_ceri1_fk";"reg_analitica";"codice_part";"centri_riclass";"codice_part";"FOREIGN KEY"
"recc_ceri1_fk";"reg_analitica";"codice_part";"centri_riclass";"prog_riclass";"FOREIGN KEY"
"recc_ceri1_fk";"reg_analitica";"prog_riclass1";"centri_riclass";"id_centro_riclass";"FOREIGN KEY"
"recc_ceri1_fk";"reg_analitica";"prog_riclass1";"centri_riclass";"codice_part";"FOREIGN KEY"
"recc_ceri1_fk";"reg_analitica";"prog_riclass1";"centri_riclass";"prog_riclass";"FOREIGN KEY"
"recc_ceri1_fk";"reg_analitica";"id_centro_riclass1";"centri_riclass";"id_centro_riclass";"FOREIGN KEY"
"recc_ceri1_fk";"reg_analitica";"id_centro_riclass1";"centri_riclass";"codice_part";"FOREIGN KEY"
"recc_ceri1_fk";"reg_analitica";"id_centro_riclass1";"centri_riclass";"prog_riclass";"FOREIGN KEY"
"recc_ceri2_fk";"reg_analitica";"prog_riclass2";"centri_riclass";"prog_riclass";"FOREIGN KEY"
"recc_ceri2_fk";"reg_analitica";"prog_riclass2";"centri_riclass";"id_centro_riclass";"FOREIGN KEY"
"recc_ceri2_fk";"reg_analitica";"prog_riclass2";"centri_riclass";"codice_part";"FOREIGN KEY"
"recc_ceri2_fk";"reg_analitica";"id_centro_riclass2";"centri_riclass";"prog_riclass";"FOREIGN KEY"
"recc_ceri2_fk";"reg_analitica";"id_centro_riclass2";"centri_riclass";"id_centro_riclass";"FOREIGN KEY"
"recc_ceri2_fk";"reg_analitica";"id_centro_riclass2";"centri_riclass";"codice_part";"FOREIGN KEY"
"recc_ceri2_fk";"reg_analitica";"codice_part";"centri_riclass";"prog_riclass";"FOREIGN KEY"
"recc_ceri2_fk";"reg_analitica";"codice_part";"centri_riclass";"id_centro_riclass";"FOREIGN KEY"
"recc_ceri2_fk";"reg_analitica";"codice_part";"centri_riclass";"codice_part";"FOREIGN KEY"
"recc_divi_fk";"reg_analitica";"codice_azienda";"divisioni";"id_divisione";"FOREIGN KEY"
"recc_divi_fk";"reg_analitica";"codice_azienda";"divisioni";"codice_azienda";"FOREIGN KEY"
"recc_divi_fk";"reg_analitica";"id_divisione";"divisioni";"id_divisione";"FOREIGN KEY"
"recc_divi_fk";"reg_analitica";"id_divisione";"divisioni";"codice_azienda";"FOREIGN KEY"
"recc_docu_fk";"reg_analitica";"codice_azienda";"documenti";"codice_azienda";"FOREIGN KEY"
"recc_docu_fk";"reg_analitica";"codice_azienda";"documenti";"id_documento";"FOREIGN KEY"
"recc_docu_fk";"reg_analitica";"id_documento";"documenti";"codice_azienda";"FOREIGN KEY"
"recc_docu_fk";"reg_analitica";"id_documento";"documenti";"id_documento";"FOREIGN KEY"
"recc_even_fk";"reg_analitica";"codice_azienda";"eventi";"id_evento";"FOREIGN KEY"
"recc_even_fk";"reg_analitica";"codice_azienda";"eventi";"codice_azienda";"FOREIGN KEY"
"recc_even_fk";"reg_analitica";"id_evento";"eventi";"id_evento";"FOREIGN KEY"
"recc_even_fk";"reg_analitica";"id_evento";"eventi";"codice_azienda";"FOREIGN KEY"
"recc_rcon_fk";"reg_analitica";"codice_azienda";"reg_contabili";"id_reg_contabile";"FOREIGN KEY"
"recc_rcon_fk";"reg_analitica";"codice_azienda";"reg_contabili";"codice_azienda";"FOREIGN KEY"
"recc_rcon_fk";"reg_analitica";"codice_azienda";"reg_contabili";"id_documento";"FOREIGN KEY"
"recc_rcon_fk";"reg_analitica";"id_reg_contabile";"reg_contabili";"id_reg_contabile";"FOREIGN KEY"
"recc_rcon_fk";"reg_analitica";"id_reg_contabile";"reg_contabili";"codice_azienda";"FOREIGN KEY"
"recc_rcon_fk";"reg_analitica";"id_reg_contabile";"reg_contabili";"id_documento";"FOREIGN KEY"
"recc_rcon_fk";"reg_analitica";"id_documento";"reg_contabili";"id_reg_contabile";"FOREIGN KEY"
"recc_rcon_fk";"reg_analitica";"id_documento";"reg_contabili";"codice_azienda";"FOREIGN KEY"
"recc_rcon_fk";"reg_analitica";"id_documento";"reg_contabili";"id_documento";"FOREIGN KEY"
"recc_rcon_tmp_fk";"reg_analitica_tmp";"codice_azienda";"reg_contabili_tmp";"codice_azienda";"FOREIGN KEY"
"recc_rcon_tmp_fk";"reg_analitica_tmp";"codice_azienda";"reg_contabili_tmp";"id_documento";"FOREIGN KEY"
"recc_rcon_tmp_fk";"reg_analitica_tmp";"codice_azienda";"reg_contabili_tmp";"id_reg_contabile";"FOREIGN KEY"
"recc_rcon_tmp_fk";"reg_analitica_tmp";"id_reg_contabile";"reg_contabili_tmp";"codice_azienda";"FOREIGN KEY"
"recc_rcon_tmp_fk";"reg_analitica_tmp";"id_reg_contabile";"reg_contabili_tmp";"id_documento";"FOREIGN KEY"
"recc_rcon_tmp_fk";"reg_analitica_tmp";"id_reg_contabile";"reg_contabili_tmp";"id_reg_contabile";"FOREIGN KEY"
"recc_rcon_tmp_fk";"reg_analitica_tmp";"id_documento";"reg_contabili_tmp";"codice_azienda";"FOREIGN KEY"
"recc_rcon_tmp_fk";"reg_analitica_tmp";"id_documento";"reg_contabili_tmp";"id_documento";"FOREIGN KEY"
"recc_rcon_tmp_fk";"reg_analitica_tmp";"id_documento";"reg_contabili_tmp";"id_reg_contabile";"FOREIGN KEY"
"recc_rdoc_fk";"reg_analitica";"id_riga_documento";"righe_documento";"codice_azienda";"FOREIGN KEY"
"recc_rdoc_fk";"reg_analitica";"id_riga_documento";"righe_documento";"id_riga_documento";"FOREIGN KEY"
"recc_rdoc_fk";"reg_analitica";"id_riga_documento";"righe_documento";"id_documento";"FOREIGN KEY"
"recc_rdoc_fk";"reg_analitica";"codice_azienda";"righe_documento";"codice_azienda";"FOREIGN KEY"
"recc_rdoc_fk";"reg_analitica";"codice_azienda";"righe_documento";"id_riga_documento";"FOREIGN KEY"
"recc_rdoc_fk";"reg_analitica";"codice_azienda";"righe_documento";"id_documento";"FOREIGN KEY"
"recc_rdoc_fk";"reg_analitica";"id_documento";"righe_documento";"codice_azienda";"FOREIGN KEY"
"recc_rdoc_fk";"reg_analitica";"id_documento";"righe_documento";"id_riga_documento";"FOREIGN KEY"
"recc_rdoc_fk";"reg_analitica";"id_documento";"righe_documento";"id_documento";"FOREIGN KEY"
"regc_ccaz_fk";"registratori_cassa";"codice_azienda";"conti_correnti";"codice_azienda";"FOREIGN KEY"
"regc_ccaz_fk";"registratori_cassa";"codice_azienda";"conti_correnti";"id_conto_corrente";"FOREIGN KEY"
"regc_ccaz_fk";"registratori_cassa";"id_conto_corrente_az";"conti_correnti";"codice_azienda";"FOREIGN KEY"
"regc_ccaz_fk";"registratori_cassa";"id_conto_corrente_az";"conti_correnti";"id_conto_corrente";"FOREIGN KEY"
"regc_soco_fk";"registratori_cassa";"id_pdc";"sottoconti";"id_sottoconto";"FOREIGN KEY"
"regc_soco_fk";"registratori_cassa";"id_pdc";"sottoconti";"id_pdc";"FOREIGN KEY"
"regc_soco_fk";"registratori_cassa";"id_pdc";"sottoconti";"codice_part";"FOREIGN KEY"
"regc_soco_fk";"registratori_cassa";"id_pdc";"sottoconti";"codice_template_fiscale";"FOREIGN KEY"
"regc_soco_fk";"registratori_cassa";"codice_part";"sottoconti";"id_sottoconto";"FOREIGN KEY"
"regc_soco_fk";"registratori_cassa";"codice_part";"sottoconti";"id_pdc";"FOREIGN KEY"
"regc_soco_fk";"registratori_cassa";"codice_part";"sottoconti";"codice_part";"FOREIGN KEY"
"regc_soco_fk";"registratori_cassa";"codice_part";"sottoconti";"codice_template_fiscale";"FOREIGN KEY"
"regc_soco_fk";"registratori_cassa";"id_sottoconto";"sottoconti";"id_sottoconto";"FOREIGN KEY"
"regc_soco_fk";"registratori_cassa";"id_sottoconto";"sottoconti";"id_pdc";"FOREIGN KEY"
"regc_soco_fk";"registratori_cassa";"id_sottoconto";"sottoconti";"codice_part";"FOREIGN KEY"
"regc_soco_fk";"registratori_cassa";"id_sottoconto";"sottoconti";"codice_template_fiscale";"FOREIGN KEY"
"regc_soco_fk";"registratori_cassa";"codice_template_fiscale";"sottoconti";"id_sottoconto";"FOREIGN KEY"
"regc_soco_fk";"registratori_cassa";"codice_template_fiscale";"sottoconti";"id_pdc";"FOREIGN KEY"
"regc_soco_fk";"registratori_cassa";"codice_template_fiscale";"sottoconti";"codice_part";"FOREIGN KEY"
"regc_soco_fk";"registratori_cassa";"codice_template_fiscale";"sottoconti";"codice_template_fiscale";"FOREIGN KEY"
"rens_seqn_fk";"recupero_numeri_sequenze";"nome_entita";"sequenze";"codice_part";"FOREIGN KEY"
"rens_seqn_fk";"recupero_numeri_sequenze";"nome_entita";"sequenze";"az_key";"FOREIGN KEY"
"rens_seqn_fk";"recupero_numeri_sequenze";"nome_entita";"sequenze";"nome_entita";"FOREIGN KEY"
"rens_seqn_fk";"recupero_numeri_sequenze";"nome_entita";"sequenze";"chiave";"FOREIGN KEY"
"rens_seqn_fk";"recupero_numeri_sequenze";"codice_part";"sequenze";"codice_part";"FOREIGN KEY"
"rens_seqn_fk";"recupero_numeri_sequenze";"codice_part";"sequenze";"az_key";"FOREIGN KEY"
"rens_seqn_fk";"recupero_numeri_sequenze";"codice_part";"sequenze";"nome_entita";"FOREIGN KEY"
"rens_seqn_fk";"recupero_numeri_sequenze";"codice_part";"sequenze";"chiave";"FOREIGN KEY"
"rens_seqn_fk";"recupero_numeri_sequenze";"chiave";"sequenze";"codice_part";"FOREIGN KEY"
"rens_seqn_fk";"recupero_numeri_sequenze";"chiave";"sequenze";"az_key";"FOREIGN KEY"
"rens_seqn_fk";"recupero_numeri_sequenze";"chiave";"sequenze";"nome_entita";"FOREIGN KEY"
"rens_seqn_fk";"recupero_numeri_sequenze";"chiave";"sequenze";"chiave";"FOREIGN KEY"
"rens_seqn_fk";"recupero_numeri_sequenze";"az_key";"sequenze";"codice_part";"FOREIGN KEY"
"rens_seqn_fk";"recupero_numeri_sequenze";"az_key";"sequenze";"az_key";"FOREIGN KEY"
"rens_seqn_fk";"recupero_numeri_sequenze";"az_key";"sequenze";"nome_entita";"FOREIGN KEY"
"rens_seqn_fk";"recupero_numeri_sequenze";"az_key";"sequenze";"chiave";"FOREIGN KEY"
"reri_cszn_fk";"resoconti_righe";"id_cons";"consuntivazioni";"codice_azienda";"FOREIGN KEY"
"reri_cszn_fk";"resoconti_righe";"id_cons";"consuntivazioni";"id_cons";"FOREIGN KEY"
"reri_cszn_fk";"resoconti_righe";"codice_azienda";"consuntivazioni";"codice_azienda";"FOREIGN KEY"
"reri_cszn_fk";"resoconti_righe";"codice_azienda";"consuntivazioni";"id_cons";"FOREIGN KEY"
"reri_rcti_fk";"resoconti_righe";"codice_azienda";"resoconti";"numero_resoconto";"FOREIGN KEY"
"reri_rcti_fk";"resoconti_righe";"codice_azienda";"resoconti";"codice_azienda";"FOREIGN KEY"
"reri_rcti_fk";"resoconti_righe";"numero_resoconto";"resoconti";"numero_resoconto";"FOREIGN KEY"
"reri_rcti_fk";"resoconti_righe";"numero_resoconto";"resoconti";"codice_azienda";"FOREIGN KEY"
"rgan_ceam_fk";"reg_analitica";"id_cespite";"ce_ammortamenti";"id_cespite";"FOREIGN KEY"
"rgan_ceam_fk";"reg_analitica";"id_cespite";"ce_ammortamenti";"id_ammortamento";"FOREIGN KEY"
"rgan_ceam_fk";"reg_analitica";"id_cespite";"ce_ammortamenti";"codice_azienda";"FOREIGN KEY"
"rgan_ceam_fk";"reg_analitica";"codice_azienda";"ce_ammortamenti";"id_cespite";"FOREIGN KEY"
"rgan_ceam_fk";"reg_analitica";"codice_azienda";"ce_ammortamenti";"id_ammortamento";"FOREIGN KEY"
"rgan_ceam_fk";"reg_analitica";"codice_azienda";"ce_ammortamenti";"codice_azienda";"FOREIGN KEY"
"rgan_ceam_fk";"reg_analitica";"id_ammortamento";"ce_ammortamenti";"id_cespite";"FOREIGN KEY"
"rgan_ceam_fk";"reg_analitica";"id_ammortamento";"ce_ammortamenti";"id_ammortamento";"FOREIGN KEY"
"rgan_ceam_fk";"reg_analitica";"id_ammortamento";"ce_ammortamenti";"codice_azienda";"FOREIGN KEY"
"rgan_drip_fk";"reg_analitica";"id_riga_inc_pag";"documenti_righe_inc_pag";"id_documento";"FOREIGN KEY"
"rgan_drip_fk";"reg_analitica";"id_riga_inc_pag";"documenti_righe_inc_pag";"codice_azienda";"FOREIGN KEY"
"rgan_drip_fk";"reg_analitica";"id_riga_inc_pag";"documenti_righe_inc_pag";"id_riga_inc_pag";"FOREIGN KEY"
"rgan_drip_fk";"reg_analitica";"codice_azienda";"documenti_righe_inc_pag";"id_documento";"FOREIGN KEY"
"rgan_drip_fk";"reg_analitica";"codice_azienda";"documenti_righe_inc_pag";"codice_azienda";"FOREIGN KEY"
"rgan_drip_fk";"reg_analitica";"codice_azienda";"documenti_righe_inc_pag";"id_riga_inc_pag";"FOREIGN KEY"
"rgan_drip_fk";"reg_analitica";"id_documento";"documenti_righe_inc_pag";"id_documento";"FOREIGN KEY"
"rgan_drip_fk";"reg_analitica";"id_documento";"documenti_righe_inc_pag";"codice_azienda";"FOREIGN KEY"
"rgan_drip_fk";"reg_analitica";"id_documento";"documenti_righe_inc_pag";"id_riga_inc_pag";"FOREIGN KEY"
"rgan_pamo_fk";"reg_analitica";"codice_azienda";"partitario_movim";"id_partitario_movim";"FOREIGN KEY"
"rgan_pamo_fk";"reg_analitica";"codice_azienda";"partitario_movim";"codice_azienda";"FOREIGN KEY"
"rgan_pamo_fk";"reg_analitica";"id_partitario_movim";"partitario_movim";"id_partitario_movim";"FOREIGN KEY"
"rgan_pamo_fk";"reg_analitica";"id_partitario_movim";"partitario_movim";"codice_azienda";"FOREIGN KEY"
"rgan_part_fk";"reg_analitica";"id_partitario";"partitario";"id_partitario";"FOREIGN KEY"
"rgan_part_fk";"reg_analitica";"id_partitario";"partitario";"codice_azienda";"FOREIGN KEY"
"rgan_part_fk";"reg_analitica";"codice_azienda";"partitario";"id_partitario";"FOREIGN KEY"
"rgan_part_fk";"reg_analitica";"codice_azienda";"partitario";"codice_azienda";"FOREIGN KEY"
"rgan_rari_fk";"reg_analitica";"codice_azienda";"ratei_risconti";"codice_azienda";"FOREIGN KEY"
"rgan_rari_fk";"reg_analitica";"codice_azienda";"ratei_risconti";"id_ratei_risconti";"FOREIGN KEY"
"rgan_rari_fk";"reg_analitica";"id_ratei_risconti";"ratei_risconti";"codice_azienda";"FOREIGN KEY"
"rgan_rari_fk";"reg_analitica";"id_ratei_risconti";"ratei_risconti";"id_ratei_risconti";"FOREIGN KEY"
"rgan_rgan_fk";"reg_analitica";"id_reg_analitica_rettificata";"reg_analitica";"codice_azienda";"FOREIGN KEY"
"rgan_rgan_fk";"reg_analitica";"id_reg_analitica_rettificata";"reg_analitica";"id_reg_analitica";"FOREIGN KEY"
"rgan_rgan_fk";"reg_analitica";"codice_azienda";"reg_analitica";"codice_azienda";"FOREIGN KEY"
"rgan_rgan_fk";"reg_analitica";"codice_azienda";"reg_analitica";"id_reg_analitica";"FOREIGN KEY"
"rgan_rrrt_fk";"reg_analitica";"tipo";"ratei_risconti_rettifiche";"codice_azienda";"FOREIGN KEY"
"rgan_rrrt_fk";"reg_analitica";"tipo";"ratei_risconti_rettifiche";"id_documento";"FOREIGN KEY"
"rgan_rrrt_fk";"reg_analitica";"tipo";"ratei_risconti_rettifiche";"id_ratei_risconti";"FOREIGN KEY"
"rgan_rrrt_fk";"reg_analitica";"tipo";"ratei_risconti_rettifiche";"tipo";"FOREIGN KEY"
"rgan_rrrt_fk";"reg_analitica";"codice_azienda";"ratei_risconti_rettifiche";"codice_azienda";"FOREIGN KEY"
"rgan_rrrt_fk";"reg_analitica";"codice_azienda";"ratei_risconti_rettifiche";"id_documento";"FOREIGN KEY"
"rgan_rrrt_fk";"reg_analitica";"codice_azienda";"ratei_risconti_rettifiche";"id_ratei_risconti";"FOREIGN KEY"
"rgan_rrrt_fk";"reg_analitica";"codice_azienda";"ratei_risconti_rettifiche";"tipo";"FOREIGN KEY"
"rgan_rrrt_fk";"reg_analitica";"id_ratei_risconti";"ratei_risconti_rettifiche";"codice_azienda";"FOREIGN KEY"
"rgan_rrrt_fk";"reg_analitica";"id_ratei_risconti";"ratei_risconti_rettifiche";"id_documento";"FOREIGN KEY"
"rgan_rrrt_fk";"reg_analitica";"id_ratei_risconti";"ratei_risconti_rettifiche";"id_ratei_risconti";"FOREIGN KEY"
"rgan_rrrt_fk";"reg_analitica";"id_ratei_risconti";"ratei_risconti_rettifiche";"tipo";"FOREIGN KEY"
"rgan_rrrt_fk";"reg_analitica";"id_documento";"ratei_risconti_rettifiche";"codice_azienda";"FOREIGN KEY"
"rgan_rrrt_fk";"reg_analitica";"id_documento";"ratei_risconti_rettifiche";"id_documento";"FOREIGN KEY"
"rgan_rrrt_fk";"reg_analitica";"id_documento";"ratei_risconti_rettifiche";"id_ratei_risconti";"FOREIGN KEY"
"rgan_rrrt_fk";"reg_analitica";"id_documento";"ratei_risconti_rettifiche";"tipo";"FOREIGN KEY"
"rgan_soco_fk";"reg_analitica";"codice_part";"sottoconti";"id_sottoconto";"FOREIGN KEY"
"rgan_soco_fk";"reg_analitica";"codice_part";"sottoconti";"codice_template_fiscale";"FOREIGN KEY"
"rgan_soco_fk";"reg_analitica";"codice_part";"sottoconti";"id_pdc";"FOREIGN KEY"
"rgan_soco_fk";"reg_analitica";"codice_part";"sottoconti";"codice_part";"FOREIGN KEY"
"rgan_soco_fk";"reg_analitica";"id_sottoconto";"sottoconti";"id_sottoconto";"FOREIGN KEY"
"rgan_soco_fk";"reg_analitica";"id_sottoconto";"sottoconti";"codice_template_fiscale";"FOREIGN KEY"
"rgan_soco_fk";"reg_analitica";"id_sottoconto";"sottoconti";"id_pdc";"FOREIGN KEY"
"rgan_soco_fk";"reg_analitica";"id_sottoconto";"sottoconti";"codice_part";"FOREIGN KEY"
"rgan_soco_fk";"reg_analitica";"codice_template_fiscale";"sottoconti";"id_sottoconto";"FOREIGN KEY"
"rgan_soco_fk";"reg_analitica";"codice_template_fiscale";"sottoconti";"codice_template_fiscale";"FOREIGN KEY"
"rgan_soco_fk";"reg_analitica";"codice_template_fiscale";"sottoconti";"id_pdc";"FOREIGN KEY"
"rgan_soco_fk";"reg_analitica";"codice_template_fiscale";"sottoconti";"codice_part";"FOREIGN KEY"
"rgan_soco_fk";"reg_analitica";"id_pdc";"sottoconti";"id_sottoconto";"FOREIGN KEY"
"rgan_soco_fk";"reg_analitica";"id_pdc";"sottoconti";"codice_template_fiscale";"FOREIGN KEY"
"rgan_soco_fk";"reg_analitica";"id_pdc";"sottoconti";"id_pdc";"FOREIGN KEY"
"rgan_soco_fk";"reg_analitica";"id_pdc";"sottoconti";"codice_part";"FOREIGN KEY"
"rgan_tdmc_fk";"reg_analitica";"id_movim_ctb";"tipi_doc_movim_ctb";"id_movim_ctb";"FOREIGN KEY"
"rgan_tdmc_fk";"reg_analitica";"id_movim_ctb";"tipi_doc_movim_ctb";"codice_tipo_doc";"FOREIGN KEY"
"rgan_tdmc_fk";"reg_analitica";"codice_tipo_doc";"tipi_doc_movim_ctb";"id_movim_ctb";"FOREIGN KEY"
"rgan_tdmc_fk";"reg_analitica";"codice_tipo_doc";"tipi_doc_movim_ctb";"codice_tipo_doc";"FOREIGN KEY"
"ricl_part_fk";"riclass";"codice_part";"partizioni";"codice_part";"FOREIGN KEY"
"ricl_pdc_fk";"riclass";"id_pdc";"pdc";"codice_template_fiscale";"FOREIGN KEY"
"ricl_pdc_fk";"riclass";"id_pdc";"pdc";"codice_part";"FOREIGN KEY"
"ricl_pdc_fk";"riclass";"id_pdc";"pdc";"id_pdc";"FOREIGN KEY"
"ricl_pdc_fk";"riclass";"codice_part";"pdc";"codice_template_fiscale";"FOREIGN KEY"
"ricl_pdc_fk";"riclass";"codice_part";"pdc";"codice_part";"FOREIGN KEY"
"ricl_pdc_fk";"riclass";"codice_part";"pdc";"id_pdc";"FOREIGN KEY"
"ricl_pdc_fk";"riclass";"codice_template_fiscale";"pdc";"codice_template_fiscale";"FOREIGN KEY"
"ricl_pdc_fk";"riclass";"codice_template_fiscale";"pdc";"codice_part";"FOREIGN KEY"
"ricl_pdc_fk";"riclass";"codice_template_fiscale";"pdc";"id_pdc";"FOREIGN KEY"
"rics_cnti_fk";"riclass_sottoconti";"id_conto";"conti";"codice_template_fiscale";"FOREIGN KEY"
"rics_cnti_fk";"riclass_sottoconti";"id_conto";"conti";"id_pdc";"FOREIGN KEY"
"rics_cnti_fk";"riclass_sottoconti";"id_conto";"conti";"codice_part";"FOREIGN KEY"
"rics_cnti_fk";"riclass_sottoconti";"id_conto";"conti";"id_conto";"FOREIGN KEY"
"rics_cnti_fk";"riclass_sottoconti";"codice_template_fiscale";"conti";"codice_template_fiscale";"FOREIGN KEY"
"rics_cnti_fk";"riclass_sottoconti";"codice_template_fiscale";"conti";"id_pdc";"FOREIGN KEY"
"rics_cnti_fk";"riclass_sottoconti";"codice_template_fiscale";"conti";"codice_part";"FOREIGN KEY"
"rics_cnti_fk";"riclass_sottoconti";"codice_template_fiscale";"conti";"id_conto";"FOREIGN KEY"
"rics_cnti_fk";"riclass_sottoconti";"id_pdc";"conti";"codice_template_fiscale";"FOREIGN KEY"
"rics_cnti_fk";"riclass_sottoconti";"id_pdc";"conti";"id_pdc";"FOREIGN KEY"
"rics_cnti_fk";"riclass_sottoconti";"id_pdc";"conti";"codice_part";"FOREIGN KEY"
"rics_cnti_fk";"riclass_sottoconti";"id_pdc";"conti";"id_conto";"FOREIGN KEY"
"rics_cnti_fk";"riclass_sottoconti";"codice_part";"conti";"codice_template_fiscale";"FOREIGN KEY"
"rics_cnti_fk";"riclass_sottoconti";"codice_part";"conti";"id_pdc";"FOREIGN KEY"
"rics_cnti_fk";"riclass_sottoconti";"codice_part";"conti";"codice_part";"FOREIGN KEY"
"rics_cnti_fk";"riclass_sottoconti";"codice_part";"conti";"id_conto";"FOREIGN KEY"
"rics_ricl_fk";"riclass_sottoconti";"codice_part";"riclass";"id_pdc";"FOREIGN KEY"
"rics_ricl_fk";"riclass_sottoconti";"codice_part";"riclass";"id_riclass";"FOREIGN KEY"
"rics_ricl_fk";"riclass_sottoconti";"codice_part";"riclass";"codice_part";"FOREIGN KEY"
"rics_ricl_fk";"riclass_sottoconti";"codice_part";"riclass";"codice_template_fiscale";"FOREIGN KEY"
"rics_ricl_fk";"riclass_sottoconti";"id_riclass";"riclass";"id_pdc";"FOREIGN KEY"
"rics_ricl_fk";"riclass_sottoconti";"id_riclass";"riclass";"id_riclass";"FOREIGN KEY"
"rics_ricl_fk";"riclass_sottoconti";"id_riclass";"riclass";"codice_part";"FOREIGN KEY"
"rics_ricl_fk";"riclass_sottoconti";"id_riclass";"riclass";"codice_template_fiscale";"FOREIGN KEY"
"rics_ricl_fk";"riclass_sottoconti";"id_pdc";"riclass";"id_pdc";"FOREIGN KEY"
"rics_ricl_fk";"riclass_sottoconti";"id_pdc";"riclass";"id_riclass";"FOREIGN KEY"
"rics_ricl_fk";"riclass_sottoconti";"id_pdc";"riclass";"codice_part";"FOREIGN KEY"
"rics_ricl_fk";"riclass_sottoconti";"id_pdc";"riclass";"codice_template_fiscale";"FOREIGN KEY"
"rics_ricl_fk";"riclass_sottoconti";"codice_template_fiscale";"riclass";"id_pdc";"FOREIGN KEY"
"rics_ricl_fk";"riclass_sottoconti";"codice_template_fiscale";"riclass";"id_riclass";"FOREIGN KEY"
"rics_ricl_fk";"riclass_sottoconti";"codice_template_fiscale";"riclass";"codice_part";"FOREIGN KEY"
"rics_ricl_fk";"riclass_sottoconti";"codice_template_fiscale";"riclass";"codice_template_fiscale";"FOREIGN KEY"
"rics_soco_fk";"riclass_sottoconti";"codice_template_fiscale";"sottoconti";"codice_template_fiscale";"FOREIGN KEY"
"rics_soco_fk";"riclass_sottoconti";"codice_template_fiscale";"sottoconti";"codice_part";"FOREIGN KEY"
"rics_soco_fk";"riclass_sottoconti";"codice_template_fiscale";"sottoconti";"id_pdc";"FOREIGN KEY"
"rics_soco_fk";"riclass_sottoconti";"codice_template_fiscale";"sottoconti";"id_sottoconto";"FOREIGN KEY"
"rics_soco_fk";"riclass_sottoconti";"codice_part";"sottoconti";"codice_template_fiscale";"FOREIGN KEY"
"rics_soco_fk";"riclass_sottoconti";"codice_part";"sottoconti";"codice_part";"FOREIGN KEY"
"rics_soco_fk";"riclass_sottoconti";"codice_part";"sottoconti";"id_pdc";"FOREIGN KEY"
"rics_soco_fk";"riclass_sottoconti";"codice_part";"sottoconti";"id_sottoconto";"FOREIGN KEY"
"rics_soco_fk";"riclass_sottoconti";"id_pdc";"sottoconti";"codice_template_fiscale";"FOREIGN KEY"
"rics_soco_fk";"riclass_sottoconti";"id_pdc";"sottoconti";"codice_part";"FOREIGN KEY"
"rics_soco_fk";"riclass_sottoconti";"id_pdc";"sottoconti";"id_pdc";"FOREIGN KEY"
"rics_soco_fk";"riclass_sottoconti";"id_pdc";"sottoconti";"id_sottoconto";"FOREIGN KEY"
"rics_soco_fk";"riclass_sottoconti";"id_sottoconto";"sottoconti";"codice_template_fiscale";"FOREIGN KEY"
"rics_soco_fk";"riclass_sottoconti";"id_sottoconto";"sottoconti";"codice_part";"FOREIGN KEY"
"rics_soco_fk";"riclass_sottoconti";"id_sottoconto";"sottoconti";"id_pdc";"FOREIGN KEY"
"rics_soco_fk";"riclass_sottoconti";"id_sottoconto";"sottoconti";"id_sottoconto";"FOREIGN KEY"
"rics_soco_prnt_fk";"riclass_sottoconti";"id_pdc";"sottoconti";"id_pdc";"FOREIGN KEY"
"rics_soco_prnt_fk";"riclass_sottoconti";"id_pdc";"sottoconti";"codice_template_fiscale";"FOREIGN KEY"
"rics_soco_prnt_fk";"riclass_sottoconti";"id_pdc";"sottoconti";"codice_part";"FOREIGN KEY"
"rics_soco_prnt_fk";"riclass_sottoconti";"id_pdc";"sottoconti";"id_sottoconto";"FOREIGN KEY"
"rics_soco_prnt_fk";"riclass_sottoconti";"codice_part";"sottoconti";"id_pdc";"FOREIGN KEY"
"rics_soco_prnt_fk";"riclass_sottoconti";"codice_part";"sottoconti";"codice_template_fiscale";"FOREIGN KEY"
"rics_soco_prnt_fk";"riclass_sottoconti";"codice_part";"sottoconti";"codice_part";"FOREIGN KEY"
"rics_soco_prnt_fk";"riclass_sottoconti";"codice_part";"sottoconti";"id_sottoconto";"FOREIGN KEY"
"rics_soco_prnt_fk";"riclass_sottoconti";"codice_template_fiscale";"sottoconti";"id_pdc";"FOREIGN KEY"
"rics_soco_prnt_fk";"riclass_sottoconti";"codice_template_fiscale";"sottoconti";"codice_template_fiscale";"FOREIGN KEY"
"rics_soco_prnt_fk";"riclass_sottoconti";"codice_template_fiscale";"sottoconti";"codice_part";"FOREIGN KEY"
"rics_soco_prnt_fk";"riclass_sottoconti";"codice_template_fiscale";"sottoconti";"id_sottoconto";"FOREIGN KEY"
"rics_soco_prnt_fk";"riclass_sottoconti";"id_sottoconto_parent";"sottoconti";"id_pdc";"FOREIGN KEY"
"rics_soco_prnt_fk";"riclass_sottoconti";"id_sottoconto_parent";"sottoconti";"codice_template_fiscale";"FOREIGN KEY"
"rics_soco_prnt_fk";"riclass_sottoconti";"id_sottoconto_parent";"sottoconti";"codice_part";"FOREIGN KEY"
"rics_soco_prnt_fk";"riclass_sottoconti";"id_sottoconto_parent";"sottoconti";"id_sottoconto";"FOREIGN KEY"
"rido_alqt_fk";"righe_documento";"codice_part";"aliquote";"codice_part";"FOREIGN KEY"
"rido_alqt_fk";"righe_documento";"codice_part";"aliquote";"codice_aliquota";"FOREIGN KEY"
"rido_alqt_fk";"righe_documento";"codice_aliquota_iva";"aliquote";"codice_part";"FOREIGN KEY"
"rido_alqt_fk";"righe_documento";"codice_aliquota_iva";"aliquote";"codice_aliquota";"FOREIGN KEY"
"rido_ceco_fk";"righe_documento";"id_centro_costo";"centri_costo";"codice_azienda";"FOREIGN KEY"
"rido_ceco_fk";"righe_documento";"id_centro_costo";"centri_costo";"id_centro_costo";"FOREIGN KEY"
"rido_ceco_fk";"righe_documento";"codice_azienda";"centri_costo";"codice_azienda";"FOREIGN KEY"
"rido_ceco_fk";"righe_documento";"codice_azienda";"centri_costo";"id_centro_costo";"FOREIGN KEY"
"rido_cege_fk";"righe_documento";"codice_part";"centri_gestionali";"id_centro_gest";"FOREIGN KEY"
"rido_cege_fk";"righe_documento";"codice_part";"centri_gestionali";"codice_part";"FOREIGN KEY"
"rido_cege_fk";"righe_documento";"id_centro_gest";"centri_gestionali";"id_centro_gest";"FOREIGN KEY"
"rido_cege_fk";"righe_documento";"id_centro_gest";"centri_gestionali";"codice_part";"FOREIGN KEY"
"rido_cmov_fk";"righe_documento";"id_cespite";"ce_movimenti";"id_movimento";"FOREIGN KEY"
"rido_cmov_fk";"righe_documento";"id_cespite";"ce_movimenti";"id_cespite";"FOREIGN KEY"
"rido_cmov_fk";"righe_documento";"id_cespite";"ce_movimenti";"codice_azienda";"FOREIGN KEY"
"rido_cmov_fk";"righe_documento";"id_movimento";"ce_movimenti";"id_movimento";"FOREIGN KEY"
"rido_cmov_fk";"righe_documento";"id_movimento";"ce_movimenti";"id_cespite";"FOREIGN KEY"
"rido_cmov_fk";"righe_documento";"id_movimento";"ce_movimenti";"codice_azienda";"FOREIGN KEY"
"rido_cmov_fk";"righe_documento";"codice_azienda";"ce_movimenti";"id_movimento";"FOREIGN KEY"
"rido_cmov_fk";"righe_documento";"codice_azienda";"ce_movimenti";"id_cespite";"FOREIGN KEY"
"rido_cmov_fk";"righe_documento";"codice_azienda";"ce_movimenti";"codice_azienda";"FOREIGN KEY"
"rido_comp_fk";"righe_documento";"id_documento";"competenze";"id_competenza";"FOREIGN KEY"
"rido_comp_fk";"righe_documento";"id_documento";"competenze";"id_documento";"FOREIGN KEY"
"rido_comp_fk";"righe_documento";"id_documento";"competenze";"codice_azienda";"FOREIGN KEY"
"rido_comp_fk";"righe_documento";"codice_azienda";"competenze";"id_competenza";"FOREIGN KEY"
"rido_comp_fk";"righe_documento";"codice_azienda";"competenze";"id_documento";"FOREIGN KEY"
"rido_comp_fk";"righe_documento";"codice_azienda";"competenze";"codice_azienda";"FOREIGN KEY"
"rido_comp_fk";"righe_documento";"id_competenza";"competenze";"id_competenza";"FOREIGN KEY"
"rido_comp_fk";"righe_documento";"id_competenza";"competenze";"id_documento";"FOREIGN KEY"
"rido_comp_fk";"righe_documento";"id_competenza";"competenze";"codice_azienda";"FOREIGN KEY"
"rido_cspt_fk";"righe_documento";"id_cespite";"ce_cespiti";"id_cespite";"FOREIGN KEY"
"rido_cspt_fk";"righe_documento";"id_cespite";"ce_cespiti";"codice_azienda";"FOREIGN KEY"
"rido_cspt_fk";"righe_documento";"codice_azienda";"ce_cespiti";"id_cespite";"FOREIGN KEY"
"rido_cspt_fk";"righe_documento";"codice_azienda";"ce_cespiti";"codice_azienda";"FOREIGN KEY"
"rido_soco_fk";"righe_documento";"codice_part";"sottoconti";"codice_template_fiscale";"FOREIGN KEY"
"rido_soco_fk";"righe_documento";"codice_part";"sottoconti";"id_sottoconto";"FOREIGN KEY"
"rido_soco_fk";"righe_documento";"codice_part";"sottoconti";"id_pdc";"FOREIGN KEY"
"rido_soco_fk";"righe_documento";"codice_part";"sottoconti";"codice_part";"FOREIGN KEY"
"rido_soco_fk";"righe_documento";"id_sottoconto";"sottoconti";"codice_template_fiscale";"FOREIGN KEY"
"rido_soco_fk";"righe_documento";"id_sottoconto";"sottoconti";"id_sottoconto";"FOREIGN KEY"
"rido_soco_fk";"righe_documento";"id_sottoconto";"sottoconti";"id_pdc";"FOREIGN KEY"
"rido_soco_fk";"righe_documento";"id_sottoconto";"sottoconti";"codice_part";"FOREIGN KEY"
"rido_soco_fk";"righe_documento";"codice_template_fiscale";"sottoconti";"codice_template_fiscale";"FOREIGN KEY"
"rido_soco_fk";"righe_documento";"codice_template_fiscale";"sottoconti";"id_sottoconto";"FOREIGN KEY"
"rido_soco_fk";"righe_documento";"codice_template_fiscale";"sottoconti";"id_pdc";"FOREIGN KEY"
"rido_soco_fk";"righe_documento";"codice_template_fiscale";"sottoconti";"codice_part";"FOREIGN KEY"
"rido_soco_fk";"righe_documento";"id_pdc";"sottoconti";"codice_template_fiscale";"FOREIGN KEY"
"rido_soco_fk";"righe_documento";"id_pdc";"sottoconti";"id_sottoconto";"FOREIGN KEY"
"rido_soco_fk";"righe_documento";"id_pdc";"sottoconti";"id_pdc";"FOREIGN KEY"
"rido_soco_fk";"righe_documento";"id_pdc";"sottoconti";"codice_part";"FOREIGN KEY"
"rido_vari_fk";"righe_documento";"codice_variante";"articoli_varianti";"id_articolo";"FOREIGN KEY"
"rido_vari_fk";"righe_documento";"codice_variante";"articoli_varianti";"codice_variante";"FOREIGN KEY"
"rido_vari_fk";"righe_documento";"codice_variante";"articoli_varianti";"codice_azienda";"FOREIGN KEY"
"rido_vari_fk";"righe_documento";"codice_azienda";"articoli_varianti";"id_articolo";"FOREIGN KEY"
"rido_vari_fk";"righe_documento";"codice_azienda";"articoli_varianti";"codice_variante";"FOREIGN KEY"
"rido_vari_fk";"righe_documento";"codice_azienda";"articoli_varianti";"codice_azienda";"FOREIGN KEY"
"rido_vari_fk";"righe_documento";"id_articolo";"articoli_varianti";"id_articolo";"FOREIGN KEY"
"rido_vari_fk";"righe_documento";"id_articolo";"articoli_varianti";"codice_variante";"FOREIGN KEY"
"rido_vari_fk";"righe_documento";"id_articolo";"articoli_varianti";"codice_azienda";"FOREIGN KEY"
"rite_alqt_fk";"ritenute";"codice_part";"aliquote";"codice_aliquota";"FOREIGN KEY"
"rite_alqt_fk";"ritenute";"codice_part";"aliquote";"codice_part";"FOREIGN KEY"
"rite_alqt_fk";"ritenute";"codice_aliquota";"aliquote";"codice_aliquota";"FOREIGN KEY"
"rite_alqt_fk";"ritenute";"codice_aliquota";"aliquote";"codice_part";"FOREIGN KEY"
"rite_anid_age_fk";"ritenute";"id_agente";"anagrafiche_id";"id_anagrafica";"FOREIGN KEY"
"rite_anid_age_fk";"ritenute";"id_agente";"anagrafiche_id";"codice_part";"FOREIGN KEY"
"rite_anid_age_fk";"ritenute";"codice_part";"anagrafiche_id";"id_anagrafica";"FOREIGN KEY"
"rite_anid_age_fk";"ritenute";"codice_part";"anagrafiche_id";"codice_part";"FOREIGN KEY"
"rite_anid_cli_fk";"ritenute";"id_cliente";"anagrafiche_id";"id_anagrafica";"FOREIGN KEY"
"rite_anid_cli_fk";"ritenute";"id_cliente";"anagrafiche_id";"codice_part";"FOREIGN KEY"
"rite_anid_cli_fk";"ritenute";"codice_part";"anagrafiche_id";"id_anagrafica";"FOREIGN KEY"
"rite_anid_cli_fk";"ritenute";"codice_part";"anagrafiche_id";"codice_part";"FOREIGN KEY"
"rite_cari_fk";"ritenute";"codice_causale_rit";"causali_ritenute";"codice_causale_rit";"FOREIGN KEY"
"rite_docu_fk";"ritenute";"codice_azienda";"documenti";"id_documento";"FOREIGN KEY"
"rite_docu_fk";"ritenute";"codice_azienda";"documenti";"codice_azienda";"FOREIGN KEY"
"rite_docu_fk";"ritenute";"id_documento";"documenti";"id_documento";"FOREIGN KEY"
"rite_docu_fk";"ritenute";"id_documento";"documenti";"codice_azienda";"FOREIGN KEY"
"rite_pena_fk";"ritenute";"id_agente";"periodi_enasarco_att";"codice_causale_rit";"FOREIGN KEY"
"rite_pena_fk";"ritenute";"id_agente";"periodi_enasarco_att";"periodo";"FOREIGN KEY"
"rite_pena_fk";"ritenute";"id_agente";"periodi_enasarco_att";"anno";"FOREIGN KEY"
"rite_pena_fk";"ritenute";"id_agente";"periodi_enasarco_att";"id_cliente";"FOREIGN KEY"
"rite_pena_fk";"ritenute";"id_agente";"periodi_enasarco_att";"codice_azienda";"FOREIGN KEY"
"rite_pena_fk";"ritenute";"id_agente";"periodi_enasarco_att";"id_agente";"FOREIGN KEY"
"rite_pena_fk";"ritenute";"codice_causale_rit";"periodi_enasarco_att";"codice_causale_rit";"FOREIGN KEY"
"rite_pena_fk";"ritenute";"codice_causale_rit";"periodi_enasarco_att";"periodo";"FOREIGN KEY"
"rite_pena_fk";"ritenute";"codice_causale_rit";"periodi_enasarco_att";"anno";"FOREIGN KEY"
"rite_pena_fk";"ritenute";"codice_causale_rit";"periodi_enasarco_att";"id_cliente";"FOREIGN KEY"
"rite_pena_fk";"ritenute";"codice_causale_rit";"periodi_enasarco_att";"codice_azienda";"FOREIGN KEY"
"rite_pena_fk";"ritenute";"codice_causale_rit";"periodi_enasarco_att";"id_agente";"FOREIGN KEY"
"rite_pena_fk";"ritenute";"codice_azienda";"periodi_enasarco_att";"codice_causale_rit";"FOREIGN KEY"
"rite_pena_fk";"ritenute";"codice_azienda";"periodi_enasarco_att";"periodo";"FOREIGN KEY"
"rite_pena_fk";"ritenute";"codice_azienda";"periodi_enasarco_att";"anno";"FOREIGN KEY"
"rite_pena_fk";"ritenute";"codice_azienda";"periodi_enasarco_att";"id_cliente";"FOREIGN KEY"
"rite_pena_fk";"ritenute";"codice_azienda";"periodi_enasarco_att";"codice_azienda";"FOREIGN KEY"
"rite_pena_fk";"ritenute";"codice_azienda";"periodi_enasarco_att";"id_agente";"FOREIGN KEY"
"rite_pena_fk";"ritenute";"periodo";"periodi_enasarco_att";"codice_causale_rit";"FOREIGN KEY"
"rite_pena_fk";"ritenute";"periodo";"periodi_enasarco_att";"periodo";"FOREIGN KEY"
"rite_pena_fk";"ritenute";"periodo";"periodi_enasarco_att";"anno";"FOREIGN KEY"
"rite_pena_fk";"ritenute";"periodo";"periodi_enasarco_att";"id_cliente";"FOREIGN KEY"
"rite_pena_fk";"ritenute";"periodo";"periodi_enasarco_att";"codice_azienda";"FOREIGN KEY"
"rite_pena_fk";"ritenute";"periodo";"periodi_enasarco_att";"id_agente";"FOREIGN KEY"
"rite_pena_fk";"ritenute";"id_cliente";"periodi_enasarco_att";"codice_causale_rit";"FOREIGN KEY"
"rite_pena_fk";"ritenute";"id_cliente";"periodi_enasarco_att";"periodo";"FOREIGN KEY"
"rite_pena_fk";"ritenute";"id_cliente";"periodi_enasarco_att";"anno";"FOREIGN KEY"
"rite_pena_fk";"ritenute";"id_cliente";"periodi_enasarco_att";"id_cliente";"FOREIGN KEY"
"rite_pena_fk";"ritenute";"id_cliente";"periodi_enasarco_att";"codice_azienda";"FOREIGN KEY"
"rite_pena_fk";"ritenute";"id_cliente";"periodi_enasarco_att";"id_agente";"FOREIGN KEY"
"rite_pena_fk";"ritenute";"anno";"periodi_enasarco_att";"codice_causale_rit";"FOREIGN KEY"
"rite_pena_fk";"ritenute";"anno";"periodi_enasarco_att";"periodo";"FOREIGN KEY"
"rite_pena_fk";"ritenute";"anno";"periodi_enasarco_att";"anno";"FOREIGN KEY"
"rite_pena_fk";"ritenute";"anno";"periodi_enasarco_att";"id_cliente";"FOREIGN KEY"
"rite_pena_fk";"ritenute";"anno";"periodi_enasarco_att";"codice_azienda";"FOREIGN KEY"
"rite_pena_fk";"ritenute";"anno";"periodi_enasarco_att";"id_agente";"FOREIGN KEY"
"rite_penp_fk";"ritenute";"codice_causale_rit";"periodi_enasarco_pass";"periodo";"FOREIGN KEY"
"rite_penp_fk";"ritenute";"codice_causale_rit";"periodi_enasarco_pass";"codice_azienda";"FOREIGN KEY"
"rite_penp_fk";"ritenute";"codice_causale_rit";"periodi_enasarco_pass";"codice_causale_rit";"FOREIGN KEY"
"rite_penp_fk";"ritenute";"codice_causale_rit";"periodi_enasarco_pass";"id_agente";"FOREIGN KEY"
"rite_penp_fk";"ritenute";"codice_causale_rit";"periodi_enasarco_pass";"anno";"FOREIGN KEY"
"rite_penp_fk";"ritenute";"codice_azienda";"periodi_enasarco_pass";"periodo";"FOREIGN KEY"
"rite_penp_fk";"ritenute";"codice_azienda";"periodi_enasarco_pass";"codice_azienda";"FOREIGN KEY"
"rite_penp_fk";"ritenute";"codice_azienda";"periodi_enasarco_pass";"codice_causale_rit";"FOREIGN KEY"
"rite_penp_fk";"ritenute";"codice_azienda";"periodi_enasarco_pass";"id_agente";"FOREIGN KEY"
"rite_penp_fk";"ritenute";"codice_azienda";"periodi_enasarco_pass";"anno";"FOREIGN KEY"
"rite_penp_fk";"ritenute";"id_agente";"periodi_enasarco_pass";"periodo";"FOREIGN KEY"
"rite_penp_fk";"ritenute";"id_agente";"periodi_enasarco_pass";"codice_azienda";"FOREIGN KEY"
"rite_penp_fk";"ritenute";"id_agente";"periodi_enasarco_pass";"codice_causale_rit";"FOREIGN KEY"
"rite_penp_fk";"ritenute";"id_agente";"periodi_enasarco_pass";"id_agente";"FOREIGN KEY"
"rite_penp_fk";"ritenute";"id_agente";"periodi_enasarco_pass";"anno";"FOREIGN KEY"
"rite_penp_fk";"ritenute";"anno";"periodi_enasarco_pass";"periodo";"FOREIGN KEY"
"rite_penp_fk";"ritenute";"anno";"periodi_enasarco_pass";"codice_azienda";"FOREIGN KEY"
"rite_penp_fk";"ritenute";"anno";"periodi_enasarco_pass";"codice_causale_rit";"FOREIGN KEY"
"rite_penp_fk";"ritenute";"anno";"periodi_enasarco_pass";"id_agente";"FOREIGN KEY"
"rite_penp_fk";"ritenute";"anno";"periodi_enasarco_pass";"anno";"FOREIGN KEY"
"rite_penp_fk";"ritenute";"periodo";"periodi_enasarco_pass";"periodo";"FOREIGN KEY"
"rite_penp_fk";"ritenute";"periodo";"periodi_enasarco_pass";"codice_azienda";"FOREIGN KEY"
"rite_penp_fk";"ritenute";"periodo";"periodi_enasarco_pass";"codice_causale_rit";"FOREIGN KEY"
"rite_penp_fk";"ritenute";"periodo";"periodi_enasarco_pass";"id_agente";"FOREIGN KEY"
"rite_penp_fk";"ritenute";"periodo";"periodi_enasarco_pass";"anno";"FOREIGN KEY"
"riva_alqt_fk";"reg_iva";"codice_part";"aliquote";"codice_part";"FOREIGN KEY"
"riva_alqt_fk";"reg_iva";"codice_part";"aliquote";"codice_aliquota";"FOREIGN KEY"
"riva_alqt_fk";"reg_iva";"codice_aliquota_iva";"aliquote";"codice_part";"FOREIGN KEY"
"riva_alqt_fk";"reg_iva";"codice_aliquota_iva";"aliquote";"codice_aliquota";"FOREIGN KEY"
"riva_azie_fk";"reg_iva";"codice_azienda";"aziende";"codice_azienda";"FOREIGN KEY"
"riva_docu_fk";"reg_iva";"codice_azienda";"documenti";"id_documento";"FOREIGN KEY"
"riva_docu_fk";"reg_iva";"codice_azienda";"documenti";"codice_azienda";"FOREIGN KEY"
"riva_docu_fk";"reg_iva";"id_documento";"documenti";"id_documento";"FOREIGN KEY"
"riva_docu_fk";"reg_iva";"id_documento";"documenti";"codice_azienda";"FOREIGN KEY"
"riva_docu_liq_fk";"reg_iva";"id_documento_liq";"documenti";"codice_azienda";"FOREIGN KEY"
"riva_docu_liq_fk";"reg_iva";"id_documento_liq";"documenti";"id_documento";"FOREIGN KEY"
"riva_docu_liq_fk";"reg_iva";"codice_azienda";"documenti";"codice_azienda";"FOREIGN KEY"
"riva_docu_liq_fk";"reg_iva";"codice_azienda";"documenti";"id_documento";"FOREIGN KEY"
"riva_nume_fk";"reg_iva";"codice_azienda";"numeratori";"codice_azienda";"FOREIGN KEY"
"riva_nume_fk";"reg_iva";"codice_azienda";"numeratori";"id_numeratore";"FOREIGN KEY"
"riva_nume_fk";"reg_iva";"codice_azienda";"numeratori";"anno";"FOREIGN KEY"
"riva_nume_fk";"reg_iva";"anno";"numeratori";"codice_azienda";"FOREIGN KEY"
"riva_nume_fk";"reg_iva";"anno";"numeratori";"id_numeratore";"FOREIGN KEY"
"riva_nume_fk";"reg_iva";"anno";"numeratori";"anno";"FOREIGN KEY"
"riva_nume_fk";"reg_iva";"id_numeratore";"numeratori";"codice_azienda";"FOREIGN KEY"
"riva_nume_fk";"reg_iva";"id_numeratore";"numeratori";"id_numeratore";"FOREIGN KEY"
"riva_nume_fk";"reg_iva";"id_numeratore";"numeratori";"anno";"FOREIGN KEY"
"riva_stli_fk";"reg_iva";"id_stampa";"stampa_libro_iva";"codice_azienda";"FOREIGN KEY"
"riva_stli_fk";"reg_iva";"id_stampa";"stampa_libro_iva";"id_stampa";"FOREIGN KEY"
"riva_stli_fk";"reg_iva";"codice_azienda";"stampa_libro_iva";"codice_azienda";"FOREIGN KEY"
"riva_stli_fk";"reg_iva";"codice_azienda";"stampa_libro_iva";"id_stampa";"FOREIGN KEY"
"rlan_anid_fk";"ruoli_anagrafiche";"codice_part";"anagrafiche_id";"codice_part";"FOREIGN KEY"
"rlan_anid_fk";"ruoli_anagrafiche";"codice_part";"anagrafiche_id";"id_anagrafica";"FOREIGN KEY"
"rlan_anid_fk";"ruoli_anagrafiche";"id_anagrafica";"anagrafiche_id";"codice_part";"FOREIGN KEY"
"rlan_anid_fk";"ruoli_anagrafiche";"id_anagrafica";"anagrafiche_id";"id_anagrafica";"FOREIGN KEY"
"rlan_azie_fk";"ruoli_anagrafiche";"codice_azienda";"aziende";"codice_azienda";"FOREIGN KEY"
"rlan_roli_fk";"ruoli_anagrafiche";"codice_ruolo";"ruoli";"codice_ruolo";"FOREIGN KEY"
"rlsc_brnc_fk";"rilasci";"id_branch";"branch";"id_branch";"FOREIGN KEY"
"rlsc_brnc_fk";"rilasci";"id_branch";"branch";"codice_azienda";"FOREIGN KEY"
"rlsc_brnc_fk";"rilasci";"codice_azienda";"branch";"id_branch";"FOREIGN KEY"
"rlsc_brnc_fk";"rilasci";"codice_azienda";"branch";"codice_azienda";"FOREIGN KEY"
"rnpv_anag_fk";"rinnovo_prezzi_vendita";"codice_part";"anagrafiche_id";"codice_part";"FOREIGN KEY"
"rnpv_anag_fk";"rinnovo_prezzi_vendita";"codice_part";"anagrafiche_id";"id_anagrafica";"FOREIGN KEY"
"rnpv_anag_fk";"rinnovo_prezzi_vendita";"id_cliente";"anagrafiche_id";"codice_part";"FOREIGN KEY"
"rnpv_anag_fk";"rinnovo_prezzi_vendita";"id_cliente";"anagrafiche_id";"id_anagrafica";"FOREIGN KEY"
"rnpv_cege_fk";"rinnovo_prezzi_vendita";"id_centro_gest";"centri_gestionali";"id_centro_gest";"FOREIGN KEY"
"rnpv_cege_fk";"rinnovo_prezzi_vendita";"id_centro_gest";"centri_gestionali";"codice_part";"FOREIGN KEY"
"rnpv_cege_fk";"rinnovo_prezzi_vendita";"codice_part";"centri_gestionali";"id_centro_gest";"FOREIGN KEY"
"rnpv_cege_fk";"rinnovo_prezzi_vendita";"codice_part";"centri_gestionali";"codice_part";"FOREIGN KEY"
"rnpv_cntr_fk";"rinnovo_prezzi_vendita";"codice_azienda";"contratti";"codice_azienda";"FOREIGN KEY"
"rnpv_cntr_fk";"rinnovo_prezzi_vendita";"codice_azienda";"contratti";"id_contratto";"FOREIGN KEY"
"rnpv_cntr_fk";"rinnovo_prezzi_vendita";"id_contratto";"contratti";"codice_azienda";"FOREIGN KEY"
"rnpv_cntr_fk";"rinnovo_prezzi_vendita";"id_contratto";"contratti";"id_contratto";"FOREIGN KEY"
"rnpv_lige_fk";"rinnovo_prezzi_vendita";"codice_azienda";"listini_generali";"codice_azienda";"FOREIGN KEY"
"rnpv_lige_fk";"rinnovo_prezzi_vendita";"codice_azienda";"listini_generali";"codice_listino";"FOREIGN KEY"
"rnpv_lige_fk";"rinnovo_prezzi_vendita";"codice_listino_generale";"listini_generali";"codice_azienda";"FOREIGN KEY"
"rnpv_lige_fk";"rinnovo_prezzi_vendita";"codice_listino_generale";"listini_generali";"codice_listino";"FOREIGN KEY"
"rnpv_serv_fk";"rinnovo_prezzi_vendita";"codice_part";"servizi";"id_servizio";"FOREIGN KEY"
"rnpv_serv_fk";"rinnovo_prezzi_vendita";"codice_part";"servizi";"codice_part";"FOREIGN KEY"
"rnpv_serv_fk";"rinnovo_prezzi_vendita";"id_servizio";"servizi";"id_servizio";"FOREIGN KEY"
"rnpv_serv_fk";"rinnovo_prezzi_vendita";"id_servizio";"servizi";"codice_part";"FOREIGN KEY"
"rnpv_vari_fk";"rinnovo_prezzi_vendita";"codice_azienda";"articoli_varianti";"codice_variante";"FOREIGN KEY"
"rnpv_vari_fk";"rinnovo_prezzi_vendita";"codice_azienda";"articoli_varianti";"id_articolo";"FOREIGN KEY"
"rnpv_vari_fk";"rinnovo_prezzi_vendita";"codice_azienda";"articoli_varianti";"codice_azienda";"FOREIGN KEY"
"rnpv_vari_fk";"rinnovo_prezzi_vendita";"id_articolo";"articoli_varianti";"codice_variante";"FOREIGN KEY"
"rnpv_vari_fk";"rinnovo_prezzi_vendita";"id_articolo";"articoli_varianti";"id_articolo";"FOREIGN KEY"
"rnpv_vari_fk";"rinnovo_prezzi_vendita";"id_articolo";"articoli_varianti";"codice_azienda";"FOREIGN KEY"
"rnpv_vari_fk";"rinnovo_prezzi_vendita";"codice_variante";"articoli_varianti";"codice_variante";"FOREIGN KEY"
"rnpv_vari_fk";"rinnovo_prezzi_vendita";"codice_variante";"articoli_varianti";"id_articolo";"FOREIGN KEY"
"rnpv_vari_fk";"rinnovo_prezzi_vendita";"codice_variante";"articoli_varianti";"codice_azienda";"FOREIGN KEY"
"roat_atti_fk";"richieste_offerta_attivita";"codice_azienda";"attivita";"codice_azienda";"FOREIGN KEY"
"roat_atti_fk";"richieste_offerta_attivita";"codice_azienda";"attivita";"codice_attivita";"FOREIGN KEY"
"roat_atti_fk";"richieste_offerta_attivita";"codice_attivita";"attivita";"codice_azienda";"FOREIGN KEY"
"roat_atti_fk";"richieste_offerta_attivita";"codice_attivita";"attivita";"codice_attivita";"FOREIGN KEY"
"roat_ocat_fk";"richieste_offerta_attivita";"codice_azienda";"ordini_clienti_attivita";"codice_azienda";"FOREIGN KEY"
"roat_ocat_fk";"richieste_offerta_attivita";"codice_azienda";"ordini_clienti_attivita";"prog_attivita_ordine";"FOREIGN KEY"
"roat_ocat_fk";"richieste_offerta_attivita";"codice_azienda";"ordini_clienti_attivita";"numero_ordine";"FOREIGN KEY"
"roat_ocat_fk";"richieste_offerta_attivita";"numero_ordine";"ordini_clienti_attivita";"codice_azienda";"FOREIGN KEY"
"roat_ocat_fk";"richieste_offerta_attivita";"numero_ordine";"ordini_clienti_attivita";"prog_attivita_ordine";"FOREIGN KEY"
"roat_ocat_fk";"richieste_offerta_attivita";"numero_ordine";"ordini_clienti_attivita";"numero_ordine";"FOREIGN KEY"
"roat_ocat_fk";"richieste_offerta_attivita";"prog_attivita_ordine";"ordini_clienti_attivita";"codice_azienda";"FOREIGN KEY"
"roat_ocat_fk";"richieste_offerta_attivita";"prog_attivita_ordine";"ordini_clienti_attivita";"prog_attivita_ordine";"FOREIGN KEY"
"roat_ocat_fk";"richieste_offerta_attivita";"prog_attivita_ordine";"ordini_clienti_attivita";"numero_ordine";"FOREIGN KEY"
"roat_roat_fk";"richieste_offerta_attivita";"numero_richiesta";"richieste_offerta_attivita";"numero_richiesta";"FOREIGN KEY"
"roat_roat_fk";"richieste_offerta_attivita";"numero_richiesta";"richieste_offerta_attivita";"codice_azienda";"FOREIGN KEY"
"roat_roat_fk";"richieste_offerta_attivita";"numero_richiesta";"richieste_offerta_attivita";"prog_attivita";"FOREIGN KEY"
"roat_roat_fk";"richieste_offerta_attivita";"codice_azienda";"richieste_offerta_attivita";"numero_richiesta";"FOREIGN KEY"
"roat_roat_fk";"richieste_offerta_attivita";"codice_azienda";"richieste_offerta_attivita";"codice_azienda";"FOREIGN KEY"
"roat_roat_fk";"richieste_offerta_attivita";"codice_azienda";"richieste_offerta_attivita";"prog_attivita";"FOREIGN KEY"
"roat_roat_fk";"richieste_offerta_attivita";"prog_attivita_parent";"richieste_offerta_attivita";"numero_richiesta";"FOREIGN KEY"
"roat_roat_fk";"richieste_offerta_attivita";"prog_attivita_parent";"richieste_offerta_attivita";"codice_azienda";"FOREIGN KEY"
"roat_roat_fk";"richieste_offerta_attivita";"prog_attivita_parent";"richieste_offerta_attivita";"prog_attivita";"FOREIGN KEY"
"roat_roff_fk";"richieste_offerta_attivita";"numero_richiesta";"richieste_offerta";"codice_azienda";"FOREIGN KEY"
"roat_roff_fk";"richieste_offerta_attivita";"numero_richiesta";"richieste_offerta";"numero_richiesta";"FOREIGN KEY"
"roat_roff_fk";"richieste_offerta_attivita";"codice_azienda";"richieste_offerta";"codice_azienda";"FOREIGN KEY"
"roat_roff_fk";"richieste_offerta_attivita";"codice_azienda";"richieste_offerta";"numero_richiesta";"FOREIGN KEY"
"roat_rofr_fk";"richieste_offerta_attivita";"numero_richiesta";"richieste_offerta_righe";"numero_richiesta";"FOREIGN KEY"
"roat_rofr_fk";"richieste_offerta_attivita";"numero_richiesta";"richieste_offerta_righe";"prog_riga";"FOREIGN KEY"
"roat_rofr_fk";"richieste_offerta_attivita";"numero_richiesta";"richieste_offerta_righe";"codice_azienda";"FOREIGN KEY"
"roat_rofr_fk";"richieste_offerta_attivita";"codice_azienda";"richieste_offerta_righe";"numero_richiesta";"FOREIGN KEY"
"roat_rofr_fk";"richieste_offerta_attivita";"codice_azienda";"richieste_offerta_righe";"prog_riga";"FOREIGN KEY"
"roat_rofr_fk";"richieste_offerta_attivita";"codice_azienda";"richieste_offerta_righe";"codice_azienda";"FOREIGN KEY"
"roat_rofr_fk";"richieste_offerta_attivita";"prog_riga";"richieste_offerta_righe";"numero_richiesta";"FOREIGN KEY"
"roat_rofr_fk";"richieste_offerta_attivita";"prog_riga";"richieste_offerta_righe";"prog_riga";"FOREIGN KEY"
"roat_rofr_fk";"richieste_offerta_attivita";"prog_riga";"richieste_offerta_righe";"codice_azienda";"FOREIGN KEY"
"roat_tiat_fk";"richieste_offerta_attivita";"codice_tipo_attivita";"tipi_attivita";"codice_azienda";"FOREIGN KEY"
"roat_tiat_fk";"richieste_offerta_attivita";"codice_tipo_attivita";"tipi_attivita";"codice_tipo_attivita";"FOREIGN KEY"
"roat_tiat_fk";"richieste_offerta_attivita";"codice_azienda";"tipi_attivita";"codice_azienda";"FOREIGN KEY"
"roat_tiat_fk";"richieste_offerta_attivita";"codice_azienda";"tipi_attivita";"codice_tipo_attivita";"FOREIGN KEY"
"roat_timp_fk";"richieste_offerta_attivita";"codice_azienda";"tipi_impegno";"codice_azienda";"FOREIGN KEY"
"roat_timp_fk";"richieste_offerta_attivita";"codice_azienda";"tipi_impegno";"codice_impegno";"FOREIGN KEY"
"roat_timp_fk";"richieste_offerta_attivita";"codice_impegno";"tipi_impegno";"codice_azienda";"FOREIGN KEY"
"roat_timp_fk";"richieste_offerta_attivita";"codice_impegno";"tipi_impegno";"codice_impegno";"FOREIGN KEY"
"roat_vari_fk";"richieste_offerta_attivita";"codice_variante";"articoli_varianti";"id_articolo";"FOREIGN KEY"
"roat_vari_fk";"richieste_offerta_attivita";"codice_variante";"articoli_varianti";"codice_variante";"FOREIGN KEY"
"roat_vari_fk";"richieste_offerta_attivita";"codice_variante";"articoli_varianti";"codice_azienda";"FOREIGN KEY"
"roat_vari_fk";"richieste_offerta_attivita";"codice_azienda";"articoli_varianti";"id_articolo";"FOREIGN KEY"
"roat_vari_fk";"richieste_offerta_attivita";"codice_azienda";"articoli_varianti";"codice_variante";"FOREIGN KEY"
"roat_vari_fk";"richieste_offerta_attivita";"codice_azienda";"articoli_varianti";"codice_azienda";"FOREIGN KEY"
"roat_vari_fk";"richieste_offerta_attivita";"id_articolo";"articoli_varianti";"id_articolo";"FOREIGN KEY"
"roat_vari_fk";"richieste_offerta_attivita";"id_articolo";"articoli_varianti";"codice_variante";"FOREIGN KEY"
"roat_vari_fk";"richieste_offerta_attivita";"id_articolo";"articoli_varianti";"codice_azienda";"FOREIGN KEY"
"roff_alqt_fk";"richieste_offerta";"codice_part";"aliquote";"codice_part";"FOREIGN KEY"
"roff_alqt_fk";"richieste_offerta";"codice_part";"aliquote";"codice_aliquota";"FOREIGN KEY"
"roff_alqt_fk";"richieste_offerta";"codice_aliquota_iva";"aliquote";"codice_part";"FOREIGN KEY"
"roff_alqt_fk";"richieste_offerta";"codice_aliquota_iva";"aliquote";"codice_aliquota";"FOREIGN KEY"
"roff_ancl_fk";"richieste_offerta";"prog_vr_anag";"anagrafiche_vr";"id_anagrafica";"FOREIGN KEY"
"roff_ancl_fk";"richieste_offerta";"prog_vr_anag";"anagrafiche_vr";"prog_vr";"FOREIGN KEY"
"roff_ancl_fk";"richieste_offerta";"prog_vr_anag";"anagrafiche_vr";"codice_part";"FOREIGN KEY"
"roff_ancl_fk";"richieste_offerta";"id_anagrafica";"anagrafiche_vr";"id_anagrafica";"FOREIGN KEY"
"roff_ancl_fk";"richieste_offerta";"id_anagrafica";"anagrafiche_vr";"prog_vr";"FOREIGN KEY"
"roff_ancl_fk";"richieste_offerta";"id_anagrafica";"anagrafiche_vr";"codice_part";"FOREIGN KEY"
"roff_ancl_fk";"richieste_offerta";"codice_part";"anagrafiche_vr";"id_anagrafica";"FOREIGN KEY"
"roff_ancl_fk";"richieste_offerta";"codice_part";"anagrafiche_vr";"prog_vr";"FOREIGN KEY"
"roff_ancl_fk";"richieste_offerta";"codice_part";"anagrafiche_vr";"codice_part";"FOREIGN KEY"
"roff_anfr_age1_fk";"richieste_offerta";"codice_part";"anagrafiche_id";"id_anagrafica";"FOREIGN KEY"
"roff_anfr_age1_fk";"richieste_offerta";"codice_part";"anagrafiche_id";"codice_part";"FOREIGN KEY"
"roff_anfr_age1_fk";"richieste_offerta";"id_agente_primario";"anagrafiche_id";"id_anagrafica";"FOREIGN KEY"
"roff_anfr_age1_fk";"richieste_offerta";"id_agente_primario";"anagrafiche_id";"codice_part";"FOREIGN KEY"
"roff_anfr_age2_fk";"richieste_offerta";"id_agente_secondario";"anagrafiche_id";"id_anagrafica";"FOREIGN KEY"
"roff_anfr_age2_fk";"richieste_offerta";"id_agente_secondario";"anagrafiche_id";"codice_part";"FOREIGN KEY"
"roff_anfr_age2_fk";"richieste_offerta";"codice_part";"anagrafiche_id";"id_anagrafica";"FOREIGN KEY"
"roff_anfr_age2_fk";"richieste_offerta";"codice_part";"anagrafiche_id";"codice_part";"FOREIGN KEY"
"roff_anid_cc_fk";"richieste_offerta";"codice_part";"anagrafiche_id";"id_anagrafica";"FOREIGN KEY"
"roff_anid_cc_fk";"richieste_offerta";"codice_part";"anagrafiche_id";"codice_part";"FOREIGN KEY"
"roff_anid_cc_fk";"richieste_offerta";"id_anagrafica_cc";"anagrafiche_id";"id_anagrafica";"FOREIGN KEY"
"roff_anid_cc_fk";"richieste_offerta";"id_anagrafica_cc";"anagrafiche_id";"codice_part";"FOREIGN KEY"
"roff_anid_dest_fk";"richieste_offerta";"codice_part";"anagrafiche_id";"id_anagrafica";"FOREIGN KEY"
"roff_anid_dest_fk";"richieste_offerta";"codice_part";"anagrafiche_id";"codice_part";"FOREIGN KEY"
"roff_anid_dest_fk";"richieste_offerta";"id_destinazione";"anagrafiche_id";"id_anagrafica";"FOREIGN KEY"
"roff_anid_dest_fk";"richieste_offerta";"id_destinazione";"anagrafiche_id";"codice_part";"FOREIGN KEY"
"roff_cfat_fk";"richieste_offerta";"codice_azienda";"condizioni_fatturazione";"codice_azienda";"FOREIGN KEY"
"roff_cfat_fk";"richieste_offerta";"codice_azienda";"condizioni_fatturazione";"id_condizione_fatturazione";"FOREIGN KEY"
"roff_cfat_fk";"richieste_offerta";"id_condizione_fatturazione";"condizioni_fatturazione";"codice_azienda";"FOREIGN KEY"
"roff_cfat_fk";"richieste_offerta";"id_condizione_fatturazione";"condizioni_fatturazione";"id_condizione_fatturazione";"FOREIGN KEY"
"roff_cpag_fk";"richieste_offerta";"id_cond_pag";"condizioni_pagamento";"codice_azienda";"FOREIGN KEY"
"roff_cpag_fk";"richieste_offerta";"id_cond_pag";"condizioni_pagamento";"id_condizione_pagamento";"FOREIGN KEY"
"roff_cpag_fk";"richieste_offerta";"codice_azienda";"condizioni_pagamento";"codice_azienda";"FOREIGN KEY"
"roff_cpag_fk";"richieste_offerta";"codice_azienda";"condizioni_pagamento";"id_condizione_pagamento";"FOREIGN KEY"
"roff_gara_fk";"richieste_offerta";"codice_azienda";"gare_appalto";"id_gara_appalto";"FOREIGN KEY"
"roff_gara_fk";"richieste_offerta";"codice_azienda";"gare_appalto";"codice_azienda";"FOREIGN KEY"
"roff_gara_fk";"richieste_offerta";"id_gara_appalto";"gare_appalto";"id_gara_appalto";"FOREIGN KEY"
"roff_gara_fk";"richieste_offerta";"id_gara_appalto";"gare_appalto";"codice_azienda";"FOREIGN KEY"
"roff_lige_fk";"richieste_offerta";"codice_azienda";"listini_generali";"codice_listino";"FOREIGN KEY"
"roff_lige_fk";"richieste_offerta";"codice_azienda";"listini_generali";"codice_azienda";"FOREIGN KEY"
"roff_lige_fk";"richieste_offerta";"codice_listino";"listini_generali";"codice_listino";"FOREIGN KEY"
"roff_lige_fk";"richieste_offerta";"codice_listino";"listini_generali";"codice_azienda";"FOREIGN KEY"
"roff_moro_fk";"richieste_offerta";"codice_motivo_rifiuto";"motivi_rifiuto_offerta";"codice_motivo_rifiuto";"FOREIGN KEY"
"roff_sped_fk";"richieste_offerta";"codice_spedizione";"tipi_spedizione";"codice";"FOREIGN KEY"
"roff_sped_fk";"richieste_offerta";"codice_spedizione";"tipi_spedizione";"codice_azienda";"FOREIGN KEY"
"roff_sped_fk";"richieste_offerta";"codice_azienda";"tipi_spedizione";"codice";"FOREIGN KEY"
"roff_sped_fk";"richieste_offerta";"codice_azienda";"tipi_spedizione";"codice_azienda";"FOREIGN KEY"
"roff_tipo_fk";"richieste_offerta";"porto";"tipi_porto";"codice_azienda";"FOREIGN KEY"
"roff_tipo_fk";"richieste_offerta";"porto";"tipi_porto";"codice";"FOREIGN KEY"
"roff_tipo_fk";"richieste_offerta";"codice_azienda";"tipi_porto";"codice_azienda";"FOREIGN KEY"
"roff_tipo_fk";"richieste_offerta";"codice_azienda";"tipi_porto";"codice";"FOREIGN KEY"
"roff_unim_fk";"richieste_offerta";"codice_um_progetti";"unita_misura";"codice_azienda";"FOREIGN KEY"
"roff_unim_fk";"richieste_offerta";"codice_um_progetti";"unita_misura";"codice_um";"FOREIGN KEY"
"roff_unim_fk";"richieste_offerta";"codice_azienda";"unita_misura";"codice_azienda";"FOREIGN KEY"
"roff_unim_fk";"richieste_offerta";"codice_azienda";"unita_misura";"codice_um";"FOREIGN KEY"
"rofr_alqt_fk";"richieste_offerta_righe";"codice_part";"aliquote";"codice_part";"FOREIGN KEY"
"rofr_alqt_fk";"richieste_offerta_righe";"codice_part";"aliquote";"codice_aliquota";"FOREIGN KEY"
"rofr_alqt_fk";"richieste_offerta_righe";"codice_aliquota_iva";"aliquote";"codice_part";"FOREIGN KEY"
"rofr_alqt_fk";"richieste_offerta_righe";"codice_aliquota_iva";"aliquote";"codice_aliquota";"FOREIGN KEY"
"rofr_anfr_fk";"richieste_offerta_righe";"codice_part";"anagrafiche_id";"id_anagrafica";"FOREIGN KEY"
"rofr_anfr_fk";"richieste_offerta_righe";"codice_part";"anagrafiche_id";"codice_part";"FOREIGN KEY"
"rofr_anfr_fk";"richieste_offerta_righe";"id_fornitore";"anagrafiche_id";"id_anagrafica";"FOREIGN KEY"
"rofr_anfr_fk";"richieste_offerta_righe";"id_fornitore";"anagrafiche_id";"codice_part";"FOREIGN KEY"
"rofr_anid_dest_fk";"richieste_offerta_righe";"id_destinazione";"anagrafiche_id";"codice_part";"FOREIGN KEY"
"rofr_anid_dest_fk";"richieste_offerta_righe";"id_destinazione";"anagrafiche_id";"id_anagrafica";"FOREIGN KEY"
"rofr_anid_dest_fk";"richieste_offerta_righe";"codice_part";"anagrafiche_id";"codice_part";"FOREIGN KEY"
"rofr_anid_dest_fk";"richieste_offerta_righe";"codice_part";"anagrafiche_id";"id_anagrafica";"FOREIGN KEY"
"rofr_caco_fk";"richieste_offerta_righe";"codice_azienda";"categorie_commerciali";"codice_azienda";"FOREIGN KEY"
"rofr_caco_fk";"richieste_offerta_righe";"codice_azienda";"categorie_commerciali";"codice_cat_comm";"FOREIGN KEY"
"rofr_caco_fk";"richieste_offerta_righe";"codice_cat_comm";"categorie_commerciali";"codice_azienda";"FOREIGN KEY"
"rofr_caco_fk";"richieste_offerta_righe";"codice_cat_comm";"categorie_commerciali";"codice_cat_comm";"FOREIGN KEY"
"rofr_roff_fk";"richieste_offerta_righe";"numero_richiesta";"richieste_offerta";"codice_azienda";"FOREIGN KEY"
"rofr_roff_fk";"richieste_offerta_righe";"numero_richiesta";"richieste_offerta";"numero_richiesta";"FOREIGN KEY"
"rofr_roff_fk";"richieste_offerta_righe";"codice_azienda";"richieste_offerta";"codice_azienda";"FOREIGN KEY"
"rofr_roff_fk";"richieste_offerta_righe";"codice_azienda";"richieste_offerta";"numero_richiesta";"FOREIGN KEY"
"rofr_tiar_fk";"richieste_offerta_righe";"codice_tipo_articolo";"tipi_articolo";"codice_tipo_articolo";"FOREIGN KEY"
"rofr_tiar_fk";"richieste_offerta_righe";"codice_tipo_articolo";"tipi_articolo";"codice_azienda";"FOREIGN KEY"
"rofr_tiar_fk";"richieste_offerta_righe";"codice_azienda";"tipi_articolo";"codice_tipo_articolo";"FOREIGN KEY"
"rofr_tiar_fk";"richieste_offerta_righe";"codice_azienda";"tipi_articolo";"codice_azienda";"FOREIGN KEY"
"rofr_tiim_fk";"richieste_offerta_righe";"codice_azienda";"tipi_imballo";"id_tipo_imballo";"FOREIGN KEY"
"rofr_tiim_fk";"richieste_offerta_righe";"codice_azienda";"tipi_imballo";"codice_azienda";"FOREIGN KEY"
"rofr_tiim_fk";"richieste_offerta_righe";"id_tipo_imballo";"tipi_imballo";"id_tipo_imballo";"FOREIGN KEY"
"rofr_tiim_fk";"richieste_offerta_righe";"id_tipo_imballo";"tipi_imballo";"codice_azienda";"FOREIGN KEY"
"rofr_unim_fk";"richieste_offerta_righe";"codice_azienda";"unita_misura";"codice_um";"FOREIGN KEY"
"rofr_unim_fk";"richieste_offerta_righe";"codice_azienda";"unita_misura";"codice_azienda";"FOREIGN KEY"
"rofr_unim_fk";"richieste_offerta_righe";"codice_um";"unita_misura";"codice_um";"FOREIGN KEY"
"rofr_unim_fk";"richieste_offerta_righe";"codice_um";"unita_misura";"codice_azienda";"FOREIGN KEY"
"rofr_vari_fk";"richieste_offerta_righe";"codice_azienda";"articoli_varianti";"id_articolo";"FOREIGN KEY"
"rofr_vari_fk";"richieste_offerta_righe";"codice_azienda";"articoli_varianti";"codice_azienda";"FOREIGN KEY"
"rofr_vari_fk";"richieste_offerta_righe";"codice_azienda";"articoli_varianti";"codice_variante";"FOREIGN KEY"
"rofr_vari_fk";"richieste_offerta_righe";"codice_variante";"articoli_varianti";"id_articolo";"FOREIGN KEY"
"rofr_vari_fk";"richieste_offerta_righe";"codice_variante";"articoli_varianti";"codice_azienda";"FOREIGN KEY"
"rofr_vari_fk";"richieste_offerta_righe";"codice_variante";"articoli_varianti";"codice_variante";"FOREIGN KEY"
"rofr_vari_fk";"richieste_offerta_righe";"id_articolo";"articoli_varianti";"id_articolo";"FOREIGN KEY"
"rofr_vari_fk";"richieste_offerta_righe";"id_articolo";"articoli_varianti";"codice_azienda";"FOREIGN KEY"
"rofr_vari_fk";"richieste_offerta_righe";"id_articolo";"articoli_varianti";"codice_variante";"FOREIGN KEY"
"ropa__fk";"richieste_offerta_pa";"numero_richiesta";"richieste_offerta_persone";"numero_richiesta";"FOREIGN KEY"
"ropa__fk";"richieste_offerta_pa";"numero_richiesta";"richieste_offerta_persone";"codice_azienda";"FOREIGN KEY"
"ropa__fk";"richieste_offerta_pa";"numero_richiesta";"richieste_offerta_persone";"prog_persona";"FOREIGN KEY"
"ropa__fk";"richieste_offerta_pa";"codice_azienda";"richieste_offerta_persone";"numero_richiesta";"FOREIGN KEY"
"ropa__fk";"richieste_offerta_pa";"codice_azienda";"richieste_offerta_persone";"codice_azienda";"FOREIGN KEY"
"ropa__fk";"richieste_offerta_pa";"codice_azienda";"richieste_offerta_persone";"prog_persona";"FOREIGN KEY"
"ropa__fk";"richieste_offerta_pa";"prog_persona";"richieste_offerta_persone";"numero_richiesta";"FOREIGN KEY"
"ropa__fk";"richieste_offerta_pa";"prog_persona";"richieste_offerta_persone";"codice_azienda";"FOREIGN KEY"
"ropa__fk";"richieste_offerta_pa";"prog_persona";"richieste_offerta_persone";"prog_persona";"FOREIGN KEY"
"ropa_roat_fk";"richieste_offerta_pa";"codice_azienda";"richieste_offerta_attivita";"codice_azienda";"FOREIGN KEY"
"ropa_roat_fk";"richieste_offerta_pa";"codice_azienda";"richieste_offerta_attivita";"numero_richiesta";"FOREIGN KEY"
"ropa_roat_fk";"richieste_offerta_pa";"codice_azienda";"richieste_offerta_attivita";"prog_attivita";"FOREIGN KEY"
"ropa_roat_fk";"richieste_offerta_pa";"numero_richiesta";"richieste_offerta_attivita";"codice_azienda";"FOREIGN KEY"
"ropa_roat_fk";"richieste_offerta_pa";"numero_richiesta";"richieste_offerta_attivita";"numero_richiesta";"FOREIGN KEY"
"ropa_roat_fk";"richieste_offerta_pa";"numero_richiesta";"richieste_offerta_attivita";"prog_attivita";"FOREIGN KEY"
"ropa_roat_fk";"richieste_offerta_pa";"prog_attivita";"richieste_offerta_attivita";"codice_azienda";"FOREIGN KEY"
"ropa_roat_fk";"richieste_offerta_pa";"prog_attivita";"richieste_offerta_attivita";"numero_richiesta";"FOREIGN KEY"
"ropa_roat_fk";"richieste_offerta_pa";"prog_attivita";"richieste_offerta_attivita";"prog_attivita";"FOREIGN KEY"
"rope_anrs_fk";"richieste_offerta_persone";"codice_part";"anagrafiche_id";"codice_part";"FOREIGN KEY"
"rope_anrs_fk";"richieste_offerta_persone";"codice_part";"anagrafiche_id";"id_anagrafica";"FOREIGN KEY"
"rope_anrs_fk";"richieste_offerta_persone";"id_anagrafica";"anagrafiche_id";"codice_part";"FOREIGN KEY"
"rope_anrs_fk";"richieste_offerta_persone";"id_anagrafica";"anagrafiche_id";"id_anagrafica";"FOREIGN KEY"
"rope_roff_fk";"richieste_offerta_persone";"codice_azienda";"richieste_offerta";"codice_azienda";"FOREIGN KEY"
"rope_roff_fk";"richieste_offerta_persone";"codice_azienda";"richieste_offerta";"numero_richiesta";"FOREIGN KEY"
"rope_roff_fk";"richieste_offerta_persone";"numero_richiesta";"richieste_offerta";"codice_azienda";"FOREIGN KEY"
"rope_roff_fk";"richieste_offerta_persone";"numero_richiesta";"richieste_offerta";"numero_richiesta";"FOREIGN KEY"
"rope_tiri_fk";"richieste_offerta_persone";"id_tipo_risorsa";"tipi_risorsa";"id_tipo_risorsa";"FOREIGN KEY"
"rope_tiri_fk";"richieste_offerta_persone";"id_tipo_risorsa";"tipi_risorsa";"codice_azienda";"FOREIGN KEY"
"rope_tiri_fk";"richieste_offerta_persone";"codice_azienda";"tipi_risorsa";"id_tipo_risorsa";"FOREIGN KEY"
"rope_tiri_fk";"richieste_offerta_persone";"codice_azienda";"tipi_risorsa";"codice_azienda";"FOREIGN KEY"
"rppg_ccte_fk";"righe_partitario_pagamenti";"codice_azienda";"conti_correnti";"id_conto_corrente";"FOREIGN KEY"
"rppg_ccte_fk";"righe_partitario_pagamenti";"codice_azienda";"conti_correnti";"codice_azienda";"FOREIGN KEY"
"rppg_ccte_fk";"righe_partitario_pagamenti";"id_conto_corrente_terzi";"conti_correnti";"id_conto_corrente";"FOREIGN KEY"
"rppg_ccte_fk";"righe_partitario_pagamenti";"id_conto_corrente_terzi";"conti_correnti";"codice_azienda";"FOREIGN KEY"
"rppg_papg_fk";"righe_partitario_pagamenti";"codice_azienda";"partitario_pagamenti";"id_partitario_pag";"FOREIGN KEY"
"rppg_papg_fk";"righe_partitario_pagamenti";"codice_azienda";"partitario_pagamenti";"codice_azienda";"FOREIGN KEY"
"rppg_papg_fk";"righe_partitario_pagamenti";"id_partitario_pag";"partitario_pagamenti";"id_partitario_pag";"FOREIGN KEY"
"rppg_papg_fk";"righe_partitario_pagamenti";"id_partitario_pag";"partitario_pagamenti";"codice_azienda";"FOREIGN KEY"
"rppg_part_fk";"righe_partitario_pagamenti";"id_partitario";"partitario";"id_partitario";"FOREIGN KEY"
"rppg_part_fk";"righe_partitario_pagamenti";"id_partitario";"partitario";"codice_azienda";"FOREIGN KEY"
"rppg_part_fk";"righe_partitario_pagamenti";"codice_azienda";"partitario";"id_partitario";"FOREIGN KEY"
"rppg_part_fk";"righe_partitario_pagamenti";"codice_azienda";"partitario";"codice_azienda";"FOREIGN KEY"
"rpsd_prsd_fk";"rischi_presidi";"codice_azienda";"presidi";"id_presidio";"FOREIGN KEY"
"rpsd_prsd_fk";"rischi_presidi";"codice_azienda";"presidi";"codice_azienda";"FOREIGN KEY"
"rpsd_prsd_fk";"rischi_presidi";"id_presidio";"presidi";"id_presidio";"FOREIGN KEY"
"rpsd_prsd_fk";"rischi_presidi";"id_presidio";"presidi";"codice_azienda";"FOREIGN KEY"
"rpsd_rsch_fk";"rischi_presidi";"codice_azienda";"rischi";"codice_azienda";"FOREIGN KEY"
"rpsd_rsch_fk";"rischi_presidi";"codice_azienda";"rischi";"codice_rischio";"FOREIGN KEY"
"rpsd_rsch_fk";"rischi_presidi";"codice_rischio";"rischi";"codice_azienda";"FOREIGN KEY"
"rpsd_rsch_fk";"rischi_presidi";"codice_rischio";"rischi";"codice_rischio";"FOREIGN KEY"
"rrdf_azie_fk";"richieste_ragg_sf";"codice_azienda";"aziende";"codice_azienda";"FOREIGN KEY"
"rrrt_docu_fk";"ratei_risconti_rettifiche";"codice_azienda";"documenti";"codice_azienda";"FOREIGN KEY"
"rrrt_docu_fk";"ratei_risconti_rettifiche";"codice_azienda";"documenti";"id_documento";"FOREIGN KEY"
"rrrt_docu_fk";"ratei_risconti_rettifiche";"id_documento";"documenti";"codice_azienda";"FOREIGN KEY"
"rrrt_docu_fk";"ratei_risconti_rettifiche";"id_documento";"documenti";"id_documento";"FOREIGN KEY"
"rrrt_rari_fk";"ratei_risconti_rettifiche";"codice_azienda";"ratei_risconti";"id_ratei_risconti";"FOREIGN KEY"
"rrrt_rari_fk";"ratei_risconti_rettifiche";"codice_azienda";"ratei_risconti";"codice_azienda";"FOREIGN KEY"
"rrrt_rari_fk";"ratei_risconti_rettifiche";"id_ratei_risconti";"ratei_risconti";"id_ratei_risconti";"FOREIGN KEY"
"rrrt_rari_fk";"ratei_risconti_rettifiche";"id_ratei_risconti";"ratei_risconti";"codice_azienda";"FOREIGN KEY"
"rsch_cege_fk";"rischi";"codice_part";"centri_gestionali";"id_centro_gest";"FOREIGN KEY"
"rsch_cege_fk";"rischi";"codice_part";"centri_gestionali";"codice_part";"FOREIGN KEY"
"rsch_cege_fk";"rischi";"id_centro_gest";"centri_gestionali";"id_centro_gest";"FOREIGN KEY"
"rsch_cege_fk";"rischi";"id_centro_gest";"centri_gestionali";"codice_part";"FOREIGN KEY"
"rscp_cmpt_fk";"fonti_rischio";"codice_compito";"compiti";"codice_compito";"FOREIGN KEY"
"rscp_cmpt_fk";"fonti_rischio";"codice_compito";"compiti";"codice_azienda";"FOREIGN KEY"
"rscp_cmpt_fk";"fonti_rischio";"codice_azienda";"compiti";"codice_compito";"FOREIGN KEY"
"rscp_cmpt_fk";"fonti_rischio";"codice_azienda";"compiti";"codice_azienda";"FOREIGN KEY"
"rscp_pcda_fk";"fonti_rischio";"id_procedura";"procedure_aziendali";"codice_azienda";"FOREIGN KEY"
"rscp_pcda_fk";"fonti_rischio";"id_procedura";"procedure_aziendali";"id_procedura";"FOREIGN KEY"
"rscp_pcda_fk";"fonti_rischio";"codice_azienda";"procedure_aziendali";"codice_azienda";"FOREIGN KEY"
"rscp_pcda_fk";"fonti_rischio";"codice_azienda";"procedure_aziendali";"id_procedura";"FOREIGN KEY"
"rscp_rsch_fk";"fonti_rischio";"codice_rischio";"rischi";"codice_azienda";"FOREIGN KEY"
"rscp_rsch_fk";"fonti_rischio";"codice_rischio";"rischi";"codice_rischio";"FOREIGN KEY"
"rscp_rsch_fk";"fonti_rischio";"codice_azienda";"rischi";"codice_azienda";"FOREIGN KEY"
"rscp_rsch_fk";"fonti_rischio";"codice_azienda";"rischi";"codice_rischio";"FOREIGN KEY"
"rscr_even_fk";"fonti_rischio";"codice_azienda";"eventi";"id_evento";"FOREIGN KEY"
"rscr_even_fk";"fonti_rischio";"codice_azienda";"eventi";"codice_azienda";"FOREIGN KEY"
"rscr_even_fk";"fonti_rischio";"id_evento";"eventi";"id_evento";"FOREIGN KEY"
"rscr_even_fk";"fonti_rischio";"id_evento";"eventi";"codice_azienda";"FOREIGN KEY"
"rspt_dmde_fk";"risposte";"codice_azienda";"domande";"id_modello_test";"FOREIGN KEY"
"rspt_dmde_fk";"risposte";"codice_azienda";"domande";"id_domanda";"FOREIGN KEY"
"rspt_dmde_fk";"risposte";"codice_azienda";"domande";"id_modello_test_vr";"FOREIGN KEY"
"rspt_dmde_fk";"risposte";"codice_azienda";"domande";"codice_azienda";"FOREIGN KEY"
"rspt_dmde_fk";"risposte";"id_modello_test";"domande";"id_modello_test";"FOREIGN KEY"
"rspt_dmde_fk";"risposte";"id_modello_test";"domande";"id_domanda";"FOREIGN KEY"
"rspt_dmde_fk";"risposte";"id_modello_test";"domande";"id_modello_test_vr";"FOREIGN KEY"
"rspt_dmde_fk";"risposte";"id_modello_test";"domande";"codice_azienda";"FOREIGN KEY"
"rspt_dmde_fk";"risposte";"id_domanda";"domande";"id_modello_test";"FOREIGN KEY"
"rspt_dmde_fk";"risposte";"id_domanda";"domande";"id_domanda";"FOREIGN KEY"
"rspt_dmde_fk";"risposte";"id_domanda";"domande";"id_modello_test_vr";"FOREIGN KEY"
"rspt_dmde_fk";"risposte";"id_domanda";"domande";"codice_azienda";"FOREIGN KEY"
"rspt_dmde_fk";"risposte";"id_modello_test_vr";"domande";"id_modello_test";"FOREIGN KEY"
"rspt_dmde_fk";"risposte";"id_modello_test_vr";"domande";"id_domanda";"FOREIGN KEY"
"rspt_dmde_fk";"risposte";"id_modello_test_vr";"domande";"id_modello_test_vr";"FOREIGN KEY"
"rspt_dmde_fk";"risposte";"id_modello_test_vr";"domande";"codice_azienda";"FOREIGN KEY"
"rspt_mtvr_fk";"risposte";"id_modello_test";"modelli_test_vr";"codice_azienda";"FOREIGN KEY"
"rspt_mtvr_fk";"risposte";"id_modello_test";"modelli_test_vr";"id_modello_test_vr";"FOREIGN KEY"
"rspt_mtvr_fk";"risposte";"id_modello_test";"modelli_test_vr";"id_modello_test";"FOREIGN KEY"
"rspt_mtvr_fk";"risposte";"codice_azienda";"modelli_test_vr";"codice_azienda";"FOREIGN KEY"
"rspt_mtvr_fk";"risposte";"codice_azienda";"modelli_test_vr";"id_modello_test_vr";"FOREIGN KEY"
"rspt_mtvr_fk";"risposte";"codice_azienda";"modelli_test_vr";"id_modello_test";"FOREIGN KEY"
"rspt_mtvr_fk";"risposte";"id_modello_test_vr";"modelli_test_vr";"codice_azienda";"FOREIGN KEY"
"rspt_mtvr_fk";"risposte";"id_modello_test_vr";"modelli_test_vr";"id_modello_test_vr";"FOREIGN KEY"
"rspt_mtvr_fk";"risposte";"id_modello_test_vr";"modelli_test_vr";"id_modello_test";"FOREIGN KEY"
"rspt_rstp_fk";"risposte";"id_domanda";"risposte_previste";"codice_azienda";"FOREIGN KEY"
"rspt_rstp_fk";"risposte";"id_domanda";"risposte_previste";"id_modello_test";"FOREIGN KEY"
"rspt_rstp_fk";"risposte";"id_domanda";"risposte_previste";"id_domanda";"FOREIGN KEY"
"rspt_rstp_fk";"risposte";"id_domanda";"risposte_previste";"id_modello_test_vr";"FOREIGN KEY"
"rspt_rstp_fk";"risposte";"id_domanda";"risposte_previste";"id_risposta_prev";"FOREIGN KEY"
"rspt_rstp_fk";"risposte";"id_modello_test_vr";"risposte_previste";"codice_azienda";"FOREIGN KEY"
"rspt_rstp_fk";"risposte";"id_modello_test_vr";"risposte_previste";"id_modello_test";"FOREIGN KEY"
"rspt_rstp_fk";"risposte";"id_modello_test_vr";"risposte_previste";"id_domanda";"FOREIGN KEY"
"rspt_rstp_fk";"risposte";"id_modello_test_vr";"risposte_previste";"id_modello_test_vr";"FOREIGN KEY"
"rspt_rstp_fk";"risposte";"id_modello_test_vr";"risposte_previste";"id_risposta_prev";"FOREIGN KEY"
"rspt_rstp_fk";"risposte";"id_risposta_prev";"risposte_previste";"codice_azienda";"FOREIGN KEY"
"rspt_rstp_fk";"risposte";"id_risposta_prev";"risposte_previste";"id_modello_test";"FOREIGN KEY"
"rspt_rstp_fk";"risposte";"id_risposta_prev";"risposte_previste";"id_domanda";"FOREIGN KEY"
"rspt_rstp_fk";"risposte";"id_risposta_prev";"risposte_previste";"id_modello_test_vr";"FOREIGN KEY"
"rspt_rstp_fk";"risposte";"id_risposta_prev";"risposte_previste";"id_risposta_prev";"FOREIGN KEY"
"rspt_rstp_fk";"risposte";"id_modello_test";"risposte_previste";"codice_azienda";"FOREIGN KEY"
"rspt_rstp_fk";"risposte";"id_modello_test";"risposte_previste";"id_modello_test";"FOREIGN KEY"
"rspt_rstp_fk";"risposte";"id_modello_test";"risposte_previste";"id_domanda";"FOREIGN KEY"
"rspt_rstp_fk";"risposte";"id_modello_test";"risposte_previste";"id_modello_test_vr";"FOREIGN KEY"
"rspt_rstp_fk";"risposte";"id_modello_test";"risposte_previste";"id_risposta_prev";"FOREIGN KEY"
"rspt_rstp_fk";"risposte";"codice_azienda";"risposte_previste";"codice_azienda";"FOREIGN KEY"
"rspt_rstp_fk";"risposte";"codice_azienda";"risposte_previste";"id_modello_test";"FOREIGN KEY"
"rspt_rstp_fk";"risposte";"codice_azienda";"risposte_previste";"id_domanda";"FOREIGN KEY"
"rspt_rstp_fk";"risposte";"codice_azienda";"risposte_previste";"id_modello_test_vr";"FOREIGN KEY"
"rspt_rstp_fk";"risposte";"codice_azienda";"risposte_previste";"id_risposta_prev";"FOREIGN KEY"
"rspt_sdgs_fk";"risposte";"id_sondaggio";"sondaggi_somministrati";"id_somministrazione";"FOREIGN KEY"
"rspt_sdgs_fk";"risposte";"id_sondaggio";"sondaggi_somministrati";"codice_azienda";"FOREIGN KEY"
"rspt_sdgs_fk";"risposte";"id_sondaggio";"sondaggi_somministrati";"id_sondaggio";"FOREIGN KEY"
"rspt_sdgs_fk";"risposte";"id_somministrazione";"sondaggi_somministrati";"id_somministrazione";"FOREIGN KEY"
"rspt_sdgs_fk";"risposte";"id_somministrazione";"sondaggi_somministrati";"codice_azienda";"FOREIGN KEY"
"rspt_sdgs_fk";"risposte";"id_somministrazione";"sondaggi_somministrati";"id_sondaggio";"FOREIGN KEY"
"rspt_sdgs_fk";"risposte";"codice_azienda";"sondaggi_somministrati";"id_somministrazione";"FOREIGN KEY"
"rspt_sdgs_fk";"risposte";"codice_azienda";"sondaggi_somministrati";"codice_azienda";"FOREIGN KEY"
"rspt_sdgs_fk";"risposte";"codice_azienda";"sondaggi_somministrati";"id_sondaggio";"FOREIGN KEY"
"rspt_tsts_fk";"risposte";"id_modello_test";"modelli_test";"codice_azienda";"FOREIGN KEY"
"rspt_tsts_fk";"risposte";"id_modello_test";"modelli_test";"id_modello_test";"FOREIGN KEY"
"rspt_tsts_fk";"risposte";"codice_azienda";"modelli_test";"codice_azienda";"FOREIGN KEY"
"rspt_tsts_fk";"risposte";"codice_azienda";"modelli_test";"id_modello_test";"FOREIGN KEY"
"rstp_dmde_fk";"risposte_previste";"codice_azienda";"domande";"id_domanda";"FOREIGN KEY"
"rstp_dmde_fk";"risposte_previste";"codice_azienda";"domande";"id_modello_test_vr";"FOREIGN KEY"
"rstp_dmde_fk";"risposte_previste";"codice_azienda";"domande";"id_modello_test";"FOREIGN KEY"
"rstp_dmde_fk";"risposte_previste";"codice_azienda";"domande";"codice_azienda";"FOREIGN KEY"
"rstp_dmde_fk";"risposte_previste";"id_modello_test_vr";"domande";"id_domanda";"FOREIGN KEY"
"rstp_dmde_fk";"risposte_previste";"id_modello_test_vr";"domande";"id_modello_test_vr";"FOREIGN KEY"
"rstp_dmde_fk";"risposte_previste";"id_modello_test_vr";"domande";"id_modello_test";"FOREIGN KEY"
"rstp_dmde_fk";"risposte_previste";"id_modello_test_vr";"domande";"codice_azienda";"FOREIGN KEY"
"rstp_dmde_fk";"risposte_previste";"id_domanda";"domande";"id_domanda";"FOREIGN KEY"
"rstp_dmde_fk";"risposte_previste";"id_domanda";"domande";"id_modello_test_vr";"FOREIGN KEY"
"rstp_dmde_fk";"risposte_previste";"id_domanda";"domande";"id_modello_test";"FOREIGN KEY"
"rstp_dmde_fk";"risposte_previste";"id_domanda";"domande";"codice_azienda";"FOREIGN KEY"
"rstp_dmde_fk";"risposte_previste";"id_modello_test";"domande";"id_domanda";"FOREIGN KEY"
"rstp_dmde_fk";"risposte_previste";"id_modello_test";"domande";"id_modello_test_vr";"FOREIGN KEY"
"rstp_dmde_fk";"risposte_previste";"id_modello_test";"domande";"id_modello_test";"FOREIGN KEY"
"rstp_dmde_fk";"risposte_previste";"id_modello_test";"domande";"codice_azienda";"FOREIGN KEY"
"rstp_tprp_fk";"risposte_previste";"codice_tipo_risposta";"tipi_risposte_previste";"codice_azienda";"FOREIGN KEY"
"rstp_tprp_fk";"risposte_previste";"codice_tipo_risposta";"tipi_risposte_previste";"codice_tipo_risposta";"FOREIGN KEY"
"rstp_tprp_fk";"risposte_previste";"codice_azienda";"tipi_risposte_previste";"codice_azienda";"FOREIGN KEY"
"rstp_tprp_fk";"risposte_previste";"codice_azienda";"tipi_risposte_previste";"codice_tipo_risposta";"FOREIGN KEY"
"rtmt_azie_fk";"redditometro";"codice_azienda";"aziende";"codice_azienda";"FOREIGN KEY"
"rtpr_docu_rett_fk";"rettifiche_pro_rata";"codice_azienda";"documenti";"codice_azienda";"FOREIGN KEY"
"rtpr_docu_rett_fk";"rettifiche_pro_rata";"codice_azienda";"documenti";"id_documento";"FOREIGN KEY"
"rtpr_docu_rett_fk";"rettifiche_pro_rata";"id_documento_rettifica";"documenti";"codice_azienda";"FOREIGN KEY"
"rtpr_docu_rett_fk";"rettifiche_pro_rata";"id_documento_rettifica";"documenti";"id_documento";"FOREIGN KEY"
"rtpr_docu_st_fk";"rettifiche_pro_rata";"id_documento_storno";"documenti";"id_documento";"FOREIGN KEY"
"rtpr_docu_st_fk";"rettifiche_pro_rata";"id_documento_storno";"documenti";"codice_azienda";"FOREIGN KEY"
"rtpr_docu_st_fk";"rettifiche_pro_rata";"codice_azienda";"documenti";"id_documento";"FOREIGN KEY"
"rtpr_docu_st_fk";"rettifiche_pro_rata";"codice_azienda";"documenti";"codice_azienda";"FOREIGN KEY"
"rtpr_rdoc_fk";"rettifiche_pro_rata";"id_riga_documento";"righe_documento";"id_riga_documento";"FOREIGN KEY"
"rtpr_rdoc_fk";"rettifiche_pro_rata";"id_riga_documento";"righe_documento";"codice_azienda";"FOREIGN KEY"
"rtpr_rdoc_fk";"rettifiche_pro_rata";"id_riga_documento";"righe_documento";"id_documento";"FOREIGN KEY"
"rtpr_rdoc_fk";"rettifiche_pro_rata";"codice_azienda";"righe_documento";"id_riga_documento";"FOREIGN KEY"
"rtpr_rdoc_fk";"rettifiche_pro_rata";"codice_azienda";"righe_documento";"codice_azienda";"FOREIGN KEY"
"rtpr_rdoc_fk";"rettifiche_pro_rata";"codice_azienda";"righe_documento";"id_documento";"FOREIGN KEY"
"rtpr_rdoc_fk";"rettifiche_pro_rata";"id_documento";"righe_documento";"id_riga_documento";"FOREIGN KEY"
"rtpr_rdoc_fk";"rettifiche_pro_rata";"id_documento";"righe_documento";"codice_azienda";"FOREIGN KEY"
"rtpr_rdoc_fk";"rettifiche_pro_rata";"id_documento";"righe_documento";"id_documento";"FOREIGN KEY"
"rtpr_rdoc_rett_fk";"rettifiche_pro_rata";"id_documento_rettifica";"righe_documento";"id_riga_documento";"FOREIGN KEY"
"rtpr_rdoc_rett_fk";"rettifiche_pro_rata";"id_documento_rettifica";"righe_documento";"codice_azienda";"FOREIGN KEY"
"rtpr_rdoc_rett_fk";"rettifiche_pro_rata";"id_documento_rettifica";"righe_documento";"id_documento";"FOREIGN KEY"
"rtpr_rdoc_rett_fk";"rettifiche_pro_rata";"codice_azienda";"righe_documento";"id_riga_documento";"FOREIGN KEY"
"rtpr_rdoc_rett_fk";"rettifiche_pro_rata";"codice_azienda";"righe_documento";"codice_azienda";"FOREIGN KEY"
"rtpr_rdoc_rett_fk";"rettifiche_pro_rata";"codice_azienda";"righe_documento";"id_documento";"FOREIGN KEY"
"rtpr_rdoc_rett_fk";"rettifiche_pro_rata";"id_riga_documento_rettifica";"righe_documento";"id_riga_documento";"FOREIGN KEY"
"rtpr_rdoc_rett_fk";"rettifiche_pro_rata";"id_riga_documento_rettifica";"righe_documento";"codice_azienda";"FOREIGN KEY"
"rtpr_rdoc_rett_fk";"rettifiche_pro_rata";"id_riga_documento_rettifica";"righe_documento";"id_documento";"FOREIGN KEY"
"rtpr_rdoc_st_fk";"rettifiche_pro_rata";"id_documento_storno";"righe_documento";"id_riga_documento";"FOREIGN KEY"
"rtpr_rdoc_st_fk";"rettifiche_pro_rata";"id_documento_storno";"righe_documento";"id_documento";"FOREIGN KEY"
"rtpr_rdoc_st_fk";"rettifiche_pro_rata";"id_documento_storno";"righe_documento";"codice_azienda";"FOREIGN KEY"
"rtpr_rdoc_st_fk";"rettifiche_pro_rata";"codice_azienda";"righe_documento";"id_riga_documento";"FOREIGN KEY"
"rtpr_rdoc_st_fk";"rettifiche_pro_rata";"codice_azienda";"righe_documento";"id_documento";"FOREIGN KEY"
"rtpr_rdoc_st_fk";"rettifiche_pro_rata";"codice_azienda";"righe_documento";"codice_azienda";"FOREIGN KEY"
"rtpr_rdoc_st_fk";"rettifiche_pro_rata";"id_riga_documento_storno";"righe_documento";"id_riga_documento";"FOREIGN KEY"
"rtpr_rdoc_st_fk";"rettifiche_pro_rata";"id_riga_documento_storno";"righe_documento";"id_documento";"FOREIGN KEY"
"rtpr_rdoc_st_fk";"rettifiche_pro_rata";"id_riga_documento_storno";"righe_documento";"codice_azienda";"FOREIGN KEY"
"rtpt_agmt_fk";"rischi_argomenti";"id_argomento";"argomenti";"id_argomento";"FOREIGN KEY"
"rtpt_rsch_fk";"rischi_argomenti";"codice_rischio";"rischi";"codice_azienda";"FOREIGN KEY"
"rtpt_rsch_fk";"rischi_argomenti";"codice_rischio";"rischi";"codice_rischio";"FOREIGN KEY"
"rtpt_rsch_fk";"rischi_argomenti";"codice_azienda";"rischi";"codice_azienda";"FOREIGN KEY"
"rtpt_rsch_fk";"rischi_argomenti";"codice_azienda";"rischi";"codice_rischio";"FOREIGN KEY"
"ruim_anrs_fk";"agenda";"id_risorsa";"anagrafiche_id";"codice_part";"FOREIGN KEY"
"ruim_anrs_fk";"agenda";"id_risorsa";"anagrafiche_id";"id_anagrafica";"FOREIGN KEY"
"ruim_anrs_fk";"agenda";"codice_part";"anagrafiche_id";"codice_part";"FOREIGN KEY"
"ruim_anrs_fk";"agenda";"codice_part";"anagrafiche_id";"id_anagrafica";"FOREIGN KEY"
"ruim_anvr_dest_fk";"agenda";"id_luogo_intervento";"anagrafiche_vr";"prog_vr";"FOREIGN KEY"
"ruim_anvr_dest_fk";"agenda";"id_luogo_intervento";"anagrafiche_vr";"codice_part";"FOREIGN KEY"
"ruim_anvr_dest_fk";"agenda";"id_luogo_intervento";"anagrafiche_vr";"id_anagrafica";"FOREIGN KEY"
"ruim_anvr_dest_fk";"agenda";"codice_part";"anagrafiche_vr";"prog_vr";"FOREIGN KEY"
"ruim_anvr_dest_fk";"agenda";"codice_part";"anagrafiche_vr";"codice_part";"FOREIGN KEY"
"ruim_anvr_dest_fk";"agenda";"codice_part";"anagrafiche_vr";"id_anagrafica";"FOREIGN KEY"
"ruim_anvr_dest_fk";"agenda";"prog_vr_luogo";"anagrafiche_vr";"prog_vr";"FOREIGN KEY"
"ruim_anvr_dest_fk";"agenda";"prog_vr_luogo";"anagrafiche_vr";"codice_part";"FOREIGN KEY"
"ruim_anvr_dest_fk";"agenda";"prog_vr_luogo";"anagrafiche_vr";"id_anagrafica";"FOREIGN KEY"
"ruim_anvr_fk";"agenda";"id_cliente";"anagrafiche_vr";"id_anagrafica";"FOREIGN KEY"
"ruim_anvr_fk";"agenda";"id_cliente";"anagrafiche_vr";"codice_part";"FOREIGN KEY"
"ruim_anvr_fk";"agenda";"id_cliente";"anagrafiche_vr";"prog_vr";"FOREIGN KEY"
"ruim_anvr_fk";"agenda";"codice_part";"anagrafiche_vr";"id_anagrafica";"FOREIGN KEY"
"ruim_anvr_fk";"agenda";"codice_part";"anagrafiche_vr";"codice_part";"FOREIGN KEY"
"ruim_anvr_fk";"agenda";"codice_part";"anagrafiche_vr";"prog_vr";"FOREIGN KEY"
"ruim_anvr_fk";"agenda";"prog_vr_cli";"anagrafiche_vr";"id_anagrafica";"FOREIGN KEY"
"ruim_anvr_fk";"agenda";"prog_vr_cli";"anagrafiche_vr";"codice_part";"FOREIGN KEY"
"ruim_anvr_fk";"agenda";"prog_vr_cli";"anagrafiche_vr";"prog_vr";"FOREIGN KEY"
"ruim_atre_fk";"agenda";"codice_azienda";"attrezzature";"id_attrezzatura";"FOREIGN KEY"
"ruim_atre_fk";"agenda";"codice_azienda";"attrezzature";"codice_azienda";"FOREIGN KEY"
"ruim_atre_fk";"agenda";"id_attrezzatura";"attrezzature";"id_attrezzatura";"FOREIGN KEY"
"ruim_atre_fk";"agenda";"id_attrezzatura";"attrezzature";"codice_azienda";"FOREIGN KEY"
"ruim_mezz_fk";"agenda";"targa_mezzo";"mezzi";"codice_azienda";"FOREIGN KEY"
"ruim_mezz_fk";"agenda";"targa_mezzo";"mezzi";"targa_mezzo";"FOREIGN KEY"
"ruim_mezz_fk";"agenda";"codice_azienda";"mezzi";"codice_azienda";"FOREIGN KEY"
"ruim_mezz_fk";"agenda";"codice_azienda";"mezzi";"targa_mezzo";"FOREIGN KEY"
"ruim_ocat_fk";"agenda";"numero_ordine";"ordini_clienti_attivita";"codice_azienda";"FOREIGN KEY"
"ruim_ocat_fk";"agenda";"numero_ordine";"ordini_clienti_attivita";"prog_attivita_ordine";"FOREIGN KEY"
"ruim_ocat_fk";"agenda";"numero_ordine";"ordini_clienti_attivita";"numero_ordine";"FOREIGN KEY"
"ruim_ocat_fk";"agenda";"codice_azienda";"ordini_clienti_attivita";"codice_azienda";"FOREIGN KEY"
"ruim_ocat_fk";"agenda";"codice_azienda";"ordini_clienti_attivita";"prog_attivita_ordine";"FOREIGN KEY"
"ruim_ocat_fk";"agenda";"codice_azienda";"ordini_clienti_attivita";"numero_ordine";"FOREIGN KEY"
"ruim_ocat_fk";"agenda";"prog_attivita_ordine";"ordini_clienti_attivita";"codice_azienda";"FOREIGN KEY"
"ruim_ocat_fk";"agenda";"prog_attivita_ordine";"ordini_clienti_attivita";"prog_attivita_ordine";"FOREIGN KEY"
"ruim_ocat_fk";"agenda";"prog_attivita_ordine";"ordini_clienti_attivita";"numero_ordine";"FOREIGN KEY"
"ruim_timp_fk";"agenda";"codice_impegno";"tipi_impegno";"codice_azienda";"FOREIGN KEY"
"ruim_timp_fk";"agenda";"codice_impegno";"tipi_impegno";"codice_impegno";"FOREIGN KEY"
"ruim_timp_fk";"agenda";"codice_azienda";"tipi_impegno";"codice_azienda";"FOREIGN KEY"
"ruim_timp_fk";"agenda";"codice_azienda";"tipi_impegno";"codice_impegno";"FOREIGN KEY"
"sacg_cege_fk";"sedi_azienda_cg";"codice_part";"centri_gestionali";"id_centro_gest";"FOREIGN KEY"
"sacg_cege_fk";"sedi_azienda_cg";"codice_part";"centri_gestionali";"codice_part";"FOREIGN KEY"
"sacg_cege_fk";"sedi_azienda_cg";"id_centro_gest";"centri_gestionali";"id_centro_gest";"FOREIGN KEY"
"sacg_cege_fk";"sedi_azienda_cg";"id_centro_gest";"centri_gestionali";"codice_part";"FOREIGN KEY"
"sacg_seaz_fk";"sedi_azienda_cg";"codice_azienda";"sedi_azienda";"codice_sede";"FOREIGN KEY"
"sacg_seaz_fk";"sedi_azienda_cg";"codice_azienda";"sedi_azienda";"codice_azienda";"FOREIGN KEY"
"sacg_seaz_fk";"sedi_azienda_cg";"codice_sede";"sedi_azienda";"codice_sede";"FOREIGN KEY"
"sacg_seaz_fk";"sedi_azienda_cg";"codice_sede";"sedi_azienda";"codice_azienda";"FOREIGN KEY"
"sblr_sblr_fk";"stampe_bilancio_righe";"id_sb";"stampe_bilancio_righe";"id_sb";"FOREIGN KEY"
"sblr_sblr_fk";"stampe_bilancio_righe";"id_sb";"stampe_bilancio_righe";"tree_path";"FOREIGN KEY"
"sblr_sblr_fk";"stampe_bilancio_righe";"id_sb";"stampe_bilancio_righe";"codice_azienda";"FOREIGN KEY"
"sblr_sblr_fk";"stampe_bilancio_righe";"tree_path_parent";"stampe_bilancio_righe";"id_sb";"FOREIGN KEY"
"sblr_sblr_fk";"stampe_bilancio_righe";"tree_path_parent";"stampe_bilancio_righe";"tree_path";"FOREIGN KEY"
"sblr_sblr_fk";"stampe_bilancio_righe";"tree_path_parent";"stampe_bilancio_righe";"codice_azienda";"FOREIGN KEY"
"sblr_sblr_fk";"stampe_bilancio_righe";"codice_azienda";"stampe_bilancio_righe";"id_sb";"FOREIGN KEY"
"sblr_sblr_fk";"stampe_bilancio_righe";"codice_azienda";"stampe_bilancio_righe";"tree_path";"FOREIGN KEY"
"sblr_sblr_fk";"stampe_bilancio_righe";"codice_azienda";"stampe_bilancio_righe";"codice_azienda";"FOREIGN KEY"
"sblr_stbi_fk";"stampe_bilancio_righe";"codice_azienda";"stampe_bilancio";"id_sb";"FOREIGN KEY"
"sblr_stbi_fk";"stampe_bilancio_righe";"codice_azienda";"stampe_bilancio";"codice_azienda";"FOREIGN KEY"
"sblr_stbi_fk";"stampe_bilancio_righe";"id_sb";"stampe_bilancio";"id_sb";"FOREIGN KEY"
"sblr_stbi_fk";"stampe_bilancio_righe";"id_sb";"stampe_bilancio";"codice_azienda";"FOREIGN KEY"
"sbvm_ctco_fk";"stampe_bilancio_val_mag";"codice_cat_comm";"categorie_commerciali";"codice_azienda";"FOREIGN KEY"
"sbvm_ctco_fk";"stampe_bilancio_val_mag";"codice_cat_comm";"categorie_commerciali";"codice_cat_comm";"FOREIGN KEY"
"sbvm_ctco_fk";"stampe_bilancio_val_mag";"codice_azienda";"categorie_commerciali";"codice_azienda";"FOREIGN KEY"
"sbvm_ctco_fk";"stampe_bilancio_val_mag";"codice_azienda";"categorie_commerciali";"codice_cat_comm";"FOREIGN KEY"
"sbvm_stbi_fk";"stampe_bilancio_val_mag";"id_sb";"stampe_bilancio";"codice_azienda";"FOREIGN KEY"
"sbvm_stbi_fk";"stampe_bilancio_val_mag";"id_sb";"stampe_bilancio";"id_sb";"FOREIGN KEY"
"sbvm_stbi_fk";"stampe_bilancio_val_mag";"codice_azienda";"stampe_bilancio";"codice_azienda";"FOREIGN KEY"
"sbvm_stbi_fk";"stampe_bilancio_val_mag";"codice_azienda";"stampe_bilancio";"id_sb";"FOREIGN KEY"
"sccc_ancl_fk";"sconti_cat_comm_cli";"id_cliente";"anagrafiche_id";"codice_part";"FOREIGN KEY"
"sccc_ancl_fk";"sconti_cat_comm_cli";"id_cliente";"anagrafiche_id";"id_anagrafica";"FOREIGN KEY"
"sccc_ancl_fk";"sconti_cat_comm_cli";"codice_part";"anagrafiche_id";"codice_part";"FOREIGN KEY"
"sccc_ancl_fk";"sconti_cat_comm_cli";"codice_part";"anagrafiche_id";"id_anagrafica";"FOREIGN KEY"
"sccc_caco_fk";"sconti_cat_comm_cli";"codice_azienda";"categorie_commerciali";"codice_azienda";"FOREIGN KEY"
"sccc_caco_fk";"sconti_cat_comm_cli";"codice_azienda";"categorie_commerciali";"codice_cat_comm";"FOREIGN KEY"
"sccc_caco_fk";"sconti_cat_comm_cli";"codice_cat_comm";"categorie_commerciali";"codice_azienda";"FOREIGN KEY"
"sccc_caco_fk";"sconti_cat_comm_cli";"codice_cat_comm";"categorie_commerciali";"codice_cat_comm";"FOREIGN KEY"
"scco_cntr_fk";"servizi_comprati_contratti";"codice_azienda";"contratti";"codice_azienda";"FOREIGN KEY"
"scco_cntr_fk";"servizi_comprati_contratti";"codice_azienda";"contratti";"id_contratto";"FOREIGN KEY"
"scco_cntr_fk";"servizi_comprati_contratti";"id_contratto";"contratti";"codice_azienda";"FOREIGN KEY"
"scco_cntr_fk";"servizi_comprati_contratti";"id_contratto";"contratti";"id_contratto";"FOREIGN KEY"
"scco_lige_fk";"servizi_comprati_contratti";"codice_azienda";"listini_generali";"codice_azienda";"FOREIGN KEY"
"scco_lige_fk";"servizi_comprati_contratti";"codice_azienda";"listini_generali";"codice_listino";"FOREIGN KEY"
"scco_lige_fk";"servizi_comprati_contratti";"codice_listino";"listini_generali";"codice_azienda";"FOREIGN KEY"
"scco_lige_fk";"servizi_comprati_contratti";"codice_listino";"listini_generali";"codice_listino";"FOREIGN KEY"
"scco_srva_fk";"servizi_comprati_contratti";"codice_part";"servizi_comprati";"id_servizio_comp";"FOREIGN KEY"
"scco_srva_fk";"servizi_comprati_contratti";"codice_part";"servizi_comprati";"codice_part";"FOREIGN KEY"
"scco_srva_fk";"servizi_comprati_contratti";"id_servizio_comp";"servizi_comprati";"id_servizio_comp";"FOREIGN KEY"
"scco_srva_fk";"servizi_comprati_contratti";"id_servizio_comp";"servizi_comprati";"codice_part";"FOREIGN KEY"
"scfa_alqt_fk";"spesometro_2012_cfg_aliquote";"codice_part";"aliquote";"codice_aliquota";"FOREIGN KEY"
"scfa_alqt_fk";"spesometro_2012_cfg_aliquote";"codice_part";"aliquote";"codice_part";"FOREIGN KEY"
"scfa_alqt_fk";"spesometro_2012_cfg_aliquote";"codice_aliquota";"aliquote";"codice_aliquota";"FOREIGN KEY"
"scfa_alqt_fk";"spesometro_2012_cfg_aliquote";"codice_aliquota";"aliquote";"codice_part";"FOREIGN KEY"
"scfa_spmt_fk";"spesometro_2012_cfg_aliquote";"id_spesometro";"spesometro_2012";"id_spesometro";"FOREIGN KEY"
"scfa_spmt_fk";"spesometro_2012_cfg_aliquote";"id_spesometro";"spesometro_2012";"codice_azienda";"FOREIGN KEY"
"scfa_spmt_fk";"spesometro_2012_cfg_aliquote";"codice_azienda";"spesometro_2012";"id_spesometro";"FOREIGN KEY"
"scfa_spmt_fk";"spesometro_2012_cfg_aliquote";"codice_azienda";"spesometro_2012";"codice_azienda";"FOREIGN KEY"
"scfc_ancl_fk";"sconti_forn_cli";"id_cliente";"anagrafiche_cli";"codice_azienda";"FOREIGN KEY"
"scfc_ancl_fk";"sconti_forn_cli";"id_cliente";"anagrafiche_cli";"id_anagrafica";"FOREIGN KEY"
"scfc_ancl_fk";"sconti_forn_cli";"codice_azienda";"anagrafiche_cli";"codice_azienda";"FOREIGN KEY"
"scfc_ancl_fk";"sconti_forn_cli";"codice_azienda";"anagrafiche_cli";"id_anagrafica";"FOREIGN KEY"
"scfc_anfr_fk";"sconti_forn_cli";"codice_azienda";"anagrafiche_for";"codice_azienda";"FOREIGN KEY"
"scfc_anfr_fk";"sconti_forn_cli";"codice_azienda";"anagrafiche_for";"id_anagrafica";"FOREIGN KEY"
"scfc_anfr_fk";"sconti_forn_cli";"id_fornitore";"anagrafiche_for";"codice_azienda";"FOREIGN KEY"
"scfc_anfr_fk";"sconti_forn_cli";"id_fornitore";"anagrafiche_for";"id_anagrafica";"FOREIGN KEY"
"scfc_ctco_fk";"sconti_forn_cli";"codice_cat_comm";"categorie_commerciali";"codice_azienda";"FOREIGN KEY"
"scfc_ctco_fk";"sconti_forn_cli";"codice_cat_comm";"categorie_commerciali";"codice_cat_comm";"FOREIGN KEY"
"scfc_ctco_fk";"sconti_forn_cli";"codice_azienda";"categorie_commerciali";"codice_azienda";"FOREIGN KEY"
"scfc_ctco_fk";"sconti_forn_cli";"codice_azienda";"categorie_commerciali";"codice_cat_comm";"FOREIGN KEY"
"scfc_vari_fk";"sconti_forn_cli";"id_articolo";"articoli_varianti";"id_articolo";"FOREIGN KEY"
"scfc_vari_fk";"sconti_forn_cli";"id_articolo";"articoli_varianti";"codice_variante";"FOREIGN KEY"
"scfc_vari_fk";"sconti_forn_cli";"id_articolo";"articoli_varianti";"codice_azienda";"FOREIGN KEY"
"scfc_vari_fk";"sconti_forn_cli";"codice_azienda";"articoli_varianti";"id_articolo";"FOREIGN KEY"
"scfc_vari_fk";"sconti_forn_cli";"codice_azienda";"articoli_varianti";"codice_variante";"FOREIGN KEY"
"scfc_vari_fk";"sconti_forn_cli";"codice_azienda";"articoli_varianti";"codice_azienda";"FOREIGN KEY"
"scfc_vari_fk";"sconti_forn_cli";"codice_variante";"articoli_varianti";"id_articolo";"FOREIGN KEY"
"scfc_vari_fk";"sconti_forn_cli";"codice_variante";"articoli_varianti";"codice_variante";"FOREIGN KEY"
"scfc_vari_fk";"sconti_forn_cli";"codice_variante";"articoli_varianti";"codice_azienda";"FOREIGN KEY"
"scnr_alqt_fk";"scontrini_righe";"codice_part";"aliquote";"codice_aliquota";"FOREIGN KEY"
"scnr_alqt_fk";"scontrini_righe";"codice_part";"aliquote";"codice_part";"FOREIGN KEY"
"scnr_alqt_fk";"scontrini_righe";"codice_aliquota_iva";"aliquote";"codice_aliquota";"FOREIGN KEY"
"scnr_alqt_fk";"scontrini_righe";"codice_aliquota_iva";"aliquote";"codice_part";"FOREIGN KEY"
"scnr_scon_fk";"scontrini_righe";"progressivo";"scontrini";"codice_azienda";"FOREIGN KEY"
"scnr_scon_fk";"scontrini_righe";"progressivo";"scontrini";"progressivo";"FOREIGN KEY"
"scnr_scon_fk";"scontrini_righe";"codice_azienda";"scontrini";"codice_azienda";"FOREIGN KEY"
"scnr_scon_fk";"scontrini_righe";"codice_azienda";"scontrini";"progressivo";"FOREIGN KEY"
"scnr_soco_fk";"scontrini_righe";"id_sottoconto";"sottoconti";"id_sottoconto";"FOREIGN KEY"
"scnr_soco_fk";"scontrini_righe";"id_sottoconto";"sottoconti";"id_pdc";"FOREIGN KEY"
"scnr_soco_fk";"scontrini_righe";"id_sottoconto";"sottoconti";"codice_template_fiscale";"FOREIGN KEY"
"scnr_soco_fk";"scontrini_righe";"id_sottoconto";"sottoconti";"codice_part";"FOREIGN KEY"
"scnr_soco_fk";"scontrini_righe";"codice_template_fiscale";"sottoconti";"id_sottoconto";"FOREIGN KEY"
"scnr_soco_fk";"scontrini_righe";"codice_template_fiscale";"sottoconti";"id_pdc";"FOREIGN KEY"
"scnr_soco_fk";"scontrini_righe";"codice_template_fiscale";"sottoconti";"codice_template_fiscale";"FOREIGN KEY"
"scnr_soco_fk";"scontrini_righe";"codice_template_fiscale";"sottoconti";"codice_part";"FOREIGN KEY"
"scnr_soco_fk";"scontrini_righe";"id_pdc";"sottoconti";"id_sottoconto";"FOREIGN KEY"
"scnr_soco_fk";"scontrini_righe";"id_pdc";"sottoconti";"id_pdc";"FOREIGN KEY"
"scnr_soco_fk";"scontrini_righe";"id_pdc";"sottoconti";"codice_template_fiscale";"FOREIGN KEY"
"scnr_soco_fk";"scontrini_righe";"id_pdc";"sottoconti";"codice_part";"FOREIGN KEY"
"scnr_soco_fk";"scontrini_righe";"codice_part";"sottoconti";"id_sottoconto";"FOREIGN KEY"
"scnr_soco_fk";"scontrini_righe";"codice_part";"sottoconti";"id_pdc";"FOREIGN KEY"
"scnr_soco_fk";"scontrini_righe";"codice_part";"sottoconti";"codice_template_fiscale";"FOREIGN KEY"
"scnr_soco_fk";"scontrini_righe";"codice_part";"sottoconti";"codice_part";"FOREIGN KEY"
"scnr_vari_fk";"scontrini_righe";"id_articolo";"articoli_varianti";"id_articolo";"FOREIGN KEY"
"scnr_vari_fk";"scontrini_righe";"id_articolo";"articoli_varianti";"codice_azienda";"FOREIGN KEY"
"scnr_vari_fk";"scontrini_righe";"id_articolo";"articoli_varianti";"codice_variante";"FOREIGN KEY"
"scnr_vari_fk";"scontrini_righe";"codice_variante";"articoli_varianti";"id_articolo";"FOREIGN KEY"
"scnr_vari_fk";"scontrini_righe";"codice_variante";"articoli_varianti";"codice_azienda";"FOREIGN KEY"
"scnr_vari_fk";"scontrini_righe";"codice_variante";"articoli_varianti";"codice_variante";"FOREIGN KEY"
"scnr_vari_fk";"scontrini_righe";"codice_azienda";"articoli_varianti";"id_articolo";"FOREIGN KEY"
"scnr_vari_fk";"scontrini_righe";"codice_azienda";"articoli_varianti";"codice_azienda";"FOREIGN KEY"
"scnr_vari_fk";"scontrini_righe";"codice_azienda";"articoli_varianti";"codice_variante";"FOREIGN KEY"
"scon_ancl_fk";"scontrini";"codice_part";"anagrafiche_id";"id_anagrafica";"FOREIGN KEY"
"scon_ancl_fk";"scontrini";"codice_part";"anagrafiche_id";"codice_part";"FOREIGN KEY"
"scon_ancl_fk";"scontrini";"id_cliente";"anagrafiche_id";"id_anagrafica";"FOREIGN KEY"
"scon_ancl_fk";"scontrini";"id_cliente";"anagrafiche_id";"codice_part";"FOREIGN KEY"
"scon_docu_fk";"scontrini";"id_documento";"documenti";"codice_azienda";"FOREIGN KEY"
"scon_docu_fk";"scontrini";"id_documento";"documenti";"id_documento";"FOREIGN KEY"
"scon_docu_fk";"scontrini";"codice_azienda";"documenti";"codice_azienda";"FOREIGN KEY"
"scon_docu_fk";"scontrini";"codice_azienda";"documenti";"id_documento";"FOREIGN KEY"
"scon_maga_fk";"scontrini";"codice_azienda";"magazzini";"codice_azienda";"FOREIGN KEY"
"scon_maga_fk";"scontrini";"codice_azienda";"magazzini";"codice_magazzino";"FOREIGN KEY"
"scon_maga_fk";"scontrini";"codice_magazzino";"magazzini";"codice_azienda";"FOREIGN KEY"
"scon_maga_fk";"scontrini";"codice_magazzino";"magazzini";"codice_magazzino";"FOREIGN KEY"
"scon_orcl_fk";"scontrini";"numero_ordine";"ordini_clienti";"codice_azienda";"FOREIGN KEY"
"scon_orcl_fk";"scontrini";"numero_ordine";"ordini_clienti";"numero_ordine";"FOREIGN KEY"
"scon_orcl_fk";"scontrini";"codice_azienda";"ordini_clienti";"codice_azienda";"FOREIGN KEY"
"scon_orcl_fk";"scontrini";"codice_azienda";"ordini_clienti";"numero_ordine";"FOREIGN KEY"
"scon_paga_fk";"scontrini";"codice_azienda";"condizioni_pagamento";"id_condizione_pagamento";"FOREIGN KEY"
"scon_paga_fk";"scontrini";"codice_azienda";"condizioni_pagamento";"codice_azienda";"FOREIGN KEY"
"scon_paga_fk";"scontrini";"id_cond_pag";"condizioni_pagamento";"id_condizione_pagamento";"FOREIGN KEY"
"scon_paga_fk";"scontrini";"id_cond_pag";"condizioni_pagamento";"codice_azienda";"FOREIGN KEY"
"scon_regc_fk";"scontrini";"id_cassa";"registratori_cassa";"codice_azienda";"FOREIGN KEY"
"scon_regc_fk";"scontrini";"id_cassa";"registratori_cassa";"id_cassa";"FOREIGN KEY"
"scon_regc_fk";"scontrini";"codice_azienda";"registratori_cassa";"codice_azienda";"FOREIGN KEY"
"scon_regc_fk";"scontrini";"codice_azienda";"registratori_cassa";"id_cassa";"FOREIGN KEY"
"scor_anfr_fk";"scorte_minime";"id_fornitore";"anagrafiche_id";"codice_part";"FOREIGN KEY"
"scor_anfr_fk";"scorte_minime";"id_fornitore";"anagrafiche_id";"id_anagrafica";"FOREIGN KEY"
"scor_anfr_fk";"scorte_minime";"codice_part";"anagrafiche_id";"codice_part";"FOREIGN KEY"
"scor_anfr_fk";"scorte_minime";"codice_part";"anagrafiche_id";"id_anagrafica";"FOREIGN KEY"
"scor_maga_fk";"scorte_minime";"codice_azienda";"magazzini";"codice_magazzino";"FOREIGN KEY"
"scor_maga_fk";"scorte_minime";"codice_azienda";"magazzini";"codice_azienda";"FOREIGN KEY"
"scor_maga_fk";"scorte_minime";"codice_magazzino";"magazzini";"codice_magazzino";"FOREIGN KEY"
"scor_maga_fk";"scorte_minime";"codice_magazzino";"magazzini";"codice_azienda";"FOREIGN KEY"
"scor_vari_fk";"scorte_minime";"codice_variante";"articoli_varianti";"codice_azienda";"FOREIGN KEY"
"scor_vari_fk";"scorte_minime";"codice_variante";"articoli_varianti";"id_articolo";"FOREIGN KEY"
"scor_vari_fk";"scorte_minime";"codice_variante";"articoli_varianti";"codice_variante";"FOREIGN KEY"
"scor_vari_fk";"scorte_minime";"codice_azienda";"articoli_varianti";"codice_azienda";"FOREIGN KEY"
"scor_vari_fk";"scorte_minime";"codice_azienda";"articoli_varianti";"id_articolo";"FOREIGN KEY"
"scor_vari_fk";"scorte_minime";"codice_azienda";"articoli_varianti";"codice_variante";"FOREIGN KEY"
"scor_vari_fk";"scorte_minime";"id_articolo";"articoli_varianti";"codice_azienda";"FOREIGN KEY"
"scor_vari_fk";"scorte_minime";"id_articolo";"articoli_varianti";"id_articolo";"FOREIGN KEY"
"scor_vari_fk";"scorte_minime";"id_articolo";"articoli_varianti";"codice_variante";"FOREIGN KEY"
"scos_sedi_fk";"sottoconti_sedi";"codice_sede";"sedi";"codice_part";"FOREIGN KEY"
"scos_sedi_fk";"sottoconti_sedi";"codice_sede";"sedi";"codice_sede";"FOREIGN KEY"
"scos_sedi_fk";"sottoconti_sedi";"codice_part";"sedi";"codice_part";"FOREIGN KEY"
"scos_sedi_fk";"sottoconti_sedi";"codice_part";"sedi";"codice_sede";"FOREIGN KEY"
"scos_soco_fk";"sottoconti_sedi";"id_pdc";"sottoconti";"id_pdc";"FOREIGN KEY"
"scos_soco_fk";"sottoconti_sedi";"id_pdc";"sottoconti";"codice_part";"FOREIGN KEY"
"scos_soco_fk";"sottoconti_sedi";"id_pdc";"sottoconti";"codice_template_fiscale";"FOREIGN KEY"
"scos_soco_fk";"sottoconti_sedi";"id_pdc";"sottoconti";"id_sottoconto";"FOREIGN KEY"
"scos_soco_fk";"sottoconti_sedi";"codice_template_fiscale";"sottoconti";"id_pdc";"FOREIGN KEY"
"scos_soco_fk";"sottoconti_sedi";"codice_template_fiscale";"sottoconti";"codice_part";"FOREIGN KEY"
"scos_soco_fk";"sottoconti_sedi";"codice_template_fiscale";"sottoconti";"codice_template_fiscale";"FOREIGN KEY"
"scos_soco_fk";"sottoconti_sedi";"codice_template_fiscale";"sottoconti";"id_sottoconto";"FOREIGN KEY"
"scos_soco_fk";"sottoconti_sedi";"codice_part";"sottoconti";"id_pdc";"FOREIGN KEY"
"scos_soco_fk";"sottoconti_sedi";"codice_part";"sottoconti";"codice_part";"FOREIGN KEY"
"scos_soco_fk";"sottoconti_sedi";"codice_part";"sottoconti";"codice_template_fiscale";"FOREIGN KEY"
"scos_soco_fk";"sottoconti_sedi";"codice_part";"sottoconti";"id_sottoconto";"FOREIGN KEY"
"scos_soco_fk";"sottoconti_sedi";"id_sottoconto";"sottoconti";"id_pdc";"FOREIGN KEY"
"scos_soco_fk";"sottoconti_sedi";"id_sottoconto";"sottoconti";"codice_part";"FOREIGN KEY"
"scos_soco_fk";"sottoconti_sedi";"id_sottoconto";"sottoconti";"codice_template_fiscale";"FOREIGN KEY"
"scos_soco_fk";"sottoconti_sedi";"id_sottoconto";"sottoconti";"id_sottoconto";"FOREIGN KEY"
"scpv_tscp_fk";"scale_provvigioni";"id_tipo_scala_provv";"tipo_scale_provvigioni";"codice_azienda";"FOREIGN KEY"
"scpv_tscp_fk";"scale_provvigioni";"id_tipo_scala_provv";"tipo_scale_provvigioni";"id_tipo_scala_provv";"FOREIGN KEY"
"scpv_tscp_fk";"scale_provvigioni";"codice_azienda";"tipo_scale_provvigioni";"codice_azienda";"FOREIGN KEY"
"scpv_tscp_fk";"scale_provvigioni";"codice_azienda";"tipo_scale_provvigioni";"id_tipo_scala_provv";"FOREIGN KEY"
"scra_ceat_fk";"sottoconti_ra";"codice_azienda";"centri_attivita";"id_centro_attivita";"FOREIGN KEY"
"scra_ceat_fk";"sottoconti_ra";"codice_azienda";"centri_attivita";"codice_azienda";"FOREIGN KEY"
"scra_ceat_fk";"sottoconti_ra";"id_centro_attivita";"centri_attivita";"id_centro_attivita";"FOREIGN KEY"
"scra_ceat_fk";"sottoconti_ra";"id_centro_attivita";"centri_attivita";"codice_azienda";"FOREIGN KEY"
"scra_ceco_fk";"sottoconti_ra";"id_centro_costo";"centri_costo";"codice_azienda";"FOREIGN KEY"
"scra_ceco_fk";"sottoconti_ra";"id_centro_costo";"centri_costo";"id_centro_costo";"FOREIGN KEY"
"scra_ceco_fk";"sottoconti_ra";"codice_azienda";"centri_costo";"codice_azienda";"FOREIGN KEY"
"scra_ceco_fk";"sottoconti_ra";"codice_azienda";"centri_costo";"id_centro_costo";"FOREIGN KEY"
"scra_ceri1_fk";"sottoconti_ra";"prog_riclass1";"centri_riclass";"prog_riclass";"FOREIGN KEY"
"scra_ceri1_fk";"sottoconti_ra";"prog_riclass1";"centri_riclass";"id_centro_riclass";"FOREIGN KEY"
"scra_ceri1_fk";"sottoconti_ra";"prog_riclass1";"centri_riclass";"codice_part";"FOREIGN KEY"
"scra_ceri1_fk";"sottoconti_ra";"codice_part";"centri_riclass";"prog_riclass";"FOREIGN KEY"
"scra_ceri1_fk";"sottoconti_ra";"codice_part";"centri_riclass";"id_centro_riclass";"FOREIGN KEY"
"scra_ceri1_fk";"sottoconti_ra";"codice_part";"centri_riclass";"codice_part";"FOREIGN KEY"
"scra_ceri1_fk";"sottoconti_ra";"id_centro_riclass1";"centri_riclass";"prog_riclass";"FOREIGN KEY"
"scra_ceri1_fk";"sottoconti_ra";"id_centro_riclass1";"centri_riclass";"id_centro_riclass";"FOREIGN KEY"
"scra_ceri1_fk";"sottoconti_ra";"id_centro_riclass1";"centri_riclass";"codice_part";"FOREIGN KEY"
"scra_ceri2_fk";"sottoconti_ra";"prog_riclass2";"centri_riclass";"prog_riclass";"FOREIGN KEY"
"scra_ceri2_fk";"sottoconti_ra";"prog_riclass2";"centri_riclass";"codice_part";"FOREIGN KEY"
"scra_ceri2_fk";"sottoconti_ra";"prog_riclass2";"centri_riclass";"id_centro_riclass";"FOREIGN KEY"
"scra_ceri2_fk";"sottoconti_ra";"id_centro_riclass2";"centri_riclass";"prog_riclass";"FOREIGN KEY"
"scra_ceri2_fk";"sottoconti_ra";"id_centro_riclass2";"centri_riclass";"codice_part";"FOREIGN KEY"
"scra_ceri2_fk";"sottoconti_ra";"id_centro_riclass2";"centri_riclass";"id_centro_riclass";"FOREIGN KEY"
"scra_ceri2_fk";"sottoconti_ra";"codice_part";"centri_riclass";"prog_riclass";"FOREIGN KEY"
"scra_ceri2_fk";"sottoconti_ra";"codice_part";"centri_riclass";"codice_part";"FOREIGN KEY"
"scra_ceri2_fk";"sottoconti_ra";"codice_part";"centri_riclass";"id_centro_riclass";"FOREIGN KEY"
"scra_soco_fk";"sottoconti_ra";"id_pdc";"sottoconti";"codice_template_fiscale";"FOREIGN KEY"
"scra_soco_fk";"sottoconti_ra";"id_pdc";"sottoconti";"codice_part";"FOREIGN KEY"
"scra_soco_fk";"sottoconti_ra";"id_pdc";"sottoconti";"id_sottoconto";"FOREIGN KEY"
"scra_soco_fk";"sottoconti_ra";"id_pdc";"sottoconti";"id_pdc";"FOREIGN KEY"
"scra_soco_fk";"sottoconti_ra";"codice_part";"sottoconti";"codice_template_fiscale";"FOREIGN KEY"
"scra_soco_fk";"sottoconti_ra";"codice_part";"sottoconti";"codice_part";"FOREIGN KEY"
"scra_soco_fk";"sottoconti_ra";"codice_part";"sottoconti";"id_sottoconto";"FOREIGN KEY"
"scra_soco_fk";"sottoconti_ra";"codice_part";"sottoconti";"id_pdc";"FOREIGN KEY"
"scra_soco_fk";"sottoconti_ra";"id_sottoconto";"sottoconti";"codice_template_fiscale";"FOREIGN KEY"
"scra_soco_fk";"sottoconti_ra";"id_sottoconto";"sottoconti";"codice_part";"FOREIGN KEY"
"scra_soco_fk";"sottoconti_ra";"id_sottoconto";"sottoconti";"id_sottoconto";"FOREIGN KEY"
"scra_soco_fk";"sottoconti_ra";"id_sottoconto";"sottoconti";"id_pdc";"FOREIGN KEY"
"scra_soco_fk";"sottoconti_ra";"codice_template_fiscale";"sottoconti";"codice_template_fiscale";"FOREIGN KEY"
"scra_soco_fk";"sottoconti_ra";"codice_template_fiscale";"sottoconti";"codice_part";"FOREIGN KEY"
"scra_soco_fk";"sottoconti_ra";"codice_template_fiscale";"sottoconti";"id_sottoconto";"FOREIGN KEY"
"scra_soco_fk";"sottoconti_ra";"codice_template_fiscale";"sottoconti";"id_pdc";"FOREIGN KEY"
"scse_seaz_fk";"sconti_sede";"codice_azienda";"sedi_azienda";"codice_azienda";"FOREIGN KEY"
"scse_seaz_fk";"sconti_sede";"codice_azienda";"sedi_azienda";"codice_sede";"FOREIGN KEY"
"scse_seaz_fk";"sconti_sede";"codice_sede";"sedi_azienda";"codice_azienda";"FOREIGN KEY"
"scse_seaz_fk";"sconti_sede";"codice_sede";"sedi_azienda";"codice_sede";"FOREIGN KEY"
"scse_serv_fk";"sconti_sede";"id_servizio";"servizi";"id_servizio";"FOREIGN KEY"
"scse_serv_fk";"sconti_sede";"id_servizio";"servizi";"codice_part";"FOREIGN KEY"
"scse_serv_fk";"sconti_sede";"codice_part";"servizi";"id_servizio";"FOREIGN KEY"
"scse_serv_fk";"sconti_sede";"codice_part";"servizi";"codice_part";"FOREIGN KEY"
"sctz_docu_fk";"scadenzario_terzi";"codice_azienda";"documenti";"id_documento";"FOREIGN KEY"
"sctz_docu_fk";"scadenzario_terzi";"codice_azienda";"documenti";"codice_azienda";"FOREIGN KEY"
"sctz_docu_fk";"scadenzario_terzi";"id_documento";"documenti";"id_documento";"FOREIGN KEY"
"sctz_docu_fk";"scadenzario_terzi";"id_documento";"documenti";"codice_azienda";"FOREIGN KEY"
"sctz_docu_fk_fa";"scadenzario_terzi";"id_fattura";"documenti";"id_documento";"FOREIGN KEY"
"sctz_docu_fk_fa";"scadenzario_terzi";"id_fattura";"documenti";"codice_azienda";"FOREIGN KEY"
"sctz_docu_fk_fa";"scadenzario_terzi";"codice_azienda";"documenti";"id_documento";"FOREIGN KEY"
"sctz_docu_fk_fa";"scadenzario_terzi";"codice_azienda";"documenti";"codice_azienda";"FOREIGN KEY"
"scvr_soco_fk";"sottoconti_vr";"id_sottoconto";"sottoconti";"codice_template_fiscale";"FOREIGN KEY"
"scvr_soco_fk";"sottoconti_vr";"id_sottoconto";"sottoconti";"codice_part";"FOREIGN KEY"
"scvr_soco_fk";"sottoconti_vr";"id_sottoconto";"sottoconti";"id_sottoconto";"FOREIGN KEY"
"scvr_soco_fk";"sottoconti_vr";"id_sottoconto";"sottoconti";"id_pdc";"FOREIGN KEY"
"scvr_soco_fk";"sottoconti_vr";"codice_template_fiscale";"sottoconti";"codice_template_fiscale";"FOREIGN KEY"
"scvr_soco_fk";"sottoconti_vr";"codice_template_fiscale";"sottoconti";"codice_part";"FOREIGN KEY"
"scvr_soco_fk";"sottoconti_vr";"codice_template_fiscale";"sottoconti";"id_sottoconto";"FOREIGN KEY"
"scvr_soco_fk";"sottoconti_vr";"codice_template_fiscale";"sottoconti";"id_pdc";"FOREIGN KEY"
"scvr_soco_fk";"sottoconti_vr";"codice_part";"sottoconti";"codice_template_fiscale";"FOREIGN KEY"
"scvr_soco_fk";"sottoconti_vr";"codice_part";"sottoconti";"codice_part";"FOREIGN KEY"
"scvr_soco_fk";"sottoconti_vr";"codice_part";"sottoconti";"id_sottoconto";"FOREIGN KEY"
"scvr_soco_fk";"sottoconti_vr";"codice_part";"sottoconti";"id_pdc";"FOREIGN KEY"
"scvr_soco_fk";"sottoconti_vr";"id_pdc";"sottoconti";"codice_template_fiscale";"FOREIGN KEY"
"scvr_soco_fk";"sottoconti_vr";"id_pdc";"sottoconti";"codice_part";"FOREIGN KEY"
"scvr_soco_fk";"sottoconti_vr";"id_pdc";"sottoconti";"id_sottoconto";"FOREIGN KEY"
"scvr_soco_fk";"sottoconti_vr";"id_pdc";"sottoconti";"id_pdc";"FOREIGN KEY"
"sdgs_anid_fk";"sondaggi_somministrati";"id_anagrafica";"anagrafiche_id";"id_anagrafica";"FOREIGN KEY"
"sdgs_anid_fk";"sondaggi_somministrati";"id_anagrafica";"anagrafiche_id";"codice_part";"FOREIGN KEY"
"sdgs_anid_fk";"sondaggi_somministrati";"codice_part";"anagrafiche_id";"id_anagrafica";"FOREIGN KEY"
"sdgs_anid_fk";"sondaggi_somministrati";"codice_part";"anagrafiche_id";"codice_part";"FOREIGN KEY"
"sdgs_mtrr_fk";"sondaggi_somministrati";"pct_da";"modelli_test_risultati_righe";"codice_azienda";"FOREIGN KEY"
"sdgs_mtrr_fk";"sondaggi_somministrati";"pct_da";"modelli_test_risultati_righe";"id_risultato";"FOREIGN KEY"
"sdgs_mtrr_fk";"sondaggi_somministrati";"pct_da";"modelli_test_risultati_righe";"pct_da";"FOREIGN KEY"
"sdgs_mtrr_fk";"sondaggi_somministrati";"id_risultato";"modelli_test_risultati_righe";"codice_azienda";"FOREIGN KEY"
"sdgs_mtrr_fk";"sondaggi_somministrati";"id_risultato";"modelli_test_risultati_righe";"id_risultato";"FOREIGN KEY"
"sdgs_mtrr_fk";"sondaggi_somministrati";"id_risultato";"modelli_test_risultati_righe";"pct_da";"FOREIGN KEY"
"sdgs_mtrr_fk";"sondaggi_somministrati";"codice_azienda";"modelli_test_risultati_righe";"codice_azienda";"FOREIGN KEY"
"sdgs_mtrr_fk";"sondaggi_somministrati";"codice_azienda";"modelli_test_risultati_righe";"id_risultato";"FOREIGN KEY"
"sdgs_mtrr_fk";"sondaggi_somministrati";"codice_azienda";"modelli_test_risultati_righe";"pct_da";"FOREIGN KEY"
"sdgs_mtrr_man_fk";"sondaggi_somministrati";"id_risultato";"modelli_test_risultati_righe";"codice_azienda";"FOREIGN KEY"
"sdgs_mtrr_man_fk";"sondaggi_somministrati";"id_risultato";"modelli_test_risultati_righe";"id_risultato";"FOREIGN KEY"
"sdgs_mtrr_man_fk";"sondaggi_somministrati";"id_risultato";"modelli_test_risultati_righe";"pct_da";"FOREIGN KEY"
"sdgs_mtrr_man_fk";"sondaggi_somministrati";"pct_da_manuale";"modelli_test_risultati_righe";"codice_azienda";"FOREIGN KEY"
"sdgs_mtrr_man_fk";"sondaggi_somministrati";"pct_da_manuale";"modelli_test_risultati_righe";"id_risultato";"FOREIGN KEY"
"sdgs_mtrr_man_fk";"sondaggi_somministrati";"pct_da_manuale";"modelli_test_risultati_righe";"pct_da";"FOREIGN KEY"
"sdgs_mtrr_man_fk";"sondaggi_somministrati";"codice_azienda";"modelli_test_risultati_righe";"codice_azienda";"FOREIGN KEY"
"sdgs_mtrr_man_fk";"sondaggi_somministrati";"codice_azienda";"modelli_test_risultati_righe";"id_risultato";"FOREIGN KEY"
"sdgs_mtrr_man_fk";"sondaggi_somministrati";"codice_azienda";"modelli_test_risultati_righe";"pct_da";"FOREIGN KEY"
"sdgs_mtrs_fk";"sondaggi_somministrati";"codice_azienda";"modelli_test_risultati";"id_risultato";"FOREIGN KEY"
"sdgs_mtrs_fk";"sondaggi_somministrati";"codice_azienda";"modelli_test_risultati";"codice_azienda";"FOREIGN KEY"
"sdgs_mtrs_fk";"sondaggi_somministrati";"id_risultato";"modelli_test_risultati";"id_risultato";"FOREIGN KEY"
"sdgs_mtrs_fk";"sondaggi_somministrati";"id_risultato";"modelli_test_risultati";"codice_azienda";"FOREIGN KEY"
"sdgs_mtst_fk";"sondaggi_somministrati";"id_sottomodello";"modelli_test_sottomodello";"codice_azienda";"FOREIGN KEY"
"sdgs_mtst_fk";"sondaggi_somministrati";"id_sottomodello";"modelli_test_sottomodello";"id_sottomodello";"FOREIGN KEY"
"sdgs_mtst_fk";"sondaggi_somministrati";"id_sottomodello";"modelli_test_sottomodello";"id_modello_test";"FOREIGN KEY"
"sdgs_mtst_fk";"sondaggi_somministrati";"id_sottomodello";"modelli_test_sottomodello";"id_modello_test_vr";"FOREIGN KEY"
"sdgs_mtst_fk";"sondaggi_somministrati";"id_modello_test";"modelli_test_sottomodello";"codice_azienda";"FOREIGN KEY"
"sdgs_mtst_fk";"sondaggi_somministrati";"id_modello_test";"modelli_test_sottomodello";"id_sottomodello";"FOREIGN KEY"
"sdgs_mtst_fk";"sondaggi_somministrati";"id_modello_test";"modelli_test_sottomodello";"id_modello_test";"FOREIGN KEY"
"sdgs_mtst_fk";"sondaggi_somministrati";"id_modello_test";"modelli_test_sottomodello";"id_modello_test_vr";"FOREIGN KEY"
"sdgs_mtst_fk";"sondaggi_somministrati";"codice_azienda";"modelli_test_sottomodello";"codice_azienda";"FOREIGN KEY"
"sdgs_mtst_fk";"sondaggi_somministrati";"codice_azienda";"modelli_test_sottomodello";"id_sottomodello";"FOREIGN KEY"
"sdgs_mtst_fk";"sondaggi_somministrati";"codice_azienda";"modelli_test_sottomodello";"id_modello_test";"FOREIGN KEY"
"sdgs_mtst_fk";"sondaggi_somministrati";"codice_azienda";"modelli_test_sottomodello";"id_modello_test_vr";"FOREIGN KEY"
"sdgs_mtst_fk";"sondaggi_somministrati";"id_modello_test_vr";"modelli_test_sottomodello";"codice_azienda";"FOREIGN KEY"
"sdgs_mtst_fk";"sondaggi_somministrati";"id_modello_test_vr";"modelli_test_sottomodello";"id_sottomodello";"FOREIGN KEY"
"sdgs_mtst_fk";"sondaggi_somministrati";"id_modello_test_vr";"modelli_test_sottomodello";"id_modello_test";"FOREIGN KEY"
"sdgs_mtst_fk";"sondaggi_somministrati";"id_modello_test_vr";"modelli_test_sottomodello";"id_modello_test_vr";"FOREIGN KEY"
"sdgs_sdgs_fk";"sondaggi_somministrati";"id_somministrazione_succ";"sondaggi_somministrati";"codice_azienda";"FOREIGN KEY"
"sdgs_sdgs_fk";"sondaggi_somministrati";"id_somministrazione_succ";"sondaggi_somministrati";"id_sondaggio";"FOREIGN KEY"
"sdgs_sdgs_fk";"sondaggi_somministrati";"id_somministrazione_succ";"sondaggi_somministrati";"id_somministrazione";"FOREIGN KEY"
"sdgs_sdgs_fk";"sondaggi_somministrati";"id_sondaggio_succ";"sondaggi_somministrati";"codice_azienda";"FOREIGN KEY"
"sdgs_sdgs_fk";"sondaggi_somministrati";"id_sondaggio_succ";"sondaggi_somministrati";"id_sondaggio";"FOREIGN KEY"
"sdgs_sdgs_fk";"sondaggi_somministrati";"id_sondaggio_succ";"sondaggi_somministrati";"id_somministrazione";"FOREIGN KEY"
"sdgs_sdgs_fk";"sondaggi_somministrati";"codice_azienda";"sondaggi_somministrati";"codice_azienda";"FOREIGN KEY"
"sdgs_sdgs_fk";"sondaggi_somministrati";"codice_azienda";"sondaggi_somministrati";"id_sondaggio";"FOREIGN KEY"
"sdgs_sdgs_fk";"sondaggi_somministrati";"codice_azienda";"sondaggi_somministrati";"id_somministrazione";"FOREIGN KEY"
"sdgs_sndg_fk";"sondaggi_somministrati";"codice_azienda";"sondaggi";"id_sondaggio";"FOREIGN KEY"
"sdgs_sndg_fk";"sondaggi_somministrati";"codice_azienda";"sondaggi";"codice_azienda";"FOREIGN KEY"
"sdgs_sndg_fk";"sondaggi_somministrati";"id_sondaggio";"sondaggi";"id_sondaggio";"FOREIGN KEY"
"sdgs_sndg_fk";"sondaggi_somministrati";"id_sondaggio";"sondaggi";"codice_azienda";"FOREIGN KEY"
"seaz__maga__fk";"sedi_azienda";"codice_magazzino";"magazzini";"codice_azienda";"FOREIGN KEY"
"seaz__maga__fk";"sedi_azienda";"codice_magazzino";"magazzini";"codice_magazzino";"FOREIGN KEY"
"seaz__maga__fk";"sedi_azienda";"codice_azienda";"magazzini";"codice_azienda";"FOREIGN KEY"
"seaz__maga__fk";"sedi_azienda";"codice_azienda";"magazzini";"codice_magazzino";"FOREIGN KEY"
"seaz_azie_fk";"sedi_azienda";"codice_azienda";"aziende";"codice_azienda";"FOREIGN KEY"
"seaz_sedi_fk";"sedi_azienda";"codice_part";"sedi";"codice_sede";"FOREIGN KEY"
"seaz_sedi_fk";"sedi_azienda";"codice_part";"sedi";"codice_part";"FOREIGN KEY"
"seaz_sedi_fk";"sedi_azienda";"codice_sede";"sedi";"codice_sede";"FOREIGN KEY"
"seaz_sedi_fk";"sedi_azienda";"codice_sede";"sedi";"codice_part";"FOREIGN KEY"
"seco_basf_fk";"servizi_compensi";"id_batch";"batch_servizi_fatturazione";"codice_azienda";"FOREIGN KEY"
"seco_basf_fk";"servizi_compensi";"id_batch";"batch_servizi_fatturazione";"id_batch";"FOREIGN KEY"
"seco_basf_fk";"servizi_compensi";"codice_azienda";"batch_servizi_fatturazione";"codice_azienda";"FOREIGN KEY"
"seco_basf_fk";"servizi_compensi";"codice_azienda";"batch_servizi_fatturazione";"id_batch";"FOREIGN KEY"
"seco_cege_fk";"servizi_compensi";"codice_part";"centri_gestionali";"codice_part";"FOREIGN KEY"
"seco_cege_fk";"servizi_compensi";"codice_part";"centri_gestionali";"id_centro_gest";"FOREIGN KEY"
"seco_cege_fk";"servizi_compensi";"id_centro_gest";"centri_gestionali";"codice_part";"FOREIGN KEY"
"seco_cege_fk";"servizi_compensi";"id_centro_gest";"centri_gestionali";"id_centro_gest";"FOREIGN KEY"
"seco_meto_fk";"servizi_compensi";"codice_azienda";"metodi";"codice_azienda";"FOREIGN KEY"
"seco_meto_fk";"servizi_compensi";"codice_azienda";"metodi";"id_metodo";"FOREIGN KEY"
"seco_meto_fk";"servizi_compensi";"id_metodo";"metodi";"codice_azienda";"FOREIGN KEY"
"seco_meto_fk";"servizi_compensi";"id_metodo";"metodi";"id_metodo";"FOREIGN KEY"
"seco_sedi_fk";"servizi_compensi";"codice_sede";"sedi";"codice_part";"FOREIGN KEY"
"seco_sedi_fk";"servizi_compensi";"codice_sede";"sedi";"codice_sede";"FOREIGN KEY"
"seco_sedi_fk";"servizi_compensi";"codice_part";"sedi";"codice_part";"FOREIGN KEY"
"seco_sedi_fk";"servizi_compensi";"codice_part";"sedi";"codice_sede";"FOREIGN KEY"
"seco_sefa_fk";"servizi_compensi";"uuid_sf";"servizi_fatturazione";"uuid_servizi_fatturazione";"FOREIGN KEY"
"seco_sefa_fk";"servizi_compensi";"uuid_sf";"servizi_fatturazione";"codice_azienda";"FOREIGN KEY"
"seco_sefa_fk";"servizi_compensi";"codice_azienda";"servizi_fatturazione";"uuid_servizi_fatturazione";"FOREIGN KEY"
"seco_sefa_fk";"servizi_compensi";"codice_azienda";"servizi_fatturazione";"codice_azienda";"FOREIGN KEY"
"seco_unim_fk";"servizi_compensi";"codice_azienda";"unita_misura";"codice_azienda";"FOREIGN KEY"
"seco_unim_fk";"servizi_compensi";"codice_azienda";"unita_misura";"codice_um";"FOREIGN KEY"
"seco_unim_fk";"servizi_compensi";"codice_um";"unita_misura";"codice_azienda";"FOREIGN KEY"
"seco_unim_fk";"servizi_compensi";"codice_um";"unita_misura";"codice_um";"FOREIGN KEY"
"seco_vari_fk";"servizi_compensi";"codice_variante";"articoli_varianti";"codice_variante";"FOREIGN KEY"
"seco_vari_fk";"servizi_compensi";"codice_variante";"articoli_varianti";"codice_azienda";"FOREIGN KEY"
"seco_vari_fk";"servizi_compensi";"codice_variante";"articoli_varianti";"id_articolo";"FOREIGN KEY"
"seco_vari_fk";"servizi_compensi";"codice_azienda";"articoli_varianti";"codice_variante";"FOREIGN KEY"
"seco_vari_fk";"servizi_compensi";"codice_azienda";"articoli_varianti";"codice_azienda";"FOREIGN KEY"
"seco_vari_fk";"servizi_compensi";"codice_azienda";"articoli_varianti";"id_articolo";"FOREIGN KEY"
"seco_vari_fk";"servizi_compensi";"id_articolo";"articoli_varianti";"codice_variante";"FOREIGN KEY"
"seco_vari_fk";"servizi_compensi";"id_articolo";"articoli_varianti";"codice_azienda";"FOREIGN KEY"
"seco_vari_fk";"servizi_compensi";"id_articolo";"articoli_varianti";"id_articolo";"FOREIGN KEY"
"sedi_prtz_fk";"sedi";"codice_part";"partizioni";"codice_part";"FOREIGN KEY"
"sefa__spes__fk";"servizi_fatturazione";"id_spesa";"spese";"id_spesa";"FOREIGN KEY"
"sefa__spes__fk";"servizi_fatturazione";"id_spesa";"spese";"codice_azienda";"FOREIGN KEY"
"sefa__spes__fk";"servizi_fatturazione";"codice_azienda";"spese";"id_spesa";"FOREIGN KEY"
"sefa__spes__fk";"servizi_fatturazione";"codice_azienda";"spese";"codice_azienda";"FOREIGN KEY"
"sefa_agda_fk";"servizi_fatturazione";"codice_azienda";"agenda";"id_agenda";"FOREIGN KEY"
"sefa_agda_fk";"servizi_fatturazione";"codice_azienda";"agenda";"codice_azienda";"FOREIGN KEY"
"sefa_agda_fk";"servizi_fatturazione";"id_agenda";"agenda";"id_agenda";"FOREIGN KEY"
"sefa_agda_fk";"servizi_fatturazione";"id_agenda";"agenda";"codice_azienda";"FOREIGN KEY"
"sefa_alqt_fk";"servizi_fatturazione";"codice_part";"aliquote";"codice_part";"FOREIGN KEY"
"sefa_alqt_fk";"servizi_fatturazione";"codice_part";"aliquote";"codice_aliquota";"FOREIGN KEY"
"sefa_alqt_fk";"servizi_fatturazione";"codice_aliquota_iva";"aliquote";"codice_part";"FOREIGN KEY"
"sefa_alqt_fk";"servizi_fatturazione";"codice_aliquota_iva";"aliquote";"codice_aliquota";"FOREIGN KEY"
"sefa_anag_fk_age1";"servizi_fatturazione";"codice_part";"anagrafiche_id";"id_anagrafica";"FOREIGN KEY"
"sefa_anag_fk_age1";"servizi_fatturazione";"codice_part";"anagrafiche_id";"codice_part";"FOREIGN KEY"
"sefa_anag_fk_age1";"servizi_fatturazione";"id_agente_pri";"anagrafiche_id";"id_anagrafica";"FOREIGN KEY"
"sefa_anag_fk_age1";"servizi_fatturazione";"id_agente_pri";"anagrafiche_id";"codice_part";"FOREIGN KEY"
"sefa_anag_fk_age2";"servizi_fatturazione";"id_agente_sec";"anagrafiche_id";"codice_part";"FOREIGN KEY"
"sefa_anag_fk_age2";"servizi_fatturazione";"id_agente_sec";"anagrafiche_id";"id_anagrafica";"FOREIGN KEY"
"sefa_anag_fk_age2";"servizi_fatturazione";"codice_part";"anagrafiche_id";"codice_part";"FOREIGN KEY"
"sefa_anag_fk_age2";"servizi_fatturazione";"codice_part";"anagrafiche_id";"id_anagrafica";"FOREIGN KEY"
"sefa_anid_fk";"servizi_fatturazione";"id_cliente";"anagrafiche_id";"codice_part";"FOREIGN KEY"
"sefa_anid_fk";"servizi_fatturazione";"id_cliente";"anagrafiche_id";"id_anagrafica";"FOREIGN KEY"
"sefa_anid_fk";"servizi_fatturazione";"codice_part";"anagrafiche_id";"codice_part";"FOREIGN KEY"
"sefa_anid_fk";"servizi_fatturazione";"codice_part";"anagrafiche_id";"id_anagrafica";"FOREIGN KEY"
"sefa_anid_fk_ft";"servizi_fatturazione";"id_anagrafica_ft";"anagrafiche_id";"codice_part";"FOREIGN KEY"
"sefa_anid_fk_ft";"servizi_fatturazione";"id_anagrafica_ft";"anagrafiche_id";"id_anagrafica";"FOREIGN KEY"
"sefa_anid_fk_ft";"servizi_fatturazione";"codice_part";"anagrafiche_id";"codice_part";"FOREIGN KEY"
"sefa_anid_fk_ft";"servizi_fatturazione";"codice_part";"anagrafiche_id";"id_anagrafica";"FOREIGN KEY"
"sefa_basf_fk";"servizi_fatturazione";"codice_azienda";"batch_servizi_fatturazione";"codice_azienda";"FOREIGN KEY"
"sefa_basf_fk";"servizi_fatturazione";"codice_azienda";"batch_servizi_fatturazione";"id_batch";"FOREIGN KEY"
"sefa_basf_fk";"servizi_fatturazione";"id_batch";"batch_servizi_fatturazione";"codice_azienda";"FOREIGN KEY"
"sefa_basf_fk";"servizi_fatturazione";"id_batch";"batch_servizi_fatturazione";"id_batch";"FOREIGN KEY"
"sefa_bgdf_fk";"servizi_fatturazione";"id_batch_gen";"batch_gen_dett_fatt";"codice_azienda";"FOREIGN KEY"
"sefa_bgdf_fk";"servizi_fatturazione";"id_batch_gen";"batch_gen_dett_fatt";"id_batch";"FOREIGN KEY"
"sefa_bgdf_fk";"servizi_fatturazione";"codice_azienda";"batch_gen_dett_fatt";"codice_azienda";"FOREIGN KEY"
"sefa_bgdf_fk";"servizi_fatturazione";"codice_azienda";"batch_gen_dett_fatt";"id_batch";"FOREIGN KEY"
"sefa_boll_fk";"servizi_fatturazione";"codice_azienda";"bolle";"codice_magazzino";"FOREIGN KEY"
"sefa_boll_fk";"servizi_fatturazione";"codice_azienda";"bolle";"codice_azienda";"FOREIGN KEY"
"sefa_boll_fk";"servizi_fatturazione";"codice_azienda";"bolle";"numero_bolla";"FOREIGN KEY"
"sefa_boll_fk";"servizi_fatturazione";"numero_bolla";"bolle";"codice_magazzino";"FOREIGN KEY"
"sefa_boll_fk";"servizi_fatturazione";"numero_bolla";"bolle";"codice_azienda";"FOREIGN KEY"
"sefa_boll_fk";"servizi_fatturazione";"numero_bolla";"bolle";"numero_bolla";"FOREIGN KEY"
"sefa_boll_fk";"servizi_fatturazione";"codice_magazzino";"bolle";"codice_magazzino";"FOREIGN KEY"
"sefa_boll_fk";"servizi_fatturazione";"codice_magazzino";"bolle";"codice_azienda";"FOREIGN KEY"
"sefa_boll_fk";"servizi_fatturazione";"codice_magazzino";"bolle";"numero_bolla";"FOREIGN KEY"
"sefa_btcf_fk";"servizi_fatturazione";"id_batch_fatt";"batch_fatt";"id_batch_fatt";"FOREIGN KEY"
"sefa_btcf_fk";"servizi_fatturazione";"id_batch_fatt";"batch_fatt";"codice_azienda";"FOREIGN KEY"
"sefa_btcf_fk";"servizi_fatturazione";"codice_azienda";"batch_fatt";"id_batch_fatt";"FOREIGN KEY"
"sefa_btcf_fk";"servizi_fatturazione";"codice_azienda";"batch_fatt";"codice_azienda";"FOREIGN KEY"
"sefa_ceat_fk";"servizi_fatturazione";"id_centro_attivita";"centri_attivita";"id_centro_attivita";"FOREIGN KEY"
"sefa_ceat_fk";"servizi_fatturazione";"id_centro_attivita";"centri_attivita";"codice_azienda";"FOREIGN KEY"
"sefa_ceat_fk";"servizi_fatturazione";"codice_azienda";"centri_attivita";"id_centro_attivita";"FOREIGN KEY"
"sefa_ceat_fk";"servizi_fatturazione";"codice_azienda";"centri_attivita";"codice_azienda";"FOREIGN KEY"
"sefa_ceco_fk";"servizi_fatturazione";"id_centro_costo";"centri_costo";"codice_azienda";"FOREIGN KEY"
"sefa_ceco_fk";"servizi_fatturazione";"id_centro_costo";"centri_costo";"id_centro_costo";"FOREIGN KEY"
"sefa_ceco_fk";"servizi_fatturazione";"codice_azienda";"centri_costo";"codice_azienda";"FOREIGN KEY"
"sefa_ceco_fk";"servizi_fatturazione";"codice_azienda";"centri_costo";"id_centro_costo";"FOREIGN KEY"
"sefa_cege_fk";"servizi_fatturazione";"id_centro_gest";"centri_gestionali";"id_centro_gest";"FOREIGN KEY"
"sefa_cege_fk";"servizi_fatturazione";"id_centro_gest";"centri_gestionali";"codice_part";"FOREIGN KEY"
"sefa_cege_fk";"servizi_fatturazione";"codice_part";"centri_gestionali";"id_centro_gest";"FOREIGN KEY"
"sefa_cege_fk";"servizi_fatturazione";"codice_part";"centri_gestionali";"codice_part";"FOREIGN KEY"
"sefa_ceri1_fk";"servizi_fatturazione";"codice_part";"centri_riclass";"id_centro_riclass";"FOREIGN KEY"
"sefa_ceri1_fk";"servizi_fatturazione";"codice_part";"centri_riclass";"prog_riclass";"FOREIGN KEY"
"sefa_ceri1_fk";"servizi_fatturazione";"codice_part";"centri_riclass";"codice_part";"FOREIGN KEY"
"sefa_ceri1_fk";"servizi_fatturazione";"id_centro_riclass1";"centri_riclass";"id_centro_riclass";"FOREIGN KEY"
"sefa_ceri1_fk";"servizi_fatturazione";"id_centro_riclass1";"centri_riclass";"prog_riclass";"FOREIGN KEY"
"sefa_ceri1_fk";"servizi_fatturazione";"id_centro_riclass1";"centri_riclass";"codice_part";"FOREIGN KEY"
"sefa_ceri1_fk";"servizi_fatturazione";"prog_riclass1";"centri_riclass";"id_centro_riclass";"FOREIGN KEY"
"sefa_ceri1_fk";"servizi_fatturazione";"prog_riclass1";"centri_riclass";"prog_riclass";"FOREIGN KEY"
"sefa_ceri1_fk";"servizi_fatturazione";"prog_riclass1";"centri_riclass";"codice_part";"FOREIGN KEY"
"sefa_ceri2_fk";"servizi_fatturazione";"id_centro_riclass2";"centri_riclass";"codice_part";"FOREIGN KEY"
"sefa_ceri2_fk";"servizi_fatturazione";"id_centro_riclass2";"centri_riclass";"id_centro_riclass";"FOREIGN KEY"
"sefa_ceri2_fk";"servizi_fatturazione";"id_centro_riclass2";"centri_riclass";"prog_riclass";"FOREIGN KEY"
"sefa_ceri2_fk";"servizi_fatturazione";"prog_riclass2";"centri_riclass";"codice_part";"FOREIGN KEY"
"sefa_ceri2_fk";"servizi_fatturazione";"prog_riclass2";"centri_riclass";"id_centro_riclass";"FOREIGN KEY"
"sefa_ceri2_fk";"servizi_fatturazione";"prog_riclass2";"centri_riclass";"prog_riclass";"FOREIGN KEY"
"sefa_ceri2_fk";"servizi_fatturazione";"codice_part";"centri_riclass";"codice_part";"FOREIGN KEY"
"sefa_ceri2_fk";"servizi_fatturazione";"codice_part";"centri_riclass";"id_centro_riclass";"FOREIGN KEY"
"sefa_ceri2_fk";"servizi_fatturazione";"codice_part";"centri_riclass";"prog_riclass";"FOREIGN KEY"
"sefa_cntr_fk";"servizi_fatturazione";"id_contratto";"contratti";"id_contratto";"FOREIGN KEY"
"sefa_cntr_fk";"servizi_fatturazione";"id_contratto";"contratti";"codice_azienda";"FOREIGN KEY"
"sefa_cntr_fk";"servizi_fatturazione";"codice_azienda";"contratti";"id_contratto";"FOREIGN KEY"
"sefa_cntr_fk";"servizi_fatturazione";"codice_azienda";"contratti";"codice_azienda";"FOREIGN KEY"
"sefa_cpag_fk";"servizi_fatturazione";"codice_azienda";"condizioni_pagamento";"codice_azienda";"FOREIGN KEY"
"sefa_cpag_fk";"servizi_fatturazione";"codice_azienda";"condizioni_pagamento";"id_condizione_pagamento";"FOREIGN KEY"
"sefa_cpag_fk";"servizi_fatturazione";"id_cond_pag";"condizioni_pagamento";"codice_azienda";"FOREIGN KEY"
"sefa_cpag_fk";"servizi_fatturazione";"id_cond_pag";"condizioni_pagamento";"id_condizione_pagamento";"FOREIGN KEY"
"sefa_cpct_fk";"servizi_fatturazione";"id_pacchetto";"contratti_pacchetti";"id_contratto_risorsa";"FOREIGN KEY"
"sefa_cpct_fk";"servizi_fatturazione";"id_pacchetto";"contratti_pacchetti";"id_pacchetto";"FOREIGN KEY"
"sefa_cpct_fk";"servizi_fatturazione";"id_pacchetto";"contratti_pacchetti";"codice_azienda";"FOREIGN KEY"
"sefa_cpct_fk";"servizi_fatturazione";"id_pacchetto";"contratti_pacchetti";"id_contratto";"FOREIGN KEY"
"sefa_cpct_fk";"servizi_fatturazione";"codice_azienda";"contratti_pacchetti";"id_contratto_risorsa";"FOREIGN KEY"
"sefa_cpct_fk";"servizi_fatturazione";"codice_azienda";"contratti_pacchetti";"id_pacchetto";"FOREIGN KEY"
"sefa_cpct_fk";"servizi_fatturazione";"codice_azienda";"contratti_pacchetti";"codice_azienda";"FOREIGN KEY"
"sefa_cpct_fk";"servizi_fatturazione";"codice_azienda";"contratti_pacchetti";"id_contratto";"FOREIGN KEY"
"sefa_cpct_fk";"servizi_fatturazione";"id_contratto";"contratti_pacchetti";"id_contratto_risorsa";"FOREIGN KEY"
"sefa_cpct_fk";"servizi_fatturazione";"id_contratto";"contratti_pacchetti";"id_pacchetto";"FOREIGN KEY"
"sefa_cpct_fk";"servizi_fatturazione";"id_contratto";"contratti_pacchetti";"codice_azienda";"FOREIGN KEY"
"sefa_cpct_fk";"servizi_fatturazione";"id_contratto";"contratti_pacchetti";"id_contratto";"FOREIGN KEY"
"sefa_cpct_fk";"servizi_fatturazione";"id_contratto_risorsa";"contratti_pacchetti";"id_contratto_risorsa";"FOREIGN KEY"
"sefa_cpct_fk";"servizi_fatturazione";"id_contratto_risorsa";"contratti_pacchetti";"id_pacchetto";"FOREIGN KEY"
"sefa_cpct_fk";"servizi_fatturazione";"id_contratto_risorsa";"contratti_pacchetti";"codice_azienda";"FOREIGN KEY"
"sefa_cpct_fk";"servizi_fatturazione";"id_contratto_risorsa";"contratti_pacchetti";"id_contratto";"FOREIGN KEY"
"sefa_cszn_fk";"servizi_fatturazione";"codice_azienda";"consuntivazioni";"id_cons";"FOREIGN KEY"
"sefa_cszn_fk";"servizi_fatturazione";"codice_azienda";"consuntivazioni";"codice_azienda";"FOREIGN KEY"
"sefa_cszn_fk";"servizi_fatturazione";"id_cons";"consuntivazioni";"id_cons";"FOREIGN KEY"
"sefa_cszn_fk";"servizi_fatturazione";"id_cons";"consuntivazioni";"codice_azienda";"FOREIGN KEY"
"sefa_ctcs_fk";"servizi_fatturazione";"id_consuntivazione";"contratti_consuntivazione";"codice_azienda";"FOREIGN KEY"
"sefa_ctcs_fk";"servizi_fatturazione";"id_consuntivazione";"contratti_consuntivazione";"id_consuntivazione";"FOREIGN KEY"
"sefa_ctcs_fk";"servizi_fatturazione";"codice_azienda";"contratti_consuntivazione";"codice_azienda";"FOREIGN KEY"
"sefa_ctcs_fk";"servizi_fatturazione";"codice_azienda";"contratti_consuntivazione";"id_consuntivazione";"FOREIGN KEY"
"sefa_ctrs_fk";"servizi_fatturazione";"id_contratto";"contratti_risorse";"id_contratto_risorsa";"FOREIGN KEY"
"sefa_ctrs_fk";"servizi_fatturazione";"id_contratto";"contratti_risorse";"codice_azienda";"FOREIGN KEY"
"sefa_ctrs_fk";"servizi_fatturazione";"id_contratto";"contratti_risorse";"id_contratto";"FOREIGN KEY"
"sefa_ctrs_fk";"servizi_fatturazione";"codice_azienda";"contratti_risorse";"id_contratto_risorsa";"FOREIGN KEY"
"sefa_ctrs_fk";"servizi_fatturazione";"codice_azienda";"contratti_risorse";"codice_azienda";"FOREIGN KEY"
"sefa_ctrs_fk";"servizi_fatturazione";"codice_azienda";"contratti_risorse";"id_contratto";"FOREIGN KEY"
"sefa_ctrs_fk";"servizi_fatturazione";"id_contratto_risorsa";"contratti_risorse";"id_contratto_risorsa";"FOREIGN KEY"
"sefa_ctrs_fk";"servizi_fatturazione";"id_contratto_risorsa";"contratti_risorse";"codice_azienda";"FOREIGN KEY"
"sefa_ctrs_fk";"servizi_fatturazione";"id_contratto_risorsa";"contratti_risorse";"id_contratto";"FOREIGN KEY"
"sefa_depo_fk";"servizi_fatturazione";"id_deposito_movimento";"depositi_movimenti";"id_deposito_movimento";"FOREIGN KEY"
"sefa_depo_fk";"servizi_fatturazione";"id_deposito_movimento";"depositi_movimenti";"codice_azienda";"FOREIGN KEY"
"sefa_depo_fk";"servizi_fatturazione";"codice_azienda";"depositi_movimenti";"id_deposito_movimento";"FOREIGN KEY"
"sefa_depo_fk";"servizi_fatturazione";"codice_azienda";"depositi_movimenti";"codice_azienda";"FOREIGN KEY"
"sefa_even_fk";"servizi_fatturazione";"id_evento";"eventi";"id_evento";"FOREIGN KEY"
"sefa_even_fk";"servizi_fatturazione";"id_evento";"eventi";"codice_azienda";"FOREIGN KEY"
"sefa_even_fk";"servizi_fatturazione";"codice_azienda";"eventi";"id_evento";"FOREIGN KEY"
"sefa_even_fk";"servizi_fatturazione";"codice_azienda";"eventi";"codice_azienda";"FOREIGN KEY"
"sefa_im_rate_fk";"servizi_fatturazione";"codice_azienda";"im_rate";"codice_azienda";"FOREIGN KEY"
"sefa_im_rate_fk";"servizi_fatturazione";"codice_azienda";"im_rate";"im_rate_id";"FOREIGN KEY"
"sefa_im_rate_fk";"servizi_fatturazione";"im_rate_id";"im_rate";"codice_azienda";"FOREIGN KEY"
"sefa_im_rate_fk";"servizi_fatturazione";"im_rate_id";"im_rate";"im_rate_id";"FOREIGN KEY"
"sefa_meto_fk";"servizi_fatturazione";"codice_azienda";"metodi";"id_metodo";"FOREIGN KEY"
"sefa_meto_fk";"servizi_fatturazione";"codice_azienda";"metodi";"codice_azienda";"FOREIGN KEY"
"sefa_meto_fk";"servizi_fatturazione";"id_metodo";"metodi";"id_metodo";"FOREIGN KEY"
"sefa_meto_fk";"servizi_fatturazione";"id_metodo";"metodi";"codice_azienda";"FOREIGN KEY"
"sefa_nvct_fk";"servizi_fatturazione";"codice_azienda";"nv_contabilizzazioni";"codice_azienda";"FOREIGN KEY"
"sefa_nvct_fk";"servizi_fatturazione";"codice_azienda";"nv_contabilizzazioni";"id_contabilizzazione";"FOREIGN KEY"
"sefa_nvct_fk";"servizi_fatturazione";"id_contabilizzazione";"nv_contabilizzazioni";"codice_azienda";"FOREIGN KEY"
"sefa_nvct_fk";"servizi_fatturazione";"id_contabilizzazione";"nv_contabilizzazioni";"id_contabilizzazione";"FOREIGN KEY"
"sefa_ocat_fk";"servizi_fatturazione";"prog_attivita_ordine";"ordini_clienti_attivita";"numero_ordine";"FOREIGN KEY"
"sefa_ocat_fk";"servizi_fatturazione";"prog_attivita_ordine";"ordini_clienti_attivita";"codice_azienda";"FOREIGN KEY"
"sefa_ocat_fk";"servizi_fatturazione";"prog_attivita_ordine";"ordini_clienti_attivita";"prog_attivita_ordine";"FOREIGN KEY"
"sefa_ocat_fk";"servizi_fatturazione";"codice_azienda";"ordini_clienti_attivita";"numero_ordine";"FOREIGN KEY"
"sefa_ocat_fk";"servizi_fatturazione";"codice_azienda";"ordini_clienti_attivita";"codice_azienda";"FOREIGN KEY"
"sefa_ocat_fk";"servizi_fatturazione";"codice_azienda";"ordini_clienti_attivita";"prog_attivita_ordine";"FOREIGN KEY"
"sefa_ocat_fk";"servizi_fatturazione";"numero_ordine";"ordini_clienti_attivita";"numero_ordine";"FOREIGN KEY"
"sefa_ocat_fk";"servizi_fatturazione";"numero_ordine";"ordini_clienti_attivita";"codice_azienda";"FOREIGN KEY"
"sefa_ocat_fk";"servizi_fatturazione";"numero_ordine";"ordini_clienti_attivita";"prog_attivita_ordine";"FOREIGN KEY"
"sefa_orcl_fk";"servizi_fatturazione";"codice_azienda";"ordini_clienti";"numero_ordine";"FOREIGN KEY"
"sefa_orcl_fk";"servizi_fatturazione";"codice_azienda";"ordini_clienti";"codice_azienda";"FOREIGN KEY"
"sefa_orcl_fk";"servizi_fatturazione";"numero_ordine";"ordini_clienti";"numero_ordine";"FOREIGN KEY"
"sefa_orcl_fk";"servizi_fatturazione";"numero_ordine";"ordini_clienti";"codice_azienda";"FOREIGN KEY"
"sefa_orcr_fk";"servizi_fatturazione";"numero_ordine";"ordini_clienti_righe";"numero_riga";"FOREIGN KEY"
"sefa_orcr_fk";"servizi_fatturazione";"numero_ordine";"ordini_clienti_righe";"codice_azienda";"FOREIGN KEY"
"sefa_orcr_fk";"servizi_fatturazione";"numero_ordine";"ordini_clienti_righe";"numero_ordine";"FOREIGN KEY"
"sefa_orcr_fk";"servizi_fatturazione";"numero_riga";"ordini_clienti_righe";"numero_riga";"FOREIGN KEY"
"sefa_orcr_fk";"servizi_fatturazione";"numero_riga";"ordini_clienti_righe";"codice_azienda";"FOREIGN KEY"
"sefa_orcr_fk";"servizi_fatturazione";"numero_riga";"ordini_clienti_righe";"numero_ordine";"FOREIGN KEY"
"sefa_orcr_fk";"servizi_fatturazione";"codice_azienda";"ordini_clienti_righe";"numero_riga";"FOREIGN KEY"
"sefa_orcr_fk";"servizi_fatturazione";"codice_azienda";"ordini_clienti_righe";"codice_azienda";"FOREIGN KEY"
"sefa_orcr_fk";"servizi_fatturazione";"codice_azienda";"ordini_clienti_righe";"numero_ordine";"FOREIGN KEY"
"sefa_part_fk";"servizi_fatturazione";"id_partitario";"partitario";"codice_azienda";"FOREIGN KEY"
"sefa_part_fk";"servizi_fatturazione";"id_partitario";"partitario";"id_partitario";"FOREIGN KEY"
"sefa_part_fk";"servizi_fatturazione";"codice_azienda";"partitario";"codice_azienda";"FOREIGN KEY"
"sefa_part_fk";"servizi_fatturazione";"codice_azienda";"partitario";"id_partitario";"FOREIGN KEY"
"sefa_rcti_fk";"servizi_fatturazione";"numero_resoconto";"resoconti";"codice_azienda";"FOREIGN KEY"
"sefa_rcti_fk";"servizi_fatturazione";"numero_resoconto";"resoconti";"numero_resoconto";"FOREIGN KEY"
"sefa_rcti_fk";"servizi_fatturazione";"codice_azienda";"resoconti";"codice_azienda";"FOREIGN KEY"
"sefa_rcti_fk";"servizi_fatturazione";"codice_azienda";"resoconti";"numero_resoconto";"FOREIGN KEY"
"sefa_rdoc_fk";"servizi_fatturazione";"id_fattura";"righe_documento";"codice_azienda";"FOREIGN KEY"
"sefa_rdoc_fk";"servizi_fatturazione";"id_fattura";"righe_documento";"id_documento";"FOREIGN KEY"
"sefa_rdoc_fk";"servizi_fatturazione";"id_fattura";"righe_documento";"id_riga_documento";"FOREIGN KEY"
"sefa_rdoc_fk";"servizi_fatturazione";"numero_riga_fattura";"righe_documento";"codice_azienda";"FOREIGN KEY"
"sefa_rdoc_fk";"servizi_fatturazione";"numero_riga_fattura";"righe_documento";"id_documento";"FOREIGN KEY"
"sefa_rdoc_fk";"servizi_fatturazione";"numero_riga_fattura";"righe_documento";"id_riga_documento";"FOREIGN KEY"
"sefa_rdoc_fk";"servizi_fatturazione";"codice_azienda";"righe_documento";"codice_azienda";"FOREIGN KEY"
"sefa_rdoc_fk";"servizi_fatturazione";"codice_azienda";"righe_documento";"id_documento";"FOREIGN KEY"
"sefa_rdoc_fk";"servizi_fatturazione";"codice_azienda";"righe_documento";"id_riga_documento";"FOREIGN KEY"
"sefa_rrdf_fk";"servizi_fatturazione";"id_rich_ragg";"richieste_ragg_sf";"codice_azienda";"FOREIGN KEY"
"sefa_rrdf_fk";"servizi_fatturazione";"id_rich_ragg";"richieste_ragg_sf";"id_richiesta";"FOREIGN KEY"
"sefa_rrdf_fk";"servizi_fatturazione";"codice_azienda";"richieste_ragg_sf";"codice_azienda";"FOREIGN KEY"
"sefa_rrdf_fk";"servizi_fatturazione";"codice_azienda";"richieste_ragg_sf";"id_richiesta";"FOREIGN KEY"
"sefa_scco_fk";"servizi_fatturazione";"codice_azienda";"servizi_comprati_contratti";"codice_azienda";"FOREIGN KEY"
"sefa_scco_fk";"servizi_fatturazione";"codice_azienda";"servizi_comprati_contratti";"id_scco";"FOREIGN KEY"
"sefa_scco_fk";"servizi_fatturazione";"id_scco";"servizi_comprati_contratti";"codice_azienda";"FOREIGN KEY"
"sefa_scco_fk";"servizi_fatturazione";"id_scco";"servizi_comprati_contratti";"id_scco";"FOREIGN KEY"
"sefa_sedi_fk";"servizi_fatturazione";"codice_sede";"sedi";"codice_part";"FOREIGN KEY"
"sefa_sedi_fk";"servizi_fatturazione";"codice_sede";"sedi";"codice_sede";"FOREIGN KEY"
"sefa_sedi_fk";"servizi_fatturazione";"codice_part";"sedi";"codice_part";"FOREIGN KEY"
"sefa_sedi_fk";"servizi_fatturazione";"codice_part";"sedi";"codice_sede";"FOREIGN KEY"
"sefa_soco_fk";"servizi_fatturazione";"codice_template_fiscale";"sottoconti";"codice_part";"FOREIGN KEY"
"sefa_soco_fk";"servizi_fatturazione";"codice_template_fiscale";"sottoconti";"id_pdc";"FOREIGN KEY"
"sefa_soco_fk";"servizi_fatturazione";"codice_template_fiscale";"sottoconti";"codice_template_fiscale";"FOREIGN KEY"
"sefa_soco_fk";"servizi_fatturazione";"codice_template_fiscale";"sottoconti";"id_sottoconto";"FOREIGN KEY"
"sefa_soco_fk";"servizi_fatturazione";"codice_part";"sottoconti";"codice_part";"FOREIGN KEY"
"sefa_soco_fk";"servizi_fatturazione";"codice_part";"sottoconti";"id_pdc";"FOREIGN KEY"
"sefa_soco_fk";"servizi_fatturazione";"codice_part";"sottoconti";"codice_template_fiscale";"FOREIGN KEY"
"sefa_soco_fk";"servizi_fatturazione";"codice_part";"sottoconti";"id_sottoconto";"FOREIGN KEY"
"sefa_soco_fk";"servizi_fatturazione";"id_pdc";"sottoconti";"codice_part";"FOREIGN KEY"
"sefa_soco_fk";"servizi_fatturazione";"id_pdc";"sottoconti";"id_pdc";"FOREIGN KEY"
"sefa_soco_fk";"servizi_fatturazione";"id_pdc";"sottoconti";"codice_template_fiscale";"FOREIGN KEY"
"sefa_soco_fk";"servizi_fatturazione";"id_pdc";"sottoconti";"id_sottoconto";"FOREIGN KEY"
"sefa_soco_fk";"servizi_fatturazione";"id_sottoconto";"sottoconti";"codice_part";"FOREIGN KEY"
"sefa_soco_fk";"servizi_fatturazione";"id_sottoconto";"sottoconti";"id_pdc";"FOREIGN KEY"
"sefa_soco_fk";"servizi_fatturazione";"id_sottoconto";"sottoconti";"codice_template_fiscale";"FOREIGN KEY"
"sefa_soco_fk";"servizi_fatturazione";"id_sottoconto";"sottoconti";"id_sottoconto";"FOREIGN KEY"
"sefa_unim_fk";"servizi_fatturazione";"codice_azienda";"unita_misura";"codice_azienda";"FOREIGN KEY"
"sefa_unim_fk";"servizi_fatturazione";"codice_azienda";"unita_misura";"codice_um";"FOREIGN KEY"
"sefa_unim_fk";"servizi_fatturazione";"codice_um";"unita_misura";"codice_azienda";"FOREIGN KEY"
"sefa_unim_fk";"servizi_fatturazione";"codice_um";"unita_misura";"codice_um";"FOREIGN KEY"
"sefa_vari_fk";"servizi_fatturazione";"codice_variante";"articoli_varianti";"codice_azienda";"FOREIGN KEY"
"sefa_vari_fk";"servizi_fatturazione";"codice_variante";"articoli_varianti";"codice_variante";"FOREIGN KEY"
"sefa_vari_fk";"servizi_fatturazione";"codice_variante";"articoli_varianti";"id_articolo";"FOREIGN KEY"
"sefa_vari_fk";"servizi_fatturazione";"codice_azienda";"articoli_varianti";"codice_azienda";"FOREIGN KEY"
"sefa_vari_fk";"servizi_fatturazione";"codice_azienda";"articoli_varianti";"codice_variante";"FOREIGN KEY"
"sefa_vari_fk";"servizi_fatturazione";"codice_azienda";"articoli_varianti";"id_articolo";"FOREIGN KEY"
"sefa_vari_fk";"servizi_fatturazione";"id_articolo";"articoli_varianti";"codice_azienda";"FOREIGN KEY"
"sefa_vari_fk";"servizi_fatturazione";"id_articolo";"articoli_varianti";"codice_variante";"FOREIGN KEY"
"sefa_vari_fk";"servizi_fatturazione";"id_articolo";"articoli_varianti";"id_articolo";"FOREIGN KEY"
"sepr_anid_fk";"servizi_produzione";"id_cliente";"anagrafiche_id";"id_anagrafica";"FOREIGN KEY"
"sepr_anid_fk";"servizi_produzione";"id_cliente";"anagrafiche_id";"codice_part";"FOREIGN KEY"
"sepr_anid_fk";"servizi_produzione";"codice_part";"anagrafiche_id";"id_anagrafica";"FOREIGN KEY"
"sepr_anid_fk";"servizi_produzione";"codice_part";"anagrafiche_id";"codice_part";"FOREIGN KEY"
"sepr_azie_fk";"servizi_produzione";"codice_azienda";"aziende";"codice_azienda";"FOREIGN KEY"
"sepr_scdp_fk";"servizi_produzione";"codice_schema";"schemi_dati_produzione";"codice_schema";"FOREIGN KEY"
"seqn_seqr_fk";"sequenze";"az_key";"regole_sequenze";"codice_part";"FOREIGN KEY"
"seqn_seqr_fk";"sequenze";"az_key";"regole_sequenze";"nome_entita";"FOREIGN KEY"
"seqn_seqr_fk";"sequenze";"az_key";"regole_sequenze";"az_key";"FOREIGN KEY"
"seqn_seqr_fk";"sequenze";"nome_entita";"regole_sequenze";"codice_part";"FOREIGN KEY"
"seqn_seqr_fk";"sequenze";"nome_entita";"regole_sequenze";"nome_entita";"FOREIGN KEY"
"seqn_seqr_fk";"sequenze";"nome_entita";"regole_sequenze";"az_key";"FOREIGN KEY"
"seqn_seqr_fk";"sequenze";"codice_part";"regole_sequenze";"codice_part";"FOREIGN KEY"
"seqn_seqr_fk";"sequenze";"codice_part";"regole_sequenze";"nome_entita";"FOREIGN KEY"
"seqn_seqr_fk";"sequenze";"codice_part";"regole_sequenze";"az_key";"FOREIGN KEY"
"seqr_part_fk";"regole_sequenze";"codice_part";"partizioni";"codice_part";"FOREIGN KEY"
"serv_scdp_fk";"servizi";"codice_schema_produzione";"schemi_dati_produzione";"codice_schema";"FOREIGN KEY"
"sese_serv_fk";"servizi_segmenti";"id_servizio";"servizi";"id_servizio";"FOREIGN KEY"
"sese_serv_fk";"servizi_segmenti";"id_servizio";"servizi";"codice_part";"FOREIGN KEY"
"sese_serv_fk";"servizi_segmenti";"codice_part";"servizi";"id_servizio";"FOREIGN KEY"
"sese_serv_fk";"servizi_segmenti";"codice_part";"servizi";"codice_part";"FOREIGN KEY"
"sext_part_fk";"sistemi_esterni";"codice_part";"partizioni";"codice_part";"FOREIGN KEY"
"sgrt__azie__fk";"segreti";"codice_azienda";"aziende";"codice_azienda";"FOREIGN KEY"
"sgrt__tsgt__fk";"segreti";"codice_azienda";"tipi_segreti";"id_tipo_segreto";"FOREIGN KEY"
"sgrt__tsgt__fk";"segreti";"codice_azienda";"tipi_segreti";"codice_azienda";"FOREIGN KEY"
"sgrt__tsgt__fk";"segreti";"id_tipo_segreto";"tipi_segreti";"id_tipo_segreto";"FOREIGN KEY"
"sgrt__tsgt__fk";"segreti";"id_tipo_segreto";"tipi_segreti";"codice_azienda";"FOREIGN KEY"
"slce_eser_fk";"stampa_libro_cespiti";"id_esercizio";"esercizi";"id_esercizio";"FOREIGN KEY"
"slce_eser_fk";"stampa_libro_cespiti";"id_esercizio";"esercizi";"codice_azienda";"FOREIGN KEY"
"slce_eser_fk";"stampa_libro_cespiti";"id_esercizio";"esercizi";"id_divisione";"FOREIGN KEY"
"slce_eser_fk";"stampa_libro_cespiti";"id_divisione";"esercizi";"id_esercizio";"FOREIGN KEY"
"slce_eser_fk";"stampa_libro_cespiti";"id_divisione";"esercizi";"codice_azienda";"FOREIGN KEY"
"slce_eser_fk";"stampa_libro_cespiti";"id_divisione";"esercizi";"id_divisione";"FOREIGN KEY"
"slce_eser_fk";"stampa_libro_cespiti";"codice_azienda";"esercizi";"id_esercizio";"FOREIGN KEY"
"slce_eser_fk";"stampa_libro_cespiti";"codice_azienda";"esercizi";"codice_azienda";"FOREIGN KEY"
"slce_eser_fk";"stampa_libro_cespiti";"codice_azienda";"esercizi";"id_divisione";"FOREIGN KEY"
"sndg__mtvr_fk";"sondaggi";"id_modello_test";"modelli_test_vr";"codice_azienda";"FOREIGN KEY"
"sndg__mtvr_fk";"sondaggi";"id_modello_test";"modelli_test_vr";"id_modello_test";"FOREIGN KEY"
"sndg__mtvr_fk";"sondaggi";"id_modello_test";"modelli_test_vr";"id_modello_test_vr";"FOREIGN KEY"
"sndg__mtvr_fk";"sondaggi";"id_modello_test_vr";"modelli_test_vr";"codice_azienda";"FOREIGN KEY"
"sndg__mtvr_fk";"sondaggi";"id_modello_test_vr";"modelli_test_vr";"id_modello_test";"FOREIGN KEY"
"sndg__mtvr_fk";"sondaggi";"id_modello_test_vr";"modelli_test_vr";"id_modello_test_vr";"FOREIGN KEY"
"sndg__mtvr_fk";"sondaggi";"codice_azienda";"modelli_test_vr";"codice_azienda";"FOREIGN KEY"
"sndg__mtvr_fk";"sondaggi";"codice_azienda";"modelli_test_vr";"id_modello_test";"FOREIGN KEY"
"sndg__mtvr_fk";"sondaggi";"codice_azienda";"modelli_test_vr";"id_modello_test_vr";"FOREIGN KEY"
"sndg__srip__fk";"sondaggi";"id_serie";"serie_ripetizioni";"codice_azienda";"FOREIGN KEY"
"sndg__srip__fk";"sondaggi";"id_serie";"serie_ripetizioni";"id_serie";"FOREIGN KEY"
"sndg__srip__fk";"sondaggi";"codice_azienda";"serie_ripetizioni";"codice_azienda";"FOREIGN KEY"
"sndg__srip__fk";"sondaggi";"codice_azienda";"serie_ripetizioni";"id_serie";"FOREIGN KEY"
"sndg_anid_fk";"sondaggi";"id_anagrafica";"anagrafiche_id";"codice_part";"FOREIGN KEY"
"sndg_anid_fk";"sondaggi";"id_anagrafica";"anagrafiche_id";"id_anagrafica";"FOREIGN KEY"
"sndg_anid_fk";"sondaggi";"codice_part";"anagrafiche_id";"codice_part";"FOREIGN KEY"
"sndg_anid_fk";"sondaggi";"codice_part";"anagrafiche_id";"id_anagrafica";"FOREIGN KEY"
"sndg_cege_trgt_fk";"sondaggi";"id_centro_gest";"centri_gestionali";"codice_part";"FOREIGN KEY"
"sndg_cege_trgt_fk";"sondaggi";"id_centro_gest";"centri_gestionali";"id_centro_gest";"FOREIGN KEY"
"sndg_cege_trgt_fk";"sondaggi";"codice_part";"centri_gestionali";"codice_part";"FOREIGN KEY"
"sndg_cege_trgt_fk";"sondaggi";"codice_part";"centri_gestionali";"id_centro_gest";"FOREIGN KEY"
"sndg_grpl_fk";"sondaggi";"id_gruppo_lavoro";"gruppi_lavoro";"codice_part";"FOREIGN KEY"
"sndg_grpl_fk";"sondaggi";"id_gruppo_lavoro";"gruppi_lavoro";"id_gruppo_lavoro";"FOREIGN KEY"
"sndg_grpl_fk";"sondaggi";"codice_part";"gruppi_lavoro";"codice_part";"FOREIGN KEY"
"sndg_grpl_fk";"sondaggi";"codice_part";"gruppi_lavoro";"id_gruppo_lavoro";"FOREIGN KEY"
"sndg_mdts_fk";"sondaggi";"id_modello_test";"modelli_test";"codice_azienda";"FOREIGN KEY"
"sndg_mdts_fk";"sondaggi";"id_modello_test";"modelli_test";"id_modello_test";"FOREIGN KEY"
"sndg_mdts_fk";"sondaggi";"codice_azienda";"modelli_test";"codice_azienda";"FOREIGN KEY"
"sndg_mdts_fk";"sondaggi";"codice_azienda";"modelli_test";"id_modello_test";"FOREIGN KEY"
"sndg_sdgs_fk";"sondaggi";"id_sondaggio";"sondaggi_somministrati";"id_somministrazione";"FOREIGN KEY"
"sndg_sdgs_fk";"sondaggi";"id_sondaggio";"sondaggi_somministrati";"codice_azienda";"FOREIGN KEY"
"sndg_sdgs_fk";"sondaggi";"id_sondaggio";"sondaggi_somministrati";"id_sondaggio";"FOREIGN KEY"
"sndg_sdgs_fk";"sondaggi";"id_somministrazione";"sondaggi_somministrati";"id_somministrazione";"FOREIGN KEY"
"sndg_sdgs_fk";"sondaggi";"id_somministrazione";"sondaggi_somministrati";"codice_azienda";"FOREIGN KEY"
"sndg_sdgs_fk";"sondaggi";"id_somministrazione";"sondaggi_somministrati";"id_sondaggio";"FOREIGN KEY"
"sndg_sdgs_fk";"sondaggi";"codice_azienda";"sondaggi_somministrati";"id_somministrazione";"FOREIGN KEY"
"sndg_sdgs_fk";"sondaggi";"codice_azienda";"sondaggi_somministrati";"codice_azienda";"FOREIGN KEY"
"sndg_sdgs_fk";"sondaggi";"codice_azienda";"sondaggi_somministrati";"id_sondaggio";"FOREIGN KEY"
"snga_agda_fk";"sondaggi_agende";"codice_azienda";"agenda";"codice_azienda";"FOREIGN KEY"
"snga_agda_fk";"sondaggi_agende";"codice_azienda";"agenda";"id_agenda";"FOREIGN KEY"
"snga_agda_fk";"sondaggi_agende";"id_agenda";"agenda";"codice_azienda";"FOREIGN KEY"
"snga_agda_fk";"sondaggi_agende";"id_agenda";"agenda";"id_agenda";"FOREIGN KEY"
"snga_sdgs_fk";"sondaggi_agende";"codice_azienda";"sondaggi_somministrati";"codice_azienda";"FOREIGN KEY"
"snga_sdgs_fk";"sondaggi_agende";"codice_azienda";"sondaggi_somministrati";"id_sondaggio";"FOREIGN KEY"
"snga_sdgs_fk";"sondaggi_agende";"codice_azienda";"sondaggi_somministrati";"id_somministrazione";"FOREIGN KEY"
"snga_sdgs_fk";"sondaggi_agende";"id_sondaggio";"sondaggi_somministrati";"codice_azienda";"FOREIGN KEY"
"snga_sdgs_fk";"sondaggi_agende";"id_sondaggio";"sondaggi_somministrati";"id_sondaggio";"FOREIGN KEY"
"snga_sdgs_fk";"sondaggi_agende";"id_sondaggio";"sondaggi_somministrati";"id_somministrazione";"FOREIGN KEY"
"snga_sdgs_fk";"sondaggi_agende";"id_somministrazione";"sondaggi_somministrati";"codice_azienda";"FOREIGN KEY"
"snga_sdgs_fk";"sondaggi_agende";"id_somministrazione";"sondaggi_somministrati";"id_sondaggio";"FOREIGN KEY"
"snga_sdgs_fk";"sondaggi_agende";"id_somministrazione";"sondaggi_somministrati";"id_somministrazione";"FOREIGN KEY"
"snga_sndg_fk";"sondaggi_agende";"codice_azienda";"sondaggi";"id_sondaggio";"FOREIGN KEY"
"snga_sndg_fk";"sondaggi_agende";"codice_azienda";"sondaggi";"codice_azienda";"FOREIGN KEY"
"snga_sndg_fk";"sondaggi_agende";"id_sondaggio";"sondaggi";"id_sondaggio";"FOREIGN KEY"
"snga_sndg_fk";"sondaggi_agende";"id_sondaggio";"sondaggi";"codice_azienda";"FOREIGN KEY"
"soce_soci_fk";"soci_eventi";"codice_azienda";"soci";"codice_azienda";"FOREIGN KEY"
"soce_soci_fk";"soci_eventi";"codice_azienda";"soci";"id_socio";"FOREIGN KEY"
"soce_soci_fk";"soci_eventi";"id_socio";"soci";"codice_azienda";"FOREIGN KEY"
"soce_soci_fk";"soci_eventi";"id_socio";"soci";"id_socio";"FOREIGN KEY"
"soci_anid_fk";"soci";"codice_part";"anagrafiche_id";"codice_part";"FOREIGN KEY"
"soci_anid_fk";"soci";"codice_part";"anagrafiche_id";"id_anagrafica";"FOREIGN KEY"
"soci_anid_fk";"soci";"id_anagrafica";"anagrafiche_id";"codice_part";"FOREIGN KEY"
"soci_anid_fk";"soci";"id_anagrafica";"anagrafiche_id";"id_anagrafica";"FOREIGN KEY"
"soci_azie_fk";"soci";"codice_azienda";"aziende";"codice_azienda";"FOREIGN KEY"
"socm_soci_fk";"soci_movim";"id_socio";"soci";"id_socio";"FOREIGN KEY"
"socm_soci_fk";"soci_movim";"id_socio";"soci";"codice_azienda";"FOREIGN KEY"
"socm_soci_fk";"soci_movim";"codice_azienda";"soci";"id_socio";"FOREIGN KEY"
"socm_soci_fk";"soci_movim";"codice_azienda";"soci";"codice_azienda";"FOREIGN KEY"
"socm_sotm_fk";"soci_movim";"codice_tipo_movimento";"soci_tipi_movimento";"codice_tipo_mov";"FOREIGN KEY"
"soco_anid_fk";"sottoconti";"id_anagrafica";"anagrafiche_id";"id_anagrafica";"FOREIGN KEY"
"soco_anid_fk";"sottoconti";"id_anagrafica";"anagrafiche_id";"codice_part";"FOREIGN KEY"
"soco_anid_fk";"sottoconti";"codice_part";"anagrafiche_id";"id_anagrafica";"FOREIGN KEY"
"soco_anid_fk";"sottoconti";"codice_part";"anagrafiche_id";"codice_part";"FOREIGN KEY"
"soco_azie_fk";"sottoconti";"codice_azienda";"aziende";"codice_azienda";"FOREIGN KEY"
"soco_cc_fk";"sottoconti";"id_conto_corrente";"conti_correnti";"id_conto_corrente";"FOREIGN KEY"
"soco_cc_fk";"sottoconti";"id_conto_corrente";"conti_correnti";"codice_azienda";"FOREIGN KEY"
"soco_cc_fk";"sottoconti";"codice_azienda";"conti_correnti";"id_conto_corrente";"FOREIGN KEY"
"soco_cc_fk";"sottoconti";"codice_azienda";"conti_correnti";"codice_azienda";"FOREIGN KEY"
"soco_cee_fk";"sottoconti";"id_cee";"cee";"id_cee";"FOREIGN KEY"
"soco_cnti_fk";"sottoconti";"codice_part";"conti";"codice_part";"FOREIGN KEY"
"soco_cnti_fk";"sottoconti";"codice_part";"conti";"id_pdc";"FOREIGN KEY"
"soco_cnti_fk";"sottoconti";"codice_part";"conti";"codice_template_fiscale";"FOREIGN KEY"
"soco_cnti_fk";"sottoconti";"codice_part";"conti";"id_conto";"FOREIGN KEY"
"soco_cnti_fk";"sottoconti";"id_pdc";"conti";"codice_part";"FOREIGN KEY"
"soco_cnti_fk";"sottoconti";"id_pdc";"conti";"id_pdc";"FOREIGN KEY"
"soco_cnti_fk";"sottoconti";"id_pdc";"conti";"codice_template_fiscale";"FOREIGN KEY"
"soco_cnti_fk";"sottoconti";"id_pdc";"conti";"id_conto";"FOREIGN KEY"
"soco_cnti_fk";"sottoconti";"id_conto";"conti";"codice_part";"FOREIGN KEY"
"soco_cnti_fk";"sottoconti";"id_conto";"conti";"id_pdc";"FOREIGN KEY"
"soco_cnti_fk";"sottoconti";"id_conto";"conti";"codice_template_fiscale";"FOREIGN KEY"
"soco_cnti_fk";"sottoconti";"id_conto";"conti";"id_conto";"FOREIGN KEY"
"soco_cnti_fk";"sottoconti";"codice_template_fiscale";"conti";"codice_part";"FOREIGN KEY"
"soco_cnti_fk";"sottoconti";"codice_template_fiscale";"conti";"id_pdc";"FOREIGN KEY"
"soco_cnti_fk";"sottoconti";"codice_template_fiscale";"conti";"codice_template_fiscale";"FOREIGN KEY"
"soco_cnti_fk";"sottoconti";"codice_template_fiscale";"conti";"id_conto";"FOREIGN KEY"
"soco_soco_fk";"sottoconti";"codice_template_fiscale";"sottoconti";"id_sottoconto";"FOREIGN KEY"
"soco_soco_fk";"sottoconti";"codice_template_fiscale";"sottoconti";"id_pdc";"FOREIGN KEY"
"soco_soco_fk";"sottoconti";"codice_template_fiscale";"sottoconti";"codice_part";"FOREIGN KEY"
"soco_soco_fk";"sottoconti";"codice_template_fiscale";"sottoconti";"codice_template_fiscale";"FOREIGN KEY"
"soco_soco_fk";"sottoconti";"id_pdc";"sottoconti";"id_sottoconto";"FOREIGN KEY"
"soco_soco_fk";"sottoconti";"id_pdc";"sottoconti";"id_pdc";"FOREIGN KEY"
"soco_soco_fk";"sottoconti";"id_pdc";"sottoconti";"codice_part";"FOREIGN KEY"
"soco_soco_fk";"sottoconti";"id_pdc";"sottoconti";"codice_template_fiscale";"FOREIGN KEY"
"soco_soco_fk";"sottoconti";"codice_part";"sottoconti";"id_sottoconto";"FOREIGN KEY"
"soco_soco_fk";"sottoconti";"codice_part";"sottoconti";"id_pdc";"FOREIGN KEY"
"soco_soco_fk";"sottoconti";"codice_part";"sottoconti";"codice_part";"FOREIGN KEY"
"soco_soco_fk";"sottoconti";"codice_part";"sottoconti";"codice_template_fiscale";"FOREIGN KEY"
"soco_soco_fk";"sottoconti";"id_sottoconto_parent";"sottoconti";"id_sottoconto";"FOREIGN KEY"
"soco_soco_fk";"sottoconti";"id_sottoconto_parent";"sottoconti";"id_pdc";"FOREIGN KEY"
"soco_soco_fk";"sottoconti";"id_sottoconto_parent";"sottoconti";"codice_part";"FOREIGN KEY"
"soco_soco_fk";"sottoconti";"id_sottoconto_parent";"sottoconti";"codice_template_fiscale";"FOREIGN KEY"
"soco_tsan_fk";"sottoconti";"codice_tipo_sottoconto_anag";"tipi_sottoconto_anag";"codice_tipo_sottoconto_anag";"FOREIGN KEY"
"soco_tsan_fk";"sottoconti";"codice_tipo_sottoconto_anag";"tipi_sottoconto_anag";"codice_part";"FOREIGN KEY"
"soco_tsan_fk";"sottoconti";"codice_part";"tipi_sottoconto_anag";"codice_tipo_sottoconto_anag";"FOREIGN KEY"
"soco_tsan_fk";"sottoconti";"codice_part";"tipi_sottoconto_anag";"codice_part";"FOREIGN KEY"
"soft_soco_fk";"sottoconti_ft";"id_sottoconto";"sottoconti";"codice_template_fiscale";"FOREIGN KEY"
"soft_soco_fk";"sottoconti_ft";"id_sottoconto";"sottoconti";"codice_part";"FOREIGN KEY"
"soft_soco_fk";"sottoconti_ft";"id_sottoconto";"sottoconti";"id_pdc";"FOREIGN KEY"
"soft_soco_fk";"sottoconti_ft";"id_sottoconto";"sottoconti";"id_sottoconto";"FOREIGN KEY"
"soft_soco_fk";"sottoconti_ft";"codice_part";"sottoconti";"codice_template_fiscale";"FOREIGN KEY"
"soft_soco_fk";"sottoconti_ft";"codice_part";"sottoconti";"codice_part";"FOREIGN KEY"
"soft_soco_fk";"sottoconti_ft";"codice_part";"sottoconti";"id_pdc";"FOREIGN KEY"
"soft_soco_fk";"sottoconti_ft";"codice_part";"sottoconti";"id_sottoconto";"FOREIGN KEY"
"soft_soco_fk";"sottoconti_ft";"codice_template_fiscale";"sottoconti";"codice_template_fiscale";"FOREIGN KEY"
"soft_soco_fk";"sottoconti_ft";"codice_template_fiscale";"sottoconti";"codice_part";"FOREIGN KEY"
"soft_soco_fk";"sottoconti_ft";"codice_template_fiscale";"sottoconti";"id_pdc";"FOREIGN KEY"
"soft_soco_fk";"sottoconti_ft";"codice_template_fiscale";"sottoconti";"id_sottoconto";"FOREIGN KEY"
"soft_soco_fk";"sottoconti_ft";"id_pdc";"sottoconti";"codice_template_fiscale";"FOREIGN KEY"
"soft_soco_fk";"sottoconti_ft";"id_pdc";"sottoconti";"codice_part";"FOREIGN KEY"
"soft_soco_fk";"sottoconti_ft";"id_pdc";"sottoconti";"id_pdc";"FOREIGN KEY"
"soft_soco_fk";"sottoconti_ft";"id_pdc";"sottoconti";"id_sottoconto";"FOREIGN KEY"
"sost_azie_fk";"sottoconti_std";"codice_azienda";"aziende";"codice_azienda";"FOREIGN KEY"
"sost_eser_fk";"sottoconti_std";"id_esercizio";"esercizi";"id_divisione";"FOREIGN KEY"
"sost_eser_fk";"sottoconti_std";"id_esercizio";"esercizi";"id_esercizio";"FOREIGN KEY"
"sost_eser_fk";"sottoconti_std";"id_esercizio";"esercizi";"codice_azienda";"FOREIGN KEY"
"sost_eser_fk";"sottoconti_std";"id_divisione";"esercizi";"id_divisione";"FOREIGN KEY"
"sost_eser_fk";"sottoconti_std";"id_divisione";"esercizi";"id_esercizio";"FOREIGN KEY"
"sost_eser_fk";"sottoconti_std";"id_divisione";"esercizi";"codice_azienda";"FOREIGN KEY"
"sost_eser_fk";"sottoconti_std";"codice_azienda";"esercizi";"id_divisione";"FOREIGN KEY"
"sost_eser_fk";"sottoconti_std";"codice_azienda";"esercizi";"id_esercizio";"FOREIGN KEY"
"sost_eser_fk";"sottoconti_std";"codice_azienda";"esercizi";"codice_azienda";"FOREIGN KEY"
"sost_soco_fk";"sottoconti_std";"id_sottoconto";"sottoconti";"codice_template_fiscale";"FOREIGN KEY"
"sost_soco_fk";"sottoconti_std";"id_sottoconto";"sottoconti";"id_pdc";"FOREIGN KEY"
"sost_soco_fk";"sottoconti_std";"id_sottoconto";"sottoconti";"codice_part";"FOREIGN KEY"
"sost_soco_fk";"sottoconti_std";"id_sottoconto";"sottoconti";"id_sottoconto";"FOREIGN KEY"
"sost_soco_fk";"sottoconti_std";"codice_part";"sottoconti";"codice_template_fiscale";"FOREIGN KEY"
"sost_soco_fk";"sottoconti_std";"codice_part";"sottoconti";"id_pdc";"FOREIGN KEY"
"sost_soco_fk";"sottoconti_std";"codice_part";"sottoconti";"codice_part";"FOREIGN KEY"
"sost_soco_fk";"sottoconti_std";"codice_part";"sottoconti";"id_sottoconto";"FOREIGN KEY"
"sost_soco_fk";"sottoconti_std";"codice_template_fiscale";"sottoconti";"codice_template_fiscale";"FOREIGN KEY"
"sost_soco_fk";"sottoconti_std";"codice_template_fiscale";"sottoconti";"id_pdc";"FOREIGN KEY"
"sost_soco_fk";"sottoconti_std";"codice_template_fiscale";"sottoconti";"codice_part";"FOREIGN KEY"
"sost_soco_fk";"sottoconti_std";"codice_template_fiscale";"sottoconti";"id_sottoconto";"FOREIGN KEY"
"sost_soco_fk";"sottoconti_std";"id_pdc";"sottoconti";"codice_template_fiscale";"FOREIGN KEY"
"sost_soco_fk";"sottoconti_std";"id_pdc";"sottoconti";"id_pdc";"FOREIGN KEY"
"sost_soco_fk";"sottoconti_std";"id_pdc";"sottoconti";"codice_part";"FOREIGN KEY"
"sost_soco_fk";"sottoconti_std";"id_pdc";"sottoconti";"id_sottoconto";"FOREIGN KEY"
"spes__anid_ris__fk";"spese";"codice_part";"anagrafiche_id";"id_anagrafica";"FOREIGN KEY"
"spes__anid_ris__fk";"spese";"codice_part";"anagrafiche_id";"codice_part";"FOREIGN KEY"
"spes__anid_ris__fk";"spese";"id_risorsa";"anagrafiche_id";"id_anagrafica";"FOREIGN KEY"
"spes__anid_ris__fk";"spese";"id_risorsa";"anagrafiche_id";"codice_part";"FOREIGN KEY"
"spes__anvr_cli__fk";"spese";"codice_part";"anagrafiche_vr";"codice_part";"FOREIGN KEY"
"spes__anvr_cli__fk";"spese";"codice_part";"anagrafiche_vr";"id_anagrafica";"FOREIGN KEY"
"spes__anvr_cli__fk";"spese";"codice_part";"anagrafiche_vr";"prog_vr";"FOREIGN KEY"
"spes__anvr_cli__fk";"spese";"id_cliente";"anagrafiche_vr";"codice_part";"FOREIGN KEY"
"spes__anvr_cli__fk";"spese";"id_cliente";"anagrafiche_vr";"id_anagrafica";"FOREIGN KEY"
"spes__anvr_cli__fk";"spese";"id_cliente";"anagrafiche_vr";"prog_vr";"FOREIGN KEY"
"spes__anvr_cli__fk";"spese";"prog_vr_cli";"anagrafiche_vr";"codice_part";"FOREIGN KEY"
"spes__anvr_cli__fk";"spese";"prog_vr_cli";"anagrafiche_vr";"id_anagrafica";"FOREIGN KEY"
"spes__anvr_cli__fk";"spese";"prog_vr_cli";"anagrafiche_vr";"prog_vr";"FOREIGN KEY"
"spes__anvr_dest__fk";"spese";"prog_vr_luogo";"anagrafiche_vr";"prog_vr";"FOREIGN KEY"
"spes__anvr_dest__fk";"spese";"prog_vr_luogo";"anagrafiche_vr";"id_anagrafica";"FOREIGN KEY"
"spes__anvr_dest__fk";"spese";"prog_vr_luogo";"anagrafiche_vr";"codice_part";"FOREIGN KEY"
"spes__anvr_dest__fk";"spese";"codice_part";"anagrafiche_vr";"prog_vr";"FOREIGN KEY"
"spes__anvr_dest__fk";"spese";"codice_part";"anagrafiche_vr";"id_anagrafica";"FOREIGN KEY"
"spes__anvr_dest__fk";"spese";"codice_part";"anagrafiche_vr";"codice_part";"FOREIGN KEY"
"spes__anvr_dest__fk";"spese";"id_luogo_intervento";"anagrafiche_vr";"prog_vr";"FOREIGN KEY"
"spes__anvr_dest__fk";"spese";"id_luogo_intervento";"anagrafiche_vr";"id_anagrafica";"FOREIGN KEY"
"spes__anvr_dest__fk";"spese";"id_luogo_intervento";"anagrafiche_vr";"codice_part";"FOREIGN KEY"
"spes_agda_fk";"spese";"id_agenda";"agenda";"id_agenda";"FOREIGN KEY"
"spes_agda_fk";"spese";"id_agenda";"agenda";"codice_azienda";"FOREIGN KEY"
"spes_agda_fk";"spese";"codice_azienda";"agenda";"id_agenda";"FOREIGN KEY"
"spes_agda_fk";"spese";"codice_azienda";"agenda";"codice_azienda";"FOREIGN KEY"
"spes_cszn_fk";"spese";"id_cons";"consuntivazioni";"codice_azienda";"FOREIGN KEY"
"spes_cszn_fk";"spese";"id_cons";"consuntivazioni";"id_cons";"FOREIGN KEY"
"spes_cszn_fk";"spese";"codice_azienda";"consuntivazioni";"codice_azienda";"FOREIGN KEY"
"spes_cszn_fk";"spese";"codice_azienda";"consuntivazioni";"id_cons";"FOREIGN KEY"
"spes_nosp_fk";"spese";"id_nota_spese";"note_spese";"id_nota_spese";"FOREIGN KEY"
"spes_nosp_fk";"spese";"id_nota_spese";"note_spese";"codice_azienda";"FOREIGN KEY"
"spes_nosp_fk";"spese";"codice_azienda";"note_spese";"id_nota_spese";"FOREIGN KEY"
"spes_nosp_fk";"spese";"codice_azienda";"note_spese";"codice_azienda";"FOREIGN KEY"
"spmt_azie_fk";"spesometro_2012";"codice_azienda";"aziende";"codice_azienda";"FOREIGN KEY"
"spri_cpmt_fk";"spesometro_2012_reg_iva";"id_spesometro";"spesometro_2012";"id_spesometro";"FOREIGN KEY"
"spri_cpmt_fk";"spesometro_2012_reg_iva";"id_spesometro";"spesometro_2012";"codice_azienda";"FOREIGN KEY"
"spri_cpmt_fk";"spesometro_2012_reg_iva";"codice_azienda";"spesometro_2012";"id_spesometro";"FOREIGN KEY"
"spri_cpmt_fk";"spesometro_2012_reg_iva";"codice_azienda";"spesometro_2012";"codice_azienda";"FOREIGN KEY"
"spri_riva_fk";"spesometro_2012_reg_iva";"codice_azienda";"reg_iva";"codice_azienda";"FOREIGN KEY"
"spri_riva_fk";"spesometro_2012_reg_iva";"codice_azienda";"reg_iva";"id_reg_iva";"FOREIGN KEY"
"spri_riva_fk";"spesometro_2012_reg_iva";"codice_azienda";"reg_iva";"id_documento";"FOREIGN KEY"
"spri_riva_fk";"spesometro_2012_reg_iva";"id_documento";"reg_iva";"codice_azienda";"FOREIGN KEY"
"spri_riva_fk";"spesometro_2012_reg_iva";"id_documento";"reg_iva";"id_reg_iva";"FOREIGN KEY"
"spri_riva_fk";"spesometro_2012_reg_iva";"id_documento";"reg_iva";"id_documento";"FOREIGN KEY"
"spri_riva_fk";"spesometro_2012_reg_iva";"id_reg_iva";"reg_iva";"codice_azienda";"FOREIGN KEY"
"spri_riva_fk";"spesometro_2012_reg_iva";"id_reg_iva";"reg_iva";"id_reg_iva";"FOREIGN KEY"
"spri_riva_fk";"spesometro_2012_reg_iva";"id_reg_iva";"reg_iva";"id_documento";"FOREIGN KEY"
"spri_sptt_fk";"spesometro_2012_reg_iva";"codice_azienda";"spesometro_2012_totali";"chiave_aggregazione";"FOREIGN KEY"
"spri_sptt_fk";"spesometro_2012_reg_iva";"codice_azienda";"spesometro_2012_totali";"codice_azienda";"FOREIGN KEY"
"spri_sptt_fk";"spesometro_2012_reg_iva";"codice_azienda";"spesometro_2012_totali";"id_spesometro";"FOREIGN KEY"
"spri_sptt_fk";"spesometro_2012_reg_iva";"chiave_aggregazione";"spesometro_2012_totali";"chiave_aggregazione";"FOREIGN KEY"
"spri_sptt_fk";"spesometro_2012_reg_iva";"chiave_aggregazione";"spesometro_2012_totali";"codice_azienda";"FOREIGN KEY"
"spri_sptt_fk";"spesometro_2012_reg_iva";"chiave_aggregazione";"spesometro_2012_totali";"id_spesometro";"FOREIGN KEY"
"spri_sptt_fk";"spesometro_2012_reg_iva";"id_spesometro";"spesometro_2012_totali";"chiave_aggregazione";"FOREIGN KEY"
"spri_sptt_fk";"spesometro_2012_reg_iva";"id_spesometro";"spesometro_2012_totali";"codice_azienda";"FOREIGN KEY"
"spri_sptt_fk";"spesometro_2012_reg_iva";"id_spesometro";"spesometro_2012_totali";"id_spesometro";"FOREIGN KEY"
"sptt_spmt_fk";"spesometro_2012_totali";"codice_azienda";"spesometro_2012";"codice_azienda";"FOREIGN KEY"
"sptt_spmt_fk";"spesometro_2012_totali";"codice_azienda";"spesometro_2012";"id_spesometro";"FOREIGN KEY"
"sptt_spmt_fk";"spesometro_2012_totali";"id_spesometro";"spesometro_2012";"codice_azienda";"FOREIGN KEY"
"sptt_spmt_fk";"spesometro_2012_totali";"id_spesometro";"spesometro_2012";"id_spesometro";"FOREIGN KEY"
"spvv_scpv_fk";"scale_provvigioni_valori";"id_tipo_scala_provv";"scale_provvigioni";"codice_azienda";"FOREIGN KEY"
"spvv_scpv_fk";"scale_provvigioni_valori";"id_tipo_scala_provv";"scale_provvigioni";"id_tipo_scala_provv";"FOREIGN KEY"
"spvv_scpv_fk";"scale_provvigioni_valori";"id_tipo_scala_provv";"scale_provvigioni";"data_inizio";"FOREIGN KEY"
"spvv_scpv_fk";"scale_provvigioni_valori";"codice_azienda";"scale_provvigioni";"codice_azienda";"FOREIGN KEY"
"spvv_scpv_fk";"scale_provvigioni_valori";"codice_azienda";"scale_provvigioni";"id_tipo_scala_provv";"FOREIGN KEY"
"spvv_scpv_fk";"scale_provvigioni_valori";"codice_azienda";"scale_provvigioni";"data_inizio";"FOREIGN KEY"
"spvv_scpv_fk";"scale_provvigioni_valori";"data_inizio";"scale_provvigioni";"codice_azienda";"FOREIGN KEY"
"spvv_scpv_fk";"scale_provvigioni_valori";"data_inizio";"scale_provvigioni";"id_tipo_scala_provv";"FOREIGN KEY"
"spvv_scpv_fk";"scale_provvigioni_valori";"data_inizio";"scale_provvigioni";"data_inizio";"FOREIGN KEY"
"srcl_lige_fk";"servizi_compenso_listino";"codice_listino";"listini_generali";"codice_listino";"FOREIGN KEY"
"srcl_lige_fk";"servizi_compenso_listino";"codice_listino";"listini_generali";"codice_azienda";"FOREIGN KEY"
"srcl_lige_fk";"servizi_compenso_listino";"codice_azienda";"listini_generali";"codice_listino";"FOREIGN KEY"
"srcl_lige_fk";"servizi_compenso_listino";"codice_azienda";"listini_generali";"codice_azienda";"FOREIGN KEY"
"srcl_srtc_fk";"servizi_compenso_listino";"codice_part";"servizi_tipo_compenso";"tipo_compenso";"FOREIGN KEY"
"srcl_srtc_fk";"servizi_compenso_listino";"codice_part";"servizi_tipo_compenso";"codice_part";"FOREIGN KEY"
"srcl_srtc_fk";"servizi_compenso_listino";"codice_part";"servizi_tipo_compenso";"id_servizio";"FOREIGN KEY"
"srcl_srtc_fk";"servizi_compenso_listino";"tipo_compenso";"servizi_tipo_compenso";"tipo_compenso";"FOREIGN KEY"
"srcl_srtc_fk";"servizi_compenso_listino";"tipo_compenso";"servizi_tipo_compenso";"codice_part";"FOREIGN KEY"
"srcl_srtc_fk";"servizi_compenso_listino";"tipo_compenso";"servizi_tipo_compenso";"id_servizio";"FOREIGN KEY"
"srcl_srtc_fk";"servizi_compenso_listino";"id_servizio";"servizi_tipo_compenso";"tipo_compenso";"FOREIGN KEY"
"srcl_srtc_fk";"servizi_compenso_listino";"id_servizio";"servizi_tipo_compenso";"codice_part";"FOREIGN KEY"
"srcl_srtc_fk";"servizi_compenso_listino";"id_servizio";"servizi_tipo_compenso";"id_servizio";"FOREIGN KEY"
"srcl_srvv_fk";"servizi_compenso_listino";"codice_part";"servizi_offerti";"id_servizio_off";"FOREIGN KEY"
"srcl_srvv_fk";"servizi_compenso_listino";"codice_part";"servizi_offerti";"codice_part";"FOREIGN KEY"
"srcl_srvv_fk";"servizi_compenso_listino";"id_servizio_off";"servizi_offerti";"id_servizio_off";"FOREIGN KEY"
"srcl_srvv_fk";"servizi_compenso_listino";"id_servizio_off";"servizi_offerti";"codice_part";"FOREIGN KEY"
"srip__fsog__fk";"serie_ripetizioni";"id_filtro_selezione";"filtri_selezione_oggetti";"id_filtro_selezione";"FOREIGN KEY"
"srpo__srip__fk";"serie_ripetizioni_oggetti";"codice_azienda";"serie_ripetizioni";"codice_azienda";"FOREIGN KEY"
"srpo__srip__fk";"serie_ripetizioni_oggetti";"codice_azienda";"serie_ripetizioni";"id_serie";"FOREIGN KEY"
"srpo__srip__fk";"serie_ripetizioni_oggetti";"id_serie";"serie_ripetizioni";"codice_azienda";"FOREIGN KEY"
"srpo__srip__fk";"serie_ripetizioni_oggetti";"id_serie";"serie_ripetizioni";"id_serie";"FOREIGN KEY"
"srtc_serv_fk";"servizi_tipo_compenso";"id_servizio";"servizi";"id_servizio";"FOREIGN KEY"
"srtc_serv_fk";"servizi_tipo_compenso";"id_servizio";"servizi";"codice_part";"FOREIGN KEY"
"srtc_serv_fk";"servizi_tipo_compenso";"codice_part";"servizi";"id_servizio";"FOREIGN KEY"
"srtc_serv_fk";"servizi_tipo_compenso";"codice_part";"servizi";"codice_part";"FOREIGN KEY"
"srva_anid_fk";"servizi_comprati";"codice_part";"anagrafiche_id";"codice_part";"FOREIGN KEY"
"srva_anid_fk";"servizi_comprati";"codice_part";"anagrafiche_id";"id_anagrafica";"FOREIGN KEY"
"srva_anid_fk";"servizi_comprati";"id_cliente";"anagrafiche_id";"codice_part";"FOREIGN KEY"
"srva_anid_fk";"servizi_comprati";"id_cliente";"anagrafiche_id";"id_anagrafica";"FOREIGN KEY"
"srva_anid_fk_ft";"servizi_comprati";"id_anagrafica_ft";"anagrafiche_id";"id_anagrafica";"FOREIGN KEY"
"srva_anid_fk_ft";"servizi_comprati";"id_anagrafica_ft";"anagrafiche_id";"codice_part";"FOREIGN KEY"
"srva_anid_fk_ft";"servizi_comprati";"codice_part";"anagrafiche_id";"id_anagrafica";"FOREIGN KEY"
"srva_anid_fk_ft";"servizi_comprati";"codice_part";"anagrafiche_id";"codice_part";"FOREIGN KEY"
"srva_cege_fk";"servizi_comprati";"codice_part";"centri_gestionali";"codice_part";"FOREIGN KEY"
"srva_cege_fk";"servizi_comprati";"codice_part";"centri_gestionali";"id_centro_gest";"FOREIGN KEY"
"srva_cege_fk";"servizi_comprati";"id_centro_gest";"centri_gestionali";"codice_part";"FOREIGN KEY"
"srva_cege_fk";"servizi_comprati";"id_centro_gest";"centri_gestionali";"id_centro_gest";"FOREIGN KEY"
"srva_sedi_fk";"servizi_comprati";"codice_part";"sedi";"codice_sede";"FOREIGN KEY"
"srva_sedi_fk";"servizi_comprati";"codice_part";"sedi";"codice_part";"FOREIGN KEY"
"srva_sedi_fk";"servizi_comprati";"codice_sede";"sedi";"codice_sede";"FOREIGN KEY"
"srva_sedi_fk";"servizi_comprati";"codice_sede";"sedi";"codice_part";"FOREIGN KEY"
"srva_sese_fk";"servizi_comprati";"codice_segmento";"servizi_segmenti";"codice_segmento";"FOREIGN KEY"
"srva_sese_fk";"servizi_comprati";"codice_segmento";"servizi_segmenti";"codice_part";"FOREIGN KEY"
"srva_sese_fk";"servizi_comprati";"codice_segmento";"servizi_segmenti";"id_servizio";"FOREIGN KEY"
"srva_sese_fk";"servizi_comprati";"codice_part";"servizi_segmenti";"codice_segmento";"FOREIGN KEY"
"srva_sese_fk";"servizi_comprati";"codice_part";"servizi_segmenti";"codice_part";"FOREIGN KEY"
"srva_sese_fk";"servizi_comprati";"codice_part";"servizi_segmenti";"id_servizio";"FOREIGN KEY"
"srva_sese_fk";"servizi_comprati";"id_servizio";"servizi_segmenti";"codice_segmento";"FOREIGN KEY"
"srva_sese_fk";"servizi_comprati";"id_servizio";"servizi_segmenti";"codice_part";"FOREIGN KEY"
"srva_sese_fk";"servizi_comprati";"id_servizio";"servizi_segmenti";"id_servizio";"FOREIGN KEY"
"srva_srtc_fk";"servizi_comprati";"tipo_compenso";"servizi_tipo_compenso";"id_servizio";"FOREIGN KEY"
"srva_srtc_fk";"servizi_comprati";"tipo_compenso";"servizi_tipo_compenso";"codice_part";"FOREIGN KEY"
"srva_srtc_fk";"servizi_comprati";"tipo_compenso";"servizi_tipo_compenso";"tipo_compenso";"FOREIGN KEY"
"srva_srtc_fk";"servizi_comprati";"id_servizio";"servizi_tipo_compenso";"id_servizio";"FOREIGN KEY"
"srva_srtc_fk";"servizi_comprati";"id_servizio";"servizi_tipo_compenso";"codice_part";"FOREIGN KEY"
"srva_srtc_fk";"servizi_comprati";"id_servizio";"servizi_tipo_compenso";"tipo_compenso";"FOREIGN KEY"
"srva_srtc_fk";"servizi_comprati";"codice_part";"servizi_tipo_compenso";"id_servizio";"FOREIGN KEY"
"srva_srtc_fk";"servizi_comprati";"codice_part";"servizi_tipo_compenso";"codice_part";"FOREIGN KEY"
"srva_srtc_fk";"servizi_comprati";"codice_part";"servizi_tipo_compenso";"tipo_compenso";"FOREIGN KEY"
"srva_srvv_fk";"servizi_comprati";"id_servizio_off";"servizi_offerti";"id_servizio_off";"FOREIGN KEY"
"srva_srvv_fk";"servizi_comprati";"id_servizio_off";"servizi_offerti";"codice_part";"FOREIGN KEY"
"srva_srvv_fk";"servizi_comprati";"codice_part";"servizi_offerti";"id_servizio_off";"FOREIGN KEY"
"srva_srvv_fk";"servizi_comprati";"codice_part";"servizi_offerti";"codice_part";"FOREIGN KEY"
"srvv_anid_fatt_fk";"servizi_offerti";"codice_part";"anagrafiche_id";"id_anagrafica";"FOREIGN KEY"
"srvv_anid_fatt_fk";"servizi_offerti";"codice_part";"anagrafiche_id";"codice_part";"FOREIGN KEY"
"srvv_anid_fatt_fk";"servizi_offerti";"id_anagrafica_fatt";"anagrafiche_id";"id_anagrafica";"FOREIGN KEY"
"srvv_anid_fatt_fk";"servizi_offerti";"id_anagrafica_fatt";"anagrafiche_id";"codice_part";"FOREIGN KEY"
"srvv_anid_pres_fk";"servizi_offerti";"id_anagrafica_pres";"anagrafiche_id";"codice_part";"FOREIGN KEY"
"srvv_anid_pres_fk";"servizi_offerti";"id_anagrafica_pres";"anagrafiche_id";"id_anagrafica";"FOREIGN KEY"
"srvv_anid_pres_fk";"servizi_offerti";"codice_part";"anagrafiche_id";"codice_part";"FOREIGN KEY"
"srvv_anid_pres_fk";"servizi_offerti";"codice_part";"anagrafiche_id";"id_anagrafica";"FOREIGN KEY"
"srvv_azie_erog_fk";"servizi_offerti";"codice_azienda_erogante";"aziende";"codice_azienda";"FOREIGN KEY"
"srvv_cntr_fk";"servizi_offerti";"codice_azienda_erogante";"contratti";"id_contratto";"FOREIGN KEY"
"srvv_cntr_fk";"servizi_offerti";"codice_azienda_erogante";"contratti";"codice_azienda";"FOREIGN KEY"
"srvv_cntr_fk";"servizi_offerti";"id_contratto_default";"contratti";"id_contratto";"FOREIGN KEY"
"srvv_cntr_fk";"servizi_offerti";"id_contratto_default";"contratti";"codice_azienda";"FOREIGN KEY"
"srvv_srvz_fk";"servizi_offerti";"id_servizio";"servizi";"id_servizio";"FOREIGN KEY"
"srvv_srvz_fk";"servizi_offerti";"id_servizio";"servizi";"codice_part";"FOREIGN KEY"
"srvv_srvz_fk";"servizi_offerti";"codice_part";"servizi";"id_servizio";"FOREIGN KEY"
"srvv_srvz_fk";"servizi_offerti";"codice_part";"servizi";"codice_part";"FOREIGN KEY"
"srvz_prtz_fk";"servizi";"codice_part";"partizioni";"codice_part";"FOREIGN KEY"
"sscl_eser_fk";"stampe_saldi_clienti";"id_divisione";"esercizi";"id_divisione";"FOREIGN KEY"
"sscl_eser_fk";"stampe_saldi_clienti";"id_divisione";"esercizi";"codice_azienda";"FOREIGN KEY"
"sscl_eser_fk";"stampe_saldi_clienti";"id_divisione";"esercizi";"id_esercizio";"FOREIGN KEY"
"sscl_eser_fk";"stampe_saldi_clienti";"codice_azienda";"esercizi";"id_divisione";"FOREIGN KEY"
"sscl_eser_fk";"stampe_saldi_clienti";"codice_azienda";"esercizi";"codice_azienda";"FOREIGN KEY"
"sscl_eser_fk";"stampe_saldi_clienti";"codice_azienda";"esercizi";"id_esercizio";"FOREIGN KEY"
"sscl_eser_fk";"stampe_saldi_clienti";"id_esercizio";"esercizi";"id_divisione";"FOREIGN KEY"
"sscl_eser_fk";"stampe_saldi_clienti";"id_esercizio";"esercizi";"codice_azienda";"FOREIGN KEY"
"sscl_eser_fk";"stampe_saldi_clienti";"id_esercizio";"esercizi";"id_esercizio";"FOREIGN KEY"
"sscl_eser_prec_fk";"stampe_saldi_clienti";"id_divisione";"esercizi";"id_divisione";"FOREIGN KEY"
"sscl_eser_prec_fk";"stampe_saldi_clienti";"id_divisione";"esercizi";"id_esercizio";"FOREIGN KEY"
"sscl_eser_prec_fk";"stampe_saldi_clienti";"id_divisione";"esercizi";"codice_azienda";"FOREIGN KEY"
"sscl_eser_prec_fk";"stampe_saldi_clienti";"id_esercizio_prec";"esercizi";"id_divisione";"FOREIGN KEY"
"sscl_eser_prec_fk";"stampe_saldi_clienti";"id_esercizio_prec";"esercizi";"id_esercizio";"FOREIGN KEY"
"sscl_eser_prec_fk";"stampe_saldi_clienti";"id_esercizio_prec";"esercizi";"codice_azienda";"FOREIGN KEY"
"sscl_eser_prec_fk";"stampe_saldi_clienti";"codice_azienda";"esercizi";"id_divisione";"FOREIGN KEY"
"sscl_eser_prec_fk";"stampe_saldi_clienti";"codice_azienda";"esercizi";"id_esercizio";"FOREIGN KEY"
"sscl_eser_prec_fk";"stampe_saldi_clienti";"codice_azienda";"esercizi";"codice_azienda";"FOREIGN KEY"
"ssoc_sdgs_fk";"sondaggi_somministrati_oggetti_considerati";"codice_azienda";"sondaggi_somministrati";"codice_azienda";"FOREIGN KEY"
"ssoc_sdgs_fk";"sondaggi_somministrati_oggetti_considerati";"codice_azienda";"sondaggi_somministrati";"id_sondaggio";"FOREIGN KEY"
"ssoc_sdgs_fk";"sondaggi_somministrati_oggetti_considerati";"codice_azienda";"sondaggi_somministrati";"id_somministrazione";"FOREIGN KEY"
"ssoc_sdgs_fk";"sondaggi_somministrati_oggetti_considerati";"id_somministrazione";"sondaggi_somministrati";"codice_azienda";"FOREIGN KEY"
"ssoc_sdgs_fk";"sondaggi_somministrati_oggetti_considerati";"id_somministrazione";"sondaggi_somministrati";"id_sondaggio";"FOREIGN KEY"
"ssoc_sdgs_fk";"sondaggi_somministrati_oggetti_considerati";"id_somministrazione";"sondaggi_somministrati";"id_somministrazione";"FOREIGN KEY"
"ssoc_sdgs_fk";"sondaggi_somministrati_oggetti_considerati";"id_sondaggio";"sondaggi_somministrati";"codice_azienda";"FOREIGN KEY"
"ssoc_sdgs_fk";"sondaggi_somministrati_oggetti_considerati";"id_sondaggio";"sondaggi_somministrati";"id_sondaggio";"FOREIGN KEY"
"ssoc_sdgs_fk";"sondaggi_somministrati_oggetti_considerati";"id_sondaggio";"sondaggi_somministrati";"id_somministrazione";"FOREIGN KEY"
"stba_azie_sel_fk";"stampe_bilancio_aziende";"codice_azienda_sel";"aziende";"codice_azienda";"FOREIGN KEY"
"stba_stbi_fk";"stampe_bilancio_aziende";"id_sb";"stampe_bilancio";"codice_azienda";"FOREIGN KEY"
"stba_stbi_fk";"stampe_bilancio_aziende";"id_sb";"stampe_bilancio";"id_sb";"FOREIGN KEY"
"stba_stbi_fk";"stampe_bilancio_aziende";"codice_azienda";"stampe_bilancio";"codice_azienda";"FOREIGN KEY"
"stba_stbi_fk";"stampe_bilancio_aziende";"codice_azienda";"stampe_bilancio";"id_sb";"FOREIGN KEY"
"stbd_divi_fk";"stampe_bilancio_divisioni";"id_divisione";"divisioni";"id_divisione";"FOREIGN KEY"
"stbd_divi_fk";"stampe_bilancio_divisioni";"id_divisione";"divisioni";"codice_azienda";"FOREIGN KEY"
"stbd_divi_fk";"stampe_bilancio_divisioni";"codice_azienda";"divisioni";"id_divisione";"FOREIGN KEY"
"stbd_divi_fk";"stampe_bilancio_divisioni";"codice_azienda";"divisioni";"codice_azienda";"FOREIGN KEY"
"stbd_stbi_fk";"stampe_bilancio_divisioni";"codice_azienda";"stampe_bilancio";"codice_azienda";"FOREIGN KEY"
"stbd_stbi_fk";"stampe_bilancio_divisioni";"codice_azienda";"stampe_bilancio";"id_sb";"FOREIGN KEY"
"stbd_stbi_fk";"stampe_bilancio_divisioni";"id_sb";"stampe_bilancio";"codice_azienda";"FOREIGN KEY"
"stbd_stbi_fk";"stampe_bilancio_divisioni";"id_sb";"stampe_bilancio";"id_sb";"FOREIGN KEY"
"stbi_azie_fk";"stampe_bilancio";"codice_azienda";"aziende";"codice_azienda";"FOREIGN KEY"
"stbi_cege_fk";"stampe_bilancio";"codice_part";"centri_gestionali";"id_centro_gest";"FOREIGN KEY"
"stbi_cege_fk";"stampe_bilancio";"codice_part";"centri_gestionali";"codice_part";"FOREIGN KEY"
"stbi_cege_fk";"stampe_bilancio";"id_centro_gest";"centri_gestionali";"id_centro_gest";"FOREIGN KEY"
"stbi_cege_fk";"stampe_bilancio";"id_centro_gest";"centri_gestionali";"codice_part";"FOREIGN KEY"
"stbi_divi_fk";"stampe_bilancio";"codice_azienda";"divisioni";"codice_azienda";"FOREIGN KEY"
"stbi_divi_fk";"stampe_bilancio";"codice_azienda";"divisioni";"id_divisione";"FOREIGN KEY"
"stbi_divi_fk";"stampe_bilancio";"id_divisione";"divisioni";"codice_azienda";"FOREIGN KEY"
"stbi_divi_fk";"stampe_bilancio";"id_divisione";"divisioni";"id_divisione";"FOREIGN KEY"
"stbi_eser_fk";"stampe_bilancio";"id_esercizio";"esercizi";"id_esercizio";"FOREIGN KEY"
"stbi_eser_fk";"stampe_bilancio";"id_esercizio";"esercizi";"codice_azienda";"FOREIGN KEY"
"stbi_eser_fk";"stampe_bilancio";"id_esercizio";"esercizi";"id_divisione";"FOREIGN KEY"
"stbi_eser_fk";"stampe_bilancio";"codice_azienda";"esercizi";"id_esercizio";"FOREIGN KEY"
"stbi_eser_fk";"stampe_bilancio";"codice_azienda";"esercizi";"codice_azienda";"FOREIGN KEY"
"stbi_eser_fk";"stampe_bilancio";"codice_azienda";"esercizi";"id_divisione";"FOREIGN KEY"
"stbi_eser_fk";"stampe_bilancio";"id_divisione";"esercizi";"id_esercizio";"FOREIGN KEY"
"stbi_eser_fk";"stampe_bilancio";"id_divisione";"esercizi";"codice_azienda";"FOREIGN KEY"
"stbi_eser_fk";"stampe_bilancio";"id_divisione";"esercizi";"id_divisione";"FOREIGN KEY"
"stbi_pdc_fk";"stampe_bilancio";"id_pdc";"pdc";"codice_part";"FOREIGN KEY"
"stbi_pdc_fk";"stampe_bilancio";"id_pdc";"pdc";"codice_template_fiscale";"FOREIGN KEY"
"stbi_pdc_fk";"stampe_bilancio";"id_pdc";"pdc";"id_pdc";"FOREIGN KEY"
"stbi_pdc_fk";"stampe_bilancio";"codice_template_fiscale";"pdc";"codice_part";"FOREIGN KEY"
"stbi_pdc_fk";"stampe_bilancio";"codice_template_fiscale";"pdc";"codice_template_fiscale";"FOREIGN KEY"
"stbi_pdc_fk";"stampe_bilancio";"codice_template_fiscale";"pdc";"id_pdc";"FOREIGN KEY"
"stbi_pdc_fk";"stampe_bilancio";"codice_part";"pdc";"codice_part";"FOREIGN KEY"
"stbi_pdc_fk";"stampe_bilancio";"codice_part";"pdc";"codice_template_fiscale";"FOREIGN KEY"
"stbi_pdc_fk";"stampe_bilancio";"codice_part";"pdc";"id_pdc";"FOREIGN KEY"
"stbi_ricl_fk";"stampe_bilancio";"id_pdc";"riclass";"id_riclass";"FOREIGN KEY"
"stbi_ricl_fk";"stampe_bilancio";"id_pdc";"riclass";"codice_part";"FOREIGN KEY"
"stbi_ricl_fk";"stampe_bilancio";"id_pdc";"riclass";"id_pdc";"FOREIGN KEY"
"stbi_ricl_fk";"stampe_bilancio";"id_pdc";"riclass";"codice_template_fiscale";"FOREIGN KEY"
"stbi_ricl_fk";"stampe_bilancio";"codice_template_fiscale";"riclass";"id_riclass";"FOREIGN KEY"
"stbi_ricl_fk";"stampe_bilancio";"codice_template_fiscale";"riclass";"codice_part";"FOREIGN KEY"
"stbi_ricl_fk";"stampe_bilancio";"codice_template_fiscale";"riclass";"id_pdc";"FOREIGN KEY"
"stbi_ricl_fk";"stampe_bilancio";"codice_template_fiscale";"riclass";"codice_template_fiscale";"FOREIGN KEY"
"stbi_ricl_fk";"stampe_bilancio";"codice_part";"riclass";"id_riclass";"FOREIGN KEY"
"stbi_ricl_fk";"stampe_bilancio";"codice_part";"riclass";"codice_part";"FOREIGN KEY"
"stbi_ricl_fk";"stampe_bilancio";"codice_part";"riclass";"id_pdc";"FOREIGN KEY"
"stbi_ricl_fk";"stampe_bilancio";"codice_part";"riclass";"codice_template_fiscale";"FOREIGN KEY"
"stbi_ricl_fk";"stampe_bilancio";"id_riclass";"riclass";"id_riclass";"FOREIGN KEY"
"stbi_ricl_fk";"stampe_bilancio";"id_riclass";"riclass";"codice_part";"FOREIGN KEY"
"stbi_ricl_fk";"stampe_bilancio";"id_riclass";"riclass";"id_pdc";"FOREIGN KEY"
"stbi_ricl_fk";"stampe_bilancio";"id_riclass";"riclass";"codice_template_fiscale";"FOREIGN KEY"
"stbi_stbi_fk";"stampe_bilancio";"id_sb_parent";"stampe_bilancio";"codice_azienda";"FOREIGN KEY"
"stbi_stbi_fk";"stampe_bilancio";"id_sb_parent";"stampe_bilancio";"id_sb";"FOREIGN KEY"
"stbi_stbi_fk";"stampe_bilancio";"codice_azienda";"stampe_bilancio";"codice_azienda";"FOREIGN KEY"
"stbi_stbi_fk";"stampe_bilancio";"codice_azienda";"stampe_bilancio";"id_sb";"FOREIGN KEY"
"stlg_eser_fk";"stampa_libro_giornale";"codice_azienda";"esercizi";"id_esercizio";"FOREIGN KEY"
"stlg_eser_fk";"stampa_libro_giornale";"codice_azienda";"esercizi";"id_divisione";"FOREIGN KEY"
"stlg_eser_fk";"stampa_libro_giornale";"codice_azienda";"esercizi";"codice_azienda";"FOREIGN KEY"
"stlg_eser_fk";"stampa_libro_giornale";"id_divisione";"esercizi";"id_esercizio";"FOREIGN KEY"
"stlg_eser_fk";"stampa_libro_giornale";"id_divisione";"esercizi";"id_divisione";"FOREIGN KEY"
"stlg_eser_fk";"stampa_libro_giornale";"id_divisione";"esercizi";"codice_azienda";"FOREIGN KEY"
"stlg_eser_fk";"stampa_libro_giornale";"id_esercizio";"esercizi";"id_esercizio";"FOREIGN KEY"
"stlg_eser_fk";"stampa_libro_giornale";"id_esercizio";"esercizi";"id_divisione";"FOREIGN KEY"
"stlg_eser_fk";"stampa_libro_giornale";"id_esercizio";"esercizi";"codice_azienda";"FOREIGN KEY"
"stli_liva_fk";"stampa_libro_iva";"periodo";"liquidazione_iva";"periodo";"FOREIGN KEY"
"stli_liva_fk";"stampa_libro_iva";"periodo";"liquidazione_iva";"id_documento";"FOREIGN KEY"
"stli_liva_fk";"stampa_libro_iva";"periodo";"liquidazione_iva";"codice_azienda";"FOREIGN KEY"
"stli_liva_fk";"stampa_libro_iva";"periodo";"liquidazione_iva";"anno";"FOREIGN KEY"
"stli_liva_fk";"stampa_libro_iva";"anno";"liquidazione_iva";"periodo";"FOREIGN KEY"
"stli_liva_fk";"stampa_libro_iva";"anno";"liquidazione_iva";"id_documento";"FOREIGN KEY"
"stli_liva_fk";"stampa_libro_iva";"anno";"liquidazione_iva";"codice_azienda";"FOREIGN KEY"
"stli_liva_fk";"stampa_libro_iva";"anno";"liquidazione_iva";"anno";"FOREIGN KEY"
"stli_liva_fk";"stampa_libro_iva";"id_documento";"liquidazione_iva";"periodo";"FOREIGN KEY"
"stli_liva_fk";"stampa_libro_iva";"id_documento";"liquidazione_iva";"id_documento";"FOREIGN KEY"
"stli_liva_fk";"stampa_libro_iva";"id_documento";"liquidazione_iva";"codice_azienda";"FOREIGN KEY"
"stli_liva_fk";"stampa_libro_iva";"id_documento";"liquidazione_iva";"anno";"FOREIGN KEY"
"stli_liva_fk";"stampa_libro_iva";"codice_azienda";"liquidazione_iva";"periodo";"FOREIGN KEY"
"stli_liva_fk";"stampa_libro_iva";"codice_azienda";"liquidazione_iva";"id_documento";"FOREIGN KEY"
"stli_liva_fk";"stampa_libro_iva";"codice_azienda";"liquidazione_iva";"codice_azienda";"FOREIGN KEY"
"stli_liva_fk";"stampa_libro_iva";"codice_azienda";"liquidazione_iva";"anno";"FOREIGN KEY"
"stli_nume_fk";"stampa_libro_iva";"codice_azienda";"numeratori";"codice_azienda";"FOREIGN KEY"
"stli_nume_fk";"stampa_libro_iva";"codice_azienda";"numeratori";"anno";"FOREIGN KEY"
"stli_nume_fk";"stampa_libro_iva";"codice_azienda";"numeratori";"id_numeratore";"FOREIGN KEY"
"stli_nume_fk";"stampa_libro_iva";"id_numeratore";"numeratori";"codice_azienda";"FOREIGN KEY"
"stli_nume_fk";"stampa_libro_iva";"id_numeratore";"numeratori";"anno";"FOREIGN KEY"
"stli_nume_fk";"stampa_libro_iva";"id_numeratore";"numeratori";"id_numeratore";"FOREIGN KEY"
"stli_nume_fk";"stampa_libro_iva";"anno";"numeratori";"codice_azienda";"FOREIGN KEY"
"stli_nume_fk";"stampa_libro_iva";"anno";"numeratori";"anno";"FOREIGN KEY"
"stli_nume_fk";"stampa_libro_iva";"anno";"numeratori";"id_numeratore";"FOREIGN KEY"
"stsa_spmt_fk";"spesometro_2012_totali_sa";"codice_azienda";"spesometro_2012";"codice_azienda";"FOREIGN KEY"
"stsa_spmt_fk";"spesometro_2012_totali_sa";"codice_azienda";"spesometro_2012";"id_spesometro";"FOREIGN KEY"
"stsa_spmt_fk";"spesometro_2012_totali_sa";"id_spesometro";"spesometro_2012";"codice_azienda";"FOREIGN KEY"
"stsa_spmt_fk";"spesometro_2012_totali_sa";"id_spesometro";"spesometro_2012";"id_spesometro";"FOREIGN KEY"
"stsc_eser_fk";"stampe_saldi_contabili";"id_esercizio";"esercizi";"id_esercizio";"FOREIGN KEY"
"stsc_eser_fk";"stampe_saldi_contabili";"id_esercizio";"esercizi";"id_divisione";"FOREIGN KEY"
"stsc_eser_fk";"stampe_saldi_contabili";"id_esercizio";"esercizi";"codice_azienda";"FOREIGN KEY"
"stsc_eser_fk";"stampe_saldi_contabili";"id_divisione";"esercizi";"id_esercizio";"FOREIGN KEY"
"stsc_eser_fk";"stampe_saldi_contabili";"id_divisione";"esercizi";"id_divisione";"FOREIGN KEY"
"stsc_eser_fk";"stampe_saldi_contabili";"id_divisione";"esercizi";"codice_azienda";"FOREIGN KEY"
"stsc_eser_fk";"stampe_saldi_contabili";"codice_azienda";"esercizi";"id_esercizio";"FOREIGN KEY"
"stsc_eser_fk";"stampe_saldi_contabili";"codice_azienda";"esercizi";"id_divisione";"FOREIGN KEY"
"stsc_eser_fk";"stampe_saldi_contabili";"codice_azienda";"esercizi";"codice_azienda";"FOREIGN KEY"
"stsc_eser_prec_fk";"stampe_saldi_contabili";"id_divisione";"esercizi";"codice_azienda";"FOREIGN KEY"
"stsc_eser_prec_fk";"stampe_saldi_contabili";"id_divisione";"esercizi";"id_esercizio";"FOREIGN KEY"
"stsc_eser_prec_fk";"stampe_saldi_contabili";"id_divisione";"esercizi";"id_divisione";"FOREIGN KEY"
"stsc_eser_prec_fk";"stampe_saldi_contabili";"codice_azienda";"esercizi";"codice_azienda";"FOREIGN KEY"
"stsc_eser_prec_fk";"stampe_saldi_contabili";"codice_azienda";"esercizi";"id_esercizio";"FOREIGN KEY"
"stsc_eser_prec_fk";"stampe_saldi_contabili";"codice_azienda";"esercizi";"id_divisione";"FOREIGN KEY"
"stsc_eser_prec_fk";"stampe_saldi_contabili";"id_esercizio_prec";"esercizi";"codice_azienda";"FOREIGN KEY"
"stsc_eser_prec_fk";"stampe_saldi_contabili";"id_esercizio_prec";"esercizi";"id_esercizio";"FOREIGN KEY"
"stsc_eser_prec_fk";"stampe_saldi_contabili";"id_esercizio_prec";"esercizi";"id_divisione";"FOREIGN KEY"
"stsc_sext_fk";"stampe_saldi_contabili";"codice_sistema";"sistemi_esterni";"codice_sistema";"FOREIGN KEY"
"stsc_sext_fk";"stampe_saldi_contabili";"codice_sistema";"sistemi_esterni";"codice_part";"FOREIGN KEY"
"stsc_sext_fk";"stampe_saldi_contabili";"codice_part";"sistemi_esterni";"codice_sistema";"FOREIGN KEY"
"stsc_sext_fk";"stampe_saldi_contabili";"codice_part";"sistemi_esterni";"codice_part";"FOREIGN KEY"
"sxde_sxog_fk";"sistemi_esterni_decodifica";"codice_part";"sistemi_esterni_oggetti";"codice_part";"FOREIGN KEY"
"sxde_sxog_fk";"sistemi_esterni_decodifica";"codice_part";"sistemi_esterni_oggetti";"codice_sistema";"FOREIGN KEY"
"sxde_sxog_fk";"sistemi_esterni_decodifica";"codice_part";"sistemi_esterni_oggetti";"nome_bo";"FOREIGN KEY"
"sxde_sxog_fk";"sistemi_esterni_decodifica";"codice_sistema";"sistemi_esterni_oggetti";"codice_part";"FOREIGN KEY"
"sxde_sxog_fk";"sistemi_esterni_decodifica";"codice_sistema";"sistemi_esterni_oggetti";"codice_sistema";"FOREIGN KEY"
"sxde_sxog_fk";"sistemi_esterni_decodifica";"codice_sistema";"sistemi_esterni_oggetti";"nome_bo";"FOREIGN KEY"
"sxde_sxog_fk";"sistemi_esterni_decodifica";"nome_bo";"sistemi_esterni_oggetti";"codice_part";"FOREIGN KEY"
"sxde_sxog_fk";"sistemi_esterni_decodifica";"nome_bo";"sistemi_esterni_oggetti";"codice_sistema";"FOREIGN KEY"
"sxde_sxog_fk";"sistemi_esterni_decodifica";"nome_bo";"sistemi_esterni_oggetti";"nome_bo";"FOREIGN KEY"
"sxiv_sext_fk";"sistemi_esterni_iva";"codice_part";"sistemi_esterni";"codice_part";"FOREIGN KEY"
"sxiv_sext_fk";"sistemi_esterni_iva";"codice_part";"sistemi_esterni";"codice_sistema";"FOREIGN KEY"
"sxiv_sext_fk";"sistemi_esterni_iva";"codice_sistema";"sistemi_esterni";"codice_part";"FOREIGN KEY"
"sxiv_sext_fk";"sistemi_esterni_iva";"codice_sistema";"sistemi_esterni";"codice_sistema";"FOREIGN KEY"
"sxog_sext_fk";"sistemi_esterni_oggetti";"codice_sistema";"sistemi_esterni";"codice_sistema";"FOREIGN KEY"
"sxog_sext_fk";"sistemi_esterni_oggetti";"codice_sistema";"sistemi_esterni";"codice_part";"FOREIGN KEY"
"sxog_sext_fk";"sistemi_esterni_oggetti";"codice_part";"sistemi_esterni";"codice_sistema";"FOREIGN KEY"
"sxog_sext_fk";"sistemi_esterni_oggetti";"codice_part";"sistemi_esterni";"codice_part";"FOREIGN KEY"
"sxtb_sext_fk";"sistemi_esterni_tabelle";"codice_sistema";"sistemi_esterni";"codice_part";"FOREIGN KEY"
"sxtb_sext_fk";"sistemi_esterni_tabelle";"codice_sistema";"sistemi_esterni";"codice_sistema";"FOREIGN KEY"
"sxtb_sext_fk";"sistemi_esterni_tabelle";"codice_part";"sistemi_esterni";"codice_part";"FOREIGN KEY"
"sxtb_sext_fk";"sistemi_esterni_tabelle";"codice_part";"sistemi_esterni";"codice_sistema";"FOREIGN KEY"
"tacf_cnti_fk";"tipi_anagrafiche_cfg";"codice_part";"conti";"id_conto";"FOREIGN KEY"
"tacf_cnti_fk";"tipi_anagrafiche_cfg";"codice_part";"conti";"id_pdc";"FOREIGN KEY"
"tacf_cnti_fk";"tipi_anagrafiche_cfg";"codice_part";"conti";"codice_part";"FOREIGN KEY"
"tacf_cnti_fk";"tipi_anagrafiche_cfg";"codice_part";"conti";"codice_template_fiscale";"FOREIGN KEY"
"tacf_cnti_fk";"tipi_anagrafiche_cfg";"codice_template_fiscale";"conti";"id_conto";"FOREIGN KEY"
"tacf_cnti_fk";"tipi_anagrafiche_cfg";"codice_template_fiscale";"conti";"id_pdc";"FOREIGN KEY"
"tacf_cnti_fk";"tipi_anagrafiche_cfg";"codice_template_fiscale";"conti";"codice_part";"FOREIGN KEY"
"tacf_cnti_fk";"tipi_anagrafiche_cfg";"codice_template_fiscale";"conti";"codice_template_fiscale";"FOREIGN KEY"
"tacf_cnti_fk";"tipi_anagrafiche_cfg";"id_pdc";"conti";"id_conto";"FOREIGN KEY"
"tacf_cnti_fk";"tipi_anagrafiche_cfg";"id_pdc";"conti";"id_pdc";"FOREIGN KEY"
"tacf_cnti_fk";"tipi_anagrafiche_cfg";"id_pdc";"conti";"codice_part";"FOREIGN KEY"
"tacf_cnti_fk";"tipi_anagrafiche_cfg";"id_pdc";"conti";"codice_template_fiscale";"FOREIGN KEY"
"tacf_cnti_fk";"tipi_anagrafiche_cfg";"id_conto";"conti";"id_conto";"FOREIGN KEY"
"tacf_cnti_fk";"tipi_anagrafiche_cfg";"id_conto";"conti";"id_pdc";"FOREIGN KEY"
"tacf_cnti_fk";"tipi_anagrafiche_cfg";"id_conto";"conti";"codice_part";"FOREIGN KEY"
"tacf_cnti_fk";"tipi_anagrafiche_cfg";"id_conto";"conti";"codice_template_fiscale";"FOREIGN KEY"
"tacf_tana_fk";"tipi_anagrafiche_cfg";"codice_azienda";"tipi_anagrafiche";"id_tipo_anagrafica";"FOREIGN KEY"
"tacf_tana_fk";"tipi_anagrafiche_cfg";"codice_azienda";"tipi_anagrafiche";"codice_azienda";"FOREIGN KEY"
"tacf_tana_fk";"tipi_anagrafiche_cfg";"id_tipo_anagrafica";"tipi_anagrafiche";"id_tipo_anagrafica";"FOREIGN KEY"
"tacf_tana_fk";"tipi_anagrafiche_cfg";"id_tipo_anagrafica";"tipi_anagrafiche";"codice_azienda";"FOREIGN KEY"
"tacf_tsan_fk";"tipi_anagrafiche_cfg";"codice_part";"tipi_sottoconto_anag";"codice_part";"FOREIGN KEY"
"tacf_tsan_fk";"tipi_anagrafiche_cfg";"codice_part";"tipi_sottoconto_anag";"codice_tipo_sottoconto_anag";"FOREIGN KEY"
"tacf_tsan_fk";"tipi_anagrafiche_cfg";"codice_tipo_sottoconto_anag";"tipi_sottoconto_anag";"codice_part";"FOREIGN KEY"
"tacf_tsan_fk";"tipi_anagrafiche_cfg";"codice_tipo_sottoconto_anag";"tipi_sottoconto_anag";"codice_tipo_sottoconto_anag";"FOREIGN KEY"
"tag__tag__fk";"tags";"id_tag_parent";"tags";"id_tag";"FOREIGN KEY"
"tag__tag__fk";"tags";"id_tag_parent";"tags";"codice_azienda";"FOREIGN KEY"
"tag__tag__fk";"tags";"codice_azienda";"tags";"id_tag";"FOREIGN KEY"
"tag__tag__fk";"tags";"codice_azienda";"tags";"codice_azienda";"FOREIGN KEY"
"tag_obj__tag__fk";"tag_oggetti";"id_tag";"tags";"codice_azienda";"FOREIGN KEY"
"tag_obj__tag__fk";"tag_oggetti";"id_tag";"tags";"id_tag";"FOREIGN KEY"
"tag_obj__tag__fk";"tag_oggetti";"codice_azienda";"tags";"codice_azienda";"FOREIGN KEY"
"tag_obj__tag__fk";"tag_oggetti";"codice_azienda";"tags";"id_tag";"FOREIGN KEY"
"tana_azie_fk";"tipi_anagrafiche";"codice_azienda";"aziende";"codice_azienda";"FOREIGN KEY"
"tana_cnti_fk";"tipi_anagrafiche";"codice_part";"conti";"id_pdc";"FOREIGN KEY"
"tana_cnti_fk";"tipi_anagrafiche";"codice_part";"conti";"codice_template_fiscale";"FOREIGN KEY"
"tana_cnti_fk";"tipi_anagrafiche";"codice_part";"conti";"codice_part";"FOREIGN KEY"
"tana_cnti_fk";"tipi_anagrafiche";"codice_part";"conti";"id_conto";"FOREIGN KEY"
"tana_cnti_fk";"tipi_anagrafiche";"id_pdc";"conti";"id_pdc";"FOREIGN KEY"
"tana_cnti_fk";"tipi_anagrafiche";"id_pdc";"conti";"codice_template_fiscale";"FOREIGN KEY"
"tana_cnti_fk";"tipi_anagrafiche";"id_pdc";"conti";"codice_part";"FOREIGN KEY"
"tana_cnti_fk";"tipi_anagrafiche";"id_pdc";"conti";"id_conto";"FOREIGN KEY"
"tana_cnti_fk";"tipi_anagrafiche";"id_conto";"conti";"id_pdc";"FOREIGN KEY"
"tana_cnti_fk";"tipi_anagrafiche";"id_conto";"conti";"codice_template_fiscale";"FOREIGN KEY"
"tana_cnti_fk";"tipi_anagrafiche";"id_conto";"conti";"codice_part";"FOREIGN KEY"
"tana_cnti_fk";"tipi_anagrafiche";"id_conto";"conti";"id_conto";"FOREIGN KEY"
"tana_cnti_fk";"tipi_anagrafiche";"codice_template_fiscale";"conti";"id_pdc";"FOREIGN KEY"
"tana_cnti_fk";"tipi_anagrafiche";"codice_template_fiscale";"conti";"codice_template_fiscale";"FOREIGN KEY"
"tana_cnti_fk";"tipi_anagrafiche";"codice_template_fiscale";"conti";"codice_part";"FOREIGN KEY"
"tana_cnti_fk";"tipi_anagrafiche";"codice_template_fiscale";"conti";"id_conto";"FOREIGN KEY"
"tar_std_tiri_fk";"tariffe_std";"codice_azienda";"tipi_risorsa";"codice_azienda";"FOREIGN KEY"
"tar_std_tiri_fk";"tariffe_std";"codice_azienda";"tipi_risorsa";"id_tipo_risorsa";"FOREIGN KEY"
"tar_std_tiri_fk";"tariffe_std";"id_tipo_risorsa";"tipi_risorsa";"codice_azienda";"FOREIGN KEY"
"tar_std_tiri_fk";"tariffe_std";"id_tipo_risorsa";"tipi_risorsa";"id_tipo_risorsa";"FOREIGN KEY"
"taro_tatr_child_fk";"tipi_attivita_righe_op";"prog_riga_child";"tipi_attivita_righe";"codice_azienda";"FOREIGN KEY"
"taro_tatr_child_fk";"tipi_attivita_righe_op";"prog_riga_child";"tipi_attivita_righe";"codice_tipo_attivita";"FOREIGN KEY"
"taro_tatr_child_fk";"tipi_attivita_righe_op";"prog_riga_child";"tipi_attivita_righe";"prog_riga";"FOREIGN KEY"
"taro_tatr_child_fk";"tipi_attivita_righe_op";"codice_tipo_attivita";"tipi_attivita_righe";"codice_azienda";"FOREIGN KEY"
"taro_tatr_child_fk";"tipi_attivita_righe_op";"codice_tipo_attivita";"tipi_attivita_righe";"codice_tipo_attivita";"FOREIGN KEY"
"taro_tatr_child_fk";"tipi_attivita_righe_op";"codice_tipo_attivita";"tipi_attivita_righe";"prog_riga";"FOREIGN KEY"
"taro_tatr_child_fk";"tipi_attivita_righe_op";"codice_azienda";"tipi_attivita_righe";"codice_azienda";"FOREIGN KEY"
"taro_tatr_child_fk";"tipi_attivita_righe_op";"codice_azienda";"tipi_attivita_righe";"codice_tipo_attivita";"FOREIGN KEY"
"taro_tatr_child_fk";"tipi_attivita_righe_op";"codice_azienda";"tipi_attivita_righe";"prog_riga";"FOREIGN KEY"
"taro_tatr_fk";"tipi_attivita_righe_op";"prog_riga_parent";"tipi_attivita_righe";"codice_azienda";"FOREIGN KEY"
"taro_tatr_fk";"tipi_attivita_righe_op";"prog_riga_parent";"tipi_attivita_righe";"codice_tipo_attivita";"FOREIGN KEY"
"taro_tatr_fk";"tipi_attivita_righe_op";"prog_riga_parent";"tipi_attivita_righe";"prog_riga";"FOREIGN KEY"
"taro_tatr_fk";"tipi_attivita_righe_op";"codice_tipo_attivita";"tipi_attivita_righe";"codice_azienda";"FOREIGN KEY"
"taro_tatr_fk";"tipi_attivita_righe_op";"codice_tipo_attivita";"tipi_attivita_righe";"codice_tipo_attivita";"FOREIGN KEY"
"taro_tatr_fk";"tipi_attivita_righe_op";"codice_tipo_attivita";"tipi_attivita_righe";"prog_riga";"FOREIGN KEY"
"taro_tatr_fk";"tipi_attivita_righe_op";"codice_azienda";"tipi_attivita_righe";"codice_azienda";"FOREIGN KEY"
"taro_tatr_fk";"tipi_attivita_righe_op";"codice_azienda";"tipi_attivita_righe";"codice_tipo_attivita";"FOREIGN KEY"
"taro_tatr_fk";"tipi_attivita_righe_op";"codice_azienda";"tipi_attivita_righe";"prog_riga";"FOREIGN KEY"
"tatr_tatr_fk";"tipi_attivita_righe";"codice_tipo_attivita";"tipi_attivita_righe";"prog_riga";"FOREIGN KEY"
"tatr_tatr_fk";"tipi_attivita_righe";"codice_tipo_attivita";"tipi_attivita_righe";"codice_tipo_attivita";"FOREIGN KEY"
"tatr_tatr_fk";"tipi_attivita_righe";"codice_tipo_attivita";"tipi_attivita_righe";"codice_azienda";"FOREIGN KEY"
"tatr_tatr_fk";"tipi_attivita_righe";"prog_riga_base";"tipi_attivita_righe";"prog_riga";"FOREIGN KEY"
"tatr_tatr_fk";"tipi_attivita_righe";"prog_riga_base";"tipi_attivita_righe";"codice_tipo_attivita";"FOREIGN KEY"
"tatr_tatr_fk";"tipi_attivita_righe";"prog_riga_base";"tipi_attivita_righe";"codice_azienda";"FOREIGN KEY"
"tatr_tatr_fk";"tipi_attivita_righe";"codice_azienda";"tipi_attivita_righe";"prog_riga";"FOREIGN KEY"
"tatr_tatr_fk";"tipi_attivita_righe";"codice_azienda";"tipi_attivita_righe";"codice_tipo_attivita";"FOREIGN KEY"
"tatr_tatr_fk";"tipi_attivita_righe";"codice_azienda";"tipi_attivita_righe";"codice_azienda";"FOREIGN KEY"
"tatr_tiat_fk";"tipi_attivita_righe";"codice_azienda";"tipi_attivita";"codice_tipo_attivita";"FOREIGN KEY"
"tatr_tiat_fk";"tipi_attivita_righe";"codice_azienda";"tipi_attivita";"codice_azienda";"FOREIGN KEY"
"tatr_tiat_fk";"tipi_attivita_righe";"codice_tipo_attivita";"tipi_attivita";"codice_tipo_attivita";"FOREIGN KEY"
"tatr_tiat_fk";"tipi_attivita_righe";"codice_tipo_attivita";"tipi_attivita";"codice_azienda";"FOREIGN KEY"
"tavp__tp_avv_std_fk";"tipi_avviso_parametri";"id_tipo_avviso";"tipi_avviso_std";"id_tipo_avviso";"FOREIGN KEY"
"tavv__tp_avv_std_fk";"tipi_avviso";"id_tipo_avviso";"tipi_avviso_std";"id_tipo_avviso";"FOREIGN KEY"
"tavv_azie_fk";"tipi_avviso";"codice_azienda";"aziende";"codice_azienda";"FOREIGN KEY"
"tckt_anid_resp_fk";"compiti";"id_responsabile";"anagrafiche_id";"id_anagrafica";"FOREIGN KEY"
"tckt_anid_resp_fk";"compiti";"id_responsabile";"anagrafiche_id";"codice_part";"FOREIGN KEY"
"tckt_anid_resp_fk";"compiti";"codice_part";"anagrafiche_id";"id_anagrafica";"FOREIGN KEY"
"tckt_anid_resp_fk";"compiti";"codice_part";"anagrafiche_id";"codice_part";"FOREIGN KEY"
"tckt_anvr_cli_fk";"compiti";"codice_part";"anagrafiche_vr";"codice_part";"FOREIGN KEY"
"tckt_anvr_cli_fk";"compiti";"codice_part";"anagrafiche_vr";"prog_vr";"FOREIGN KEY"
"tckt_anvr_cli_fk";"compiti";"codice_part";"anagrafiche_vr";"id_anagrafica";"FOREIGN KEY"
"tckt_anvr_cli_fk";"compiti";"prog_vr_cli";"anagrafiche_vr";"codice_part";"FOREIGN KEY"
"tckt_anvr_cli_fk";"compiti";"prog_vr_cli";"anagrafiche_vr";"prog_vr";"FOREIGN KEY"
"tckt_anvr_cli_fk";"compiti";"prog_vr_cli";"anagrafiche_vr";"id_anagrafica";"FOREIGN KEY"
"tckt_anvr_cli_fk";"compiti";"id_cliente";"anagrafiche_vr";"codice_part";"FOREIGN KEY"
"tckt_anvr_cli_fk";"compiti";"id_cliente";"anagrafiche_vr";"prog_vr";"FOREIGN KEY"
"tckt_anvr_cli_fk";"compiti";"id_cliente";"anagrafiche_vr";"id_anagrafica";"FOREIGN KEY"
"tckt_anvr_dest_fk";"compiti";"prog_vr_luogo";"anagrafiche_vr";"prog_vr";"FOREIGN KEY"
"tckt_anvr_dest_fk";"compiti";"prog_vr_luogo";"anagrafiche_vr";"id_anagrafica";"FOREIGN KEY"
"tckt_anvr_dest_fk";"compiti";"prog_vr_luogo";"anagrafiche_vr";"codice_part";"FOREIGN KEY"
"tckt_anvr_dest_fk";"compiti";"codice_part";"anagrafiche_vr";"prog_vr";"FOREIGN KEY"
"tckt_anvr_dest_fk";"compiti";"codice_part";"anagrafiche_vr";"id_anagrafica";"FOREIGN KEY"
"tckt_anvr_dest_fk";"compiti";"codice_part";"anagrafiche_vr";"codice_part";"FOREIGN KEY"
"tckt_anvr_dest_fk";"compiti";"id_luogo_intervento";"anagrafiche_vr";"prog_vr";"FOREIGN KEY"
"tckt_anvr_dest_fk";"compiti";"id_luogo_intervento";"anagrafiche_vr";"id_anagrafica";"FOREIGN KEY"
"tckt_anvr_dest_fk";"compiti";"id_luogo_intervento";"anagrafiche_vr";"codice_part";"FOREIGN KEY"
"tckt_brnc_fk";"compiti";"id_branch";"branch";"id_branch";"FOREIGN KEY"
"tckt_brnc_fk";"compiti";"id_branch";"branch";"codice_azienda";"FOREIGN KEY"
"tckt_brnc_fk";"compiti";"codice_azienda";"branch";"id_branch";"FOREIGN KEY"
"tckt_brnc_fk";"compiti";"codice_azienda";"branch";"codice_azienda";"FOREIGN KEY"
"tckt_cman_ms_fk";"compiti";"codice_codifica_mod_seg";"codifica_manutenzioni";"codice_azienda";"FOREIGN KEY"
"tckt_cman_ms_fk";"compiti";"codice_codifica_mod_seg";"codifica_manutenzioni";"tipo_codifica";"FOREIGN KEY"
"tckt_cman_ms_fk";"compiti";"codice_codifica_mod_seg";"codifica_manutenzioni";"codice_codifica";"FOREIGN KEY"
"tckt_cman_ms_fk";"compiti";"codice_azienda";"codifica_manutenzioni";"codice_azienda";"FOREIGN KEY"
"tckt_cman_ms_fk";"compiti";"codice_azienda";"codifica_manutenzioni";"tipo_codifica";"FOREIGN KEY"
"tckt_cman_ms_fk";"compiti";"codice_azienda";"codifica_manutenzioni";"codice_codifica";"FOREIGN KEY"
"tckt_cman_ms_fk";"compiti";"tipo_codifica_mod_seg";"codifica_manutenzioni";"codice_azienda";"FOREIGN KEY"
"tckt_cman_ms_fk";"compiti";"tipo_codifica_mod_seg";"codifica_manutenzioni";"tipo_codifica";"FOREIGN KEY"
"tckt_cman_ms_fk";"compiti";"tipo_codifica_mod_seg";"codifica_manutenzioni";"codice_codifica";"FOREIGN KEY"
"tckt_cman_st_fk";"compiti";"tipo_codifica_stato";"codifica_manutenzioni";"tipo_codifica";"FOREIGN KEY"
"tckt_cman_st_fk";"compiti";"tipo_codifica_stato";"codifica_manutenzioni";"codice_azienda";"FOREIGN KEY"
"tckt_cman_st_fk";"compiti";"tipo_codifica_stato";"codifica_manutenzioni";"codice_codifica";"FOREIGN KEY"
"tckt_cman_st_fk";"compiti";"codice_azienda";"codifica_manutenzioni";"tipo_codifica";"FOREIGN KEY"
"tckt_cman_st_fk";"compiti";"codice_azienda";"codifica_manutenzioni";"codice_azienda";"FOREIGN KEY"
"tckt_cman_st_fk";"compiti";"codice_azienda";"codifica_manutenzioni";"codice_codifica";"FOREIGN KEY"
"tckt_cman_st_fk";"compiti";"codice_codifica_stato";"codifica_manutenzioni";"tipo_codifica";"FOREIGN KEY"
"tckt_cman_st_fk";"compiti";"codice_codifica_stato";"codifica_manutenzioni";"codice_azienda";"FOREIGN KEY"
"tckt_cman_st_fk";"compiti";"codice_codifica_stato";"codifica_manutenzioni";"codice_codifica";"FOREIGN KEY"
"tckt_cman_tt_fk";"compiti";"tipo_codifica_tipo_ticket";"codifica_manutenzioni";"codice_azienda";"FOREIGN KEY"
"tckt_cman_tt_fk";"compiti";"tipo_codifica_tipo_ticket";"codifica_manutenzioni";"codice_codifica";"FOREIGN KEY"
"tckt_cman_tt_fk";"compiti";"tipo_codifica_tipo_ticket";"codifica_manutenzioni";"tipo_codifica";"FOREIGN KEY"
"tckt_cman_tt_fk";"compiti";"codice_codifica_tipo_ticket";"codifica_manutenzioni";"codice_azienda";"FOREIGN KEY"
"tckt_cman_tt_fk";"compiti";"codice_codifica_tipo_ticket";"codifica_manutenzioni";"codice_codifica";"FOREIGN KEY"
"tckt_cman_tt_fk";"compiti";"codice_codifica_tipo_ticket";"codifica_manutenzioni";"tipo_codifica";"FOREIGN KEY"
"tckt_cman_tt_fk";"compiti";"codice_azienda";"codifica_manutenzioni";"codice_azienda";"FOREIGN KEY"
"tckt_cman_tt_fk";"compiti";"codice_azienda";"codifica_manutenzioni";"codice_codifica";"FOREIGN KEY"
"tckt_cman_tt_fk";"compiti";"codice_azienda";"codifica_manutenzioni";"tipo_codifica";"FOREIGN KEY"
"tckt_cntr_fk";"compiti";"codice_azienda";"contratti";"id_contratto";"FOREIGN KEY"
"tckt_cntr_fk";"compiti";"codice_azienda";"contratti";"codice_azienda";"FOREIGN KEY"
"tckt_cntr_fk";"compiti";"id_contratto";"contratti";"id_contratto";"FOREIGN KEY"
"tckt_cntr_fk";"compiti";"id_contratto";"contratti";"codice_azienda";"FOREIGN KEY"
"tckt_cpct_fk";"compiti";"codice_azienda";"contratti_pacchetti";"id_contratto_risorsa";"FOREIGN KEY"
"tckt_cpct_fk";"compiti";"codice_azienda";"contratti_pacchetti";"codice_azienda";"FOREIGN KEY"
"tckt_cpct_fk";"compiti";"codice_azienda";"contratti_pacchetti";"id_contratto";"FOREIGN KEY"
"tckt_cpct_fk";"compiti";"codice_azienda";"contratti_pacchetti";"id_pacchetto";"FOREIGN KEY"
"tckt_cpct_fk";"compiti";"id_contratto_risorsa";"contratti_pacchetti";"id_contratto_risorsa";"FOREIGN KEY"
"tckt_cpct_fk";"compiti";"id_contratto_risorsa";"contratti_pacchetti";"codice_azienda";"FOREIGN KEY"
"tckt_cpct_fk";"compiti";"id_contratto_risorsa";"contratti_pacchetti";"id_contratto";"FOREIGN KEY"
"tckt_cpct_fk";"compiti";"id_contratto_risorsa";"contratti_pacchetti";"id_pacchetto";"FOREIGN KEY"
"tckt_cpct_fk";"compiti";"id_contratto";"contratti_pacchetti";"id_contratto_risorsa";"FOREIGN KEY"
"tckt_cpct_fk";"compiti";"id_contratto";"contratti_pacchetti";"codice_azienda";"FOREIGN KEY"
"tckt_cpct_fk";"compiti";"id_contratto";"contratti_pacchetti";"id_contratto";"FOREIGN KEY"
"tckt_cpct_fk";"compiti";"id_contratto";"contratti_pacchetti";"id_pacchetto";"FOREIGN KEY"
"tckt_cpct_fk";"compiti";"id_pacchetto";"contratti_pacchetti";"id_contratto_risorsa";"FOREIGN KEY"
"tckt_cpct_fk";"compiti";"id_pacchetto";"contratti_pacchetti";"codice_azienda";"FOREIGN KEY"
"tckt_cpct_fk";"compiti";"id_pacchetto";"contratti_pacchetti";"id_contratto";"FOREIGN KEY"
"tckt_cpct_fk";"compiti";"id_pacchetto";"contratti_pacchetti";"id_pacchetto";"FOREIGN KEY"
"tckt_ctrs_fk";"compiti";"codice_azienda";"contratti_risorse";"id_contratto_risorsa";"FOREIGN KEY"
"tckt_ctrs_fk";"compiti";"codice_azienda";"contratti_risorse";"codice_azienda";"FOREIGN KEY"
"tckt_ctrs_fk";"compiti";"codice_azienda";"contratti_risorse";"id_contratto";"FOREIGN KEY"
"tckt_ctrs_fk";"compiti";"id_contratto_risorsa";"contratti_risorse";"id_contratto_risorsa";"FOREIGN KEY"
"tckt_ctrs_fk";"compiti";"id_contratto_risorsa";"contratti_risorse";"codice_azienda";"FOREIGN KEY"
"tckt_ctrs_fk";"compiti";"id_contratto_risorsa";"contratti_risorse";"id_contratto";"FOREIGN KEY"
"tckt_ctrs_fk";"compiti";"id_contratto";"contratti_risorse";"id_contratto_risorsa";"FOREIGN KEY"
"tckt_ctrs_fk";"compiti";"id_contratto";"contratti_risorse";"codice_azienda";"FOREIGN KEY"
"tckt_ctrs_fk";"compiti";"id_contratto";"contratti_risorse";"id_contratto";"FOREIGN KEY"
"tckt_ctti_cli_fk";"compiti";"codice_part";"contatti";"codice_part";"FOREIGN KEY"
"tckt_ctti_cli_fk";"compiti";"codice_part";"contatti";"id_contatto";"FOREIGN KEY"
"tckt_ctti_cli_fk";"compiti";"codice_part";"contatti";"id_anagrafica";"FOREIGN KEY"
"tckt_ctti_cli_fk";"compiti";"id_contatto_cli";"contatti";"codice_part";"FOREIGN KEY"
"tckt_ctti_cli_fk";"compiti";"id_contatto_cli";"contatti";"id_contatto";"FOREIGN KEY"
"tckt_ctti_cli_fk";"compiti";"id_contatto_cli";"contatti";"id_anagrafica";"FOREIGN KEY"
"tckt_ctti_cli_fk";"compiti";"id_cliente";"contatti";"codice_part";"FOREIGN KEY"
"tckt_ctti_cli_fk";"compiti";"id_cliente";"contatti";"id_contatto";"FOREIGN KEY"
"tckt_ctti_cli_fk";"compiti";"id_cliente";"contatti";"id_anagrafica";"FOREIGN KEY"
"tckt_ctti_dest_fk";"compiti";"id_contatto_dest";"contatti";"id_contatto";"FOREIGN KEY"
"tckt_ctti_dest_fk";"compiti";"id_contatto_dest";"contatti";"id_anagrafica";"FOREIGN KEY"
"tckt_ctti_dest_fk";"compiti";"id_contatto_dest";"contatti";"codice_part";"FOREIGN KEY"
"tckt_ctti_dest_fk";"compiti";"id_luogo_intervento";"contatti";"id_contatto";"FOREIGN KEY"
"tckt_ctti_dest_fk";"compiti";"id_luogo_intervento";"contatti";"id_anagrafica";"FOREIGN KEY"
"tckt_ctti_dest_fk";"compiti";"id_luogo_intervento";"contatti";"codice_part";"FOREIGN KEY"
"tckt_ctti_dest_fk";"compiti";"codice_part";"contatti";"id_contatto";"FOREIGN KEY"
"tckt_ctti_dest_fk";"compiti";"codice_part";"contatti";"id_anagrafica";"FOREIGN KEY"
"tckt_ctti_dest_fk";"compiti";"codice_part";"contatti";"codice_part";"FOREIGN KEY"
"tckt_ocat_fk";"compiti";"codice_azienda";"ordini_clienti_attivita";"codice_azienda";"FOREIGN KEY"
"tckt_ocat_fk";"compiti";"codice_azienda";"ordini_clienti_attivita";"numero_ordine";"FOREIGN KEY"
"tckt_ocat_fk";"compiti";"codice_azienda";"ordini_clienti_attivita";"prog_attivita_ordine";"FOREIGN KEY"
"tckt_ocat_fk";"compiti";"numero_ordine";"ordini_clienti_attivita";"codice_azienda";"FOREIGN KEY"
"tckt_ocat_fk";"compiti";"numero_ordine";"ordini_clienti_attivita";"numero_ordine";"FOREIGN KEY"
"tckt_ocat_fk";"compiti";"numero_ordine";"ordini_clienti_attivita";"prog_attivita_ordine";"FOREIGN KEY"
"tckt_ocat_fk";"compiti";"prog_attivita_ordine";"ordini_clienti_attivita";"codice_azienda";"FOREIGN KEY"
"tckt_ocat_fk";"compiti";"prog_attivita_ordine";"ordini_clienti_attivita";"numero_ordine";"FOREIGN KEY"
"tckt_ocat_fk";"compiti";"prog_attivita_ordine";"ordini_clienti_attivita";"prog_attivita_ordine";"FOREIGN KEY"
"tckt_orcr_fk";"compiti";"numero_riga";"ordini_clienti_righe";"numero_ordine";"FOREIGN KEY"
"tckt_orcr_fk";"compiti";"numero_riga";"ordini_clienti_righe";"codice_azienda";"FOREIGN KEY"
"tckt_orcr_fk";"compiti";"numero_riga";"ordini_clienti_righe";"numero_riga";"FOREIGN KEY"
"tckt_orcr_fk";"compiti";"codice_azienda";"ordini_clienti_righe";"numero_ordine";"FOREIGN KEY"
"tckt_orcr_fk";"compiti";"codice_azienda";"ordini_clienti_righe";"codice_azienda";"FOREIGN KEY"
"tckt_orcr_fk";"compiti";"codice_azienda";"ordini_clienti_righe";"numero_riga";"FOREIGN KEY"
"tckt_orcr_fk";"compiti";"numero_ordine";"ordini_clienti_righe";"numero_ordine";"FOREIGN KEY"
"tckt_orcr_fk";"compiti";"numero_ordine";"ordini_clienti_righe";"codice_azienda";"FOREIGN KEY"
"tckt_orcr_fk";"compiti";"numero_ordine";"ordini_clienti_righe";"numero_riga";"FOREIGN KEY"
"tckt_psla_fk";"compiti";"codice_azienda";"priorita_sla";"codice_azienda";"FOREIGN KEY"
"tckt_psla_fk";"compiti";"codice_azienda";"priorita_sla";"id_priorita";"FOREIGN KEY"
"tckt_psla_fk";"compiti";"id_priorita";"priorita_sla";"codice_azienda";"FOREIGN KEY"
"tckt_psla_fk";"compiti";"id_priorita";"priorita_sla";"id_priorita";"FOREIGN KEY"
"tckt_timp_fk";"compiti";"codice_azienda";"tipi_impegno";"codice_azienda";"FOREIGN KEY"
"tckt_timp_fk";"compiti";"codice_azienda";"tipi_impegno";"codice_impegno";"FOREIGN KEY"
"tckt_timp_fk";"compiti";"codice_impegno";"tipi_impegno";"codice_azienda";"FOREIGN KEY"
"tckt_timp_fk";"compiti";"codice_impegno";"tipi_impegno";"codice_impegno";"FOREIGN KEY"
"tckt_vari_fk";"compiti";"id_articolo";"articoli_varianti";"codice_variante";"FOREIGN KEY"
"tckt_vari_fk";"compiti";"id_articolo";"articoli_varianti";"id_articolo";"FOREIGN KEY"
"tckt_vari_fk";"compiti";"id_articolo";"articoli_varianti";"codice_azienda";"FOREIGN KEY"
"tckt_vari_fk";"compiti";"codice_variante";"articoli_varianti";"codice_variante";"FOREIGN KEY"
"tckt_vari_fk";"compiti";"codice_variante";"articoli_varianti";"id_articolo";"FOREIGN KEY"
"tckt_vari_fk";"compiti";"codice_variante";"articoli_varianti";"codice_azienda";"FOREIGN KEY"
"tckt_vari_fk";"compiti";"codice_azienda";"articoli_varianti";"codice_variante";"FOREIGN KEY"
"tckt_vari_fk";"compiti";"codice_azienda";"articoli_varianti";"id_articolo";"FOREIGN KEY"
"tckt_vari_fk";"compiti";"codice_azienda";"articoli_varianti";"codice_azienda";"FOREIGN KEY"
"tcto_prtx_fk";"tipi_contatto";"codice_part";"partizioni";"codice_part";"FOREIGN KEY"
"tdac_caub_fk";"tipi_doc_az_causali_ddt";"codice_causale";"causali_bolle";"codice_causale";"FOREIGN KEY"
"tdac_caub_fk";"tipi_doc_az_causali_ddt";"codice_causale";"causali_bolle";"codice_azienda";"FOREIGN KEY"
"tdac_caub_fk";"tipi_doc_az_causali_ddt";"codice_azienda";"causali_bolle";"codice_causale";"FOREIGN KEY"
"tdac_caub_fk";"tipi_doc_az_causali_ddt";"codice_azienda";"causali_bolle";"codice_azienda";"FOREIGN KEY"
"tdac_tdaz_fk";"tipi_doc_az_causali_ddt";"codice_tipo_doc";"tipi_doc_az";"codice_tipo_doc_az";"FOREIGN KEY"
"tdac_tdaz_fk";"tipi_doc_az_causali_ddt";"codice_tipo_doc";"tipi_doc_az";"codice_tipo_doc";"FOREIGN KEY"
"tdac_tdaz_fk";"tipi_doc_az_causali_ddt";"codice_tipo_doc";"tipi_doc_az";"codice_azienda";"FOREIGN KEY"
"tdac_tdaz_fk";"tipi_doc_az_causali_ddt";"codice_azienda";"tipi_doc_az";"codice_tipo_doc_az";"FOREIGN KEY"
"tdac_tdaz_fk";"tipi_doc_az_causali_ddt";"codice_azienda";"tipi_doc_az";"codice_tipo_doc";"FOREIGN KEY"
"tdac_tdaz_fk";"tipi_doc_az_causali_ddt";"codice_azienda";"tipi_doc_az";"codice_azienda";"FOREIGN KEY"
"tdac_tdaz_fk";"tipi_doc_az_causali_ddt";"codice_tipo_doc_az";"tipi_doc_az";"codice_tipo_doc_az";"FOREIGN KEY"
"tdac_tdaz_fk";"tipi_doc_az_causali_ddt";"codice_tipo_doc_az";"tipi_doc_az";"codice_tipo_doc";"FOREIGN KEY"
"tdac_tdaz_fk";"tipi_doc_az_causali_ddt";"codice_tipo_doc_az";"tipi_doc_az";"codice_azienda";"FOREIGN KEY"
"tdam_tdaz_fk";"tipi_doc_az_movim_ctb";"codice_azienda";"tipi_doc_az";"codice_azienda";"FOREIGN KEY"
"tdam_tdaz_fk";"tipi_doc_az_movim_ctb";"codice_azienda";"tipi_doc_az";"codice_tipo_doc";"FOREIGN KEY"
"tdam_tdaz_fk";"tipi_doc_az_movim_ctb";"codice_azienda";"tipi_doc_az";"codice_tipo_doc_az";"FOREIGN KEY"
"tdam_tdaz_fk";"tipi_doc_az_movim_ctb";"codice_tipo_doc_az";"tipi_doc_az";"codice_azienda";"FOREIGN KEY"
"tdam_tdaz_fk";"tipi_doc_az_movim_ctb";"codice_tipo_doc_az";"tipi_doc_az";"codice_tipo_doc";"FOREIGN KEY"
"tdam_tdaz_fk";"tipi_doc_az_movim_ctb";"codice_tipo_doc_az";"tipi_doc_az";"codice_tipo_doc_az";"FOREIGN KEY"
"tdam_tdaz_fk";"tipi_doc_az_movim_ctb";"codice_tipo_doc";"tipi_doc_az";"codice_azienda";"FOREIGN KEY"
"tdam_tdaz_fk";"tipi_doc_az_movim_ctb";"codice_tipo_doc";"tipi_doc_az";"codice_tipo_doc";"FOREIGN KEY"
"tdam_tdaz_fk";"tipi_doc_az_movim_ctb";"codice_tipo_doc";"tipi_doc_az";"codice_tipo_doc_az";"FOREIGN KEY"
"tdam_tdmc_fk";"tipi_doc_az_movim_ctb";"codice_tipo_doc";"tipi_doc_movim_ctb";"codice_tipo_doc";"FOREIGN KEY"
"tdam_tdmc_fk";"tipi_doc_az_movim_ctb";"codice_tipo_doc";"tipi_doc_movim_ctb";"id_movim_ctb";"FOREIGN KEY"
"tdam_tdmc_fk";"tipi_doc_az_movim_ctb";"id_movim_ctb";"tipi_doc_movim_ctb";"codice_tipo_doc";"FOREIGN KEY"
"tdam_tdmc_fk";"tipi_doc_az_movim_ctb";"id_movim_ctb";"tipi_doc_movim_ctb";"id_movim_ctb";"FOREIGN KEY"
"tdam_tdoc_fk";"tipi_doc_az_movim_ctb";"codice_tipo_doc";"tipi_doc";"codice_tipo_doc";"FOREIGN KEY"
"tdam_tsan_ban_cp_fk";"tipi_doc_az_movim_ctb";"codice_part";"tipi_sottoconto_anag";"codice_tipo_sottoconto_anag";"FOREIGN KEY"
"tdam_tsan_ban_cp_fk";"tipi_doc_az_movim_ctb";"codice_part";"tipi_sottoconto_anag";"codice_part";"FOREIGN KEY"
"tdam_tsan_ban_cp_fk";"tipi_doc_az_movim_ctb";"codice_tipo_sottoconto_banca_contropartita";"tipi_sottoconto_anag";"codice_tipo_sottoconto_anag";"FOREIGN KEY"
"tdam_tsan_ban_cp_fk";"tipi_doc_az_movim_ctb";"codice_tipo_sottoconto_banca_contropartita";"tipi_sottoconto_anag";"codice_part";"FOREIGN KEY"
"tdam_tsan_ban_fk";"tipi_doc_az_movim_ctb";"codice_part";"tipi_sottoconto_anag";"codice_tipo_sottoconto_anag";"FOREIGN KEY"
"tdam_tsan_ban_fk";"tipi_doc_az_movim_ctb";"codice_part";"tipi_sottoconto_anag";"codice_part";"FOREIGN KEY"
"tdam_tsan_ban_fk";"tipi_doc_az_movim_ctb";"codice_tipo_sottoconto_banca";"tipi_sottoconto_anag";"codice_tipo_sottoconto_anag";"FOREIGN KEY"
"tdam_tsan_ban_fk";"tipi_doc_az_movim_ctb";"codice_tipo_sottoconto_banca";"tipi_sottoconto_anag";"codice_part";"FOREIGN KEY"
"tdam_tsan_cp_fk";"tipi_doc_az_movim_ctb";"codice_tipo_sottoconto_anag_contropartita";"tipi_sottoconto_anag";"codice_tipo_sottoconto_anag";"FOREIGN KEY"
"tdam_tsan_cp_fk";"tipi_doc_az_movim_ctb";"codice_tipo_sottoconto_anag_contropartita";"tipi_sottoconto_anag";"codice_part";"FOREIGN KEY"
"tdam_tsan_cp_fk";"tipi_doc_az_movim_ctb";"codice_part";"tipi_sottoconto_anag";"codice_tipo_sottoconto_anag";"FOREIGN KEY"
"tdam_tsan_cp_fk";"tipi_doc_az_movim_ctb";"codice_part";"tipi_sottoconto_anag";"codice_part";"FOREIGN KEY"
"tdam_tsan_fk";"tipi_doc_az_movim_ctb";"codice_part";"tipi_sottoconto_anag";"codice_part";"FOREIGN KEY"
"tdam_tsan_fk";"tipi_doc_az_movim_ctb";"codice_part";"tipi_sottoconto_anag";"codice_tipo_sottoconto_anag";"FOREIGN KEY"
"tdam_tsan_fk";"tipi_doc_az_movim_ctb";"codice_tipo_sottoconto_anag";"tipi_sottoconto_anag";"codice_part";"FOREIGN KEY"
"tdam_tsan_fk";"tipi_doc_az_movim_ctb";"codice_tipo_sottoconto_anag";"tipi_sottoconto_anag";"codice_tipo_sottoconto_anag";"FOREIGN KEY"
"tdaz__valu__fk";"tipi_doc_az";"codice_part";"valute";"codice_part";"FOREIGN KEY"
"tdaz__valu__fk";"tipi_doc_az";"codice_part";"valute";"id_valuta";"FOREIGN KEY"
"tdaz__valu__fk";"tipi_doc_az";"id_valuta";"valute";"codice_part";"FOREIGN KEY"
"tdaz__valu__fk";"tipi_doc_az";"id_valuta";"valute";"id_valuta";"FOREIGN KEY"
"tdaz_azie_fk";"tipi_doc_az";"codice_azienda";"aziende";"codice_azienda";"FOREIGN KEY"
"tdaz_tdaz_fk";"tipi_doc_az";"codice_azienda";"tipi_doc_az";"codice_tipo_doc_az";"FOREIGN KEY"
"tdaz_tdaz_fk";"tipi_doc_az";"codice_azienda";"tipi_doc_az";"codice_azienda";"FOREIGN KEY"
"tdaz_tdaz_fk";"tipi_doc_az";"codice_azienda";"tipi_doc_az";"codice_tipo_doc";"FOREIGN KEY"
"tdaz_tdaz_fk";"tipi_doc_az";"codice_tipo_doc_az_secondario";"tipi_doc_az";"codice_tipo_doc_az";"FOREIGN KEY"
"tdaz_tdaz_fk";"tipi_doc_az";"codice_tipo_doc_az_secondario";"tipi_doc_az";"codice_azienda";"FOREIGN KEY"
"tdaz_tdaz_fk";"tipi_doc_az";"codice_tipo_doc_az_secondario";"tipi_doc_az";"codice_tipo_doc";"FOREIGN KEY"
"tdaz_tdaz_fk";"tipi_doc_az";"codice_tipo_doc_secondario";"tipi_doc_az";"codice_tipo_doc_az";"FOREIGN KEY"
"tdaz_tdaz_fk";"tipi_doc_az";"codice_tipo_doc_secondario";"tipi_doc_az";"codice_azienda";"FOREIGN KEY"
"tdaz_tdaz_fk";"tipi_doc_az";"codice_tipo_doc_secondario";"tipi_doc_az";"codice_tipo_doc";"FOREIGN KEY"
"tdaz_tdaz_storno_fk";"tipi_doc_az";"codice_tipo_doc";"tipi_doc_az";"codice_tipo_doc";"FOREIGN KEY"
"tdaz_tdaz_storno_fk";"tipi_doc_az";"codice_tipo_doc";"tipi_doc_az";"codice_tipo_doc_az";"FOREIGN KEY"
"tdaz_tdaz_storno_fk";"tipi_doc_az";"codice_tipo_doc";"tipi_doc_az";"codice_azienda";"FOREIGN KEY"
"tdaz_tdaz_storno_fk";"tipi_doc_az";"codice_azienda";"tipi_doc_az";"codice_tipo_doc";"FOREIGN KEY"
"tdaz_tdaz_storno_fk";"tipi_doc_az";"codice_azienda";"tipi_doc_az";"codice_tipo_doc_az";"FOREIGN KEY"
"tdaz_tdaz_storno_fk";"tipi_doc_az";"codice_azienda";"tipi_doc_az";"codice_azienda";"FOREIGN KEY"
"tdaz_tdaz_storno_fk";"tipi_doc_az";"codice_tipo_doc_az_storno";"tipi_doc_az";"codice_tipo_doc";"FOREIGN KEY"
"tdaz_tdaz_storno_fk";"tipi_doc_az";"codice_tipo_doc_az_storno";"tipi_doc_az";"codice_tipo_doc_az";"FOREIGN KEY"
"tdaz_tdaz_storno_fk";"tipi_doc_az";"codice_tipo_doc_az_storno";"tipi_doc_az";"codice_azienda";"FOREIGN KEY"
"tdaz_tdaz_tgt_fk";"tipi_doc_az";"codice_tipo_doc_target";"tipi_doc_az";"codice_tipo_doc";"FOREIGN KEY"
"tdaz_tdaz_tgt_fk";"tipi_doc_az";"codice_tipo_doc_target";"tipi_doc_az";"codice_tipo_doc_az";"FOREIGN KEY"
"tdaz_tdaz_tgt_fk";"tipi_doc_az";"codice_tipo_doc_target";"tipi_doc_az";"codice_azienda";"FOREIGN KEY"
"tdaz_tdaz_tgt_fk";"tipi_doc_az";"codice_tipo_doc_az_target";"tipi_doc_az";"codice_tipo_doc";"FOREIGN KEY"
"tdaz_tdaz_tgt_fk";"tipi_doc_az";"codice_tipo_doc_az_target";"tipi_doc_az";"codice_tipo_doc_az";"FOREIGN KEY"
"tdaz_tdaz_tgt_fk";"tipi_doc_az";"codice_tipo_doc_az_target";"tipi_doc_az";"codice_azienda";"FOREIGN KEY"
"tdaz_tdaz_tgt_fk";"tipi_doc_az";"codice_azienda";"tipi_doc_az";"codice_tipo_doc";"FOREIGN KEY"
"tdaz_tdaz_tgt_fk";"tipi_doc_az";"codice_azienda";"tipi_doc_az";"codice_tipo_doc_az";"FOREIGN KEY"
"tdaz_tdaz_tgt_fk";"tipi_doc_az";"codice_azienda";"tipi_doc_az";"codice_azienda";"FOREIGN KEY"
"tdaz_tdoc_fk";"tipi_doc_az";"codice_tipo_doc";"tipi_doc";"codice_tipo_doc";"FOREIGN KEY"
"tdmc_tdoc_fk";"tipi_doc_movim_ctb";"codice_tipo_doc";"tipi_doc";"codice_tipo_doc";"FOREIGN KEY"
"tedo_azie_fk";"template_documenti";"codice_azienda";"aziende";"codice_azienda";"FOREIGN KEY"
"tedo_tedt_fk";"template_documenti";"id_template_tpl";"template_documenti_tpl";"id_template_tpl";"FOREIGN KEY"
"tedo_tedt_fk";"template_documenti";"id_template_tpl";"template_documenti_tpl";"codice_azienda";"FOREIGN KEY"
"tedo_tedt_fk";"template_documenti";"codice_azienda";"template_documenti_tpl";"id_template_tpl";"FOREIGN KEY"
"tedo_tedt_fk";"template_documenti";"codice_azienda";"template_documenti_tpl";"codice_azienda";"FOREIGN KEY"
"tedt_azie_fk";"template_documenti_tpl";"codice_azienda";"aziende";"codice_azienda";"FOREIGN KEY"
"teep__temp__fk";"tessere_empori_eccezioni_prelievi";"id_tessera";"tessere_empori";"id_tessera";"FOREIGN KEY"
"teep__temp__fk";"tessere_empori_eccezioni_prelievi";"id_tessera";"tessere_empori";"codice_azienda";"FOREIGN KEY"
"teep__temp__fk";"tessere_empori_eccezioni_prelievi";"codice_azienda";"tessere_empori";"id_tessera";"FOREIGN KEY"
"teep__temp__fk";"tessere_empori_eccezioni_prelievi";"codice_azienda";"tessere_empori";"codice_azienda";"FOREIGN KEY"
"tefi_azie_fk";"template_fiscali";"codice_azienda";"aziende";"codice_azienda";"FOREIGN KEY"
"tefi_part_fk";"template_fiscali";"codice_part";"partizioni";"codice_part";"FOREIGN KEY"
"temp__anid__fk";"tessere_empori";"id_anagrafica";"anagrafiche_id";"codice_part";"FOREIGN KEY"
"temp__anid__fk";"tessere_empori";"id_anagrafica";"anagrafiche_id";"id_anagrafica";"FOREIGN KEY"
"temp__anid__fk";"tessere_empori";"codice_part";"anagrafiche_id";"codice_part";"FOREIGN KEY"
"temp__anid__fk";"tessere_empori";"codice_part";"anagrafiche_id";"id_anagrafica";"FOREIGN KEY"
"temp__azie__fk";"tessere_empori";"codice_azienda";"aziende";"codice_azienda";"FOREIGN KEY"
"temp__temp_vr__fk";"tessere_empori";"id_tessera";"tessere_empori_vr";"codice_azienda";"FOREIGN KEY"
"temp__temp_vr__fk";"tessere_empori";"id_tessera";"tessere_empori_vr";"id_tessera";"FOREIGN KEY"
"temp__temp_vr__fk";"tessere_empori";"id_tessera";"tessere_empori_vr";"id_tessera_vr";"FOREIGN KEY"
"temp__temp_vr__fk";"tessere_empori";"codice_azienda";"tessere_empori_vr";"codice_azienda";"FOREIGN KEY"
"temp__temp_vr__fk";"tessere_empori";"codice_azienda";"tessere_empori_vr";"id_tessera";"FOREIGN KEY"
"temp__temp_vr__fk";"tessere_empori";"codice_azienda";"tessere_empori_vr";"id_tessera_vr";"FOREIGN KEY"
"temp__temp_vr__fk";"tessere_empori";"id_tessera_vr";"tessere_empori_vr";"codice_azienda";"FOREIGN KEY"
"temp__temp_vr__fk";"tessere_empori";"id_tessera_vr";"tessere_empori_vr";"id_tessera";"FOREIGN KEY"
"temp__temp_vr__fk";"tessere_empori";"id_tessera_vr";"tessere_empori_vr";"id_tessera_vr";"FOREIGN KEY"
"temp_prd__empp__fk";"tessere_empori_periodi";"data_da";"empori_periodi";"codice_azienda";"FOREIGN KEY"
"temp_prd__empp__fk";"tessere_empori_periodi";"data_da";"empori_periodi";"data_da";"FOREIGN KEY"
"temp_prd__empp__fk";"tessere_empori_periodi";"codice_azienda";"empori_periodi";"codice_azienda";"FOREIGN KEY"
"temp_prd__empp__fk";"tessere_empori_periodi";"codice_azienda";"empori_periodi";"data_da";"FOREIGN KEY"
"temp_prd__temp__fk";"tessere_empori_periodi";"codice_azienda";"tessere_empori";"codice_azienda";"FOREIGN KEY"
"temp_prd__temp__fk";"tessere_empori_periodi";"codice_azienda";"tessere_empori";"id_tessera";"FOREIGN KEY"
"temp_prd__temp__fk";"tessere_empori_periodi";"id_tessera";"tessere_empori";"codice_azienda";"FOREIGN KEY"
"temp_prd__temp__fk";"tessere_empori_periodi";"id_tessera";"tessere_empori";"id_tessera";"FOREIGN KEY"
"temp_vr__temp__fk";"tessere_empori_vr";"id_tessera";"tessere_empori";"id_tessera";"FOREIGN KEY"
"temp_vr__temp__fk";"tessere_empori_vr";"id_tessera";"tessere_empori";"codice_azienda";"FOREIGN KEY"
"temp_vr__temp__fk";"tessere_empori_vr";"codice_azienda";"tessere_empori";"id_tessera";"FOREIGN KEY"
"temp_vr__temp__fk";"tessere_empori_vr";"codice_azienda";"tessere_empori";"codice_azienda";"FOREIGN KEY"
"tetl_lang_fk";"template_testi_lingue";"codice_lingua";"lingue";"codice_lingua";"FOREIGN KEY"
"tetl_tetx_fk";"template_testi_lingue";"codice_azienda";"template_testi";"codice_azienda";"FOREIGN KEY"
"tetl_tetx_fk";"template_testi_lingue";"codice_azienda";"template_testi";"id_template";"FOREIGN KEY"
"tetl_tetx_fk";"template_testi_lingue";"id_template";"template_testi";"codice_azienda";"FOREIGN KEY"
"tetl_tetx_fk";"template_testi_lingue";"id_template";"template_testi";"id_template";"FOREIGN KEY"
"tetx_anag_fk";"template_testi";"codice_part";"anagrafiche_id";"codice_part";"FOREIGN KEY"
"tetx_anag_fk";"template_testi";"codice_part";"anagrafiche_id";"id_anagrafica";"FOREIGN KEY"
"tetx_anag_fk";"template_testi";"id_anagrafica";"anagrafiche_id";"codice_part";"FOREIGN KEY"
"tetx_anag_fk";"template_testi";"id_anagrafica";"anagrafiche_id";"id_anagrafica";"FOREIGN KEY"
"tetx_azie_fk";"template_testi";"codice_azienda";"aziende";"codice_azienda";"FOREIGN KEY"
"tiar_azie_fk";"tipi_articolo";"codice_azienda";"aziende";"codice_azienda";"FOREIGN KEY"
"tiat_roat_fk";"tipi_attivita";"prog_attivita";"richieste_offerta_attivita";"codice_azienda";"FOREIGN KEY"
"tiat_roat_fk";"tipi_attivita";"prog_attivita";"richieste_offerta_attivita";"numero_richiesta";"FOREIGN KEY"
"tiat_roat_fk";"tipi_attivita";"prog_attivita";"richieste_offerta_attivita";"prog_attivita";"FOREIGN KEY"
"tiat_roat_fk";"tipi_attivita";"codice_azienda";"richieste_offerta_attivita";"codice_azienda";"FOREIGN KEY"
"tiat_roat_fk";"tipi_attivita";"codice_azienda";"richieste_offerta_attivita";"numero_richiesta";"FOREIGN KEY"
"tiat_roat_fk";"tipi_attivita";"codice_azienda";"richieste_offerta_attivita";"prog_attivita";"FOREIGN KEY"
"tiat_roat_fk";"tipi_attivita";"numero_richiesta";"richieste_offerta_attivita";"codice_azienda";"FOREIGN KEY"
"tiat_roat_fk";"tipi_attivita";"numero_richiesta";"richieste_offerta_attivita";"numero_richiesta";"FOREIGN KEY"
"tiat_roat_fk";"tipi_attivita";"numero_richiesta";"richieste_offerta_attivita";"prog_attivita";"FOREIGN KEY"
"tico_azie_fk";"tipi_contratto";"codice_azienda";"aziende";"codice_azienda";"FOREIGN KEY"
"tico_vari_fk";"tipi_contratto";"id_articolo";"articoli_varianti";"codice_variante";"FOREIGN KEY"
"tico_vari_fk";"tipi_contratto";"id_articolo";"articoli_varianti";"codice_azienda";"FOREIGN KEY"
"tico_vari_fk";"tipi_contratto";"id_articolo";"articoli_varianti";"id_articolo";"FOREIGN KEY"
"tico_vari_fk";"tipi_contratto";"codice_azienda";"articoli_varianti";"codice_variante";"FOREIGN KEY"
"tico_vari_fk";"tipi_contratto";"codice_azienda";"articoli_varianti";"codice_azienda";"FOREIGN KEY"
"tico_vari_fk";"tipi_contratto";"codice_azienda";"articoli_varianti";"id_articolo";"FOREIGN KEY"
"tico_vari_fk";"tipi_contratto";"codice_variante";"articoli_varianti";"codice_variante";"FOREIGN KEY"
"tico_vari_fk";"tipi_contratto";"codice_variante";"articoli_varianti";"codice_azienda";"FOREIGN KEY"
"tico_vari_fk";"tipi_contratto";"codice_variante";"articoli_varianti";"id_articolo";"FOREIGN KEY"
"tiga_anfr_fk";"tipi_garanzia";"codice_part";"anagrafiche_id";"codice_part";"FOREIGN KEY"
"tiga_anfr_fk";"tipi_garanzia";"codice_part";"anagrafiche_id";"id_anagrafica";"FOREIGN KEY"
"tiga_anfr_fk";"tipi_garanzia";"id_fornitore";"anagrafiche_id";"codice_part";"FOREIGN KEY"
"tiga_anfr_fk";"tipi_garanzia";"id_fornitore";"anagrafiche_id";"id_anagrafica";"FOREIGN KEY"
"tiga_azie_fk";"tipi_garanzia";"codice_azienda";"aziende";"codice_azienda";"FOREIGN KEY"
"tiga_prod_fk";"tipi_garanzia";"codice_azienda";"produttori";"codice_azienda";"FOREIGN KEY"
"tiga_prod_fk";"tipi_garanzia";"codice_azienda";"produttori";"codice_produttore";"FOREIGN KEY"
"tiga_prod_fk";"tipi_garanzia";"codice_produttore";"produttori";"codice_azienda";"FOREIGN KEY"
"tiga_prod_fk";"tipi_garanzia";"codice_produttore";"produttori";"codice_produttore";"FOREIGN KEY"
"tiim_azie_fk";"tipi_imballo";"codice_azienda";"aziende";"codice_azienda";"FOREIGN KEY"
"timp_azie_fk";"tipi_impegno";"codice_azienda";"aziende";"codice_azienda";"FOREIGN KEY"
"timp_timp_fk";"tipi_impegno";"codice_impegno_parent";"tipi_impegno";"codice_azienda";"FOREIGN KEY"
"timp_timp_fk";"tipi_impegno";"codice_impegno_parent";"tipi_impegno";"codice_impegno";"FOREIGN KEY"
"timp_timp_fk";"tipi_impegno";"codice_azienda";"tipi_impegno";"codice_azienda";"FOREIGN KEY"
"timp_timp_fk";"tipi_impegno";"codice_azienda";"tipi_impegno";"codice_impegno";"FOREIGN KEY"
"timp_tlim_fk";"tipi_impegno";"codice_tipo_luogo";"tipi_luogo_impegni";"codice_azienda";"FOREIGN KEY"
"timp_tlim_fk";"tipi_impegno";"codice_tipo_luogo";"tipi_luogo_impegni";"codice_tipo_luogo";"FOREIGN KEY"
"timp_tlim_fk";"tipi_impegno";"codice_azienda";"tipi_luogo_impegni";"codice_azienda";"FOREIGN KEY"
"timp_tlim_fk";"tipi_impegno";"codice_azienda";"tipi_luogo_impegni";"codice_tipo_luogo";"FOREIGN KEY"
"timp_vari_fk";"tipi_impegno";"codice_azienda";"articoli_varianti";"codice_azienda";"FOREIGN KEY"
"timp_vari_fk";"tipi_impegno";"codice_azienda";"articoli_varianti";"codice_variante";"FOREIGN KEY"
"timp_vari_fk";"tipi_impegno";"codice_azienda";"articoli_varianti";"id_articolo";"FOREIGN KEY"
"timp_vari_fk";"tipi_impegno";"codice_variante";"articoli_varianti";"codice_azienda";"FOREIGN KEY"
"timp_vari_fk";"tipi_impegno";"codice_variante";"articoli_varianti";"codice_variante";"FOREIGN KEY"
"timp_vari_fk";"tipi_impegno";"codice_variante";"articoli_varianti";"id_articolo";"FOREIGN KEY"
"timp_vari_fk";"tipi_impegno";"id_articolo";"articoli_varianti";"codice_azienda";"FOREIGN KEY"
"timp_vari_fk";"tipi_impegno";"id_articolo";"articoli_varianti";"codice_variante";"FOREIGN KEY"
"timp_vari_fk";"tipi_impegno";"id_articolo";"articoli_varianti";"id_articolo";"FOREIGN KEY"
"tinu_azie_fk";"tipi_numeratore";"codice_azienda";"aziende";"codice_azienda";"FOREIGN KEY"
"tipo_azie_fk";"tipi_porto";"codice_azienda";"aziende";"codice_azienda";"FOREIGN KEY"
"tips_azie_fk";"tipi_spedizione";"codice_azienda";"aziende";"codice_azienda";"FOREIGN KEY"
"tiri_azie_fk";"tipi_risorsa";"codice_azienda";"aziende";"codice_azienda";"FOREIGN KEY"
"tiri_vari_fk";"tipi_risorsa";"id_articolo";"articoli_varianti";"codice_variante";"FOREIGN KEY"
"tiri_vari_fk";"tipi_risorsa";"id_articolo";"articoli_varianti";"id_articolo";"FOREIGN KEY"
"tiri_vari_fk";"tipi_risorsa";"id_articolo";"articoli_varianti";"codice_azienda";"FOREIGN KEY"
"tiri_vari_fk";"tipi_risorsa";"codice_azienda";"articoli_varianti";"codice_variante";"FOREIGN KEY"
"tiri_vari_fk";"tipi_risorsa";"codice_azienda";"articoli_varianti";"id_articolo";"FOREIGN KEY"
"tiri_vari_fk";"tipi_risorsa";"codice_azienda";"articoli_varianti";"codice_azienda";"FOREIGN KEY"
"tiri_vari_fk";"tipi_risorsa";"codice_variante";"articoli_varianti";"codice_variante";"FOREIGN KEY"
"tiri_vari_fk";"tipi_risorsa";"codice_variante";"articoli_varianti";"id_articolo";"FOREIGN KEY"
"tiri_vari_fk";"tipi_risorsa";"codice_variante";"articoli_varianti";"codice_azienda";"FOREIGN KEY"
"tkns__anid_fk";"tokens";"codice_part";"anagrafiche_id";"codice_part";"FOREIGN KEY"
"tkns__anid_fk";"tokens";"codice_part";"anagrafiche_id";"id_anagrafica";"FOREIGN KEY"
"tkns__anid_fk";"tokens";"id_anagrafica";"anagrafiche_id";"codice_part";"FOREIGN KEY"
"tkns__anid_fk";"tokens";"id_anagrafica";"anagrafiche_id";"id_anagrafica";"FOREIGN KEY"
"tkns__msg_fk";"tokens";"id_tipo_messaggio";"messaggi";"codice_azienda";"FOREIGN KEY"
"tkns__msg_fk";"tokens";"id_tipo_messaggio";"messaggi";"id_tipo_messaggio";"FOREIGN KEY"
"tkns__msg_fk";"tokens";"id_tipo_messaggio";"messaggi";"id_messaggio";"FOREIGN KEY"
"tkns__msg_fk";"tokens";"id_messaggio";"messaggi";"codice_azienda";"FOREIGN KEY"
"tkns__msg_fk";"tokens";"id_messaggio";"messaggi";"id_tipo_messaggio";"FOREIGN KEY"
"tkns__msg_fk";"tokens";"id_messaggio";"messaggi";"id_messaggio";"FOREIGN KEY"
"tkns__msg_fk";"tokens";"codice_azienda";"messaggi";"codice_azienda";"FOREIGN KEY"
"tkns__msg_fk";"tokens";"codice_azienda";"messaggi";"id_tipo_messaggio";"FOREIGN KEY"
"tkns__msg_fk";"tokens";"codice_azienda";"messaggi";"id_messaggio";"FOREIGN KEY"
"tkns__tp_tkn_fk";"tokens";"mnemonico_token";"tipi_token";"id_tipo_messaggio";"FOREIGN KEY"
"tkns__tp_tkn_fk";"tokens";"mnemonico_token";"tipi_token";"mnemonico_token";"FOREIGN KEY"
"tkns__tp_tkn_fk";"tokens";"id_tipo_messaggio";"tipi_token";"id_tipo_messaggio";"FOREIGN KEY"
"tkns__tp_tkn_fk";"tokens";"id_tipo_messaggio";"tipi_token";"mnemonico_token";"FOREIGN KEY"
"tlim_azie_fk";"tipi_luogo_impegni";"codice_azienda";"aziende";"codice_azienda";"FOREIGN KEY"
"tmrr__tmtr_fk";"tipi_modelli_test_risultati_righe";"id_tipo_risultato";"tipi_modelli_test_risultati";"id_tipo_risultato";"FOREIGN KEY"
"tmrr__tmtr_fk";"tipi_modelli_test_risultati_righe";"id_tipo_risultato";"tipi_modelli_test_risultati";"codice_azienda";"FOREIGN KEY"
"tmrr__tmtr_fk";"tipi_modelli_test_risultati_righe";"codice_azienda";"tipi_modelli_test_risultati";"id_tipo_risultato";"FOREIGN KEY"
"tmrr__tmtr_fk";"tipi_modelli_test_risultati_righe";"codice_azienda";"tipi_modelli_test_risultati";"codice_azienda";"FOREIGN KEY"
"tp_avv_std__fsog_fk";"tipi_avviso_std";"id_filtro_selezione";"filtri_selezione_oggetti";"id_filtro_selezione";"FOREIGN KEY"
"tp_avv_std__tp_msg_fk";"tipi_avviso_std";"id_tipo_messaggio";"tipi_messaggi";"id_tipo_messaggio";"FOREIGN KEY"
"tp_msg_az__tp_msg_fk";"tipi_messaggi_az";"id_tipo_messaggio";"tipi_messaggi";"id_tipo_messaggio";"FOREIGN KEY"
"tp_prg__atti_fk";"tipi_progetti";"codice_attivita";"attivita";"codice_azienda";"FOREIGN KEY"
"tp_prg__atti_fk";"tipi_progetti";"codice_attivita";"attivita";"codice_attivita";"FOREIGN KEY"
"tp_prg__atti_fk";"tipi_progetti";"codice_azienda";"attivita";"codice_azienda";"FOREIGN KEY"
"tp_prg__atti_fk";"tipi_progetti";"codice_azienda";"attivita";"codice_attivita";"FOREIGN KEY"
"tp_prg__azie_fk";"tipi_progetti";"codice_azienda";"aziende";"codice_azienda";"FOREIGN KEY"
"tp_prg_tiat_fk";"tipi_progetti";"codice_azienda";"tipi_attivita";"codice_azienda";"FOREIGN KEY"
"tp_prg_tiat_fk";"tipi_progetti";"codice_azienda";"tipi_attivita";"codice_tipo_attivita";"FOREIGN KEY"
"tp_prg_tiat_fk";"tipi_progetti";"codice_tipo_attivita";"tipi_attivita";"codice_azienda";"FOREIGN KEY"
"tp_prg_tiat_fk";"tipi_progetti";"codice_tipo_attivita";"tipi_attivita";"codice_tipo_attivita";"FOREIGN KEY"
"tp_tkn__tp_msg_fk";"tipi_token";"id_tipo_messaggio";"tipi_messaggi";"id_tipo_messaggio";"FOREIGN KEY"
"tp_tkn_az__tp_msg_az_fk";"tipi_token_az";"id_tipo_messaggio";"tipi_messaggi_az";"id_tipo_messaggio";"FOREIGN KEY"
"tp_tkn_az__tp_msg_az_fk";"tipi_token_az";"id_tipo_messaggio";"tipi_messaggi_az";"codice_azienda";"FOREIGN KEY"
"tp_tkn_az__tp_msg_az_fk";"tipi_token_az";"codice_azienda";"tipi_messaggi_az";"id_tipo_messaggio";"FOREIGN KEY"
"tp_tkn_az__tp_msg_az_fk";"tipi_token_az";"codice_azienda";"tipi_messaggi_az";"codice_azienda";"FOREIGN KEY"
"tp_tkn_az__tp_tkn_fk";"tipi_token_az";"mnemonico_token";"tipi_token";"id_tipo_messaggio";"FOREIGN KEY"
"tp_tkn_az__tp_tkn_fk";"tipi_token_az";"mnemonico_token";"tipi_token";"mnemonico_token";"FOREIGN KEY"
"tp_tkn_az__tp_tkn_fk";"tipi_token_az";"id_tipo_messaggio";"tipi_token";"id_tipo_messaggio";"FOREIGN KEY"
"tp_tkn_az__tp_tkn_fk";"tipi_token_az";"id_tipo_messaggio";"tipi_token";"mnemonico_token";"FOREIGN KEY"
"tpal__azie__fk";"tipi_allegati";"codice_azienda";"aziende";"codice_azienda";"FOREIGN KEY"
"tpcf__azie__fk";"tipi_confezionamenti";"codice_azienda";"aziende";"codice_azienda";"FOREIGN KEY"
"tpcx__cdca__fk";"crm_tipi_clientela_xref";"anno";"crm_dati_commerciali_annuali";"codice_azienda";"FOREIGN KEY"
"tpcx__cdca__fk";"crm_tipi_clientela_xref";"anno";"crm_dati_commerciali_annuali";"anno";"FOREIGN KEY"
"tpcx__cdca__fk";"crm_tipi_clientela_xref";"anno";"crm_dati_commerciali_annuali";"id_anagrafica";"FOREIGN KEY"
"tpcx__cdca__fk";"crm_tipi_clientela_xref";"codice_azienda";"crm_dati_commerciali_annuali";"codice_azienda";"FOREIGN KEY"
"tpcx__cdca__fk";"crm_tipi_clientela_xref";"codice_azienda";"crm_dati_commerciali_annuali";"anno";"FOREIGN KEY"
"tpcx__cdca__fk";"crm_tipi_clientela_xref";"codice_azienda";"crm_dati_commerciali_annuali";"id_anagrafica";"FOREIGN KEY"
"tpcx__cdca__fk";"crm_tipi_clientela_xref";"id_anagrafica";"crm_dati_commerciali_annuali";"codice_azienda";"FOREIGN KEY"
"tpcx__cdca__fk";"crm_tipi_clientela_xref";"id_anagrafica";"crm_dati_commerciali_annuali";"anno";"FOREIGN KEY"
"tpcx__cdca__fk";"crm_tipi_clientela_xref";"id_anagrafica";"crm_dati_commerciali_annuali";"id_anagrafica";"FOREIGN KEY"
"tpcx__tpcl__fk";"crm_tipi_clientela_xref";"id_tipo_clientela";"tipi_clientela";"id_tipo_clientela";"FOREIGN KEY"
"tpcx__tpcl__fk";"crm_tipi_clientela_xref";"id_tipo_clientela";"tipi_clientela";"codice_part";"FOREIGN KEY"
"tpcx__tpcl__fk";"crm_tipi_clientela_xref";"codice_part";"tipi_clientela";"id_tipo_clientela";"FOREIGN KEY"
"tpcx__tpcl__fk";"crm_tipi_clientela_xref";"codice_part";"tipi_clientela";"codice_part";"FOREIGN KEY"
"tplv__azie__fk";"tipi_lavorazioni";"codice_azienda";"aziende";"codice_azienda";"FOREIGN KEY"
"tppr__azie__fk";"tipi_produzioni";"codice_azienda";"aziende";"codice_azienda";"FOREIGN KEY"
"tptg__azie__fk";"tipi_taglie";"codice_azienda";"aziende";"codice_azienda";"FOREIGN KEY"
"tran__lnui__fk";"translations";"lang_to";"lingue_ui";"lang_ui";"FOREIGN KEY"
"trdt__azie__fk";"cpl_trattamenti_dati";"codice_azienda";"aziende";"codice_azienda";"FOREIGN KEY"
"trdt__cege__fk";"cpl_trattamenti_dati";"id_centro_gest";"centri_gestionali";"id_centro_gest";"FOREIGN KEY"
"trdt__cege__fk";"cpl_trattamenti_dati";"id_centro_gest";"centri_gestionali";"codice_part";"FOREIGN KEY"
"trdt__cege__fk";"cpl_trattamenti_dati";"codice_part";"centri_gestionali";"id_centro_gest";"FOREIGN KEY"
"trdt__cege__fk";"cpl_trattamenti_dati";"codice_part";"centri_gestionali";"codice_part";"FOREIGN KEY"
"trdt_anid_contit_fk";"cpl_trattamenti_dati";"codice_part";"anagrafiche_id";"codice_part";"FOREIGN KEY"
"trdt_anid_contit_fk";"cpl_trattamenti_dati";"codice_part";"anagrafiche_id";"id_anagrafica";"FOREIGN KEY"
"trdt_anid_contit_fk";"cpl_trattamenti_dati";"id_contitolare_trattamento";"anagrafiche_id";"codice_part";"FOREIGN KEY"
"trdt_anid_contit_fk";"cpl_trattamenti_dati";"id_contitolare_trattamento";"anagrafiche_id";"id_anagrafica";"FOREIGN KEY"
"trdt_anid_rapp_tit_fk";"cpl_trattamenti_dati";"codice_part";"anagrafiche_id";"codice_part";"FOREIGN KEY"
"trdt_anid_rapp_tit_fk";"cpl_trattamenti_dati";"codice_part";"anagrafiche_id";"id_anagrafica";"FOREIGN KEY"
"trdt_anid_rapp_tit_fk";"cpl_trattamenti_dati";"id_rappresentante_titolare";"anagrafiche_id";"codice_part";"FOREIGN KEY"
"trdt_anid_rapp_tit_fk";"cpl_trattamenti_dati";"id_rappresentante_titolare";"anagrafiche_id";"id_anagrafica";"FOREIGN KEY"
"trdt_anid_resp_fk";"cpl_trattamenti_dati";"codice_part";"anagrafiche_id";"id_anagrafica";"FOREIGN KEY"
"trdt_anid_resp_fk";"cpl_trattamenti_dati";"codice_part";"anagrafiche_id";"codice_part";"FOREIGN KEY"
"trdt_anid_resp_fk";"cpl_trattamenti_dati";"id_responsabile";"anagrafiche_id";"id_anagrafica";"FOREIGN KEY"
"trdt_anid_resp_fk";"cpl_trattamenti_dati";"id_responsabile";"anagrafiche_id";"codice_part";"FOREIGN KEY"
"trdt_anid_tit_fk";"cpl_trattamenti_dati";"id_titolare_trattamento";"anagrafiche_id";"id_anagrafica";"FOREIGN KEY"
"trdt_anid_tit_fk";"cpl_trattamenti_dati";"id_titolare_trattamento";"anagrafiche_id";"codice_part";"FOREIGN KEY"
"trdt_anid_tit_fk";"cpl_trattamenti_dati";"codice_part";"anagrafiche_id";"id_anagrafica";"FOREIGN KEY"
"trdt_anid_tit_fk";"cpl_trattamenti_dati";"codice_part";"anagrafiche_id";"codice_part";"FOREIGN KEY"
"trgi_trrg_fk";"tr_riepilogo_giornaliero_indicatori";"data_riepilogo";"tr_riepilogo_giornaliero";"data_riepilogo";"FOREIGN KEY"
"trgi_trrg_fk";"tr_riepilogo_giornaliero_indicatori";"data_riepilogo";"tr_riepilogo_giornaliero";"codice_azienda";"FOREIGN KEY"
"trgi_trrg_fk";"tr_riepilogo_giornaliero_indicatori";"codice_azienda";"tr_riepilogo_giornaliero";"data_riepilogo";"FOREIGN KEY"
"trgi_trrg_fk";"tr_riepilogo_giornaliero_indicatori";"codice_azienda";"tr_riepilogo_giornaliero";"codice_azienda";"FOREIGN KEY"
"trprg__trpr__fk";"template_risposte_previste_righe";"codice_azienda";"template_risposte_previste";"codice_azienda";"FOREIGN KEY"
"trprg__trpr__fk";"template_risposte_previste_righe";"codice_azienda";"template_risposte_previste";"id_template_rp";"FOREIGN KEY"
"trprg__trpr__fk";"template_risposte_previste_righe";"id_template_rp";"template_risposte_previste";"codice_azienda";"FOREIGN KEY"
"trprg__trpr__fk";"template_risposte_previste_righe";"id_template_rp";"template_risposte_previste";"id_template_rp";"FOREIGN KEY"
"trsc_trsc_fk";"tipi_rischio";"codice_azienda";"tipi_rischio";"id_tipo_rischio";"FOREIGN KEY"
"trsc_trsc_fk";"tipi_rischio";"codice_azienda";"tipi_rischio";"codice_azienda";"FOREIGN KEY"
"trsc_trsc_fk";"tipi_rischio";"id_tipo_rischio_parent";"tipi_rischio";"id_tipo_rischio";"FOREIGN KEY"
"trsc_trsc_fk";"tipi_rischio";"id_tipo_rischio_parent";"tipi_rischio";"codice_azienda";"FOREIGN KEY"
"truc_prtz_fk";"tipi_ruolo_contatto";"codice_part";"partizioni";"codice_part";"FOREIGN KEY"
"tsan_prtz_fk";"tipi_sottoconto_anag";"codice_part";"partizioni";"codice_part";"FOREIGN KEY"
"tscp_azie_fk";"tipo_scale_provvigioni";"codice_azienda";"aziende";"codice_azienda";"FOREIGN KEY"
"tsgt__azie__fk";"tipi_segreti";"codice_azienda";"aziende";"codice_azienda";"FOREIGN KEY"
"tuld_tdoc_fk";"tipi_upload";"codice_tipo_doc";"tipi_doc";"codice_tipo_doc";"FOREIGN KEY"
"tvar_arti_fk";"tipi_variante_articolo";"id_articolo";"articoli";"codice_azienda";"FOREIGN KEY"
"tvar_arti_fk";"tipi_variante_articolo";"id_articolo";"articoli";"id_articolo";"FOREIGN KEY"
"tvar_arti_fk";"tipi_variante_articolo";"codice_azienda";"articoli";"codice_azienda";"FOREIGN KEY"
"tvar_arti_fk";"tipi_variante_articolo";"codice_azienda";"articoli";"id_articolo";"FOREIGN KEY"
"tvar_tiva_fk";"tipi_variante_articolo";"codice_azienda";"tipi_variante";"codice_azienda";"FOREIGN KEY"
"tvar_tiva_fk";"tipi_variante_articolo";"codice_azienda";"tipi_variante";"codice_tipo_variante";"FOREIGN KEY"
"tvar_tiva_fk";"tipi_variante_articolo";"codice_tipo_variante";"tipi_variante";"codice_azienda";"FOREIGN KEY"
"tvar_tiva_fk";"tipi_variante_articolo";"codice_tipo_variante";"tipi_variante";"codice_tipo_variante";"FOREIGN KEY"
"tzar__azie__fk";"tipi_zone_aree";"codice_azienda";"aziende";"codice_azienda";"FOREIGN KEY"
"ubgm__cdca__fk";"crm_utilizzo_budget_marketing";"anno";"crm_dati_commerciali_annuali";"codice_azienda";"FOREIGN KEY"
"ubgm__cdca__fk";"crm_utilizzo_budget_marketing";"anno";"crm_dati_commerciali_annuali";"id_anagrafica";"FOREIGN KEY"
"ubgm__cdca__fk";"crm_utilizzo_budget_marketing";"anno";"crm_dati_commerciali_annuali";"anno";"FOREIGN KEY"
"ubgm__cdca__fk";"crm_utilizzo_budget_marketing";"codice_azienda";"crm_dati_commerciali_annuali";"codice_azienda";"FOREIGN KEY"
"ubgm__cdca__fk";"crm_utilizzo_budget_marketing";"codice_azienda";"crm_dati_commerciali_annuali";"id_anagrafica";"FOREIGN KEY"
"ubgm__cdca__fk";"crm_utilizzo_budget_marketing";"codice_azienda";"crm_dati_commerciali_annuali";"anno";"FOREIGN KEY"
"ubgm__cdca__fk";"crm_utilizzo_budget_marketing";"id_anagrafica";"crm_dati_commerciali_annuali";"codice_azienda";"FOREIGN KEY"
"ubgm__cdca__fk";"crm_utilizzo_budget_marketing";"id_anagrafica";"crm_dati_commerciali_annuali";"id_anagrafica";"FOREIGN KEY"
"ubgm__cdca__fk";"crm_utilizzo_budget_marketing";"id_anagrafica";"crm_dati_commerciali_annuali";"anno";"FOREIGN KEY"
"uldd_divi_fk";"upload_documenti";"codice_azienda";"divisioni";"codice_azienda";"FOREIGN KEY"
"uldd_divi_fk";"upload_documenti";"codice_azienda";"divisioni";"id_divisione";"FOREIGN KEY"
"uldd_divi_fk";"upload_documenti";"id_divisione";"divisioni";"codice_azienda";"FOREIGN KEY"
"uldd_divi_fk";"upload_documenti";"id_divisione";"divisioni";"id_divisione";"FOREIGN KEY"
"uldd_eser_fk";"upload_documenti";"id_esercizio_comp";"esercizi";"id_esercizio";"FOREIGN KEY"
"uldd_eser_fk";"upload_documenti";"id_esercizio_comp";"esercizi";"codice_azienda";"FOREIGN KEY"
"uldd_eser_fk";"upload_documenti";"id_esercizio_comp";"esercizi";"id_divisione";"FOREIGN KEY"
"uldd_eser_fk";"upload_documenti";"id_divisione";"esercizi";"id_esercizio";"FOREIGN KEY"
"uldd_eser_fk";"upload_documenti";"id_divisione";"esercizi";"codice_azienda";"FOREIGN KEY"
"uldd_eser_fk";"upload_documenti";"id_divisione";"esercizi";"id_divisione";"FOREIGN KEY"
"uldd_eser_fk";"upload_documenti";"codice_azienda";"esercizi";"id_esercizio";"FOREIGN KEY"
"uldd_eser_fk";"upload_documenti";"codice_azienda";"esercizi";"codice_azienda";"FOREIGN KEY"
"uldd_eser_fk";"upload_documenti";"codice_azienda";"esercizi";"id_divisione";"FOREIGN KEY"
"uldd_sext_fk";"upload_documenti";"codice_sistema_esterno";"sistemi_esterni";"codice_sistema";"FOREIGN KEY"
"uldd_sext_fk";"upload_documenti";"codice_sistema_esterno";"sistemi_esterni";"codice_part";"FOREIGN KEY"
"uldd_sext_fk";"upload_documenti";"codice_part";"sistemi_esterni";"codice_sistema";"FOREIGN KEY"
"uldd_sext_fk";"upload_documenti";"codice_part";"sistemi_esterni";"codice_part";"FOREIGN KEY"
"uldd_tdaz_fk";"upload_documenti";"codice_tipo_doc";"tipi_doc_az";"codice_azienda";"FOREIGN KEY"
"uldd_tdaz_fk";"upload_documenti";"codice_tipo_doc";"tipi_doc_az";"codice_tipo_doc_az";"FOREIGN KEY"
"uldd_tdaz_fk";"upload_documenti";"codice_tipo_doc";"tipi_doc_az";"codice_tipo_doc";"FOREIGN KEY"
"uldd_tdaz_fk";"upload_documenti";"codice_azienda";"tipi_doc_az";"codice_azienda";"FOREIGN KEY"
"uldd_tdaz_fk";"upload_documenti";"codice_azienda";"tipi_doc_az";"codice_tipo_doc_az";"FOREIGN KEY"
"uldd_tdaz_fk";"upload_documenti";"codice_azienda";"tipi_doc_az";"codice_tipo_doc";"FOREIGN KEY"
"uldd_tdaz_fk";"upload_documenti";"codice_tipo_doc_az";"tipi_doc_az";"codice_azienda";"FOREIGN KEY"
"uldd_tdaz_fk";"upload_documenti";"codice_tipo_doc_az";"tipi_doc_az";"codice_tipo_doc_az";"FOREIGN KEY"
"uldd_tdaz_fk";"upload_documenti";"codice_tipo_doc_az";"tipi_doc_az";"codice_tipo_doc";"FOREIGN KEY"
"uldd_tuld_fk";"upload_documenti";"id_tipo_upload";"tipi_upload";"id_tipo_upload";"FOREIGN KEY"
"unim_azie_fk";"unita_misura";"codice_azienda";"aziende";"codice_azienda";"FOREIGN KEY"
"upae__azie__fk";"utilizzo_punti_altri_empori";"codice_azienda";"aziende";"codice_azienda";"FOREIGN KEY"
"uplf__azie__fk";"upload_file";"codice_azienda";"aziende";"codice_azienda";"FOREIGN KEY"
"uplf__io_op__fk";"upload_file";"codice_io";"input_output_operations";"object_name";"FOREIGN KEY"
"uplf__io_op__fk";"upload_file";"codice_io";"input_output_operations";"codice_io";"FOREIGN KEY"
"uplf__io_op__fk";"upload_file";"object_name";"input_output_operations";"object_name";"FOREIGN KEY"
"uplf__io_op__fk";"upload_file";"object_name";"input_output_operations";"codice_io";"FOREIGN KEY"
"uscl_boll_fk";"uscite_cl";"numero_bolla";"bolle";"codice_azienda";"FOREIGN KEY"
"uscl_boll_fk";"uscite_cl";"numero_bolla";"bolle";"numero_bolla";"FOREIGN KEY"
"uscl_boll_fk";"uscite_cl";"numero_bolla";"bolle";"codice_magazzino";"FOREIGN KEY"
"uscl_boll_fk";"uscite_cl";"codice_magazzino";"bolle";"codice_azienda";"FOREIGN KEY"
"uscl_boll_fk";"uscite_cl";"codice_magazzino";"bolle";"numero_bolla";"FOREIGN KEY"
"uscl_boll_fk";"uscite_cl";"codice_magazzino";"bolle";"codice_magazzino";"FOREIGN KEY"
"uscl_boll_fk";"uscite_cl";"codice_azienda";"bolle";"codice_azienda";"FOREIGN KEY"
"uscl_boll_fk";"uscite_cl";"codice_azienda";"bolle";"numero_bolla";"FOREIGN KEY"
"uscl_boll_fk";"uscite_cl";"codice_azienda";"bolle";"codice_magazzino";"FOREIGN KEY"
"uscl_orpf_fk";"uscite_cl";"prog_fase";"ordini_produzione_fasi";"numero_ordine";"FOREIGN KEY"
"uscl_orpf_fk";"uscite_cl";"prog_fase";"ordini_produzione_fasi";"prog_fase";"FOREIGN KEY"
"uscl_orpf_fk";"uscite_cl";"prog_fase";"ordini_produzione_fasi";"codice_azienda";"FOREIGN KEY"
"uscl_orpf_fk";"uscite_cl";"codice_azienda";"ordini_produzione_fasi";"numero_ordine";"FOREIGN KEY"
"uscl_orpf_fk";"uscite_cl";"codice_azienda";"ordini_produzione_fasi";"prog_fase";"FOREIGN KEY"
"uscl_orpf_fk";"uscite_cl";"codice_azienda";"ordini_produzione_fasi";"codice_azienda";"FOREIGN KEY"
"uscl_orpf_fk";"uscite_cl";"numero_ordine";"ordini_produzione_fasi";"numero_ordine";"FOREIGN KEY"
"uscl_orpf_fk";"uscite_cl";"numero_ordine";"ordini_produzione_fasi";"prog_fase";"FOREIGN KEY"
"uscl_orpf_fk";"uscite_cl";"numero_ordine";"ordini_produzione_fasi";"codice_azienda";"FOREIGN KEY"
"utad_cdms_riso_fk";"utenti_area_doc";"codice_azienda";"cdms_risorse";"id_risorsa";"FOREIGN KEY"
"utad_cdms_riso_fk";"utenti_area_doc";"codice_azienda";"cdms_risorse";"codice_azienda";"FOREIGN KEY"
"utad_cdms_riso_fk";"utenti_area_doc";"id_risorsa";"cdms_risorse";"id_risorsa";"FOREIGN KEY"
"utad_cdms_riso_fk";"utenti_area_doc";"id_risorsa";"cdms_risorse";"codice_azienda";"FOREIGN KEY"
"utad_uten_fk";"utenti_area_doc";"login";"utenti";"login";"FOREIGN KEY"
"utaz_azie_fk";"utenti_azienda";"codice_azienda";"aziende";"codice_azienda";"FOREIGN KEY"
"utaz_divi_fk";"utenti_azienda";"id_divisione";"divisioni";"id_divisione";"FOREIGN KEY"
"utaz_divi_fk";"utenti_azienda";"id_divisione";"divisioni";"codice_azienda";"FOREIGN KEY"
"utaz_divi_fk";"utenti_azienda";"codice_azienda";"divisioni";"id_divisione";"FOREIGN KEY"
"utaz_divi_fk";"utenti_azienda";"codice_azienda";"divisioni";"codice_azienda";"FOREIGN KEY"
"utaz_eser_comp_fk";"utenti_azienda";"id_divisione";"esercizi";"codice_azienda";"FOREIGN KEY"
"utaz_eser_comp_fk";"utenti_azienda";"id_divisione";"esercizi";"id_esercizio";"FOREIGN KEY"
"utaz_eser_comp_fk";"utenti_azienda";"id_divisione";"esercizi";"id_divisione";"FOREIGN KEY"
"utaz_eser_comp_fk";"utenti_azienda";"codice_azienda";"esercizi";"codice_azienda";"FOREIGN KEY"
"utaz_eser_comp_fk";"utenti_azienda";"codice_azienda";"esercizi";"id_esercizio";"FOREIGN KEY"
"utaz_eser_comp_fk";"utenti_azienda";"codice_azienda";"esercizi";"id_divisione";"FOREIGN KEY"
"utaz_eser_comp_fk";"utenti_azienda";"id_esercizio_comp_default";"esercizi";"codice_azienda";"FOREIGN KEY"
"utaz_eser_comp_fk";"utenti_azienda";"id_esercizio_comp_default";"esercizi";"id_esercizio";"FOREIGN KEY"
"utaz_eser_comp_fk";"utenti_azienda";"id_esercizio_comp_default";"esercizi";"id_divisione";"FOREIGN KEY"
"utaz_eser_reg_fk";"utenti_azienda";"id_esercizio_reg_default";"esercizi";"id_divisione";"FOREIGN KEY"
"utaz_eser_reg_fk";"utenti_azienda";"id_esercizio_reg_default";"esercizi";"codice_azienda";"FOREIGN KEY"
"utaz_eser_reg_fk";"utenti_azienda";"id_esercizio_reg_default";"esercizi";"id_esercizio";"FOREIGN KEY"
"utaz_eser_reg_fk";"utenti_azienda";"codice_azienda";"esercizi";"id_divisione";"FOREIGN KEY"
"utaz_eser_reg_fk";"utenti_azienda";"codice_azienda";"esercizi";"codice_azienda";"FOREIGN KEY"
"utaz_eser_reg_fk";"utenti_azienda";"codice_azienda";"esercizi";"id_esercizio";"FOREIGN KEY"
"utaz_eser_reg_fk";"utenti_azienda";"id_divisione";"esercizi";"id_divisione";"FOREIGN KEY"
"utaz_eser_reg_fk";"utenti_azienda";"id_divisione";"esercizi";"codice_azienda";"FOREIGN KEY"
"utaz_eser_reg_fk";"utenti_azienda";"id_divisione";"esercizi";"id_esercizio";"FOREIGN KEY"
"utaz_uten_fk";"utenti_azienda";"login";"utenti";"login";"FOREIGN KEY"
"utcl_clie_fk";"utenti_clienti_visibili";"id_anagrafica";"anagrafiche_id";"id_anagrafica";"FOREIGN KEY"
"utcl_clie_fk";"utenti_clienti_visibili";"id_anagrafica";"anagrafiche_id";"codice_part";"FOREIGN KEY"
"utcl_clie_fk";"utenti_clienti_visibili";"codice_part";"anagrafiche_id";"id_anagrafica";"FOREIGN KEY"
"utcl_clie_fk";"utenti_clienti_visibili";"codice_part";"anagrafiche_id";"codice_part";"FOREIGN KEY"
"utcl_uten_fk";"utenti_clienti_visibili";"login";"utenti";"login";"FOREIGN KEY"
"ute_im_im";"utenti";"codice_azienda";"im_comp";"id_comp";"FOREIGN KEY"
"ute_im_im";"utenti";"codice_azienda";"im_comp";"codice_azienda";"FOREIGN KEY"
"ute_im_im";"utenti";"id_comp";"im_comp";"id_comp";"FOREIGN KEY"
"ute_im_im";"utenti";"id_comp";"im_comp";"codice_azienda";"FOREIGN KEY"
"uten_anid_fk";"utenti";"id_anagrafica";"anagrafiche_id";"id_anagrafica";"FOREIGN KEY"
"uten_anid_fk";"utenti";"id_anagrafica";"anagrafiche_id";"codice_part";"FOREIGN KEY"
"uten_anid_fk";"utenti";"codice_part";"anagrafiche_id";"id_anagrafica";"FOREIGN KEY"
"uten_anid_fk";"utenti";"codice_part";"anagrafiche_id";"codice_part";"FOREIGN KEY"
"uten_azie_fk";"utenti";"codice_azienda";"aziende";"codice_azienda";"FOREIGN KEY"
"uten_cass_fk";"utenti";"codice_azienda";"registratori_cassa";"codice_azienda";"FOREIGN KEY"
"uten_cass_fk";"utenti";"codice_azienda";"registratori_cassa";"id_cassa";"FOREIGN KEY"
"uten_cass_fk";"utenti";"id_cassa";"registratori_cassa";"codice_azienda";"FOREIGN KEY"
"uten_cass_fk";"utenti";"id_cassa";"registratori_cassa";"id_cassa";"FOREIGN KEY"
"uten_divi_fk";"utenti";"codice_azienda";"divisioni";"id_divisione";"FOREIGN KEY"
"uten_divi_fk";"utenti";"codice_azienda";"divisioni";"codice_azienda";"FOREIGN KEY"
"uten_divi_fk";"utenti";"id_divisione";"divisioni";"id_divisione";"FOREIGN KEY"
"uten_divi_fk";"utenti";"id_divisione";"divisioni";"codice_azienda";"FOREIGN KEY"
"uten_grut_fk";"utenti";"codice_gruppo_utenti";"gruppi_utenti";"codice_gruppo_utenti";"FOREIGN KEY"
"uten_lnui_2_fk";"utenti";"lang_2_ui";"lingue_ui";"lang_ui";"FOREIGN KEY"
"uten_lnui_fk";"utenti";"lang_ui";"lingue_ui";"lang_ui";"FOREIGN KEY"
"uten_maga_fk";"utenti";"codice_azienda";"magazzini";"codice_magazzino";"FOREIGN KEY"
"uten_maga_fk";"utenti";"codice_azienda";"magazzini";"codice_azienda";"FOREIGN KEY"
"uten_maga_fk";"utenti";"codice_magazzino";"magazzini";"codice_magazzino";"FOREIGN KEY"
"uten_maga_fk";"utenti";"codice_magazzino";"magazzini";"codice_azienda";"FOREIGN KEY"
"uten_prof_fk";"utenti";"nome_profilo";"profili";"nome";"FOREIGN KEY"
"uten_prtz_fk";"utenti";"codice_part";"partizioni";"codice_part";"FOREIGN KEY"
"uten_seaz_fk";"utenti";"codice_azienda";"sedi_azienda";"codice_azienda";"FOREIGN KEY"
"uten_seaz_fk";"utenti";"codice_azienda";"sedi_azienda";"codice_sede";"FOREIGN KEY"
"uten_seaz_fk";"utenti";"codice_sede";"sedi_azienda";"codice_azienda";"FOREIGN KEY"
"uten_seaz_fk";"utenti";"codice_sede";"sedi_azienda";"codice_sede";"FOREIGN KEY"
"utin__uten__fk";"utenti_login";"codice_utente";"utenti";"login";"FOREIGN KEY"
"utin__uten__ins__fk";"utenti_login";"ute_ins";"utenti";"login";"FOREIGN KEY"
"utin__uten__upd__fk";"utenti_login";"ute_upd";"utenti";"login";"FOREIGN KEY"
"valu_prtz_fk";"valute";"codice_part";"partizioni";"codice_part";"FOREIGN KEY"
"var_clav_fk1";"articoli_varianti";"codice_azienda";"voci_classificazione_art";"codice_azienda";"FOREIGN KEY"
"var_clav_fk1";"articoli_varianti";"codice_azienda";"voci_classificazione_art";"prog_class";"FOREIGN KEY"
"var_clav_fk1";"articoli_varianti";"codice_azienda";"voci_classificazione_art";"codice";"FOREIGN KEY"
"var_clav_fk1";"articoli_varianti";"cod_class1";"voci_classificazione_art";"codice_azienda";"FOREIGN KEY"
"var_clav_fk1";"articoli_varianti";"cod_class1";"voci_classificazione_art";"prog_class";"FOREIGN KEY"
"var_clav_fk1";"articoli_varianti";"cod_class1";"voci_classificazione_art";"codice";"FOREIGN KEY"
"var_clav_fk1";"articoli_varianti";"prog_class1";"voci_classificazione_art";"codice_azienda";"FOREIGN KEY"
"var_clav_fk1";"articoli_varianti";"prog_class1";"voci_classificazione_art";"prog_class";"FOREIGN KEY"
"var_clav_fk1";"articoli_varianti";"prog_class1";"voci_classificazione_art";"codice";"FOREIGN KEY"
"var_clav_fk2";"articoli_varianti";"cod_class2";"voci_classificazione_art";"codice_azienda";"FOREIGN KEY"
"var_clav_fk2";"articoli_varianti";"cod_class2";"voci_classificazione_art";"prog_class";"FOREIGN KEY"
"var_clav_fk2";"articoli_varianti";"cod_class2";"voci_classificazione_art";"codice";"FOREIGN KEY"
"var_clav_fk2";"articoli_varianti";"codice_azienda";"voci_classificazione_art";"codice_azienda";"FOREIGN KEY"
"var_clav_fk2";"articoli_varianti";"codice_azienda";"voci_classificazione_art";"prog_class";"FOREIGN KEY"
"var_clav_fk2";"articoli_varianti";"codice_azienda";"voci_classificazione_art";"codice";"FOREIGN KEY"
"var_clav_fk2";"articoli_varianti";"prog_class2";"voci_classificazione_art";"codice_azienda";"FOREIGN KEY"
"var_clav_fk2";"articoli_varianti";"prog_class2";"voci_classificazione_art";"prog_class";"FOREIGN KEY"
"var_clav_fk2";"articoli_varianti";"prog_class2";"voci_classificazione_art";"codice";"FOREIGN KEY"
"var_clav_fk3";"articoli_varianti";"cod_class3";"voci_classificazione_art";"codice_azienda";"FOREIGN KEY"
"var_clav_fk3";"articoli_varianti";"cod_class3";"voci_classificazione_art";"codice";"FOREIGN KEY"
"var_clav_fk3";"articoli_varianti";"cod_class3";"voci_classificazione_art";"prog_class";"FOREIGN KEY"
"var_clav_fk3";"articoli_varianti";"prog_class3";"voci_classificazione_art";"codice_azienda";"FOREIGN KEY"
"var_clav_fk3";"articoli_varianti";"prog_class3";"voci_classificazione_art";"codice";"FOREIGN KEY"
"var_clav_fk3";"articoli_varianti";"prog_class3";"voci_classificazione_art";"prog_class";"FOREIGN KEY"
"var_clav_fk3";"articoli_varianti";"codice_azienda";"voci_classificazione_art";"codice_azienda";"FOREIGN KEY"
"var_clav_fk3";"articoli_varianti";"codice_azienda";"voci_classificazione_art";"codice";"FOREIGN KEY"
"var_clav_fk3";"articoli_varianti";"codice_azienda";"voci_classificazione_art";"prog_class";"FOREIGN KEY"
"vari__tpcf__fk";"articoli_varianti";"id_tipo_confezionamento";"tipi_confezionamenti";"codice_azienda";"FOREIGN KEY"
"vari__tpcf__fk";"articoli_varianti";"id_tipo_confezionamento";"tipi_confezionamenti";"id_tipo_confezionamento";"FOREIGN KEY"
"vari__tpcf__fk";"articoli_varianti";"codice_azienda";"tipi_confezionamenti";"codice_azienda";"FOREIGN KEY"
"vari__tpcf__fk";"articoli_varianti";"codice_azienda";"tipi_confezionamenti";"id_tipo_confezionamento";"FOREIGN KEY"
"vari__tplv__fk";"articoli_varianti";"codice_azienda";"tipi_lavorazioni";"codice_azienda";"FOREIGN KEY"
"vari__tplv__fk";"articoli_varianti";"codice_azienda";"tipi_lavorazioni";"id_tipo_lavorazione";"FOREIGN KEY"
"vari__tplv__fk";"articoli_varianti";"id_tipo_lavorazione";"tipi_lavorazioni";"codice_azienda";"FOREIGN KEY"
"vari__tplv__fk";"articoli_varianti";"id_tipo_lavorazione";"tipi_lavorazioni";"id_tipo_lavorazione";"FOREIGN KEY"
"vari__tppr__fk";"articoli_varianti";"codice_azienda";"tipi_produzioni";"codice_azienda";"FOREIGN KEY"
"vari__tppr__fk";"articoli_varianti";"codice_azienda";"tipi_produzioni";"id_tipo_produzione";"FOREIGN KEY"
"vari__tppr__fk";"articoli_varianti";"id_tipo_produzione";"tipi_produzioni";"codice_azienda";"FOREIGN KEY"
"vari__tppr__fk";"articoli_varianti";"id_tipo_produzione";"tipi_produzioni";"id_tipo_produzione";"FOREIGN KEY"
"vari__tptg__fk";"articoli_varianti";"codice_azienda";"tipi_taglie";"codice_azienda";"FOREIGN KEY"
"vari__tptg__fk";"articoli_varianti";"codice_azienda";"tipi_taglie";"id_tipo_taglia";"FOREIGN KEY"
"vari__tptg__fk";"articoli_varianti";"id_tipo_taglia";"tipi_taglie";"codice_azienda";"FOREIGN KEY"
"vari__tptg__fk";"articoli_varianti";"id_tipo_taglia";"tipi_taglie";"id_tipo_taglia";"FOREIGN KEY"
"vari_arti_fk";"articoli_varianti";"codice_azienda";"articoli";"codice_azienda";"FOREIGN KEY"
"vari_arti_fk";"articoli_varianti";"codice_azienda";"articoli";"id_articolo";"FOREIGN KEY"
"vari_arti_fk";"articoli_varianti";"id_articolo";"articoli";"codice_azienda";"FOREIGN KEY"
"vari_arti_fk";"articoli_varianti";"id_articolo";"articoli";"id_articolo";"FOREIGN KEY"
"vari_caco_fk";"articoli_varianti";"codice_cat_comm";"categorie_commerciali";"codice_azienda";"FOREIGN KEY"
"vari_caco_fk";"articoli_varianti";"codice_cat_comm";"categorie_commerciali";"codice_cat_comm";"FOREIGN KEY"
"vari_caco_fk";"articoli_varianti";"codice_azienda";"categorie_commerciali";"codice_azienda";"FOREIGN KEY"
"vari_caco_fk";"articoli_varianti";"codice_azienda";"categorie_commerciali";"codice_cat_comm";"FOREIGN KEY"
"vari_ceat_fk";"articoli_varianti";"codice_azienda";"centri_attivita";"codice_azienda";"FOREIGN KEY"
"vari_ceat_fk";"articoli_varianti";"codice_azienda";"centri_attivita";"id_centro_attivita";"FOREIGN KEY"
"vari_ceat_fk";"articoli_varianti";"id_centro_attivita";"centri_attivita";"codice_azienda";"FOREIGN KEY"
"vari_ceat_fk";"articoli_varianti";"id_centro_attivita";"centri_attivita";"id_centro_attivita";"FOREIGN KEY"
"vari_ceco_fk";"articoli_varianti";"codice_azienda";"centri_costo";"codice_azienda";"FOREIGN KEY"
"vari_ceco_fk";"articoli_varianti";"codice_azienda";"centri_costo";"id_centro_costo";"FOREIGN KEY"
"vari_ceco_fk";"articoli_varianti";"id_centro_costo";"centri_costo";"codice_azienda";"FOREIGN KEY"
"vari_ceco_fk";"articoli_varianti";"id_centro_costo";"centri_costo";"id_centro_costo";"FOREIGN KEY"
"vari_cicl_fk";"articoli_varianti";"codice_ciclo_produzione";"cicli_produzione";"codice_azienda";"FOREIGN KEY"
"vari_cicl_fk";"articoli_varianti";"codice_ciclo_produzione";"cicli_produzione";"codice_ciclo";"FOREIGN KEY"
"vari_cicl_fk";"articoli_varianti";"codice_azienda";"cicli_produzione";"codice_azienda";"FOREIGN KEY"
"vari_cicl_fk";"articoli_varianti";"codice_azienda";"cicli_produzione";"codice_ciclo";"FOREIGN KEY"
"vari_copr_fk";"articoli_varianti";"codice_provenienza";"codici_provenienza";"codice_azienda";"FOREIGN KEY"
"vari_copr_fk";"articoli_varianti";"codice_provenienza";"codici_provenienza";"codice_provenienza";"FOREIGN KEY"
"vari_copr_fk";"articoli_varianti";"codice_azienda";"codici_provenienza";"codice_azienda";"FOREIGN KEY"
"vari_copr_fk";"articoli_varianti";"codice_azienda";"codici_provenienza";"codice_provenienza";"FOREIGN KEY"
"vari_ft_fk";"articoli_varianti_ft";"codice_variante";"articoli_varianti";"codice_variante";"FOREIGN KEY"
"vari_ft_fk";"articoli_varianti_ft";"codice_variante";"articoli_varianti";"codice_azienda";"FOREIGN KEY"
"vari_ft_fk";"articoli_varianti_ft";"codice_variante";"articoli_varianti";"id_articolo";"FOREIGN KEY"
"vari_ft_fk";"articoli_varianti_ft";"codice_azienda";"articoli_varianti";"codice_variante";"FOREIGN KEY"
"vari_ft_fk";"articoli_varianti_ft";"codice_azienda";"articoli_varianti";"codice_azienda";"FOREIGN KEY"
"vari_ft_fk";"articoli_varianti_ft";"codice_azienda";"articoli_varianti";"id_articolo";"FOREIGN KEY"
"vari_ft_fk";"articoli_varianti_ft";"id_articolo";"articoli_varianti";"codice_variante";"FOREIGN KEY"
"vari_ft_fk";"articoli_varianti_ft";"id_articolo";"articoli_varianti";"codice_azienda";"FOREIGN KEY"
"vari_ft_fk";"articoli_varianti_ft";"id_articolo";"articoli_varianti";"id_articolo";"FOREIGN KEY"
"vari_intr_fk";"articoli_varianti";"intra_id";"codici_intrastat";"intra_id";"FOREIGN KEY"
"vari_tiga_fk";"articoli_varianti";"codice_azienda";"tipi_garanzia";"id_tipo_garanzia";"FOREIGN KEY"
"vari_tiga_fk";"articoli_varianti";"codice_azienda";"tipi_garanzia";"codice_azienda";"FOREIGN KEY"
"vari_tiga_fk";"articoli_varianti";"id_tipo_garanzia";"tipi_garanzia";"id_tipo_garanzia";"FOREIGN KEY"
"vari_tiga_fk";"articoli_varianti";"id_tipo_garanzia";"tipi_garanzia";"codice_azienda";"FOREIGN KEY"
"vari_um_peso_fk";"articoli_varianti";"codice_azienda";"unita_misura";"codice_azienda";"FOREIGN KEY"
"vari_um_peso_fk";"articoli_varianti";"codice_azienda";"unita_misura";"codice_um";"FOREIGN KEY"
"vari_um_peso_fk";"articoli_varianti";"um_peso";"unita_misura";"codice_azienda";"FOREIGN KEY"
"vari_um_peso_fk";"articoli_varianti";"um_peso";"unita_misura";"codice_um";"FOREIGN KEY"
"vari_vari_fk_acq";"articoli_varianti";"id_articolo_acq";"articoli_varianti";"id_articolo";"FOREIGN KEY"
"vari_vari_fk_acq";"articoli_varianti";"id_articolo_acq";"articoli_varianti";"codice_azienda";"FOREIGN KEY"
"vari_vari_fk_acq";"articoli_varianti";"id_articolo_acq";"articoli_varianti";"codice_variante";"FOREIGN KEY"
"vari_vari_fk_acq";"articoli_varianti";"codice_variante_acq";"articoli_varianti";"id_articolo";"FOREIGN KEY"
"vari_vari_fk_acq";"articoli_varianti";"codice_variante_acq";"articoli_varianti";"codice_azienda";"FOREIGN KEY"
"vari_vari_fk_acq";"articoli_varianti";"codice_variante_acq";"articoli_varianti";"codice_variante";"FOREIGN KEY"
"vari_vari_fk_acq";"articoli_varianti";"codice_azienda";"articoli_varianti";"id_articolo";"FOREIGN KEY"
"vari_vari_fk_acq";"articoli_varianti";"codice_azienda";"articoli_varianti";"codice_azienda";"FOREIGN KEY"
"vari_vari_fk_acq";"articoli_varianti";"codice_azienda";"articoli_varianti";"codice_variante";"FOREIGN KEY"
"varl_lang_fk";"articoli_varianti_lingue";"codice_lingua";"lingue";"codice_lingua";"FOREIGN KEY"
"varl_vari_fk";"articoli_varianti_lingue";"codice_azienda";"articoli_varianti";"codice_azienda";"FOREIGN KEY"
"varl_vari_fk";"articoli_varianti_lingue";"codice_azienda";"articoli_varianti";"id_articolo";"FOREIGN KEY"
"varl_vari_fk";"articoli_varianti_lingue";"codice_azienda";"articoli_varianti";"codice_variante";"FOREIGN KEY"
"varl_vari_fk";"articoli_varianti_lingue";"codice_variante";"articoli_varianti";"codice_azienda";"FOREIGN KEY"
"varl_vari_fk";"articoli_varianti_lingue";"codice_variante";"articoli_varianti";"id_articolo";"FOREIGN KEY"
"varl_vari_fk";"articoli_varianti_lingue";"codice_variante";"articoli_varianti";"codice_variante";"FOREIGN KEY"
"varl_vari_fk";"articoli_varianti_lingue";"id_articolo";"articoli_varianti";"codice_azienda";"FOREIGN KEY"
"varl_vari_fk";"articoli_varianti_lingue";"id_articolo";"articoli_varianti";"id_articolo";"FOREIGN KEY"
"varl_vari_fk";"articoli_varianti_lingue";"id_articolo";"articoli_varianti";"codice_variante";"FOREIGN KEY"
"vart_tvar_pk";"valori_variante_articolo";"id_articolo";"tipi_variante_articolo";"codice_tipo_variante";"FOREIGN KEY"
"vart_tvar_pk";"valori_variante_articolo";"id_articolo";"tipi_variante_articolo";"codice_azienda";"FOREIGN KEY"
"vart_tvar_pk";"valori_variante_articolo";"id_articolo";"tipi_variante_articolo";"id_articolo";"FOREIGN KEY"
"vart_tvar_pk";"valori_variante_articolo";"codice_azienda";"tipi_variante_articolo";"codice_tipo_variante";"FOREIGN KEY"
"vart_tvar_pk";"valori_variante_articolo";"codice_azienda";"tipi_variante_articolo";"codice_azienda";"FOREIGN KEY"
"vart_tvar_pk";"valori_variante_articolo";"codice_azienda";"tipi_variante_articolo";"id_articolo";"FOREIGN KEY"
"vart_tvar_pk";"valori_variante_articolo";"codice_tipo_variante";"tipi_variante_articolo";"codice_tipo_variante";"FOREIGN KEY"
"vart_tvar_pk";"valori_variante_articolo";"codice_tipo_variante";"tipi_variante_articolo";"codice_azienda";"FOREIGN KEY"
"vart_tvar_pk";"valori_variante_articolo";"codice_tipo_variante";"tipi_variante_articolo";"id_articolo";"FOREIGN KEY"
"vava_tiva_fk";"valori_variante";"codice_azienda";"tipi_variante";"codice_azienda";"FOREIGN KEY"
"vava_tiva_fk";"valori_variante";"codice_azienda";"tipi_variante";"codice_tipo_variante";"FOREIGN KEY"
"vava_tiva_fk";"valori_variante";"codice_tipo_variante";"tipi_variante";"codice_azienda";"FOREIGN KEY"
"vava_tiva_fk";"valori_variante";"codice_tipo_variante";"tipi_variante";"codice_tipo_variante";"FOREIGN KEY"
"vf24_docu_fk";"versamenti_f24";"codice_azienda";"documenti";"codice_azienda";"FOREIGN KEY"
"vf24_docu_fk";"versamenti_f24";"codice_azienda";"documenti";"id_documento";"FOREIGN KEY"
"vf24_docu_fk";"versamenti_f24";"id_documento";"documenti";"codice_azienda";"FOREIGN KEY"
"vf24_docu_fk";"versamenti_f24";"id_documento";"documenti";"id_documento";"FOREIGN KEY"
"vf24_liva_fk";"versamenti_f24";"periodo_iva";"liquidazione_iva";"periodo";"FOREIGN KEY"
"vf24_liva_fk";"versamenti_f24";"periodo_iva";"liquidazione_iva";"codice_azienda";"FOREIGN KEY"
"vf24_liva_fk";"versamenti_f24";"periodo_iva";"liquidazione_iva";"anno";"FOREIGN KEY"
"vf24_liva_fk";"versamenti_f24";"periodo_iva";"liquidazione_iva";"id_documento";"FOREIGN KEY"
"vf24_liva_fk";"versamenti_f24";"anno";"liquidazione_iva";"periodo";"FOREIGN KEY"
"vf24_liva_fk";"versamenti_f24";"anno";"liquidazione_iva";"codice_azienda";"FOREIGN KEY"
"vf24_liva_fk";"versamenti_f24";"anno";"liquidazione_iva";"anno";"FOREIGN KEY"
"vf24_liva_fk";"versamenti_f24";"anno";"liquidazione_iva";"id_documento";"FOREIGN KEY"
"vf24_liva_fk";"versamenti_f24";"id_documento_liq";"liquidazione_iva";"periodo";"FOREIGN KEY"
"vf24_liva_fk";"versamenti_f24";"id_documento_liq";"liquidazione_iva";"codice_azienda";"FOREIGN KEY"
"vf24_liva_fk";"versamenti_f24";"id_documento_liq";"liquidazione_iva";"anno";"FOREIGN KEY"
"vf24_liva_fk";"versamenti_f24";"id_documento_liq";"liquidazione_iva";"id_documento";"FOREIGN KEY"
"vf24_liva_fk";"versamenti_f24";"codice_azienda";"liquidazione_iva";"periodo";"FOREIGN KEY"
"vf24_liva_fk";"versamenti_f24";"codice_azienda";"liquidazione_iva";"codice_azienda";"FOREIGN KEY"
"vf24_liva_fk";"versamenti_f24";"codice_azienda";"liquidazione_iva";"anno";"FOREIGN KEY"
"vf24_liva_fk";"versamenti_f24";"codice_azienda";"liquidazione_iva";"id_documento";"FOREIGN KEY"
"wspa_azie_fk";"ws_partner";"codice_azienda";"aziende";"codice_azienda";"FOREIGN KEY"
"znar__tzar__fk";"zone_aree";"id_tipo_zona_area";"tipi_zone_aree";"codice_azienda";"FOREIGN KEY"
"znar__tzar__fk";"zone_aree";"id_tipo_zona_area";"tipi_zone_aree";"id_tipo_zona_area";"FOREIGN KEY"
"znar__tzar__fk";"zone_aree";"codice_azienda";"tipi_zone_aree";"codice_azienda";"FOREIGN KEY"
"znar__tzar__fk";"zone_aree";"codice_azienda";"tipi_zone_aree";"id_tipo_zona_area";"FOREIGN KEY"
"znar__zone__fk";"zone_aree";"codice_azienda";"zone";"codice_zona";"FOREIGN KEY"
"znar__zone__fk";"zone_aree";"codice_azienda";"zone";"codice_azienda";"FOREIGN KEY"
"znar__zone__fk";"zone_aree";"codice_zona";"zone";"codice_zona";"FOREIGN KEY"
"znar__zone__fk";"zone_aree";"codice_zona";"zone";"codice_azienda";"FOREIGN KEY"
"zona_zone_fk";"zone_anagrafiche";"codice_azienda";"zone";"codice_azienda";"FOREIGN KEY"
"zona_zone_fk";"zone_anagrafiche";"codice_azienda";"zone";"codice_zona";"FOREIGN KEY"
"zona_zone_fk";"zone_anagrafiche";"codice_zona";"zone";"codice_azienda";"FOREIGN KEY"
"zona_zone_fk";"zone_anagrafiche";"codice_zona";"zone";"codice_zona";"FOREIGN KEY"
"zone__comu__fk";"zone";"codice_comune";"comuni";"codice_comune";"FOREIGN KEY"
"zone__prnc__fk";"zone";"codice_provincia";"province";"codice_provincia";"FOREIGN KEY"
"zone__regi__fk";"zone";"codice_regione";"regioni";"codice_regione";"FOREIGN KEY"
"zone_anid_fk";"zone_anagrafiche";"codice_part";"anagrafiche_id";"id_anagrafica";"FOREIGN KEY"
"zone_anid_fk";"zone_anagrafiche";"codice_part";"anagrafiche_id";"codice_part";"FOREIGN KEY"
"zone_anid_fk";"zone_anagrafiche";"id_anagrafica";"anagrafiche_id";"id_anagrafica";"FOREIGN KEY"
"zone_anid_fk";"zone_anagrafiche";"id_anagrafica";"anagrafiche_id";"codice_part";"FOREIGN KEY"
"zone_azie_fk";"zone";"codice_azienda";"aziende";"codice_azienda";"FOREIGN KEY"
