Nome campo;      type;      label;      inputType;      name;      value;      readonly;isVisible;newLine;validations;indice;chiavePrimaria;data_type;comboboxQuery;varForm;ElencoCampi;ElencoValori;stringaPerUpdate;pk_condizione;pk_vincolo;condizioneChiavePrimaria;queryString;queryString_New;queryString_element;insertString;updateString;deleteString
codice_azienda;input;codice_azienda;text;codice_azienda;;true;false;true;false;false;true;character varying;;"var form = [		{type: 'input',		 label: 'codice_azienda',		 inputType: 'text',		 name: 'codice_azienda',		 value: '',		 readonly: 'true',		 isVisible: 'false',		 newLine: 'true'	}	]";codice_azienda;${body['codice_azienda'];codice_azienda=${body['codice_azienda'];codice_azienda;${body['codice_azienda'];codice_azienda=${body['codice_azienda'];;;;"`INSERT INTO entrasp.codice_azienda(codice_azienda)Values(${body['codice_azienda'])RETURNING id_procedura;`";"`Update entrasp.procedure_aziendaliSET codice_azienda=${body['codice_azienda'], codice=${body['codice'], descrizione_breve=${body['descrizione_breve'], id_procedura_parent=${body[id_procedura_parent], ordinamento=${body[ordinamento], tree_path=${body['tree_path'], frequenza=${body['frequenza'], strumento_informatico=${body['strumento_informatico'], id_centro_gest=${body[id_centro_gest], codice_part=${body['codice_part'], descrizione=${body['descrizione'], tipo_procedura=${body['tipo_procedura'], stato_attuazione=${body['stato_attuazione'], id_tipo_processo=${body[id_tipo_processo]WHERE codice_azienda=${body['codice_azienda'];`";"`DELETE FROM entrasp.procedure_aziendaliWHERE codice_azienda=${body['codice_azienda'];`"
codice;input;codice;text;codice;;false;true;true;validation1;false;false;character varying;;"var form = [		{type: 'input',		 label: 'codice_azienda',		 inputType: 'text',		 name: 'codice_azienda',		 value: '',		 readonly: 'true',		 isVisible: 'false',		 newLine: 'true'	}	],
var form = [		{type: 'input',		 label: 'codice',		 inputType: 'text',		 name: 'codice',		 value: '',		 readonly: 'false',		 isVisible: 'true',		 newLine: 'true',		 validations: [		{		name: 'required',		validator: 'Validators.required',		message: 'Descrizione mancante'		}		]	}	]";codice_azienda, codice;${body['codice_azienda'], ${body['codice'];codice_azienda=${body['codice_azienda'], codice=${body['codice'];;;codice_azienda=${body['codice_azienda'];;;;"`INSERT INTO entrasp.codice(codice_azienda, codice)Values(${body['codice_azienda'], ${body['codice'])RETURNING id_procedura;`";"`Update entrasp.procedure_aziendaliSET codice_azienda=${body['codice_azienda'], codice=${body['codice'], descrizione_breve=${body['descrizione_breve'], id_procedura_parent=${body[id_procedura_parent], ordinamento=${body[ordinamento], tree_path=${body['tree_path'], frequenza=${body['frequenza'], strumento_informatico=${body['strumento_informatico'], id_centro_gest=${body[id_centro_gest], codice_part=${body['codice_part'], descrizione=${body['descrizione'], tipo_procedura=${body['tipo_procedura'], stato_attuazione=${body['stato_attuazione'], id_tipo_processo=${body[id_tipo_processo], 0=${body['0']WHERE codice_azienda=${body['codice_azienda'];`";"`DELETE FROM entrasp.procedure_aziendaliWHERE codice_azienda=${body['codice_azienda'];`"
descrizione_breve;input;descrizione_breve;text;descrizione_breve;;false;true;true;validation2;false;false;character varying;;"var form = [		{type: 'input',		 label: 'codice_azienda',		 inputType: 'text',		 name: 'codice_azienda',		 value: '',		 readonly: 'true',		 isVisible: 'false',		 newLine: 'true'	}	],
var form = [		{type: 'input',		 label: 'codice',		 inputType: 'text',		 name: 'codice',		 value: '',		 readonly: 'false',		 isVisible: 'true',		 newLine: 'true',		 validations: [		{		name: 'required',		validator: 'Validators.required',		message: 'Descrizione mancante'		}		]	}	],
var form = [		{type: 'input',		 label: 'descrizione_breve',		 inputType: 'text',		 name: 'descrizione_breve',		 value: '',		 readonly: 'false',		 isVisible: 'true',		 newLine: 'true',		 validations: [		{		name: 'required',	validator: 'Validators.required',	message: 'Codice mancante'	},	{	name: 'pattern',	validator: '^[a-zA-Z1-9&_ ]+$',	message: 'Uso caratteri non ammessi'	}	]	}	]";codice_azienda, codice, descrizione_breve;${body['codice_azienda'], ${body['codice'], ${body['descrizione_breve'];codice_azienda=${body['codice_azienda'], codice=${body['codice'], descrizione_breve=${body['descrizione_breve'];;;codice_azienda=${body['codice_azienda'];;;;"`INSERT INTO entrasp.descrizione_breve(codice_azienda, codice, descrizione_breve)Values(${body['codice_azienda'], ${body['codice'], ${body['descrizione_breve'])RETURNING id_procedura;`";"`Update entrasp.procedure_aziendaliSET codice_azienda=${body['codice_azienda'], codice=${body['codice'], descrizione_breve=${body['descrizione_breve'], id_procedura_parent=${body[id_procedura_parent], ordinamento=${body[ordinamento], tree_path=${body['tree_path'], frequenza=${body['frequenza'], strumento_informatico=${body['strumento_informatico'], id_centro_gest=${body[id_centro_gest], codice_part=${body['codice_part'], descrizione=${body['descrizione'], tipo_procedura=${body['tipo_procedura'], stato_attuazione=${body['stato_attuazione'], id_tipo_processo=${body[id_tipo_processo], 0=${body['0'], 0=${body['0']WHERE codice_azienda=${body['codice_azienda'];`";"`DELETE FROM entrasp.procedure_aziendaliWHERE codice_azienda=${body['codice_azienda'];`"
id_procedura;input;id_procedura;text;id_procedura;;true;true;true;false;true;true;numeric;;"var form = [		{type: 'input',		 label: 'codice_azienda',		 inputType: 'text',		 name: 'codice_azienda',		 value: '',		 readonly: 'true',		 isVisible: 'false',		 newLine: 'true'	}	],
var form = [		{type: 'input',		 label: 'codice',		 inputType: 'text',		 name: 'codice',		 value: '',		 readonly: 'false',		 isVisible: 'true',		 newLine: 'true',		 validations: [		{		name: 'required',		validator: 'Validators.required',		message: 'Descrizione mancante'		}		]	}	],
var form = [		{type: 'input',		 label: 'descrizione_breve',		 inputType: 'text',		 name: 'descrizione_breve',		 value: '',		 readonly: 'false',		 isVisible: 'true',		 newLine: 'true',		 validations: [		{		name: 'required',	validator: 'Validators.required',	message: 'Codice mancante'	},	{	name: 'pattern',	validator: '^[a-zA-Z1-9&_ ]+$',	message: 'Uso caratteri non ammessi'	}	]	}	],
var form = [		{type: 'input',		 label: 'id_procedura',		 inputType: 'text',		 name: 'id_procedura',		 value: '',		 readonly: 'true',		 isVisible: 'true',		 newLine: 'true'	}	]";codice_azienda, codice, descrizione_breve;${body['codice_azienda'], ${body['codice'], ${body['descrizione_breve'];codice_azienda=${body['codice_azienda'], codice=${body['codice'], descrizione_breve=${body['descrizione_breve'];id_procedura;${body['id_procedura'];codice_azienda=${body['codice_azienda'] AND id_procedura=${body['id_procedura'];;;;"`INSERT INTO entrasp.id_procedura(codice_azienda, codice, descrizione_breve)Values(${body['codice_azienda'], ${body['codice'], ${body['descrizione_breve'])RETURNING id_procedura;`";"`Update entrasp.procedure_aziendaliSET codice_azienda=${body['codice_azienda'], codice=${body['codice'], descrizione_breve=${body['descrizione_breve'], id_procedura_parent=${body[id_procedura_parent], ordinamento=${body[ordinamento], tree_path=${body['tree_path'], frequenza=${body['frequenza'], strumento_informatico=${body['strumento_informatico'], id_centro_gest=${body[id_centro_gest], codice_part=${body['codice_part'], descrizione=${body['descrizione'], tipo_procedura=${body['tipo_procedura'], stato_attuazione=${body['stato_attuazione'], id_tipo_processo=${body[id_tipo_processo], 0=${body['0'], 0=${body['0'], 0=${body['0']WHERE codice_azienda=${body['codice_azienda'] AND id_procedura=${body['id_procedura'];`";"`DELETE FROM entrasp.procedure_aziendaliWHERE codice_azienda=${body['codice_azienda'] AND id_procedura=${body['id_procedura'];`"
id_procedura_parent;combobox;id_procedura_parent;text;id_procedura_parent;;false;true;true;false;false;false;numeric;;"var form = [		{type: 'input',		 label: 'codice_azienda',		 inputType: 'text',		 name: 'codice_azienda',		 value: '',		 readonly: 'true',		 isVisible: 'false',		 newLine: 'true'	}	],
var form = [		{type: 'input',		 label: 'codice',		 inputType: 'text',		 name: 'codice',		 value: '',		 readonly: 'false',		 isVisible: 'true',		 newLine: 'true',		 validations: [		{		name: 'required',		validator: 'Validators.required',		message: 'Descrizione mancante'		}		]	}	],
var form = [		{type: 'input',		 label: 'descrizione_breve',		 inputType: 'text',		 name: 'descrizione_breve',		 value: '',		 readonly: 'false',		 isVisible: 'true',		 newLine: 'true',		 validations: [		{		name: 'required',	validator: 'Validators.required',	message: 'Codice mancante'	},	{	name: 'pattern',	validator: '^[a-zA-Z1-9&_ ]+$',	message: 'Uso caratteri non ammessi'	}	]	}	],
var form = [		{type: 'input',		 label: 'id_procedura',		 inputType: 'text',		 name: 'id_procedura',		 value: '',		 readonly: 'true',		 isVisible: 'true',		 newLine: 'true'	}	],
var form = [		{type: 'combobox',		 label: 'id_procedura_parent',		 inputType: 'text',		 name: 'id_procedura_parent',		 value: '',		 readonly: 'false',		 isVisible: 'true',		 newLine: 'true',		 options: []	}	]";codice_azienda, codice, descrizione_breve, id_procedura_parent;${body['codice_azienda'], ${body['codice'], ${body['descrizione_breve'], ${body[id_procedura_parent];codice_azienda=${body['codice_azienda'], codice=${body['codice'], descrizione_breve=${body['descrizione_breve'], id_procedura_parent=${body[id_procedura_parent];;;codice_azienda=${body['codice_azienda'] AND id_procedura=${body['id_procedura'];;;;"`INSERT INTO entrasp.id_procedura_parent(codice_azienda, codice, descrizione_breve, id_procedura_parent)Values(${body['codice_azienda'], ${body['codice'], ${body['descrizione_breve'], ${body[id_procedura_parent])RETURNING id_procedura;`";"`Update entrasp.procedure_aziendaliSET codice_azienda=${body['codice_azienda'], codice=${body['codice'], descrizione_breve=${body['descrizione_breve'], id_procedura_parent=${body[id_procedura_parent], ordinamento=${body[ordinamento], tree_path=${body['tree_path'], frequenza=${body['frequenza'], strumento_informatico=${body['strumento_informatico'], id_centro_gest=${body[id_centro_gest], codice_part=${body['codice_part'], descrizione=${body['descrizione'], tipo_procedura=${body['tipo_procedura'], stato_attuazione=${body['stato_attuazione'], id_tipo_processo=${body[id_tipo_processo], 0=${body['0'], 0=${body['0'], 0=${body['0'], 0=${body['0']WHERE codice_azienda=${body['codice_azienda'] AND id_procedura=${body['id_procedura'];`";"`DELETE FROM entrasp.procedure_aziendaliWHERE codice_azienda=${body['codice_azienda'] AND id_procedura=${body['id_procedura'];`"
ordinamento;input;ordinamento;text;ordinamento;;false;true;true;false;false;false;numeric;;"var form = [		{type: 'input',		 label: 'codice_azienda',		 inputType: 'text',		 name: 'codice_azienda',		 value: '',		 readonly: 'true',		 isVisible: 'false',		 newLine: 'true'	}	],
var form = [		{type: 'input',		 label: 'codice',		 inputType: 'text',		 name: 'codice',		 value: '',		 readonly: 'false',		 isVisible: 'true',		 newLine: 'true',		 validations: [		{		name: 'required',		validator: 'Validators.required',		message: 'Descrizione mancante'		}		]	}	],
var form = [		{type: 'input',		 label: 'descrizione_breve',		 inputType: 'text',		 name: 'descrizione_breve',		 value: '',		 readonly: 'false',		 isVisible: 'true',		 newLine: 'true',		 validations: [		{		name: 'required',	validator: 'Validators.required',	message: 'Codice mancante'	},	{	name: 'pattern',	validator: '^[a-zA-Z1-9&_ ]+$',	message: 'Uso caratteri non ammessi'	}	]	}	],
var form = [		{type: 'input',		 label: 'id_procedura',		 inputType: 'text',		 name: 'id_procedura',		 value: '',		 readonly: 'true',		 isVisible: 'true',		 newLine: 'true'	}	],
var form = [		{type: 'combobox',		 label: 'id_procedura_parent',		 inputType: 'text',		 name: 'id_procedura_parent',		 value: '',		 readonly: 'false',		 isVisible: 'true',		 newLine: 'true',		 options: []	}	],
var form = [		{type: 'input',		 label: 'ordinamento',		 inputType: 'text',		 name: 'ordinamento',		 value: '',		 readonly: 'false',		 isVisible: 'true',		 newLine: 'true'	}	]";codice_azienda, codice, descrizione_breve, id_procedura_parent, ordinamento;${body['codice_azienda'], ${body['codice'], ${body['descrizione_breve'], ${body[id_procedura_parent], ${body[ordinamento];codice_azienda=${body['codice_azienda'], codice=${body['codice'], descrizione_breve=${body['descrizione_breve'], id_procedura_parent=${body[id_procedura_parent], ordinamento=${body[ordinamento];;;codice_azienda=${body['codice_azienda'] AND id_procedura=${body['id_procedura'];;;;"`INSERT INTO entrasp.ordinamento(codice_azienda, codice, descrizione_breve, id_procedura_parent, ordinamento)Values(${body['codice_azienda'], ${body['codice'], ${body['descrizione_breve'], ${body[id_procedura_parent], ${body[ordinamento])RETURNING id_procedura;`";"`Update entrasp.procedure_aziendaliSET codice_azienda=${body['codice_azienda'], codice=${body['codice'], descrizione_breve=${body['descrizione_breve'], id_procedura_parent=${body[id_procedura_parent], ordinamento=${body[ordinamento], tree_path=${body['tree_path'], frequenza=${body['frequenza'], strumento_informatico=${body['strumento_informatico'], id_centro_gest=${body[id_centro_gest], codice_part=${body['codice_part'], descrizione=${body['descrizione'], tipo_procedura=${body['tipo_procedura'], stato_attuazione=${body['stato_attuazione'], id_tipo_processo=${body[id_tipo_processo], 0=${body['0'], 0=${body['0'], 0=${body['0'], 0=${body['0'], 0=${body['0']WHERE codice_azienda=${body['codice_azienda'] AND id_procedura=${body['id_procedura'];`";"`DELETE FROM entrasp.procedure_aziendaliWHERE codice_azienda=${body['codice_azienda'] AND id_procedura=${body['id_procedura'];`"
tree_path;input;tree_path;text;tree_path;;false;true;true;false;false;false;character varying;;"var form = [		{type: 'input',		 label: 'codice_azienda',		 inputType: 'text',		 name: 'codice_azienda',		 value: '',		 readonly: 'true',		 isVisible: 'false',		 newLine: 'true'	}	],
var form = [		{type: 'input',		 label: 'codice',		 inputType: 'text',		 name: 'codice',		 value: '',		 readonly: 'false',		 isVisible: 'true',		 newLine: 'true',		 validations: [		{		name: 'required',		validator: 'Validators.required',		message: 'Descrizione mancante'		}		]	}	],
var form = [		{type: 'input',		 label: 'descrizione_breve',		 inputType: 'text',		 name: 'descrizione_breve',		 value: '',		 readonly: 'false',		 isVisible: 'true',		 newLine: 'true',		 validations: [		{		name: 'required',	validator: 'Validators.required',	message: 'Codice mancante'	},	{	name: 'pattern',	validator: '^[a-zA-Z1-9&_ ]+$',	message: 'Uso caratteri non ammessi'	}	]	}	],
var form = [		{type: 'input',		 label: 'id_procedura',		 inputType: 'text',		 name: 'id_procedura',		 value: '',		 readonly: 'true',		 isVisible: 'true',		 newLine: 'true'	}	],
var form = [		{type: 'combobox',		 label: 'id_procedura_parent',		 inputType: 'text',		 name: 'id_procedura_parent',		 value: '',		 readonly: 'false',		 isVisible: 'true',		 newLine: 'true',		 options: []	}	],
var form = [		{type: 'input',		 label: 'ordinamento',		 inputType: 'text',		 name: 'ordinamento',		 value: '',		 readonly: 'false',		 isVisible: 'true',		 newLine: 'true'	}	],
var form = [		{type: 'input',		 label: 'tree_path',		 inputType: 'text',		 name: 'tree_path',		 value: '',		 readonly: 'false',		 isVisible: 'true',		 newLine: 'true'	}	]";codice_azienda, codice, descrizione_breve, id_procedura_parent, ordinamento, tree_path;${body['codice_azienda'], ${body['codice'], ${body['descrizione_breve'], ${body[id_procedura_parent], ${body[ordinamento], ${body['tree_path'];codice_azienda=${body['codice_azienda'], codice=${body['codice'], descrizione_breve=${body['descrizione_breve'], id_procedura_parent=${body[id_procedura_parent], ordinamento=${body[ordinamento], tree_path=${body['tree_path'];;;codice_azienda=${body['codice_azienda'] AND id_procedura=${body['id_procedura'];;;;"`INSERT INTO entrasp.tree_path(codice_azienda, codice, descrizione_breve, id_procedura_parent, ordinamento, tree_path)Values(${body['codice_azienda'], ${body['codice'], ${body['descrizione_breve'], ${body[id_procedura_parent], ${body[ordinamento], ${body['tree_path'])RETURNING id_procedura;`";"`Update entrasp.procedure_aziendaliSET codice_azienda=${body['codice_azienda'], codice=${body['codice'], descrizione_breve=${body['descrizione_breve'], id_procedura_parent=${body[id_procedura_parent], ordinamento=${body[ordinamento], tree_path=${body['tree_path'], frequenza=${body['frequenza'], strumento_informatico=${body['strumento_informatico'], id_centro_gest=${body[id_centro_gest], codice_part=${body['codice_part'], descrizione=${body['descrizione'], tipo_procedura=${body['tipo_procedura'], stato_attuazione=${body['stato_attuazione'], id_tipo_processo=${body[id_tipo_processo], 0=${body['0'], 0=${body['0'], 0=${body['0'], 0=${body['0'], 0=${body['0'], 0=${body['0']WHERE codice_azienda=${body['codice_azienda'] AND id_procedura=${body['id_procedura'];`";"`DELETE FROM entrasp.procedure_aziendaliWHERE codice_azienda=${body['codice_azienda'] AND id_procedura=${body['id_procedura'];`"
frequenza;input;frequenza;text;frequenza;;false;true;true;false;false;false;text;;"var form = [		{type: 'input',		 label: 'codice_azienda',		 inputType: 'text',		 name: 'codice_azienda',		 value: '',		 readonly: 'true',		 isVisible: 'false',		 newLine: 'true'	}	],
var form = [		{type: 'input',		 label: 'codice',		 inputType: 'text',		 name: 'codice',		 value: '',		 readonly: 'false',		 isVisible: 'true',		 newLine: 'true',		 validations: [		{		name: 'required',		validator: 'Validators.required',		message: 'Descrizione mancante'		}		]	}	],
var form = [		{type: 'input',		 label: 'descrizione_breve',		 inputType: 'text',		 name: 'descrizione_breve',		 value: '',		 readonly: 'false',		 isVisible: 'true',		 newLine: 'true',		 validations: [		{		name: 'required',	validator: 'Validators.required',	message: 'Codice mancante'	},	{	name: 'pattern',	validator: '^[a-zA-Z1-9&_ ]+$',	message: 'Uso caratteri non ammessi'	}	]	}	],
var form = [		{type: 'input',		 label: 'id_procedura',		 inputType: 'text',		 name: 'id_procedura',		 value: '',		 readonly: 'true',		 isVisible: 'true',		 newLine: 'true'	}	],
var form = [		{type: 'combobox',		 label: 'id_procedura_parent',		 inputType: 'text',		 name: 'id_procedura_parent',		 value: '',		 readonly: 'false',		 isVisible: 'true',		 newLine: 'true',		 options: []	}	],
var form = [		{type: 'input',		 label: 'ordinamento',		 inputType: 'text',		 name: 'ordinamento',		 value: '',		 readonly: 'false',		 isVisible: 'true',		 newLine: 'true'	}	],
var form = [		{type: 'input',		 label: 'tree_path',		 inputType: 'text',		 name: 'tree_path',		 value: '',		 readonly: 'false',		 isVisible: 'true',		 newLine: 'true'	}	],
var form = [		{type: 'input',		 label: 'frequenza',		 inputType: 'text',		 name: 'frequenza',		 value: '',		 readonly: 'false',		 isVisible: 'true',		 newLine: 'true'	}	]";codice_azienda, codice, descrizione_breve, id_procedura_parent, ordinamento, tree_path, frequenza;${body['codice_azienda'], ${body['codice'], ${body['descrizione_breve'], ${body[id_procedura_parent], ${body[ordinamento], ${body['tree_path'], ${body['frequenza'];codice_azienda=${body['codice_azienda'], codice=${body['codice'], descrizione_breve=${body['descrizione_breve'], id_procedura_parent=${body[id_procedura_parent], ordinamento=${body[ordinamento], tree_path=${body['tree_path'], frequenza=${body['frequenza'];;;codice_azienda=${body['codice_azienda'] AND id_procedura=${body['id_procedura'];;;;"`INSERT INTO entrasp.frequenza(codice_azienda, codice, descrizione_breve, id_procedura_parent, ordinamento, tree_path, frequenza)Values(${body['codice_azienda'], ${body['codice'], ${body['descrizione_breve'], ${body[id_procedura_parent], ${body[ordinamento], ${body['tree_path'], ${body['frequenza'])RETURNING id_procedura;`";"`Update entrasp.procedure_aziendaliSET codice_azienda=${body['codice_azienda'], codice=${body['codice'], descrizione_breve=${body['descrizione_breve'], id_procedura_parent=${body[id_procedura_parent], ordinamento=${body[ordinamento], tree_path=${body['tree_path'], frequenza=${body['frequenza'], strumento_informatico=${body['strumento_informatico'], id_centro_gest=${body[id_centro_gest], codice_part=${body['codice_part'], descrizione=${body['descrizione'], tipo_procedura=${body['tipo_procedura'], stato_attuazione=${body['stato_attuazione'], id_tipo_processo=${body[id_tipo_processo], 0=${body['0'], 0=${body['0'], 0=${body['0'], 0=${body['0'], 0=${body['0'], 0=${body['0'], 0=${body['0']WHERE codice_azienda=${body['codice_azienda'] AND id_procedura=${body['id_procedura'];`";"`DELETE FROM entrasp.procedure_aziendaliWHERE codice_azienda=${body['codice_azienda'] AND id_procedura=${body['id_procedura'];`"
strumento_informatico;input;strumento_informatico;text;strumento_informatico;;false;true;true;false;false;false;text;;"var form = [		{type: 'input',		 label: 'codice_azienda',		 inputType: 'text',		 name: 'codice_azienda',		 value: '',		 readonly: 'true',		 isVisible: 'false',		 newLine: 'true'	}	],
var form = [		{type: 'input',		 label: 'codice',		 inputType: 'text',		 name: 'codice',		 value: '',		 readonly: 'false',		 isVisible: 'true',		 newLine: 'true',		 validations: [		{		name: 'required',		validator: 'Validators.required',		message: 'Descrizione mancante'		}		]	}	],
var form = [		{type: 'input',		 label: 'descrizione_breve',		 inputType: 'text',		 name: 'descrizione_breve',		 value: '',		 readonly: 'false',		 isVisible: 'true',		 newLine: 'true',		 validations: [		{		name: 'required',	validator: 'Validators.required',	message: 'Codice mancante'	},	{	name: 'pattern',	validator: '^[a-zA-Z1-9&_ ]+$',	message: 'Uso caratteri non ammessi'	}	]	}	],
var form = [		{type: 'input',		 label: 'id_procedura',		 inputType: 'text',		 name: 'id_procedura',		 value: '',		 readonly: 'true',		 isVisible: 'true',		 newLine: 'true'	}	],
var form = [		{type: 'combobox',		 label: 'id_procedura_parent',		 inputType: 'text',		 name: 'id_procedura_parent',		 value: '',		 readonly: 'false',		 isVisible: 'true',		 newLine: 'true',		 options: []	}	],
var form = [		{type: 'input',		 label: 'ordinamento',		 inputType: 'text',		 name: 'ordinamento',		 value: '',		 readonly: 'false',		 isVisible: 'true',		 newLine: 'true'	}	],
var form = [		{type: 'input',		 label: 'tree_path',		 inputType: 'text',		 name: 'tree_path',		 value: '',		 readonly: 'false',		 isVisible: 'true',		 newLine: 'true'	}	],
var form = [		{type: 'input',		 label: 'frequenza',		 inputType: 'text',		 name: 'frequenza',		 value: '',		 readonly: 'false',		 isVisible: 'true',		 newLine: 'true'	}	],
var form = [		{type: 'input',		 label: 'strumento_informatico',		 inputType: 'text',		 name: 'strumento_informatico',		 value: '',		 readonly: 'false',		 isVisible: 'true',		 newLine: 'true'	}	]";codice_azienda, codice, descrizione_breve, id_procedura_parent, ordinamento, tree_path, frequenza, strumento_informatico;${body['codice_azienda'], ${body['codice'], ${body['descrizione_breve'], ${body[id_procedura_parent], ${body[ordinamento], ${body['tree_path'], ${body['frequenza'], ${body['strumento_informatico'];codice_azienda=${body['codice_azienda'], codice=${body['codice'], descrizione_breve=${body['descrizione_breve'], id_procedura_parent=${body[id_procedura_parent], ordinamento=${body[ordinamento], tree_path=${body['tree_path'], frequenza=${body['frequenza'], strumento_informatico=${body['strumento_informatico'];;;codice_azienda=${body['codice_azienda'] AND id_procedura=${body['id_procedura'];;;;"`INSERT INTO entrasp.strumento_informatico(codice_azienda, codice, descrizione_breve, id_procedura_parent, ordinamento, tree_path, frequenza, strumento_informatico)Values(${body['codice_azienda'], ${body['codice'], ${body['descrizione_breve'], ${body[id_procedura_parent], ${body[ordinamento], ${body['tree_path'], ${body['frequenza'], ${body['strumento_informatico'])RETURNING id_procedura;`";"`Update entrasp.procedure_aziendaliSET codice_azienda=${body['codice_azienda'], codice=${body['codice'], descrizione_breve=${body['descrizione_breve'], id_procedura_parent=${body[id_procedura_parent], ordinamento=${body[ordinamento], tree_path=${body['tree_path'], frequenza=${body['frequenza'], strumento_informatico=${body['strumento_informatico'], id_centro_gest=${body[id_centro_gest], codice_part=${body['codice_part'], descrizione=${body['descrizione'], tipo_procedura=${body['tipo_procedura'], stato_attuazione=${body['stato_attuazione'], id_tipo_processo=${body[id_tipo_processo], 0=${body['0'], 0=${body['0'], 0=${body['0'], 0=${body['0'], 0=${body['0'], 0=${body['0'], 0=${body['0'], 0=${body['0']WHERE codice_azienda=${body['codice_azienda'] AND id_procedura=${body['id_procedura'];`";"`DELETE FROM entrasp.procedure_aziendaliWHERE codice_azienda=${body['codice_azienda'] AND id_procedura=${body['id_procedura'];`"
id_centro_gest;combobox;id_centro_gest;text;id_centro_gest;;false;true;true;false;false;false;numeric;;"var form = [		{type: 'input',		 label: 'codice_azienda',		 inputType: 'text',		 name: 'codice_azienda',		 value: '',		 readonly: 'true',		 isVisible: 'false',		 newLine: 'true'	}	],
var form = [		{type: 'input',		 label: 'codice',		 inputType: 'text',		 name: 'codice',		 value: '',		 readonly: 'false',		 isVisible: 'true',		 newLine: 'true',		 validations: [		{		name: 'required',		validator: 'Validators.required',		message: 'Descrizione mancante'		}		]	}	],
var form = [		{type: 'input',		 label: 'descrizione_breve',		 inputType: 'text',		 name: 'descrizione_breve',		 value: '',		 readonly: 'false',		 isVisible: 'true',		 newLine: 'true',		 validations: [		{		name: 'required',	validator: 'Validators.required',	message: 'Codice mancante'	},	{	name: 'pattern',	validator: '^[a-zA-Z1-9&_ ]+$',	message: 'Uso caratteri non ammessi'	}	]	}	],
var form = [		{type: 'input',		 label: 'id_procedura',		 inputType: 'text',		 name: 'id_procedura',		 value: '',		 readonly: 'true',		 isVisible: 'true',		 newLine: 'true'	}	],
var form = [		{type: 'combobox',		 label: 'id_procedura_parent',		 inputType: 'text',		 name: 'id_procedura_parent',		 value: '',		 readonly: 'false',		 isVisible: 'true',		 newLine: 'true',		 options: []	}	],
var form = [		{type: 'input',		 label: 'ordinamento',		 inputType: 'text',		 name: 'ordinamento',		 value: '',		 readonly: 'false',		 isVisible: 'true',		 newLine: 'true'	}	],
var form = [		{type: 'input',		 label: 'tree_path',		 inputType: 'text',		 name: 'tree_path',		 value: '',		 readonly: 'false',		 isVisible: 'true',		 newLine: 'true'	}	],
var form = [		{type: 'input',		 label: 'frequenza',		 inputType: 'text',		 name: 'frequenza',		 value: '',		 readonly: 'false',		 isVisible: 'true',		 newLine: 'true'	}	],
var form = [		{type: 'input',		 label: 'strumento_informatico',		 inputType: 'text',		 name: 'strumento_informatico',		 value: '',		 readonly: 'false',		 isVisible: 'true',		 newLine: 'true'	}	],
var form = [		{type: 'combobox',		 label: 'id_centro_gest',		 inputType: 'text',		 name: 'id_centro_gest',		 value: '',		 readonly: 'false',		 isVisible: 'true',		 newLine: 'true',		 options: []	}	]";codice_azienda, codice, descrizione_breve, id_procedura_parent, ordinamento, tree_path, frequenza, strumento_informatico, id_centro_gest;${body['codice_azienda'], ${body['codice'], ${body['descrizione_breve'], ${body[id_procedura_parent], ${body[ordinamento], ${body['tree_path'], ${body['frequenza'], ${body['strumento_informatico'], ${body[id_centro_gest];codice_azienda=${body['codice_azienda'], codice=${body['codice'], descrizione_breve=${body['descrizione_breve'], id_procedura_parent=${body[id_procedura_parent], ordinamento=${body[ordinamento], tree_path=${body['tree_path'], frequenza=${body['frequenza'], strumento_informatico=${body['strumento_informatico'], id_centro_gest=${body[id_centro_gest];;;codice_azienda=${body['codice_azienda'] AND id_procedura=${body['id_procedura'];;;;"`INSERT INTO entrasp.id_centro_gest(codice_azienda, codice, descrizione_breve, id_procedura_parent, ordinamento, tree_path, frequenza, strumento_informatico, id_centro_gest)Values(${body['codice_azienda'], ${body['codice'], ${body['descrizione_breve'], ${body[id_procedura_parent], ${body[ordinamento], ${body['tree_path'], ${body['frequenza'], ${body['strumento_informatico'], ${body[id_centro_gest])RETURNING id_procedura;`";"`Update entrasp.procedure_aziendaliSET codice_azienda=${body['codice_azienda'], codice=${body['codice'], descrizione_breve=${body['descrizione_breve'], id_procedura_parent=${body[id_procedura_parent], ordinamento=${body[ordinamento], tree_path=${body['tree_path'], frequenza=${body['frequenza'], strumento_informatico=${body['strumento_informatico'], id_centro_gest=${body[id_centro_gest], codice_part=${body['codice_part'], descrizione=${body['descrizione'], tipo_procedura=${body['tipo_procedura'], stato_attuazione=${body['stato_attuazione'], id_tipo_processo=${body[id_tipo_processo], 0=${body['0'], 0=${body['0'], 0=${body['0'], 0=${body['0'], 0=${body['0'], 0=${body['0'], 0=${body['0'], 0=${body['0'], 0=${body['0']WHERE codice_azienda=${body['codice_azienda'] AND id_procedura=${body['id_procedura'];`";"`DELETE FROM entrasp.procedure_aziendaliWHERE codice_azienda=${body['codice_azienda'] AND id_procedura=${body['id_procedura'];`"
codice_part;input;codice_part;text;codice_part;;false;true;true;false;false;false;character varying;;"var form = [		{type: 'input',		 label: 'codice_azienda',		 inputType: 'text',		 name: 'codice_azienda',		 value: '',		 readonly: 'true',		 isVisible: 'false',		 newLine: 'true'	}	],
var form = [		{type: 'input',		 label: 'codice',		 inputType: 'text',		 name: 'codice',		 value: '',		 readonly: 'false',		 isVisible: 'true',		 newLine: 'true',		 validations: [		{		name: 'required',		validator: 'Validators.required',		message: 'Descrizione mancante'		}		]	}	],
var form = [		{type: 'input',		 label: 'descrizione_breve',		 inputType: 'text',		 name: 'descrizione_breve',		 value: '',		 readonly: 'false',		 isVisible: 'true',		 newLine: 'true',		 validations: [		{		name: 'required',	validator: 'Validators.required',	message: 'Codice mancante'	},	{	name: 'pattern',	validator: '^[a-zA-Z1-9&_ ]+$',	message: 'Uso caratteri non ammessi'	}	]	}	],
var form = [		{type: 'input',		 label: 'id_procedura',		 inputType: 'text',		 name: 'id_procedura',		 value: '',		 readonly: 'true',		 isVisible: 'true',		 newLine: 'true'	}	],
var form = [		{type: 'combobox',		 label: 'id_procedura_parent',		 inputType: 'text',		 name: 'id_procedura_parent',		 value: '',		 readonly: 'false',		 isVisible: 'true',		 newLine: 'true',		 options: []	}	],
var form = [		{type: 'input',		 label: 'ordinamento',		 inputType: 'text',		 name: 'ordinamento',		 value: '',		 readonly: 'false',		 isVisible: 'true',		 newLine: 'true'	}	],
var form = [		{type: 'input',		 label: 'tree_path',		 inputType: 'text',		 name: 'tree_path',		 value: '',		 readonly: 'false',		 isVisible: 'true',		 newLine: 'true'	}	],
var form = [		{type: 'input',		 label: 'frequenza',		 inputType: 'text',		 name: 'frequenza',		 value: '',		 readonly: 'false',		 isVisible: 'true',		 newLine: 'true'	}	],
var form = [		{type: 'input',		 label: 'strumento_informatico',		 inputType: 'text',		 name: 'strumento_informatico',		 value: '',		 readonly: 'false',		 isVisible: 'true',		 newLine: 'true'	}	],
var form = [		{type: 'combobox',		 label: 'id_centro_gest',		 inputType: 'text',		 name: 'id_centro_gest',		 value: '',		 readonly: 'false',		 isVisible: 'true',		 newLine: 'true',		 options: []	}	],
var form = [		{type: 'input',		 label: 'codice_part',		 inputType: 'text',		 name: 'codice_part',		 value: '',		 readonly: 'false',		 isVisible: 'true',		 newLine: 'true'	}	]";codice_azienda, codice, descrizione_breve, id_procedura_parent, ordinamento, tree_path, frequenza, strumento_informatico, id_centro_gest, codice_part;${body['codice_azienda'], ${body['codice'], ${body['descrizione_breve'], ${body[id_procedura_parent], ${body[ordinamento], ${body['tree_path'], ${body['frequenza'], ${body['strumento_informatico'], ${body[id_centro_gest], ${body['codice_part'];codice_azienda=${body['codice_azienda'], codice=${body['codice'], descrizione_breve=${body['descrizione_breve'], id_procedura_parent=${body[id_procedura_parent], ordinamento=${body[ordinamento], tree_path=${body['tree_path'], frequenza=${body['frequenza'], strumento_informatico=${body['strumento_informatico'], id_centro_gest=${body[id_centro_gest], codice_part=${body['codice_part'];;;codice_azienda=${body['codice_azienda'] AND id_procedura=${body['id_procedura'];;;;"`INSERT INTO entrasp.codice_part(codice_azienda, codice, descrizione_breve, id_procedura_parent, ordinamento, tree_path, frequenza, strumento_informatico, id_centro_gest, codice_part)Values(${body['codice_azienda'], ${body['codice'], ${body['descrizione_breve'], ${body[id_procedura_parent], ${body[ordinamento], ${body['tree_path'], ${body['frequenza'], ${body['strumento_informatico'], ${body[id_centro_gest], ${body['codice_part'])RETURNING id_procedura;`";"`Update entrasp.procedure_aziendaliSET codice_azienda=${body['codice_azienda'], codice=${body['codice'], descrizione_breve=${body['descrizione_breve'], id_procedura_parent=${body[id_procedura_parent], ordinamento=${body[ordinamento], tree_path=${body['tree_path'], frequenza=${body['frequenza'], strumento_informatico=${body['strumento_informatico'], id_centro_gest=${body[id_centro_gest], codice_part=${body['codice_part'], descrizione=${body['descrizione'], tipo_procedura=${body['tipo_procedura'], stato_attuazione=${body['stato_attuazione'], id_tipo_processo=${body[id_tipo_processo], 0=${body['0'], 0=${body['0'], 0=${body['0'], 0=${body['0'], 0=${body['0'], 0=${body['0'], 0=${body['0'], 0=${body['0'], 0=${body['0'], 0=${body['0']WHERE codice_azienda=${body['codice_azienda'] AND id_procedura=${body['id_procedura'];`";"`DELETE FROM entrasp.procedure_aziendaliWHERE codice_azienda=${body['codice_azienda'] AND id_procedura=${body['id_procedura'];`"
descrizione;input;descrizione;text;descrizione;;false;true;true;validation1;false;false;text;;"var form = [		{type: 'input',		 label: 'codice_azienda',		 inputType: 'text',		 name: 'codice_azienda',		 value: '',		 readonly: 'true',		 isVisible: 'false',		 newLine: 'true'	}	],
var form = [		{type: 'input',		 label: 'codice',		 inputType: 'text',		 name: 'codice',		 value: '',		 readonly: 'false',		 isVisible: 'true',		 newLine: 'true',		 validations: [		{		name: 'required',		validator: 'Validators.required',		message: 'Descrizione mancante'		}		]	}	],
var form = [		{type: 'input',		 label: 'descrizione_breve',		 inputType: 'text',		 name: 'descrizione_breve',		 value: '',		 readonly: 'false',		 isVisible: 'true',		 newLine: 'true',		 validations: [		{		name: 'required',	validator: 'Validators.required',	message: 'Codice mancante'	},	{	name: 'pattern',	validator: '^[a-zA-Z1-9&_ ]+$',	message: 'Uso caratteri non ammessi'	}	]	}	],
var form = [		{type: 'input',		 label: 'id_procedura',		 inputType: 'text',		 name: 'id_procedura',		 value: '',		 readonly: 'true',		 isVisible: 'true',		 newLine: 'true'	}	],
var form = [		{type: 'combobox',		 label: 'id_procedura_parent',		 inputType: 'text',		 name: 'id_procedura_parent',		 value: '',		 readonly: 'false',		 isVisible: 'true',		 newLine: 'true',		 options: []	}	],
var form = [		{type: 'input',		 label: 'ordinamento',		 inputType: 'text',		 name: 'ordinamento',		 value: '',		 readonly: 'false',		 isVisible: 'true',		 newLine: 'true'	}	],
var form = [		{type: 'input',		 label: 'tree_path',		 inputType: 'text',		 name: 'tree_path',		 value: '',		 readonly: 'false',		 isVisible: 'true',		 newLine: 'true'	}	],
var form = [		{type: 'input',		 label: 'frequenza',		 inputType: 'text',		 name: 'frequenza',		 value: '',		 readonly: 'false',		 isVisible: 'true',		 newLine: 'true'	}	],
var form = [		{type: 'input',		 label: 'strumento_informatico',		 inputType: 'text',		 name: 'strumento_informatico',		 value: '',		 readonly: 'false',		 isVisible: 'true',		 newLine: 'true'	}	],
var form = [		{type: 'combobox',		 label: 'id_centro_gest',		 inputType: 'text',		 name: 'id_centro_gest',		 value: '',		 readonly: 'false',		 isVisible: 'true',		 newLine: 'true',		 options: []	}	],
var form = [		{type: 'input',		 label: 'codice_part',		 inputType: 'text',		 name: 'codice_part',		 value: '',		 readonly: 'false',		 isVisible: 'true',		 newLine: 'true'	}	],
var form = [		{type: 'input',		 label: 'descrizione',		 inputType: 'text',		 name: 'descrizione',		 value: '',		 readonly: 'false',		 isVisible: 'true',		 newLine: 'true',		 validations: [		{		name: 'required',		validator: 'Validators.required',		message: 'Descrizione mancante'		}		]	}	]";codice_azienda, codice, descrizione_breve, id_procedura_parent, ordinamento, tree_path, frequenza, strumento_informatico, id_centro_gest, codice_part, descrizione;${body['codice_azienda'], ${body['codice'], ${body['descrizione_breve'], ${body[id_procedura_parent], ${body[ordinamento], ${body['tree_path'], ${body['frequenza'], ${body['strumento_informatico'], ${body[id_centro_gest], ${body['codice_part'], ${body['descrizione'];codice_azienda=${body['codice_azienda'], codice=${body['codice'], descrizione_breve=${body['descrizione_breve'], id_procedura_parent=${body[id_procedura_parent], ordinamento=${body[ordinamento], tree_path=${body['tree_path'], frequenza=${body['frequenza'], strumento_informatico=${body['strumento_informatico'], id_centro_gest=${body[id_centro_gest], codice_part=${body['codice_part'], descrizione=${body['descrizione'];;;codice_azienda=${body['codice_azienda'] AND id_procedura=${body['id_procedura'];;;;"`INSERT INTO entrasp.descrizione(codice_azienda, codice, descrizione_breve, id_procedura_parent, ordinamento, tree_path, frequenza, strumento_informatico, id_centro_gest, codice_part, descrizione)Values(${body['codice_azienda'], ${body['codice'], ${body['descrizione_breve'], ${body[id_procedura_parent], ${body[ordinamento], ${body['tree_path'], ${body['frequenza'], ${body['strumento_informatico'], ${body[id_centro_gest], ${body['codice_part'], ${body['descrizione'])RETURNING id_procedura;`";"`Update entrasp.procedure_aziendaliSET codice_azienda=${body['codice_azienda'], codice=${body['codice'], descrizione_breve=${body['descrizione_breve'], id_procedura_parent=${body[id_procedura_parent], ordinamento=${body[ordinamento], tree_path=${body['tree_path'], frequenza=${body['frequenza'], strumento_informatico=${body['strumento_informatico'], id_centro_gest=${body[id_centro_gest], codice_part=${body['codice_part'], descrizione=${body['descrizione'], tipo_procedura=${body['tipo_procedura'], stato_attuazione=${body['stato_attuazione'], id_tipo_processo=${body[id_tipo_processo], 0=${body['0'], 0=${body['0'], 0=${body['0'], 0=${body['0'], 0=${body['0'], 0=${body['0'], 0=${body['0'], 0=${body['0'], 0=${body['0'], 0=${body['0'], 0=${body['0']WHERE codice_azienda=${body['codice_azienda'] AND id_procedura=${body['id_procedura'];`";"`DELETE FROM entrasp.procedure_aziendaliWHERE codice_azienda=${body['codice_azienda'] AND id_procedura=${body['id_procedura'];`"
tipo_procedura;combobox;tipo_procedura;text;tipo_procedura;;false;true;true;false;false;false;character;;"var form = [		{type: 'input',		 label: 'codice_azienda',		 inputType: 'text',		 name: 'codice_azienda',		 value: '',		 readonly: 'true',		 isVisible: 'false',		 newLine: 'true'	}	],
var form = [		{type: 'input',		 label: 'codice',		 inputType: 'text',		 name: 'codice',		 value: '',		 readonly: 'false',		 isVisible: 'true',		 newLine: 'true',		 validations: [		{		name: 'required',		validator: 'Validators.required',		message: 'Descrizione mancante'		}		]	}	],
var form = [		{type: 'input',		 label: 'descrizione_breve',		 inputType: 'text',		 name: 'descrizione_breve',		 value: '',		 readonly: 'false',		 isVisible: 'true',		 newLine: 'true',		 validations: [		{		name: 'required',	validator: 'Validators.required',	message: 'Codice mancante'	},	{	name: 'pattern',	validator: '^[a-zA-Z1-9&_ ]+$',	message: 'Uso caratteri non ammessi'	}	]	}	],
var form = [		{type: 'input',		 label: 'id_procedura',		 inputType: 'text',		 name: 'id_procedura',		 value: '',		 readonly: 'true',		 isVisible: 'true',		 newLine: 'true'	}	],
var form = [		{type: 'combobox',		 label: 'id_procedura_parent',		 inputType: 'text',		 name: 'id_procedura_parent',		 value: '',		 readonly: 'false',		 isVisible: 'true',		 newLine: 'true',		 options: []	}	],
var form = [		{type: 'input',		 label: 'ordinamento',		 inputType: 'text',		 name: 'ordinamento',		 value: '',		 readonly: 'false',		 isVisible: 'true',		 newLine: 'true'	}	],
var form = [		{type: 'input',		 label: 'tree_path',		 inputType: 'text',		 name: 'tree_path',		 value: '',		 readonly: 'false',		 isVisible: 'true',		 newLine: 'true'	}	],
var form = [		{type: 'input',		 label: 'frequenza',		 inputType: 'text',		 name: 'frequenza',		 value: '',		 readonly: 'false',		 isVisible: 'true',		 newLine: 'true'	}	],
var form = [		{type: 'input',		 label: 'strumento_informatico',		 inputType: 'text',		 name: 'strumento_informatico',		 value: '',		 readonly: 'false',		 isVisible: 'true',		 newLine: 'true'	}	],
var form = [		{type: 'combobox',		 label: 'id_centro_gest',		 inputType: 'text',		 name: 'id_centro_gest',		 value: '',		 readonly: 'false',		 isVisible: 'true',		 newLine: 'true',		 options: []	}	],
var form = [		{type: 'input',		 label: 'codice_part',		 inputType: 'text',		 name: 'codice_part',		 value: '',		 readonly: 'false',		 isVisible: 'true',		 newLine: 'true'	}	],
var form = [		{type: 'input',		 label: 'descrizione',		 inputType: 'text',		 name: 'descrizione',		 value: '',		 readonly: 'false',		 isVisible: 'true',		 newLine: 'true',		 validations: [		{		name: 'required',		validator: 'Validators.required',		message: 'Descrizione mancante'		}		]	}	],
var form = [		{type: 'combobox',		 label: 'tipo_procedura',		 inputType: 'text',		 name: 'tipo_procedura',		 value: '',		 readonly: 'false',		 isVisible: 'true',		 newLine: 'true',		 options: []	}	]";codice_azienda, codice, descrizione_breve, id_procedura_parent, ordinamento, tree_path, frequenza, strumento_informatico, id_centro_gest, codice_part, descrizione, tipo_procedura;${body['codice_azienda'], ${body['codice'], ${body['descrizione_breve'], ${body[id_procedura_parent], ${body[ordinamento], ${body['tree_path'], ${body['frequenza'], ${body['strumento_informatico'], ${body[id_centro_gest], ${body['codice_part'], ${body['descrizione'], ${body['tipo_procedura'];codice_azienda=${body['codice_azienda'], codice=${body['codice'], descrizione_breve=${body['descrizione_breve'], id_procedura_parent=${body[id_procedura_parent], ordinamento=${body[ordinamento], tree_path=${body['tree_path'], frequenza=${body['frequenza'], strumento_informatico=${body['strumento_informatico'], id_centro_gest=${body[id_centro_gest], codice_part=${body['codice_part'], descrizione=${body['descrizione'], tipo_procedura=${body['tipo_procedura'];;;codice_azienda=${body['codice_azienda'] AND id_procedura=${body['id_procedura'];;;;"`INSERT INTO entrasp.tipo_procedura(codice_azienda, codice, descrizione_breve, id_procedura_parent, ordinamento, tree_path, frequenza, strumento_informatico, id_centro_gest, codice_part, descrizione, tipo_procedura)Values(${body['codice_azienda'], ${body['codice'], ${body['descrizione_breve'], ${body[id_procedura_parent], ${body[ordinamento], ${body['tree_path'], ${body['frequenza'], ${body['strumento_informatico'], ${body[id_centro_gest], ${body['codice_part'], ${body['descrizione'], ${body['tipo_procedura'])RETURNING id_procedura;`";"`Update entrasp.procedure_aziendaliSET codice_azienda=${body['codice_azienda'], codice=${body['codice'], descrizione_breve=${body['descrizione_breve'], id_procedura_parent=${body[id_procedura_parent], ordinamento=${body[ordinamento], tree_path=${body['tree_path'], frequenza=${body['frequenza'], strumento_informatico=${body['strumento_informatico'], id_centro_gest=${body[id_centro_gest], codice_part=${body['codice_part'], descrizione=${body['descrizione'], tipo_procedura=${body['tipo_procedura'], stato_attuazione=${body['stato_attuazione'], id_tipo_processo=${body[id_tipo_processo], 0=${body['0'], 0=${body['0'], 0=${body['0'], 0=${body['0'], 0=${body['0'], 0=${body['0'], 0=${body['0'], 0=${body['0'], 0=${body['0'], 0=${body['0'], 0=${body['0'], 0=${body['0']WHERE codice_azienda=${body['codice_azienda'] AND id_procedura=${body['id_procedura'];`";"`DELETE FROM entrasp.procedure_aziendaliWHERE codice_azienda=${body['codice_azienda'] AND id_procedura=${body['id_procedura'];`"
stato_attuazione;combobox;stato_attuazione;text;stato_attuazione;;false;true;true;false;false;false;character;;"var form = [		{type: 'input',		 label: 'codice_azienda',		 inputType: 'text',		 name: 'codice_azienda',		 value: '',		 readonly: 'true',		 isVisible: 'false',		 newLine: 'true'	}	],
var form = [		{type: 'input',		 label: 'codice',		 inputType: 'text',		 name: 'codice',		 value: '',		 readonly: 'false',		 isVisible: 'true',		 newLine: 'true',		 validations: [		{		name: 'required',		validator: 'Validators.required',		message: 'Descrizione mancante'		}		]	}	],
var form = [		{type: 'input',		 label: 'descrizione_breve',		 inputType: 'text',		 name: 'descrizione_breve',		 value: '',		 readonly: 'false',		 isVisible: 'true',		 newLine: 'true',		 validations: [		{		name: 'required',	validator: 'Validators.required',	message: 'Codice mancante'	},	{	name: 'pattern',	validator: '^[a-zA-Z1-9&_ ]+$',	message: 'Uso caratteri non ammessi'	}	]	}	],
var form = [		{type: 'input',		 label: 'id_procedura',		 inputType: 'text',		 name: 'id_procedura',		 value: '',		 readonly: 'true',		 isVisible: 'true',		 newLine: 'true'	}	],
var form = [		{type: 'combobox',		 label: 'id_procedura_parent',		 inputType: 'text',		 name: 'id_procedura_parent',		 value: '',		 readonly: 'false',		 isVisible: 'true',		 newLine: 'true',		 options: []	}	],
var form = [		{type: 'input',		 label: 'ordinamento',		 inputType: 'text',		 name: 'ordinamento',		 value: '',		 readonly: 'false',		 isVisible: 'true',		 newLine: 'true'	}	],
var form = [		{type: 'input',		 label: 'tree_path',		 inputType: 'text',		 name: 'tree_path',		 value: '',		 readonly: 'false',		 isVisible: 'true',		 newLine: 'true'	}	],
var form = [		{type: 'input',		 label: 'frequenza',		 inputType: 'text',		 name: 'frequenza',		 value: '',		 readonly: 'false',		 isVisible: 'true',		 newLine: 'true'	}	],
var form = [		{type: 'input',		 label: 'strumento_informatico',		 inputType: 'text',		 name: 'strumento_informatico',		 value: '',		 readonly: 'false',		 isVisible: 'true',		 newLine: 'true'	}	],
var form = [		{type: 'combobox',		 label: 'id_centro_gest',		 inputType: 'text',		 name: 'id_centro_gest',		 value: '',		 readonly: 'false',		 isVisible: 'true',		 newLine: 'true',		 options: []	}	],
var form = [		{type: 'input',		 label: 'codice_part',		 inputType: 'text',		 name: 'codice_part',		 value: '',		 readonly: 'false',		 isVisible: 'true',		 newLine: 'true'	}	],
var form = [		{type: 'input',		 label: 'descrizione',		 inputType: 'text',		 name: 'descrizione',		 value: '',		 readonly: 'false',		 isVisible: 'true',		 newLine: 'true',		 validations: [		{		name: 'required',		validator: 'Validators.required',		message: 'Descrizione mancante'		}		]	}	],
var form = [		{type: 'combobox',		 label: 'tipo_procedura',		 inputType: 'text',		 name: 'tipo_procedura',		 value: '',		 readonly: 'false',		 isVisible: 'true',		 newLine: 'true',		 options: []	}	],
var form = [		{type: 'combobox',		 label: 'stato_attuazione',		 inputType: 'text',		 name: 'stato_attuazione',		 value: '',		 readonly: 'false',		 isVisible: 'true',		 newLine: 'true',		 options: []	}	]";codice_azienda, codice, descrizione_breve, id_procedura_parent, ordinamento, tree_path, frequenza, strumento_informatico, id_centro_gest, codice_part, descrizione, tipo_procedura, stato_attuazione;${body['codice_azienda'], ${body['codice'], ${body['descrizione_breve'], ${body[id_procedura_parent], ${body[ordinamento], ${body['tree_path'], ${body['frequenza'], ${body['strumento_informatico'], ${body[id_centro_gest], ${body['codice_part'], ${body['descrizione'], ${body['tipo_procedura'], ${body['stato_attuazione'];codice_azienda=${body['codice_azienda'], codice=${body['codice'], descrizione_breve=${body['descrizione_breve'], id_procedura_parent=${body[id_procedura_parent], ordinamento=${body[ordinamento], tree_path=${body['tree_path'], frequenza=${body['frequenza'], strumento_informatico=${body['strumento_informatico'], id_centro_gest=${body[id_centro_gest], codice_part=${body['codice_part'], descrizione=${body['descrizione'], tipo_procedura=${body['tipo_procedura'], stato_attuazione=${body['stato_attuazione'];;;codice_azienda=${body['codice_azienda'] AND id_procedura=${body['id_procedura'];;;;"`INSERT INTO entrasp.stato_attuazione(codice_azienda, codice, descrizione_breve, id_procedura_parent, ordinamento, tree_path, frequenza, strumento_informatico, id_centro_gest, codice_part, descrizione, tipo_procedura, stato_attuazione)Values(${body['codice_azienda'], ${body['codice'], ${body['descrizione_breve'], ${body[id_procedura_parent], ${body[ordinamento], ${body['tree_path'], ${body['frequenza'], ${body['strumento_informatico'], ${body[id_centro_gest], ${body['codice_part'], ${body['descrizione'], ${body['tipo_procedura'], ${body['stato_attuazione'])RETURNING id_procedura;`";"`Update entrasp.procedure_aziendaliSET codice_azienda=${body['codice_azienda'], codice=${body['codice'], descrizione_breve=${body['descrizione_breve'], id_procedura_parent=${body[id_procedura_parent], ordinamento=${body[ordinamento], tree_path=${body['tree_path'], frequenza=${body['frequenza'], strumento_informatico=${body['strumento_informatico'], id_centro_gest=${body[id_centro_gest], codice_part=${body['codice_part'], descrizione=${body['descrizione'], tipo_procedura=${body['tipo_procedura'], stato_attuazione=${body['stato_attuazione'], id_tipo_processo=${body[id_tipo_processo], 0=${body['0'], 0=${body['0'], 0=${body['0'], 0=${body['0'], 0=${body['0'], 0=${body['0'], 0=${body['0'], 0=${body['0'], 0=${body['0'], 0=${body['0'], 0=${body['0'], 0=${body['0'], 0=${body['0']WHERE codice_azienda=${body['codice_azienda'] AND id_procedura=${body['id_procedura'];`";"`DELETE FROM entrasp.procedure_aziendaliWHERE codice_azienda=${body['codice_azienda'] AND id_procedura=${body['id_procedura'];`"
id_tipo_processo;combobox;id_tipo_processo;text;id_tipo_processo;;false;true;true;false;false;false;numeric;;"var form = [		{type: 'input',		 label: 'codice_azienda',		 inputType: 'text',		 name: 'codice_azienda',		 value: '',		 readonly: 'true',		 isVisible: 'false',		 newLine: 'true'	}	],
var form = [		{type: 'input',		 label: 'codice',		 inputType: 'text',		 name: 'codice',		 value: '',		 readonly: 'false',		 isVisible: 'true',		 newLine: 'true',		 validations: [		{		name: 'required',		validator: 'Validators.required',		message: 'Descrizione mancante'		}		]	}	],
var form = [		{type: 'input',		 label: 'descrizione_breve',		 inputType: 'text',		 name: 'descrizione_breve',		 value: '',		 readonly: 'false',		 isVisible: 'true',		 newLine: 'true',		 validations: [		{		name: 'required',	validator: 'Validators.required',	message: 'Codice mancante'	},	{	name: 'pattern',	validator: '^[a-zA-Z1-9&_ ]+$',	message: 'Uso caratteri non ammessi'	}	]	}	],
var form = [		{type: 'input',		 label: 'id_procedura',		 inputType: 'text',		 name: 'id_procedura',		 value: '',		 readonly: 'true',		 isVisible: 'true',		 newLine: 'true'	}	],
var form = [		{type: 'combobox',		 label: 'id_procedura_parent',		 inputType: 'text',		 name: 'id_procedura_parent',		 value: '',		 readonly: 'false',		 isVisible: 'true',		 newLine: 'true',		 options: []	}	],
var form = [		{type: 'input',		 label: 'ordinamento',		 inputType: 'text',		 name: 'ordinamento',		 value: '',		 readonly: 'false',		 isVisible: 'true',		 newLine: 'true'	}	],
var form = [		{type: 'input',		 label: 'tree_path',		 inputType: 'text',		 name: 'tree_path',		 value: '',		 readonly: 'false',		 isVisible: 'true',		 newLine: 'true'	}	],
var form = [		{type: 'input',		 label: 'frequenza',		 inputType: 'text',		 name: 'frequenza',		 value: '',		 readonly: 'false',		 isVisible: 'true',		 newLine: 'true'	}	],
var form = [		{type: 'input',		 label: 'strumento_informatico',		 inputType: 'text',		 name: 'strumento_informatico',		 value: '',		 readonly: 'false',		 isVisible: 'true',		 newLine: 'true'	}	],
var form = [		{type: 'combobox',		 label: 'id_centro_gest',		 inputType: 'text',		 name: 'id_centro_gest',		 value: '',		 readonly: 'false',		 isVisible: 'true',		 newLine: 'true',		 options: []	}	],
var form = [		{type: 'input',		 label: 'codice_part',		 inputType: 'text',		 name: 'codice_part',		 value: '',		 readonly: 'false',		 isVisible: 'true',		 newLine: 'true'	}	],
var form = [		{type: 'input',		 label: 'descrizione',		 inputType: 'text',		 name: 'descrizione',		 value: '',		 readonly: 'false',		 isVisible: 'true',		 newLine: 'true',		 validations: [		{		name: 'required',		validator: 'Validators.required',		message: 'Descrizione mancante'		}		]	}	],
var form = [		{type: 'combobox',		 label: 'tipo_procedura',		 inputType: 'text',		 name: 'tipo_procedura',		 value: '',		 readonly: 'false',		 isVisible: 'true',		 newLine: 'true',		 options: []	}	],
var form = [		{type: 'combobox',		 label: 'stato_attuazione',		 inputType: 'text',		 name: 'stato_attuazione',		 value: '',		 readonly: 'false',		 isVisible: 'true',		 newLine: 'true',		 options: []	}	],
var form = [		{type: 'combobox',		 label: 'id_tipo_processo',		 inputType: 'text',		 name: 'id_tipo_processo',		 value: '',		 readonly: 'false',		 isVisible: 'true',		 newLine: 'true',		 options: []	}	]";codice_azienda, codice, descrizione_breve, id_procedura_parent, ordinamento, tree_path, frequenza, strumento_informatico, id_centro_gest, codice_part, descrizione, tipo_procedura, stato_attuazione, id_tipo_processo;${body['codice_azienda'], ${body['codice'], ${body['descrizione_breve'], ${body[id_procedura_parent], ${body[ordinamento], ${body['tree_path'], ${body['frequenza'], ${body['strumento_informatico'], ${body[id_centro_gest], ${body['codice_part'], ${body['descrizione'], ${body['tipo_procedura'], ${body['stato_attuazione'], ${body[id_tipo_processo];codice_azienda=${body['codice_azienda'], codice=${body['codice'], descrizione_breve=${body['descrizione_breve'], id_procedura_parent=${body[id_procedura_parent], ordinamento=${body[ordinamento], tree_path=${body['tree_path'], frequenza=${body['frequenza'], strumento_informatico=${body['strumento_informatico'], id_centro_gest=${body[id_centro_gest], codice_part=${body['codice_part'], descrizione=${body['descrizione'], tipo_procedura=${body['tipo_procedura'], stato_attuazione=${body['stato_attuazione'], id_tipo_processo=${body[id_tipo_processo];;;codice_azienda=${body['codice_azienda'] AND id_procedura=${body['id_procedura'];;;;"`INSERT INTO entrasp.id_tipo_processo(codice_azienda, codice, descrizione_breve, id_procedura_parent, ordinamento, tree_path, frequenza, strumento_informatico, id_centro_gest, codice_part, descrizione, tipo_procedura, stato_attuazione, id_tipo_processo)Values(${body['codice_azienda'], ${body['codice'], ${body['descrizione_breve'], ${body[id_procedura_parent], ${body[ordinamento], ${body['tree_path'], ${body['frequenza'], ${body['strumento_informatico'], ${body[id_centro_gest], ${body['codice_part'], ${body['descrizione'], ${body['tipo_procedura'], ${body['stato_attuazione'], ${body[id_tipo_processo])RETURNING id_procedura;`";"`Update entrasp.procedure_aziendaliSET codice_azienda=${body['codice_azienda'], codice=${body['codice'], descrizione_breve=${body['descrizione_breve'], id_procedura_parent=${body[id_procedura_parent], ordinamento=${body[ordinamento], tree_path=${body['tree_path'], frequenza=${body['frequenza'], strumento_informatico=${body['strumento_informatico'], id_centro_gest=${body[id_centro_gest], codice_part=${body['codice_part'], descrizione=${body['descrizione'], tipo_procedura=${body['tipo_procedura'], stato_attuazione=${body['stato_attuazione'], id_tipo_processo=${body[id_tipo_processo], 0=${body['0'], 0=${body['0'], 0=${body['0'], 0=${body['0'], 0=${body['0'], 0=${body['0'], 0=${body['0'], 0=${body['0'], 0=${body['0'], 0=${body['0'], 0=${body['0'], 0=${body['0'], 0=${body['0'], 0=${body['0']WHERE codice_azienda=${body['codice_azienda'] AND id_procedura=${body['id_procedura'];`";"`DELETE FROM entrasp.procedure_aziendaliWHERE codice_azienda=${body['codice_azienda'] AND id_procedura=${body['id_procedura'];`"
0;input;;;0;;false;true;true;false;false;false;0;;"var form = [		{type: 'input',		 label: 'codice_azienda',		 inputType: 'text',		 name: 'codice_azienda',		 value: '',		 readonly: 'true',		 isVisible: 'false',		 newLine: 'true'	}	],
var form = [		{type: 'input',		 label: 'codice',		 inputType: 'text',		 name: 'codice',		 value: '',		 readonly: 'false',		 isVisible: 'true',		 newLine: 'true',		 validations: [		{		name: 'required',		validator: 'Validators.required',		message: 'Descrizione mancante'		}		]	}	],
var form = [		{type: 'input',		 label: 'descrizione_breve',		 inputType: 'text',		 name: 'descrizione_breve',		 value: '',		 readonly: 'false',		 isVisible: 'true',		 newLine: 'true',		 validations: [		{		name: 'required',	validator: 'Validators.required',	message: 'Codice mancante'	},	{	name: 'pattern',	validator: '^[a-zA-Z1-9&_ ]+$',	message: 'Uso caratteri non ammessi'	}	]	}	],
var form = [		{type: 'input',		 label: 'id_procedura',		 inputType: 'text',		 name: 'id_procedura',		 value: '',		 readonly: 'true',		 isVisible: 'true',		 newLine: 'true'	}	],
var form = [		{type: 'combobox',		 label: 'id_procedura_parent',		 inputType: 'text',		 name: 'id_procedura_parent',		 value: '',		 readonly: 'false',		 isVisible: 'true',		 newLine: 'true',		 options: []	}	],
var form = [		{type: 'input',		 label: 'ordinamento',		 inputType: 'text',		 name: 'ordinamento',		 value: '',		 readonly: 'false',		 isVisible: 'true',		 newLine: 'true'	}	],
var form = [		{type: 'input',		 label: 'tree_path',		 inputType: 'text',		 name: 'tree_path',		 value: '',		 readonly: 'false',		 isVisible: 'true',		 newLine: 'true'	}	],
var form = [		{type: 'input',		 label: 'frequenza',		 inputType: 'text',		 name: 'frequenza',		 value: '',		 readonly: 'false',		 isVisible: 'true',		 newLine: 'true'	}	],
var form = [		{type: 'input',		 label: 'strumento_informatico',		 inputType: 'text',		 name: 'strumento_informatico',		 value: '',		 readonly: 'false',		 isVisible: 'true',		 newLine: 'true'	}	],
var form = [		{type: 'combobox',		 label: 'id_centro_gest',		 inputType: 'text',		 name: 'id_centro_gest',		 value: '',		 readonly: 'false',		 isVisible: 'true',		 newLine: 'true',		 options: []	}	],
var form = [		{type: 'input',		 label: 'codice_part',		 inputType: 'text',		 name: 'codice_part',		 value: '',		 readonly: 'false',		 isVisible: 'true',		 newLine: 'true'	}	],
var form = [		{type: 'input',		 label: 'descrizione',		 inputType: 'text',		 name: 'descrizione',		 value: '',		 readonly: 'false',		 isVisible: 'true',		 newLine: 'true',		 validations: [		{		name: 'required',		validator: 'Validators.required',		message: 'Descrizione mancante'		}		]	}	],
var form = [		{type: 'combobox',		 label: 'tipo_procedura',		 inputType: 'text',		 name: 'tipo_procedura',		 value: '',		 readonly: 'false',		 isVisible: 'true',		 newLine: 'true',		 options: []	}	],
var form = [		{type: 'combobox',		 label: 'stato_attuazione',		 inputType: 'text',		 name: 'stato_attuazione',		 value: '',		 readonly: 'false',		 isVisible: 'true',		 newLine: 'true',		 options: []	}	],
var form = [		{type: 'combobox',		 label: 'id_tipo_processo',		 inputType: 'text',		 name: 'id_tipo_processo',		 value: '',		 readonly: 'false',		 isVisible: 'true',		 newLine: 'true',		 options: []	}	],
var form = [		{type: 'input',		 label: '',		 inputType: '',		 name: '0',		 value: '',		 readonly: 'false',		 isVisible: 'true',		 newLine: 'true'	}	]";codice_azienda, codice, descrizione_breve, id_procedura_parent, ordinamento, tree_path, frequenza, strumento_informatico, id_centro_gest, codice_part, descrizione, tipo_procedura, stato_attuazione, id_tipo_processo, 0;${body['codice_azienda'], ${body['codice'], ${body['descrizione_breve'], ${body[id_procedura_parent], ${body[ordinamento], ${body['tree_path'], ${body['frequenza'], ${body['strumento_informatico'], ${body[id_centro_gest], ${body['codice_part'], ${body['descrizione'], ${body['tipo_procedura'], ${body['stato_attuazione'], ${body[id_tipo_processo], ${body['0'];codice_azienda=${body['codice_azienda'], codice=${body['codice'], descrizione_breve=${body['descrizione_breve'], id_procedura_parent=${body[id_procedura_parent], ordinamento=${body[ordinamento], tree_path=${body['tree_path'], frequenza=${body['frequenza'], strumento_informatico=${body['strumento_informatico'], id_centro_gest=${body[id_centro_gest], codice_part=${body['codice_part'], descrizione=${body['descrizione'], tipo_procedura=${body['tipo_procedura'], stato_attuazione=${body['stato_attuazione'], id_tipo_processo=${body[id_tipo_processo], 0=${body['0'];;;codice_azienda=${body['codice_azienda'] AND id_procedura=${body['id_procedura'];;;;"`INSERT INTO entrasp.(codice_azienda, codice, descrizione_breve, id_procedura_parent, ordinamento, tree_path, frequenza, strumento_informatico, id_centro_gest, codice_part, descrizione, tipo_procedura, stato_attuazione, id_tipo_processo, 0)Values(${body['codice_azienda'], ${body['codice'], ${body['descrizione_breve'], ${body[id_procedura_parent], ${body[ordinamento], ${body['tree_path'], ${body['frequenza'], ${body['strumento_informatico'], ${body[id_centro_gest], ${body['codice_part'], ${body['descrizione'], ${body['tipo_procedura'], ${body['stato_attuazione'], ${body[id_tipo_processo], ${body['0'])RETURNING id_procedura;`";"`Update entrasp.SET codice_azienda=${body['codice_azienda'], codice=${body['codice'], descrizione_breve=${body['descrizione_breve'], id_procedura_parent=${body[id_procedura_parent], ordinamento=${body[ordinamento], tree_path=${body['tree_path'], frequenza=${body['frequenza'], strumento_informatico=${body['strumento_informatico'], id_centro_gest=${body[id_centro_gest], codice_part=${body['codice_part'], descrizione=${body['descrizione'], tipo_procedura=${body['tipo_procedura'], stato_attuazione=${body['stato_attuazione'], id_tipo_processo=${body[id_tipo_processo], 0=${body['0'], 0=${body['0'], 0=${body['0'], 0=${body['0'], 0=${body['0'], 0=${body['0'], 0=${body['0'], 0=${body['0'], 0=${body['0'], 0=${body['0'], 0=${body['0'], 0=${body['0'], 0=${body['0'], 0=${body['0'], 0=${body['0']WHERE codice_azienda=${body['codice_azienda'] AND id_procedura=${body['id_procedura'];`";"`DELETE FROM entrasp.WHERE codice_azienda=${body['codice_azienda'] AND id_procedura=${body['id_procedura'];`"
0;input;;;0;;false;true;true;false;false;false;0;;"var form = [		{type: 'input',		 label: 'codice_azienda',		 inputType: 'text',		 name: 'codice_azienda',		 value: '',		 readonly: 'true',		 isVisible: 'false',		 newLine: 'true'	}	],
var form = [		{type: 'input',		 label: 'codice',		 inputType: 'text',		 name: 'codice',		 value: '',		 readonly: 'false',		 isVisible: 'true',		 newLine: 'true',		 validations: [		{		name: 'required',		validator: 'Validators.required',		message: 'Descrizione mancante'		}		]	}	],
var form = [		{type: 'input',		 label: 'descrizione_breve',		 inputType: 'text',		 name: 'descrizione_breve',		 value: '',		 readonly: 'false',		 isVisible: 'true',		 newLine: 'true',		 validations: [		{		name: 'required',	validator: 'Validators.required',	message: 'Codice mancante'	},	{	name: 'pattern',	validator: '^[a-zA-Z1-9&_ ]+$',	message: 'Uso caratteri non ammessi'	}	]	}	],
var form = [		{type: 'input',		 label: 'id_procedura',		 inputType: 'text',		 name: 'id_procedura',		 value: '',		 readonly: 'true',		 isVisible: 'true',		 newLine: 'true'	}	],
var form = [		{type: 'combobox',		 label: 'id_procedura_parent',		 inputType: 'text',		 name: 'id_procedura_parent',		 value: '',		 readonly: 'false',		 isVisible: 'true',		 newLine: 'true',		 options: []	}	],
var form = [		{type: 'input',		 label: 'ordinamento',		 inputType: 'text',		 name: 'ordinamento',		 value: '',		 readonly: 'false',		 isVisible: 'true',		 newLine: 'true'	}	],
var form = [		{type: 'input',		 label: 'tree_path',		 inputType: 'text',		 name: 'tree_path',		 value: '',		 readonly: 'false',		 isVisible: 'true',		 newLine: 'true'	}	],
var form = [		{type: 'input',		 label: 'frequenza',		 inputType: 'text',		 name: 'frequenza',		 value: '',		 readonly: 'false',		 isVisible: 'true',		 newLine: 'true'	}	],
var form = [		{type: 'input',		 label: 'strumento_informatico',		 inputType: 'text',		 name: 'strumento_informatico',		 value: '',		 readonly: 'false',		 isVisible: 'true',		 newLine: 'true'	}	],
var form = [		{type: 'combobox',		 label: 'id_centro_gest',		 inputType: 'text',		 name: 'id_centro_gest',		 value: '',		 readonly: 'false',		 isVisible: 'true',		 newLine: 'true',		 options: []	}	],
var form = [		{type: 'input',		 label: 'codice_part',		 inputType: 'text',		 name: 'codice_part',		 value: '',		 readonly: 'false',		 isVisible: 'true',		 newLine: 'true'	}	],
var form = [		{type: 'input',		 label: 'descrizione',		 inputType: 'text',		 name: 'descrizione',		 value: '',		 readonly: 'false',		 isVisible: 'true',		 newLine: 'true',		 validations: [		{		name: 'required',		validator: 'Validators.required',		message: 'Descrizione mancante'		}		]	}	],
var form = [		{type: 'combobox',		 label: 'tipo_procedura',		 inputType: 'text',		 name: 'tipo_procedura',		 value: '',		 readonly: 'false',		 isVisible: 'true',		 newLine: 'true',		 options: []	}	],
var form = [		{type: 'combobox',		 label: 'stato_attuazione',		 inputType: 'text',		 name: 'stato_attuazione',		 value: '',		 readonly: 'false',		 isVisible: 'true',		 newLine: 'true',		 options: []	}	],
var form = [		{type: 'combobox',		 label: 'id_tipo_processo',		 inputType: 'text',		 name: 'id_tipo_processo',		 value: '',		 readonly: 'false',		 isVisible: 'true',		 newLine: 'true',		 options: []	}	],
var form = [		{type: 'input',		 label: '',		 inputType: '',		 name: '0',		 value: '',		 readonly: 'false',		 isVisible: 'true',		 newLine: 'true'	}	],
var form = [		{type: 'input',		 label: '',		 inputType: '',		 name: '0',		 value: '',		 readonly: 'false',		 isVisible: 'true',		 newLine: 'true'	}	]";codice_azienda, codice, descrizione_breve, id_procedura_parent, ordinamento, tree_path, frequenza, strumento_informatico, id_centro_gest, codice_part, descrizione, tipo_procedura, stato_attuazione, id_tipo_processo, 0, 0;${body['codice_azienda'], ${body['codice'], ${body['descrizione_breve'], ${body[id_procedura_parent], ${body[ordinamento], ${body['tree_path'], ${body['frequenza'], ${body['strumento_informatico'], ${body[id_centro_gest], ${body['codice_part'], ${body['descrizione'], ${body['tipo_procedura'], ${body['stato_attuazione'], ${body[id_tipo_processo], ${body['0'], ${body['0'];codice_azienda=${body['codice_azienda'], codice=${body['codice'], descrizione_breve=${body['descrizione_breve'], id_procedura_parent=${body[id_procedura_parent], ordinamento=${body[ordinamento], tree_path=${body['tree_path'], frequenza=${body['frequenza'], strumento_informatico=${body['strumento_informatico'], id_centro_gest=${body[id_centro_gest], codice_part=${body['codice_part'], descrizione=${body['descrizione'], tipo_procedura=${body['tipo_procedura'], stato_attuazione=${body['stato_attuazione'], id_tipo_processo=${body[id_tipo_processo], 0=${body['0'], 0=${body['0'];;;codice_azienda=${body['codice_azienda'] AND id_procedura=${body['id_procedura'];;;;"`INSERT INTO entrasp.(codice_azienda, codice, descrizione_breve, id_procedura_parent, ordinamento, tree_path, frequenza, strumento_informatico, id_centro_gest, codice_part, descrizione, tipo_procedura, stato_attuazione, id_tipo_processo, 0, 0)Values(${body['codice_azienda'], ${body['codice'], ${body['descrizione_breve'], ${body[id_procedura_parent], ${body[ordinamento], ${body['tree_path'], ${body['frequenza'], ${body['strumento_informatico'], ${body[id_centro_gest], ${body['codice_part'], ${body['descrizione'], ${body['tipo_procedura'], ${body['stato_attuazione'], ${body[id_tipo_processo], ${body['0'], ${body['0'])RETURNING id_procedura;`";"`Update entrasp.SET codice_azienda=${body['codice_azienda'], codice=${body['codice'], descrizione_breve=${body['descrizione_breve'], id_procedura_parent=${body[id_procedura_parent], ordinamento=${body[ordinamento], tree_path=${body['tree_path'], frequenza=${body['frequenza'], strumento_informatico=${body['strumento_informatico'], id_centro_gest=${body[id_centro_gest], codice_part=${body['codice_part'], descrizione=${body['descrizione'], tipo_procedura=${body['tipo_procedura'], stato_attuazione=${body['stato_attuazione'], id_tipo_processo=${body[id_tipo_processo], 0=${body['0'], 0=${body['0'], 0=${body['0'], 0=${body['0'], 0=${body['0'], 0=${body['0'], 0=${body['0'], 0=${body['0'], 0=${body['0'], 0=${body['0'], 0=${body['0'], 0=${body['0'], 0=${body['0'], 0=${body['0'], 0=${body['0'], 0=${body['0']WHERE codice_azienda=${body['codice_azienda'] AND id_procedura=${body['id_procedura'];`";"`DELETE FROM entrasp.WHERE codice_azienda=${body['codice_azienda'] AND id_procedura=${body['id_procedura'];`"
0;input;;;0;;false;true;true;false;false;false;0;;"var form = [		{type: 'input',		 label: 'codice_azienda',		 inputType: 'text',		 name: 'codice_azienda',		 value: '',		 readonly: 'true',		 isVisible: 'false',		 newLine: 'true'	}	],
var form = [		{type: 'input',		 label: 'codice',		 inputType: 'text',		 name: 'codice',		 value: '',		 readonly: 'false',		 isVisible: 'true',		 newLine: 'true',		 validations: [		{		name: 'required',		validator: 'Validators.required',		message: 'Descrizione mancante'		}		]	}	],
var form = [		{type: 'input',		 label: 'descrizione_breve',		 inputType: 'text',		 name: 'descrizione_breve',		 value: '',		 readonly: 'false',		 isVisible: 'true',		 newLine: 'true',		 validations: [		{		name: 'required',	validator: 'Validators.required',	message: 'Codice mancante'	},	{	name: 'pattern',	validator: '^[a-zA-Z1-9&_ ]+$',	message: 'Uso caratteri non ammessi'	}	]	}	],
var form = [		{type: 'input',		 label: 'id_procedura',		 inputType: 'text',		 name: 'id_procedura',		 value: '',		 readonly: 'true',		 isVisible: 'true',		 newLine: 'true'	}	],
var form = [		{type: 'combobox',		 label: 'id_procedura_parent',		 inputType: 'text',		 name: 'id_procedura_parent',		 value: '',		 readonly: 'false',		 isVisible: 'true',		 newLine: 'true',		 options: []	}	],
var form = [		{type: 'input',		 label: 'ordinamento',		 inputType: 'text',		 name: 'ordinamento',		 value: '',		 readonly: 'false',		 isVisible: 'true',		 newLine: 'true'	}	],
var form = [		{type: 'input',		 label: 'tree_path',		 inputType: 'text',		 name: 'tree_path',		 value: '',		 readonly: 'false',		 isVisible: 'true',		 newLine: 'true'	}	],
var form = [		{type: 'input',		 label: 'frequenza',		 inputType: 'text',		 name: 'frequenza',		 value: '',		 readonly: 'false',		 isVisible: 'true',		 newLine: 'true'	}	],
var form = [		{type: 'input',		 label: 'strumento_informatico',		 inputType: 'text',		 name: 'strumento_informatico',		 value: '',		 readonly: 'false',		 isVisible: 'true',		 newLine: 'true'	}	],
var form = [		{type: 'combobox',		 label: 'id_centro_gest',		 inputType: 'text',		 name: 'id_centro_gest',		 value: '',		 readonly: 'false',		 isVisible: 'true',		 newLine: 'true',		 options: []	}	],
var form = [		{type: 'input',		 label: 'codice_part',		 inputType: 'text',		 name: 'codice_part',		 value: '',		 readonly: 'false',		 isVisible: 'true',		 newLine: 'true'	}	],
var form = [		{type: 'input',		 label: 'descrizione',		 inputType: 'text',		 name: 'descrizione',		 value: '',		 readonly: 'false',		 isVisible: 'true',		 newLine: 'true',		 validations: [		{		name: 'required',		validator: 'Validators.required',		message: 'Descrizione mancante'		}		]	}	],
var form = [		{type: 'combobox',		 label: 'tipo_procedura',		 inputType: 'text',		 name: 'tipo_procedura',		 value: '',		 readonly: 'false',		 isVisible: 'true',		 newLine: 'true',		 options: []	}	],
var form = [		{type: 'combobox',		 label: 'stato_attuazione',		 inputType: 'text',		 name: 'stato_attuazione',		 value: '',		 readonly: 'false',		 isVisible: 'true',		 newLine: 'true',		 options: []	}	],
var form = [		{type: 'combobox',		 label: 'id_tipo_processo',		 inputType: 'text',		 name: 'id_tipo_processo',		 value: '',		 readonly: 'false',		 isVisible: 'true',		 newLine: 'true',		 options: []	}	],
var form = [		{type: 'input',		 label: '',		 inputType: '',		 name: '0',		 value: '',		 readonly: 'false',		 isVisible: 'true',		 newLine: 'true'	}	],
var form = [		{type: 'input',		 label: '',		 inputType: '',		 name: '0',		 value: '',		 readonly: 'false',		 isVisible: 'true',		 newLine: 'true'	}	],
var form = [		{type: 'input',		 label: '',		 inputType: '',		 name: '0',		 value: '',		 readonly: 'false',		 isVisible: 'true',		 newLine: 'true'	}	]";codice_azienda, codice, descrizione_breve, id_procedura_parent, ordinamento, tree_path, frequenza, strumento_informatico, id_centro_gest, codice_part, descrizione, tipo_procedura, stato_attuazione, id_tipo_processo, 0, 0, 0;${body['codice_azienda'], ${body['codice'], ${body['descrizione_breve'], ${body[id_procedura_parent], ${body[ordinamento], ${body['tree_path'], ${body['frequenza'], ${body['strumento_informatico'], ${body[id_centro_gest], ${body['codice_part'], ${body['descrizione'], ${body['tipo_procedura'], ${body['stato_attuazione'], ${body[id_tipo_processo], ${body['0'], ${body['0'], ${body['0'];codice_azienda=${body['codice_azienda'], codice=${body['codice'], descrizione_breve=${body['descrizione_breve'], id_procedura_parent=${body[id_procedura_parent], ordinamento=${body[ordinamento], tree_path=${body['tree_path'], frequenza=${body['frequenza'], strumento_informatico=${body['strumento_informatico'], id_centro_gest=${body[id_centro_gest], codice_part=${body['codice_part'], descrizione=${body['descrizione'], tipo_procedura=${body['tipo_procedura'], stato_attuazione=${body['stato_attuazione'], id_tipo_processo=${body[id_tipo_processo], 0=${body['0'], 0=${body['0'], 0=${body['0'];;;codice_azienda=${body['codice_azienda'] AND id_procedura=${body['id_procedura'];;;;"`INSERT INTO entrasp.(codice_azienda, codice, descrizione_breve, id_procedura_parent, ordinamento, tree_path, frequenza, strumento_informatico, id_centro_gest, codice_part, descrizione, tipo_procedura, stato_attuazione, id_tipo_processo, 0, 0, 0)Values(${body['codice_azienda'], ${body['codice'], ${body['descrizione_breve'], ${body[id_procedura_parent], ${body[ordinamento], ${body['tree_path'], ${body['frequenza'], ${body['strumento_informatico'], ${body[id_centro_gest], ${body['codice_part'], ${body['descrizione'], ${body['tipo_procedura'], ${body['stato_attuazione'], ${body[id_tipo_processo], ${body['0'], ${body['0'], ${body['0'])RETURNING id_procedura;`";"`Update entrasp.SET codice_azienda=${body['codice_azienda'], codice=${body['codice'], descrizione_breve=${body['descrizione_breve'], id_procedura_parent=${body[id_procedura_parent], ordinamento=${body[ordinamento], tree_path=${body['tree_path'], frequenza=${body['frequenza'], strumento_informatico=${body['strumento_informatico'], id_centro_gest=${body[id_centro_gest], codice_part=${body['codice_part'], descrizione=${body['descrizione'], tipo_procedura=${body['tipo_procedura'], stato_attuazione=${body['stato_attuazione'], id_tipo_processo=${body[id_tipo_processo], 0=${body['0'], 0=${body['0'], 0=${body['0'], 0=${body['0'], 0=${body['0'], 0=${body['0'], 0=${body['0'], 0=${body['0'], 0=${body['0'], 0=${body['0'], 0=${body['0'], 0=${body['0'], 0=${body['0'], 0=${body['0'], 0=${body['0'], 0=${body['0'], 0=${body['0']WHERE codice_azienda=${body['codice_azienda'] AND id_procedura=${body['id_procedura'];`";"`DELETE FROM entrasp.WHERE codice_azienda=${body['codice_azienda'] AND id_procedura=${body['id_procedura'];`"
0;input;;;0;;false;true;true;false;false;false;0;;"var form = [		{type: 'input',		 label: 'codice_azienda',		 inputType: 'text',		 name: 'codice_azienda',		 value: '',		 readonly: 'true',		 isVisible: 'false',		 newLine: 'true'	}	],
var form = [		{type: 'input',		 label: 'codice',		 inputType: 'text',		 name: 'codice',		 value: '',		 readonly: 'false',		 isVisible: 'true',		 newLine: 'true',		 validations: [		{		name: 'required',		validator: 'Validators.required',		message: 'Descrizione mancante'		}		]	}	],
var form = [		{type: 'input',		 label: 'descrizione_breve',		 inputType: 'text',		 name: 'descrizione_breve',		 value: '',		 readonly: 'false',		 isVisible: 'true',		 newLine: 'true',		 validations: [		{		name: 'required',	validator: 'Validators.required',	message: 'Codice mancante'	},	{	name: 'pattern',	validator: '^[a-zA-Z1-9&_ ]+$',	message: 'Uso caratteri non ammessi'	}	]	}	],
var form = [		{type: 'input',		 label: 'id_procedura',		 inputType: 'text',		 name: 'id_procedura',		 value: '',		 readonly: 'true',		 isVisible: 'true',		 newLine: 'true'	}	],
var form = [		{type: 'combobox',		 label: 'id_procedura_parent',		 inputType: 'text',		 name: 'id_procedura_parent',		 value: '',		 readonly: 'false',		 isVisible: 'true',		 newLine: 'true',		 options: []	}	],
var form = [		{type: 'input',		 label: 'ordinamento',		 inputType: 'text',		 name: 'ordinamento',		 value: '',		 readonly: 'false',		 isVisible: 'true',		 newLine: 'true'	}	],
var form = [		{type: 'input',		 label: 'tree_path',		 inputType: 'text',		 name: 'tree_path',		 value: '',		 readonly: 'false',		 isVisible: 'true',		 newLine: 'true'	}	],
var form = [		{type: 'input',		 label: 'frequenza',		 inputType: 'text',		 name: 'frequenza',		 value: '',		 readonly: 'false',		 isVisible: 'true',		 newLine: 'true'	}	],
var form = [		{type: 'input',		 label: 'strumento_informatico',		 inputType: 'text',		 name: 'strumento_informatico',		 value: '',		 readonly: 'false',		 isVisible: 'true',		 newLine: 'true'	}	],
var form = [		{type: 'combobox',		 label: 'id_centro_gest',		 inputType: 'text',		 name: 'id_centro_gest',		 value: '',		 readonly: 'false',		 isVisible: 'true',		 newLine: 'true',		 options: []	}	],
var form = [		{type: 'input',		 label: 'codice_part',		 inputType: 'text',		 name: 'codice_part',		 value: '',		 readonly: 'false',		 isVisible: 'true',		 newLine: 'true'	}	],
var form = [		{type: 'input',		 label: 'descrizione',		 inputType: 'text',		 name: 'descrizione',		 value: '',		 readonly: 'false',		 isVisible: 'true',		 newLine: 'true',		 validations: [		{		name: 'required',		validator: 'Validators.required',		message: 'Descrizione mancante'		}		]	}	],
var form = [		{type: 'combobox',		 label: 'tipo_procedura',		 inputType: 'text',		 name: 'tipo_procedura',		 value: '',		 readonly: 'false',		 isVisible: 'true',		 newLine: 'true',		 options: []	}	],
var form = [		{type: 'combobox',		 label: 'stato_attuazione',		 inputType: 'text',		 name: 'stato_attuazione',		 value: '',		 readonly: 'false',		 isVisible: 'true',		 newLine: 'true',		 options: []	}	],
var form = [		{type: 'combobox',		 label: 'id_tipo_processo',		 inputType: 'text',		 name: 'id_tipo_processo',		 value: '',		 readonly: 'false',		 isVisible: 'true',		 newLine: 'true',		 options: []	}	],
var form = [		{type: 'input',		 label: '',		 inputType: '',		 name: '0',		 value: '',		 readonly: 'false',		 isVisible: 'true',		 newLine: 'true'	}	],
var form = [		{type: 'input',		 label: '',		 inputType: '',		 name: '0',		 value: '',		 readonly: 'false',		 isVisible: 'true',		 newLine: 'true'	}	],
var form = [		{type: 'input',		 label: '',		 inputType: '',		 name: '0',		 value: '',		 readonly: 'false',		 isVisible: 'true',		 newLine: 'true'	}	],
var form = [		{type: 'input',		 label: '',		 inputType: '',		 name: '0',		 value: '',		 readonly: 'false',		 isVisible: 'true',		 newLine: 'true'	}	]";codice_azienda, codice, descrizione_breve, id_procedura_parent, ordinamento, tree_path, frequenza, strumento_informatico, id_centro_gest, codice_part, descrizione, tipo_procedura, stato_attuazione, id_tipo_processo, 0, 0, 0, 0;${body['codice_azienda'], ${body['codice'], ${body['descrizione_breve'], ${body[id_procedura_parent], ${body[ordinamento], ${body['tree_path'], ${body['frequenza'], ${body['strumento_informatico'], ${body[id_centro_gest], ${body['codice_part'], ${body['descrizione'], ${body['tipo_procedura'], ${body['stato_attuazione'], ${body[id_tipo_processo], ${body['0'], ${body['0'], ${body['0'], ${body['0'];codice_azienda=${body['codice_azienda'], codice=${body['codice'], descrizione_breve=${body['descrizione_breve'], id_procedura_parent=${body[id_procedura_parent], ordinamento=${body[ordinamento], tree_path=${body['tree_path'], frequenza=${body['frequenza'], strumento_informatico=${body['strumento_informatico'], id_centro_gest=${body[id_centro_gest], codice_part=${body['codice_part'], descrizione=${body['descrizione'], tipo_procedura=${body['tipo_procedura'], stato_attuazione=${body['stato_attuazione'], id_tipo_processo=${body[id_tipo_processo], 0=${body['0'], 0=${body['0'], 0=${body['0'], 0=${body['0'];;;codice_azienda=${body['codice_azienda'] AND id_procedura=${body['id_procedura'];;;;"`INSERT INTO entrasp.(codice_azienda, codice, descrizione_breve, id_procedura_parent, ordinamento, tree_path, frequenza, strumento_informatico, id_centro_gest, codice_part, descrizione, tipo_procedura, stato_attuazione, id_tipo_processo, 0, 0, 0, 0)Values(${body['codice_azienda'], ${body['codice'], ${body['descrizione_breve'], ${body[id_procedura_parent], ${body[ordinamento], ${body['tree_path'], ${body['frequenza'], ${body['strumento_informatico'], ${body[id_centro_gest], ${body['codice_part'], ${body['descrizione'], ${body['tipo_procedura'], ${body['stato_attuazione'], ${body[id_tipo_processo], ${body['0'], ${body['0'], ${body['0'], ${body['0'])RETURNING id_procedura;`";"`Update entrasp.SET codice_azienda=${body['codice_azienda'], codice=${body['codice'], descrizione_breve=${body['descrizione_breve'], id_procedura_parent=${body[id_procedura_parent], ordinamento=${body[ordinamento], tree_path=${body['tree_path'], frequenza=${body['frequenza'], strumento_informatico=${body['strumento_informatico'], id_centro_gest=${body[id_centro_gest], codice_part=${body['codice_part'], descrizione=${body['descrizione'], tipo_procedura=${body['tipo_procedura'], stato_attuazione=${body['stato_attuazione'], id_tipo_processo=${body[id_tipo_processo], 0=${body['0'], 0=${body['0'], 0=${body['0'], 0=${body['0'], 0=${body['0'], 0=${body['0'], 0=${body['0'], 0=${body['0'], 0=${body['0'], 0=${body['0'], 0=${body['0'], 0=${body['0'], 0=${body['0'], 0=${body['0'], 0=${body['0'], 0=${body['0'], 0=${body['0'], 0=${body['0']WHERE codice_azienda=${body['codice_azienda'] AND id_procedura=${body['id_procedura'];`";"`DELETE FROM entrasp.WHERE codice_azienda=${body['codice_azienda'] AND id_procedura=${body['id_procedura'];`"
0;input;;;0;;false;true;true;false;false;false;0;;"var form = [		{type: 'input',		 label: 'codice_azienda',		 inputType: 'text',		 name: 'codice_azienda',		 value: '',		 readonly: 'true',		 isVisible: 'false',		 newLine: 'true'	}	],
var form = [		{type: 'input',		 label: 'codice',		 inputType: 'text',		 name: 'codice',		 value: '',		 readonly: 'false',		 isVisible: 'true',		 newLine: 'true',		 validations: [		{		name: 'required',		validator: 'Validators.required',		message: 'Descrizione mancante'		}		]	}	],
var form = [		{type: 'input',		 label: 'descrizione_breve',		 inputType: 'text',		 name: 'descrizione_breve',		 value: '',		 readonly: 'false',		 isVisible: 'true',		 newLine: 'true',		 validations: [		{		name: 'required',	validator: 'Validators.required',	message: 'Codice mancante'	},	{	name: 'pattern',	validator: '^[a-zA-Z1-9&_ ]+$',	message: 'Uso caratteri non ammessi'	}	]	}	],
var form = [		{type: 'input',		 label: 'id_procedura',		 inputType: 'text',		 name: 'id_procedura',		 value: '',		 readonly: 'true',		 isVisible: 'true',		 newLine: 'true'	}	],
var form = [		{type: 'combobox',		 label: 'id_procedura_parent',		 inputType: 'text',		 name: 'id_procedura_parent',		 value: '',		 readonly: 'false',		 isVisible: 'true',		 newLine: 'true',		 options: []	}	],
var form = [		{type: 'input',		 label: 'ordinamento',		 inputType: 'text',		 name: 'ordinamento',		 value: '',		 readonly: 'false',		 isVisible: 'true',		 newLine: 'true'	}	],
var form = [		{type: 'input',		 label: 'tree_path',		 inputType: 'text',		 name: 'tree_path',		 value: '',		 readonly: 'false',		 isVisible: 'true',		 newLine: 'true'	}	],
var form = [		{type: 'input',		 label: 'frequenza',		 inputType: 'text',		 name: 'frequenza',		 value: '',		 readonly: 'false',		 isVisible: 'true',		 newLine: 'true'	}	],
var form = [		{type: 'input',		 label: 'strumento_informatico',		 inputType: 'text',		 name: 'strumento_informatico',		 value: '',		 readonly: 'false',		 isVisible: 'true',		 newLine: 'true'	}	],
var form = [		{type: 'combobox',		 label: 'id_centro_gest',		 inputType: 'text',		 name: 'id_centro_gest',		 value: '',		 readonly: 'false',		 isVisible: 'true',		 newLine: 'true',		 options: []	}	],
var form = [		{type: 'input',		 label: 'codice_part',		 inputType: 'text',		 name: 'codice_part',		 value: '',		 readonly: 'false',		 isVisible: 'true',		 newLine: 'true'	}	],
var form = [		{type: 'input',		 label: 'descrizione',		 inputType: 'text',		 name: 'descrizione',		 value: '',		 readonly: 'false',		 isVisible: 'true',		 newLine: 'true',		 validations: [		{		name: 'required',		validator: 'Validators.required',		message: 'Descrizione mancante'		}		]	}	],
var form = [		{type: 'combobox',		 label: 'tipo_procedura',		 inputType: 'text',		 name: 'tipo_procedura',		 value: '',		 readonly: 'false',		 isVisible: 'true',		 newLine: 'true',		 options: []	}	],
var form = [		{type: 'combobox',		 label: 'stato_attuazione',		 inputType: 'text',		 name: 'stato_attuazione',		 value: '',		 readonly: 'false',		 isVisible: 'true',		 newLine: 'true',		 options: []	}	],
var form = [		{type: 'combobox',		 label: 'id_tipo_processo',		 inputType: 'text',		 name: 'id_tipo_processo',		 value: '',		 readonly: 'false',		 isVisible: 'true',		 newLine: 'true',		 options: []	}	],
var form = [		{type: 'input',		 label: '',		 inputType: '',		 name: '0',		 value: '',		 readonly: 'false',		 isVisible: 'true',		 newLine: 'true'	}	],
var form = [		{type: 'input',		 label: '',		 inputType: '',		 name: '0',		 value: '',		 readonly: 'false',		 isVisible: 'true',		 newLine: 'true'	}	],
var form = [		{type: 'input',		 label: '',		 inputType: '',		 name: '0',		 value: '',		 readonly: 'false',		 isVisible: 'true',		 newLine: 'true'	}	],
var form = [		{type: 'input',		 label: '',		 inputType: '',		 name: '0',		 value: '',		 readonly: 'false',		 isVisible: 'true',		 newLine: 'true'	}	],
var form = [		{type: 'input',		 label: '',		 inputType: '',		 name: '0',		 value: '',		 readonly: 'false',		 isVisible: 'true',		 newLine: 'true'	}	]";codice_azienda, codice, descrizione_breve, id_procedura_parent, ordinamento, tree_path, frequenza, strumento_informatico, id_centro_gest, codice_part, descrizione, tipo_procedura, stato_attuazione, id_tipo_processo, 0, 0, 0, 0, 0;${body['codice_azienda'], ${body['codice'], ${body['descrizione_breve'], ${body[id_procedura_parent], ${body[ordinamento], ${body['tree_path'], ${body['frequenza'], ${body['strumento_informatico'], ${body[id_centro_gest], ${body['codice_part'], ${body['descrizione'], ${body['tipo_procedura'], ${body['stato_attuazione'], ${body[id_tipo_processo], ${body['0'], ${body['0'], ${body['0'], ${body['0'], ${body['0'];codice_azienda=${body['codice_azienda'], codice=${body['codice'], descrizione_breve=${body['descrizione_breve'], id_procedura_parent=${body[id_procedura_parent], ordinamento=${body[ordinamento], tree_path=${body['tree_path'], frequenza=${body['frequenza'], strumento_informatico=${body['strumento_informatico'], id_centro_gest=${body[id_centro_gest], codice_part=${body['codice_part'], descrizione=${body['descrizione'], tipo_procedura=${body['tipo_procedura'], stato_attuazione=${body['stato_attuazione'], id_tipo_processo=${body[id_tipo_processo], 0=${body['0'], 0=${body['0'], 0=${body['0'], 0=${body['0'], 0=${body['0'];;;codice_azienda=${body['codice_azienda'] AND id_procedura=${body['id_procedura'];;;;"`INSERT INTO entrasp.(codice_azienda, codice, descrizione_breve, id_procedura_parent, ordinamento, tree_path, frequenza, strumento_informatico, id_centro_gest, codice_part, descrizione, tipo_procedura, stato_attuazione, id_tipo_processo, 0, 0, 0, 0, 0)Values(${body['codice_azienda'], ${body['codice'], ${body['descrizione_breve'], ${body[id_procedura_parent], ${body[ordinamento], ${body['tree_path'], ${body['frequenza'], ${body['strumento_informatico'], ${body[id_centro_gest], ${body['codice_part'], ${body['descrizione'], ${body['tipo_procedura'], ${body['stato_attuazione'], ${body[id_tipo_processo], ${body['0'], ${body['0'], ${body['0'], ${body['0'], ${body['0'])RETURNING id_procedura;`";"`Update entrasp.SET codice_azienda=${body['codice_azienda'], codice=${body['codice'], descrizione_breve=${body['descrizione_breve'], id_procedura_parent=${body[id_procedura_parent], ordinamento=${body[ordinamento], tree_path=${body['tree_path'], frequenza=${body['frequenza'], strumento_informatico=${body['strumento_informatico'], id_centro_gest=${body[id_centro_gest], codice_part=${body['codice_part'], descrizione=${body['descrizione'], tipo_procedura=${body['tipo_procedura'], stato_attuazione=${body['stato_attuazione'], id_tipo_processo=${body[id_tipo_processo], 0=${body['0'], 0=${body['0'], 0=${body['0'], 0=${body['0'], 0=${body['0'], 0=${body['0'], 0=${body['0'], 0=${body['0'], 0=${body['0'], 0=${body['0'], 0=${body['0'], 0=${body['0'], 0=${body['0'], 0=${body['0'], 0=${body['0'], 0=${body['0'], 0=${body['0'], 0=${body['0'], 0=${body['0']WHERE codice_azienda=${body['codice_azienda'] AND id_procedura=${body['id_procedura'];`";"`DELETE FROM entrasp.WHERE codice_azienda=${body['codice_azienda'] AND id_procedura=${body['id_procedura'];`"
0;input;;;0;;false;true;true;false;false;false;0;;"var form = [		{type: 'input',		 label: 'codice_azienda',		 inputType: 'text',		 name: 'codice_azienda',		 value: '',		 readonly: 'true',		 isVisible: 'false',		 newLine: 'true'	}	],
var form = [		{type: 'input',		 label: 'codice',		 inputType: 'text',		 name: 'codice',		 value: '',		 readonly: 'false',		 isVisible: 'true',		 newLine: 'true',		 validations: [		{		name: 'required',		validator: 'Validators.required',		message: 'Descrizione mancante'		}		]	}	],
var form = [		{type: 'input',		 label: 'descrizione_breve',		 inputType: 'text',		 name: 'descrizione_breve',		 value: '',		 readonly: 'false',		 isVisible: 'true',		 newLine: 'true',		 validations: [		{		name: 'required',	validator: 'Validators.required',	message: 'Codice mancante'	},	{	name: 'pattern',	validator: '^[a-zA-Z1-9&_ ]+$',	message: 'Uso caratteri non ammessi'	}	]	}	],
var form = [		{type: 'input',		 label: 'id_procedura',		 inputType: 'text',		 name: 'id_procedura',		 value: '',		 readonly: 'true',		 isVisible: 'true',		 newLine: 'true'	}	],
var form = [		{type: 'combobox',		 label: 'id_procedura_parent',		 inputType: 'text',		 name: 'id_procedura_parent',		 value: '',		 readonly: 'false',		 isVisible: 'true',		 newLine: 'true',		 options: []	}	],
var form = [		{type: 'input',		 label: 'ordinamento',		 inputType: 'text',		 name: 'ordinamento',		 value: '',		 readonly: 'false',		 isVisible: 'true',		 newLine: 'true'	}	],
var form = [		{type: 'input',		 label: 'tree_path',		 inputType: 'text',		 name: 'tree_path',		 value: '',		 readonly: 'false',		 isVisible: 'true',		 newLine: 'true'	}	],
var form = [		{type: 'input',		 label: 'frequenza',		 inputType: 'text',		 name: 'frequenza',		 value: '',		 readonly: 'false',		 isVisible: 'true',		 newLine: 'true'	}	],
var form = [		{type: 'input',		 label: 'strumento_informatico',		 inputType: 'text',		 name: 'strumento_informatico',		 value: '',		 readonly: 'false',		 isVisible: 'true',		 newLine: 'true'	}	],
var form = [		{type: 'combobox',		 label: 'id_centro_gest',		 inputType: 'text',		 name: 'id_centro_gest',		 value: '',		 readonly: 'false',		 isVisible: 'true',		 newLine: 'true',		 options: []	}	],
var form = [		{type: 'input',		 label: 'codice_part',		 inputType: 'text',		 name: 'codice_part',		 value: '',		 readonly: 'false',		 isVisible: 'true',		 newLine: 'true'	}	],
var form = [		{type: 'input',		 label: 'descrizione',		 inputType: 'text',		 name: 'descrizione',		 value: '',		 readonly: 'false',		 isVisible: 'true',		 newLine: 'true',		 validations: [		{		name: 'required',		validator: 'Validators.required',		message: 'Descrizione mancante'		}		]	}	],
var form = [		{type: 'combobox',		 label: 'tipo_procedura',		 inputType: 'text',		 name: 'tipo_procedura',		 value: '',		 readonly: 'false',		 isVisible: 'true',		 newLine: 'true',		 options: []	}	],
var form = [		{type: 'combobox',		 label: 'stato_attuazione',		 inputType: 'text',		 name: 'stato_attuazione',		 value: '',		 readonly: 'false',		 isVisible: 'true',		 newLine: 'true',		 options: []	}	],
var form = [		{type: 'combobox',		 label: 'id_tipo_processo',		 inputType: 'text',		 name: 'id_tipo_processo',		 value: '',		 readonly: 'false',		 isVisible: 'true',		 newLine: 'true',		 options: []	}	],
var form = [		{type: 'input',		 label: '',		 inputType: '',		 name: '0',		 value: '',		 readonly: 'false',		 isVisible: 'true',		 newLine: 'true'	}	],
var form = [		{type: 'input',		 label: '',		 inputType: '',		 name: '0',		 value: '',		 readonly: 'false',		 isVisible: 'true',		 newLine: 'true'	}	],
var form = [		{type: 'input',		 label: '',		 inputType: '',		 name: '0',		 value: '',		 readonly: 'false',		 isVisible: 'true',		 newLine: 'true'	}	],
var form = [		{type: 'input',		 label: '',		 inputType: '',		 name: '0',		 value: '',		 readonly: 'false',		 isVisible: 'true',		 newLine: 'true'	}	],
var form = [		{type: 'input',		 label: '',		 inputType: '',		 name: '0',		 value: '',		 readonly: 'false',		 isVisible: 'true',		 newLine: 'true'	}	],
var form = [		{type: 'input',		 label: '',		 inputType: '',		 name: '0',		 value: '',		 readonly: 'false',		 isVisible: 'true',		 newLine: 'true'	}	]";codice_azienda, codice, descrizione_breve, id_procedura_parent, ordinamento, tree_path, frequenza, strumento_informatico, id_centro_gest, codice_part, descrizione, tipo_procedura, stato_attuazione, id_tipo_processo, 0, 0, 0, 0, 0, 0;${body['codice_azienda'], ${body['codice'], ${body['descrizione_breve'], ${body[id_procedura_parent], ${body[ordinamento], ${body['tree_path'], ${body['frequenza'], ${body['strumento_informatico'], ${body[id_centro_gest], ${body['codice_part'], ${body['descrizione'], ${body['tipo_procedura'], ${body['stato_attuazione'], ${body[id_tipo_processo], ${body['0'], ${body['0'], ${body['0'], ${body['0'], ${body['0'], ${body['0'];codice_azienda=${body['codice_azienda'], codice=${body['codice'], descrizione_breve=${body['descrizione_breve'], id_procedura_parent=${body[id_procedura_parent], ordinamento=${body[ordinamento], tree_path=${body['tree_path'], frequenza=${body['frequenza'], strumento_informatico=${body['strumento_informatico'], id_centro_gest=${body[id_centro_gest], codice_part=${body['codice_part'], descrizione=${body['descrizione'], tipo_procedura=${body['tipo_procedura'], stato_attuazione=${body['stato_attuazione'], id_tipo_processo=${body[id_tipo_processo], 0=${body['0'], 0=${body['0'], 0=${body['0'], 0=${body['0'], 0=${body['0'], 0=${body['0'];;;codice_azienda=${body['codice_azienda'] AND id_procedura=${body['id_procedura'];;;;"`INSERT INTO entrasp.(codice_azienda, codice, descrizione_breve, id_procedura_parent, ordinamento, tree_path, frequenza, strumento_informatico, id_centro_gest, codice_part, descrizione, tipo_procedura, stato_attuazione, id_tipo_processo, 0, 0, 0, 0, 0, 0)Values(${body['codice_azienda'], ${body['codice'], ${body['descrizione_breve'], ${body[id_procedura_parent], ${body[ordinamento], ${body['tree_path'], ${body['frequenza'], ${body['strumento_informatico'], ${body[id_centro_gest], ${body['codice_part'], ${body['descrizione'], ${body['tipo_procedura'], ${body['stato_attuazione'], ${body[id_tipo_processo], ${body['0'], ${body['0'], ${body['0'], ${body['0'], ${body['0'], ${body['0'])RETURNING id_procedura;`";"`Update entrasp.SET codice_azienda=${body['codice_azienda'], codice=${body['codice'], descrizione_breve=${body['descrizione_breve'], id_procedura_parent=${body[id_procedura_parent], ordinamento=${body[ordinamento], tree_path=${body['tree_path'], frequenza=${body['frequenza'], strumento_informatico=${body['strumento_informatico'], id_centro_gest=${body[id_centro_gest], codice_part=${body['codice_part'], descrizione=${body['descrizione'], tipo_procedura=${body['tipo_procedura'], stato_attuazione=${body['stato_attuazione'], id_tipo_processo=${body[id_tipo_processo], 0=${body['0'], 0=${body['0'], 0=${body['0'], 0=${body['0'], 0=${body['0'], 0=${body['0'], 0=${body['0'], 0=${body['0'], 0=${body['0'], 0=${body['0'], 0=${body['0'], 0=${body['0'], 0=${body['0'], 0=${body['0'], 0=${body['0'], 0=${body['0'], 0=${body['0'], 0=${body['0'], 0=${body['0'], 0=${body['0']WHERE codice_azienda=${body['codice_azienda'] AND id_procedura=${body['id_procedura'];`";"`DELETE FROM entrasp.WHERE codice_azienda=${body['codice_azienda'] AND id_procedura=${body['id_procedura'];`"
0;input;;;0;;false;true;true;false;false;false;0;;"var form = [		{type: 'input',		 label: 'codice_azienda',		 inputType: 'text',		 name: 'codice_azienda',		 value: '',		 readonly: 'true',		 isVisible: 'false',		 newLine: 'true'	}	],
var form = [		{type: 'input',		 label: 'codice',		 inputType: 'text',		 name: 'codice',		 value: '',		 readonly: 'false',		 isVisible: 'true',		 newLine: 'true',		 validations: [		{		name: 'required',		validator: 'Validators.required',		message: 'Descrizione mancante'		}		]	}	],
var form = [		{type: 'input',		 label: 'descrizione_breve',		 inputType: 'text',		 name: 'descrizione_breve',		 value: '',		 readonly: 'false',		 isVisible: 'true',		 newLine: 'true',		 validations: [		{		name: 'required',	validator: 'Validators.required',	message: 'Codice mancante'	},	{	name: 'pattern',	validator: '^[a-zA-Z1-9&_ ]+$',	message: 'Uso caratteri non ammessi'	}	]	}	],
var form = [		{type: 'input',		 label: 'id_procedura',		 inputType: 'text',		 name: 'id_procedura',		 value: '',		 readonly: 'true',		 isVisible: 'true',		 newLine: 'true'	}	],
var form = [		{type: 'combobox',		 label: 'id_procedura_parent',		 inputType: 'text',		 name: 'id_procedura_parent',		 value: '',		 readonly: 'false',		 isVisible: 'true',		 newLine: 'true',		 options: []	}	],
var form = [		{type: 'input',		 label: 'ordinamento',		 inputType: 'text',		 name: 'ordinamento',		 value: '',		 readonly: 'false',		 isVisible: 'true',		 newLine: 'true'	}	],
var form = [		{type: 'input',		 label: 'tree_path',		 inputType: 'text',		 name: 'tree_path',		 value: '',		 readonly: 'false',		 isVisible: 'true',		 newLine: 'true'	}	],
var form = [		{type: 'input',		 label: 'frequenza',		 inputType: 'text',		 name: 'frequenza',		 value: '',		 readonly: 'false',		 isVisible: 'true',		 newLine: 'true'	}	],
var form = [		{type: 'input',		 label: 'strumento_informatico',		 inputType: 'text',		 name: 'strumento_informatico',		 value: '',		 readonly: 'false',		 isVisible: 'true',		 newLine: 'true'	}	],
var form = [		{type: 'combobox',		 label: 'id_centro_gest',		 inputType: 'text',		 name: 'id_centro_gest',		 value: '',		 readonly: 'false',		 isVisible: 'true',		 newLine: 'true',		 options: []	}	],
var form = [		{type: 'input',		 label: 'codice_part',		 inputType: 'text',		 name: 'codice_part',		 value: '',		 readonly: 'false',		 isVisible: 'true',		 newLine: 'true'	}	],
var form = [		{type: 'input',		 label: 'descrizione',		 inputType: 'text',		 name: 'descrizione',		 value: '',		 readonly: 'false',		 isVisible: 'true',		 newLine: 'true',		 validations: [		{		name: 'required',		validator: 'Validators.required',		message: 'Descrizione mancante'		}		]	}	],
var form = [		{type: 'combobox',		 label: 'tipo_procedura',		 inputType: 'text',		 name: 'tipo_procedura',		 value: '',		 readonly: 'false',		 isVisible: 'true',		 newLine: 'true',		 options: []	}	],
var form = [		{type: 'combobox',		 label: 'stato_attuazione',		 inputType: 'text',		 name: 'stato_attuazione',		 value: '',		 readonly: 'false',		 isVisible: 'true',		 newLine: 'true',		 options: []	}	],
var form = [		{type: 'combobox',		 label: 'id_tipo_processo',		 inputType: 'text',		 name: 'id_tipo_processo',		 value: '',		 readonly: 'false',		 isVisible: 'true',		 newLine: 'true',		 options: []	}	],
var form = [		{type: 'input',		 label: '',		 inputType: '',		 name: '0',		 value: '',		 readonly: 'false',		 isVisible: 'true',		 newLine: 'true'	}	],
var form = [		{type: 'input',		 label: '',		 inputType: '',		 name: '0',		 value: '',		 readonly: 'false',		 isVisible: 'true',		 newLine: 'true'	}	],
var form = [		{type: 'input',		 label: '',		 inputType: '',		 name: '0',		 value: '',		 readonly: 'false',		 isVisible: 'true',		 newLine: 'true'	}	],
var form = [		{type: 'input',		 label: '',		 inputType: '',		 name: '0',		 value: '',		 readonly: 'false',		 isVisible: 'true',		 newLine: 'true'	}	],
var form = [		{type: 'input',		 label: '',		 inputType: '',		 name: '0',		 value: '',		 readonly: 'false',		 isVisible: 'true',		 newLine: 'true'	}	],
var form = [		{type: 'input',		 label: '',		 inputType: '',		 name: '0',		 value: '',		 readonly: 'false',		 isVisible: 'true',		 newLine: 'true'	}	],
var form = [		{type: 'input',		 label: '',		 inputType: '',		 name: '0',		 value: '',		 readonly: 'false',		 isVisible: 'true',		 newLine: 'true'	}	]";codice_azienda, codice, descrizione_breve, id_procedura_parent, ordinamento, tree_path, frequenza, strumento_informatico, id_centro_gest, codice_part, descrizione, tipo_procedura, stato_attuazione, id_tipo_processo, 0, 0, 0, 0, 0, 0, 0;${body['codice_azienda'], ${body['codice'], ${body['descrizione_breve'], ${body[id_procedura_parent], ${body[ordinamento], ${body['tree_path'], ${body['frequenza'], ${body['strumento_informatico'], ${body[id_centro_gest], ${body['codice_part'], ${body['descrizione'], ${body['tipo_procedura'], ${body['stato_attuazione'], ${body[id_tipo_processo], ${body['0'], ${body['0'], ${body['0'], ${body['0'], ${body['0'], ${body['0'], ${body['0'];codice_azienda=${body['codice_azienda'], codice=${body['codice'], descrizione_breve=${body['descrizione_breve'], id_procedura_parent=${body[id_procedura_parent], ordinamento=${body[ordinamento], tree_path=${body['tree_path'], frequenza=${body['frequenza'], strumento_informatico=${body['strumento_informatico'], id_centro_gest=${body[id_centro_gest], codice_part=${body['codice_part'], descrizione=${body['descrizione'], tipo_procedura=${body['tipo_procedura'], stato_attuazione=${body['stato_attuazione'], id_tipo_processo=${body[id_tipo_processo], 0=${body['0'], 0=${body['0'], 0=${body['0'], 0=${body['0'], 0=${body['0'], 0=${body['0'], 0=${body['0'];;;codice_azienda=${body['codice_azienda'] AND id_procedura=${body['id_procedura'];;;;"`INSERT INTO entrasp.(codice_azienda, codice, descrizione_breve, id_procedura_parent, ordinamento, tree_path, frequenza, strumento_informatico, id_centro_gest, codice_part, descrizione, tipo_procedura, stato_attuazione, id_tipo_processo, 0, 0, 0, 0, 0, 0, 0)Values(${body['codice_azienda'], ${body['codice'], ${body['descrizione_breve'], ${body[id_procedura_parent], ${body[ordinamento], ${body['tree_path'], ${body['frequenza'], ${body['strumento_informatico'], ${body[id_centro_gest], ${body['codice_part'], ${body['descrizione'], ${body['tipo_procedura'], ${body['stato_attuazione'], ${body[id_tipo_processo], ${body['0'], ${body['0'], ${body['0'], ${body['0'], ${body['0'], ${body['0'], ${body['0'])RETURNING id_procedura;`";"`Update entrasp.SET codice_azienda=${body['codice_azienda'], codice=${body['codice'], descrizione_breve=${body['descrizione_breve'], id_procedura_parent=${body[id_procedura_parent], ordinamento=${body[ordinamento], tree_path=${body['tree_path'], frequenza=${body['frequenza'], strumento_informatico=${body['strumento_informatico'], id_centro_gest=${body[id_centro_gest], codice_part=${body['codice_part'], descrizione=${body['descrizione'], tipo_procedura=${body['tipo_procedura'], stato_attuazione=${body['stato_attuazione'], id_tipo_processo=${body[id_tipo_processo], 0=${body['0'], 0=${body['0'], 0=${body['0'], 0=${body['0'], 0=${body['0'], 0=${body['0'], 0=${body['0'], 0=${body['0'], 0=${body['0'], 0=${body['0'], 0=${body['0'], 0=${body['0'], 0=${body['0'], 0=${body['0'], 0=${body['0'], 0=${body['0'], 0=${body['0'], 0=${body['0'], 0=${body['0'], 0=${body['0'], 0=${body['0']WHERE codice_azienda=${body['codice_azienda'] AND id_procedura=${body['id_procedura'];`";"`DELETE FROM entrasp.WHERE codice_azienda=${body['codice_azienda'] AND id_procedura=${body['id_procedura'];`"
0;input;;;0;;false;true;true;false;false;false;0;;"var form = [		{type: 'input',		 label: 'codice_azienda',		 inputType: 'text',		 name: 'codice_azienda',		 value: '',		 readonly: 'true',		 isVisible: 'false',		 newLine: 'true'	}	],
var form = [		{type: 'input',		 label: 'codice',		 inputType: 'text',		 name: 'codice',		 value: '',		 readonly: 'false',		 isVisible: 'true',		 newLine: 'true',		 validations: [		{		name: 'required',		validator: 'Validators.required',		message: 'Descrizione mancante'		}		]	}	],
var form = [		{type: 'input',		 label: 'descrizione_breve',		 inputType: 'text',		 name: 'descrizione_breve',		 value: '',		 readonly: 'false',		 isVisible: 'true',		 newLine: 'true',		 validations: [		{		name: 'required',	validator: 'Validators.required',	message: 'Codice mancante'	},	{	name: 'pattern',	validator: '^[a-zA-Z1-9&_ ]+$',	message: 'Uso caratteri non ammessi'	}	]	}	],
var form = [		{type: 'input',		 label: 'id_procedura',		 inputType: 'text',		 name: 'id_procedura',		 value: '',		 readonly: 'true',		 isVisible: 'true',		 newLine: 'true'	}	],
var form = [		{type: 'combobox',		 label: 'id_procedura_parent',		 inputType: 'text',		 name: 'id_procedura_parent',		 value: '',		 readonly: 'false',		 isVisible: 'true',		 newLine: 'true',		 options: []	}	],
var form = [		{type: 'input',		 label: 'ordinamento',		 inputType: 'text',		 name: 'ordinamento',		 value: '',		 readonly: 'false',		 isVisible: 'true',		 newLine: 'true'	}	],
var form = [		{type: 'input',		 label: 'tree_path',		 inputType: 'text',		 name: 'tree_path',		 value: '',		 readonly: 'false',		 isVisible: 'true',		 newLine: 'true'	}	],
var form = [		{type: 'input',		 label: 'frequenza',		 inputType: 'text',		 name: 'frequenza',		 value: '',		 readonly: 'false',		 isVisible: 'true',		 newLine: 'true'	}	],
var form = [		{type: 'input',		 label: 'strumento_informatico',		 inputType: 'text',		 name: 'strumento_informatico',		 value: '',		 readonly: 'false',		 isVisible: 'true',		 newLine: 'true'	}	],
var form = [		{type: 'combobox',		 label: 'id_centro_gest',		 inputType: 'text',		 name: 'id_centro_gest',		 value: '',		 readonly: 'false',		 isVisible: 'true',		 newLine: 'true',		 options: []	}	],
var form = [		{type: 'input',		 label: 'codice_part',		 inputType: 'text',		 name: 'codice_part',		 value: '',		 readonly: 'false',		 isVisible: 'true',		 newLine: 'true'	}	],
var form = [		{type: 'input',		 label: 'descrizione',		 inputType: 'text',		 name: 'descrizione',		 value: '',		 readonly: 'false',		 isVisible: 'true',		 newLine: 'true',		 validations: [		{		name: 'required',		validator: 'Validators.required',		message: 'Descrizione mancante'		}		]	}	],
var form = [		{type: 'combobox',		 label: 'tipo_procedura',		 inputType: 'text',		 name: 'tipo_procedura',		 value: '',		 readonly: 'false',		 isVisible: 'true',		 newLine: 'true',		 options: []	}	],
var form = [		{type: 'combobox',		 label: 'stato_attuazione',		 inputType: 'text',		 name: 'stato_attuazione',		 value: '',		 readonly: 'false',		 isVisible: 'true',		 newLine: 'true',		 options: []	}	],
var form = [		{type: 'combobox',		 label: 'id_tipo_processo',		 inputType: 'text',		 name: 'id_tipo_processo',		 value: '',		 readonly: 'false',		 isVisible: 'true',		 newLine: 'true',		 options: []	}	],
var form = [		{type: 'input',		 label: '',		 inputType: '',		 name: '0',		 value: '',		 readonly: 'false',		 isVisible: 'true',		 newLine: 'true'	}	],
var form = [		{type: 'input',		 label: '',		 inputType: '',		 name: '0',		 value: '',		 readonly: 'false',		 isVisible: 'true',		 newLine: 'true'	}	],
var form = [		{type: 'input',		 label: '',		 inputType: '',		 name: '0',		 value: '',		 readonly: 'false',		 isVisible: 'true',		 newLine: 'true'	}	],
var form = [		{type: 'input',		 label: '',		 inputType: '',		 name: '0',		 value: '',		 readonly: 'false',		 isVisible: 'true',		 newLine: 'true'	}	],
var form = [		{type: 'input',		 label: '',		 inputType: '',		 name: '0',		 value: '',		 readonly: 'false',		 isVisible: 'true',		 newLine: 'true'	}	],
var form = [		{type: 'input',		 label: '',		 inputType: '',		 name: '0',		 value: '',		 readonly: 'false',		 isVisible: 'true',		 newLine: 'true'	}	],
var form = [		{type: 'input',		 label: '',		 inputType: '',		 name: '0',		 value: '',		 readonly: 'false',		 isVisible: 'true',		 newLine: 'true'	}	],
var form = [		{type: 'input',		 label: '',		 inputType: '',		 name: '0',		 value: '',		 readonly: 'false',		 isVisible: 'true',		 newLine: 'true'	}	]";codice_azienda, codice, descrizione_breve, id_procedura_parent, ordinamento, tree_path, frequenza, strumento_informatico, id_centro_gest, codice_part, descrizione, tipo_procedura, stato_attuazione, id_tipo_processo, 0, 0, 0, 0, 0, 0, 0, 0;${body['codice_azienda'], ${body['codice'], ${body['descrizione_breve'], ${body[id_procedura_parent], ${body[ordinamento], ${body['tree_path'], ${body['frequenza'], ${body['strumento_informatico'], ${body[id_centro_gest], ${body['codice_part'], ${body['descrizione'], ${body['tipo_procedura'], ${body['stato_attuazione'], ${body[id_tipo_processo], ${body['0'], ${body['0'], ${body['0'], ${body['0'], ${body['0'], ${body['0'], ${body['0'], ${body['0'];codice_azienda=${body['codice_azienda'], codice=${body['codice'], descrizione_breve=${body['descrizione_breve'], id_procedura_parent=${body[id_procedura_parent], ordinamento=${body[ordinamento], tree_path=${body['tree_path'], frequenza=${body['frequenza'], strumento_informatico=${body['strumento_informatico'], id_centro_gest=${body[id_centro_gest], codice_part=${body['codice_part'], descrizione=${body['descrizione'], tipo_procedura=${body['tipo_procedura'], stato_attuazione=${body['stato_attuazione'], id_tipo_processo=${body[id_tipo_processo], 0=${body['0'], 0=${body['0'], 0=${body['0'], 0=${body['0'], 0=${body['0'], 0=${body['0'], 0=${body['0'], 0=${body['0'];;;codice_azienda=${body['codice_azienda'] AND id_procedura=${body['id_procedura'];;;;"`INSERT INTO entrasp.(codice_azienda, codice, descrizione_breve, id_procedura_parent, ordinamento, tree_path, frequenza, strumento_informatico, id_centro_gest, codice_part, descrizione, tipo_procedura, stato_attuazione, id_tipo_processo, 0, 0, 0, 0, 0, 0, 0, 0)Values(${body['codice_azienda'], ${body['codice'], ${body['descrizione_breve'], ${body[id_procedura_parent], ${body[ordinamento], ${body['tree_path'], ${body['frequenza'], ${body['strumento_informatico'], ${body[id_centro_gest], ${body['codice_part'], ${body['descrizione'], ${body['tipo_procedura'], ${body['stato_attuazione'], ${body[id_tipo_processo], ${body['0'], ${body['0'], ${body['0'], ${body['0'], ${body['0'], ${body['0'], ${body['0'], ${body['0'])RETURNING id_procedura;`";"`Update entrasp.SET codice_azienda=${body['codice_azienda'], codice=${body['codice'], descrizione_breve=${body['descrizione_breve'], id_procedura_parent=${body[id_procedura_parent], ordinamento=${body[ordinamento], tree_path=${body['tree_path'], frequenza=${body['frequenza'], strumento_informatico=${body['strumento_informatico'], id_centro_gest=${body[id_centro_gest], codice_part=${body['codice_part'], descrizione=${body['descrizione'], tipo_procedura=${body['tipo_procedura'], stato_attuazione=${body['stato_attuazione'], id_tipo_processo=${body[id_tipo_processo], 0=${body['0'], 0=${body['0'], 0=${body['0'], 0=${body['0'], 0=${body['0'], 0=${body['0'], 0=${body['0'], 0=${body['0'], 0=${body['0'], 0=${body['0'], 0=${body['0'], 0=${body['0'], 0=${body['0'], 0=${body['0'], 0=${body['0'], 0=${body['0'], 0=${body['0'], 0=${body['0'], 0=${body['0'], 0=${body['0'], 0=${body['0'], 0=${body['0']WHERE codice_azienda=${body['codice_azienda'] AND id_procedura=${body['id_procedura'];`";"`DELETE FROM entrasp.WHERE codice_azienda=${body['codice_azienda'] AND id_procedura=${body['id_procedura'];`"
0;input;;;0;;false;true;true;false;false;false;0;;"var form = [		{type: 'input',		 label: 'codice_azienda',		 inputType: 'text',		 name: 'codice_azienda',		 value: '',		 readonly: 'true',		 isVisible: 'false',		 newLine: 'true'	}	],
var form = [		{type: 'input',		 label: 'codice',		 inputType: 'text',		 name: 'codice',		 value: '',		 readonly: 'false',		 isVisible: 'true',		 newLine: 'true',		 validations: [		{		name: 'required',		validator: 'Validators.required',		message: 'Descrizione mancante'		}		]	}	],
var form = [		{type: 'input',		 label: 'descrizione_breve',		 inputType: 'text',		 name: 'descrizione_breve',		 value: '',		 readonly: 'false',		 isVisible: 'true',		 newLine: 'true',		 validations: [		{		name: 'required',	validator: 'Validators.required',	message: 'Codice mancante'	},	{	name: 'pattern',	validator: '^[a-zA-Z1-9&_ ]+$',	message: 'Uso caratteri non ammessi'	}	]	}	],
var form = [		{type: 'input',		 label: 'id_procedura',		 inputType: 'text',		 name: 'id_procedura',		 value: '',		 readonly: 'true',		 isVisible: 'true',		 newLine: 'true'	}	],
var form = [		{type: 'combobox',		 label: 'id_procedura_parent',		 inputType: 'text',		 name: 'id_procedura_parent',		 value: '',		 readonly: 'false',		 isVisible: 'true',		 newLine: 'true',		 options: []	}	],
var form = [		{type: 'input',		 label: 'ordinamento',		 inputType: 'text',		 name: 'ordinamento',		 value: '',		 readonly: 'false',		 isVisible: 'true',		 newLine: 'true'	}	],
var form = [		{type: 'input',		 label: 'tree_path',		 inputType: 'text',		 name: 'tree_path',		 value: '',		 readonly: 'false',		 isVisible: 'true',		 newLine: 'true'	}	],
var form = [		{type: 'input',		 label: 'frequenza',		 inputType: 'text',		 name: 'frequenza',		 value: '',		 readonly: 'false',		 isVisible: 'true',		 newLine: 'true'	}	],
var form = [		{type: 'input',		 label: 'strumento_informatico',		 inputType: 'text',		 name: 'strumento_informatico',		 value: '',		 readonly: 'false',		 isVisible: 'true',		 newLine: 'true'	}	],
var form = [		{type: 'combobox',		 label: 'id_centro_gest',		 inputType: 'text',		 name: 'id_centro_gest',		 value: '',		 readonly: 'false',		 isVisible: 'true',		 newLine: 'true',		 options: []	}	],
var form = [		{type: 'input',		 label: 'codice_part',		 inputType: 'text',		 name: 'codice_part',		 value: '',		 readonly: 'false',		 isVisible: 'true',		 newLine: 'true'	}	],
var form = [		{type: 'input',		 label: 'descrizione',		 inputType: 'text',		 name: 'descrizione',		 value: '',		 readonly: 'false',		 isVisible: 'true',		 newLine: 'true',		 validations: [		{		name: 'required',		validator: 'Validators.required',		message: 'Descrizione mancante'		}		]	}	],
var form = [		{type: 'combobox',		 label: 'tipo_procedura',		 inputType: 'text',		 name: 'tipo_procedura',		 value: '',		 readonly: 'false',		 isVisible: 'true',		 newLine: 'true',		 options: []	}	],
var form = [		{type: 'combobox',		 label: 'stato_attuazione',		 inputType: 'text',		 name: 'stato_attuazione',		 value: '',		 readonly: 'false',		 isVisible: 'true',		 newLine: 'true',		 options: []	}	],
var form = [		{type: 'combobox',		 label: 'id_tipo_processo',		 inputType: 'text',		 name: 'id_tipo_processo',		 value: '',		 readonly: 'false',		 isVisible: 'true',		 newLine: 'true',		 options: []	}	],
var form = [		{type: 'input',		 label: '',		 inputType: '',		 name: '0',		 value: '',		 readonly: 'false',		 isVisible: 'true',		 newLine: 'true'	}	],
var form = [		{type: 'input',		 label: '',		 inputType: '',		 name: '0',		 value: '',		 readonly: 'false',		 isVisible: 'true',		 newLine: 'true'	}	],
var form = [		{type: 'input',		 label: '',		 inputType: '',		 name: '0',		 value: '',		 readonly: 'false',		 isVisible: 'true',		 newLine: 'true'	}	],
var form = [		{type: 'input',		 label: '',		 inputType: '',		 name: '0',		 value: '',		 readonly: 'false',		 isVisible: 'true',		 newLine: 'true'	}	],
var form = [		{type: 'input',		 label: '',		 inputType: '',		 name: '0',		 value: '',		 readonly: 'false',		 isVisible: 'true',		 newLine: 'true'	}	],
var form = [		{type: 'input',		 label: '',		 inputType: '',		 name: '0',		 value: '',		 readonly: 'false',		 isVisible: 'true',		 newLine: 'true'	}	],
var form = [		{type: 'input',		 label: '',		 inputType: '',		 name: '0',		 value: '',		 readonly: 'false',		 isVisible: 'true',		 newLine: 'true'	}	],
var form = [		{type: 'input',		 label: '',		 inputType: '',		 name: '0',		 value: '',		 readonly: 'false',		 isVisible: 'true',		 newLine: 'true'	}	],
var form = [		{type: 'input',		 label: '',		 inputType: '',		 name: '0',		 value: '',		 readonly: 'false',		 isVisible: 'true',		 newLine: 'true'	}	]";codice_azienda, codice, descrizione_breve, id_procedura_parent, ordinamento, tree_path, frequenza, strumento_informatico, id_centro_gest, codice_part, descrizione, tipo_procedura, stato_attuazione, id_tipo_processo, 0, 0, 0, 0, 0, 0, 0, 0, 0;${body['codice_azienda'], ${body['codice'], ${body['descrizione_breve'], ${body[id_procedura_parent], ${body[ordinamento], ${body['tree_path'], ${body['frequenza'], ${body['strumento_informatico'], ${body[id_centro_gest], ${body['codice_part'], ${body['descrizione'], ${body['tipo_procedura'], ${body['stato_attuazione'], ${body[id_tipo_processo], ${body['0'], ${body['0'], ${body['0'], ${body['0'], ${body['0'], ${body['0'], ${body['0'], ${body['0'], ${body['0'];codice_azienda=${body['codice_azienda'], codice=${body['codice'], descrizione_breve=${body['descrizione_breve'], id_procedura_parent=${body[id_procedura_parent], ordinamento=${body[ordinamento], tree_path=${body['tree_path'], frequenza=${body['frequenza'], strumento_informatico=${body['strumento_informatico'], id_centro_gest=${body[id_centro_gest], codice_part=${body['codice_part'], descrizione=${body['descrizione'], tipo_procedura=${body['tipo_procedura'], stato_attuazione=${body['stato_attuazione'], id_tipo_processo=${body[id_tipo_processo], 0=${body['0'], 0=${body['0'], 0=${body['0'], 0=${body['0'], 0=${body['0'], 0=${body['0'], 0=${body['0'], 0=${body['0'], 0=${body['0'];;;codice_azienda=${body['codice_azienda'] AND id_procedura=${body['id_procedura'];;;;"`INSERT INTO entrasp.(codice_azienda, codice, descrizione_breve, id_procedura_parent, ordinamento, tree_path, frequenza, strumento_informatico, id_centro_gest, codice_part, descrizione, tipo_procedura, stato_attuazione, id_tipo_processo, 0, 0, 0, 0, 0, 0, 0, 0, 0)Values(${body['codice_azienda'], ${body['codice'], ${body['descrizione_breve'], ${body[id_procedura_parent], ${body[ordinamento], ${body['tree_path'], ${body['frequenza'], ${body['strumento_informatico'], ${body[id_centro_gest], ${body['codice_part'], ${body['descrizione'], ${body['tipo_procedura'], ${body['stato_attuazione'], ${body[id_tipo_processo], ${body['0'], ${body['0'], ${body['0'], ${body['0'], ${body['0'], ${body['0'], ${body['0'], ${body['0'], ${body['0'])RETURNING id_procedura;`";"`Update entrasp.SET codice_azienda=${body['codice_azienda'], codice=${body['codice'], descrizione_breve=${body['descrizione_breve'], id_procedura_parent=${body[id_procedura_parent], ordinamento=${body[ordinamento], tree_path=${body['tree_path'], frequenza=${body['frequenza'], strumento_informatico=${body['strumento_informatico'], id_centro_gest=${body[id_centro_gest], codice_part=${body['codice_part'], descrizione=${body['descrizione'], tipo_procedura=${body['tipo_procedura'], stato_attuazione=${body['stato_attuazione'], id_tipo_processo=${body[id_tipo_processo], 0=${body['0'], 0=${body['0'], 0=${body['0'], 0=${body['0'], 0=${body['0'], 0=${body['0'], 0=${body['0'], 0=${body['0'], 0=${body['0'], 0=${body['0'], 0=${body['0'], 0=${body['0'], 0=${body['0'], 0=${body['0'], 0=${body['0'], 0=${body['0'], 0=${body['0'], 0=${body['0'], 0=${body['0'], 0=${body['0'], 0=${body['0'], 0=${body['0'], 0=${body['0']WHERE codice_azienda=${body['codice_azienda'] AND id_procedura=${body['id_procedura'];`";"`DELETE FROM entrasp.WHERE codice_azienda=${body['codice_azienda'] AND id_procedura=${body['id_procedura'];`"
0;input;;;0;;false;true;true;false;false;false;0;;"var form = [		{type: 'input',		 label: 'codice_azienda',		 inputType: 'text',		 name: 'codice_azienda',		 value: '',		 readonly: 'true',		 isVisible: 'false',		 newLine: 'true'	}	],
var form = [		{type: 'input',		 label: 'codice',		 inputType: 'text',		 name: 'codice',		 value: '',		 readonly: 'false',		 isVisible: 'true',		 newLine: 'true',		 validations: [		{		name: 'required',		validator: 'Validators.required',		message: 'Descrizione mancante'		}		]	}	],
var form = [		{type: 'input',		 label: 'descrizione_breve',		 inputType: 'text',		 name: 'descrizione_breve',		 value: '',		 readonly: 'false',		 isVisible: 'true',		 newLine: 'true',		 validations: [		{		name: 'required',	validator: 'Validators.required',	message: 'Codice mancante'	},	{	name: 'pattern',	validator: '^[a-zA-Z1-9&_ ]+$',	message: 'Uso caratteri non ammessi'	}	]	}	],
var form = [		{type: 'input',		 label: 'id_procedura',		 inputType: 'text',		 name: 'id_procedura',		 value: '',		 readonly: 'true',		 isVisible: 'true',		 newLine: 'true'	}	],
var form = [		{type: 'combobox',		 label: 'id_procedura_parent',		 inputType: 'text',		 name: 'id_procedura_parent',		 value: '',		 readonly: 'false',		 isVisible: 'true',		 newLine: 'true',		 options: []	}	],
var form = [		{type: 'input',		 label: 'ordinamento',		 inputType: 'text',		 name: 'ordinamento',		 value: '',		 readonly: 'false',		 isVisible: 'true',		 newLine: 'true'	}	],
var form = [		{type: 'input',		 label: 'tree_path',		 inputType: 'text',		 name: 'tree_path',		 value: '',		 readonly: 'false',		 isVisible: 'true',		 newLine: 'true'	}	],
var form = [		{type: 'input',		 label: 'frequenza',		 inputType: 'text',		 name: 'frequenza',		 value: '',		 readonly: 'false',		 isVisible: 'true',		 newLine: 'true'	}	],
var form = [		{type: 'input',		 label: 'strumento_informatico',		 inputType: 'text',		 name: 'strumento_informatico',		 value: '',		 readonly: 'false',		 isVisible: 'true',		 newLine: 'true'	}	],
var form = [		{type: 'combobox',		 label: 'id_centro_gest',		 inputType: 'text',		 name: 'id_centro_gest',		 value: '',		 readonly: 'false',		 isVisible: 'true',		 newLine: 'true',		 options: []	}	],
var form = [		{type: 'input',		 label: 'codice_part',		 inputType: 'text',		 name: 'codice_part',		 value: '',		 readonly: 'false',		 isVisible: 'true',		 newLine: 'true'	}	],
var form = [		{type: 'input',		 label: 'descrizione',		 inputType: 'text',		 name: 'descrizione',		 value: '',		 readonly: 'false',		 isVisible: 'true',		 newLine: 'true',		 validations: [		{		name: 'required',		validator: 'Validators.required',		message: 'Descrizione mancante'		}		]	}	],
var form = [		{type: 'combobox',		 label: 'tipo_procedura',		 inputType: 'text',		 name: 'tipo_procedura',		 value: '',		 readonly: 'false',		 isVisible: 'true',		 newLine: 'true',		 options: []	}	],
var form = [		{type: 'combobox',		 label: 'stato_attuazione',		 inputType: 'text',		 name: 'stato_attuazione',		 value: '',		 readonly: 'false',		 isVisible: 'true',		 newLine: 'true',		 options: []	}	],
var form = [		{type: 'combobox',		 label: 'id_tipo_processo',		 inputType: 'text',		 name: 'id_tipo_processo',		 value: '',		 readonly: 'false',		 isVisible: 'true',		 newLine: 'true',		 options: []	}	],
var form = [		{type: 'input',		 label: '',		 inputType: '',		 name: '0',		 value: '',		 readonly: 'false',		 isVisible: 'true',		 newLine: 'true'	}	],
var form = [		{type: 'input',		 label: '',		 inputType: '',		 name: '0',		 value: '',		 readonly: 'false',		 isVisible: 'true',		 newLine: 'true'	}	],
var form = [		{type: 'input',		 label: '',		 inputType: '',		 name: '0',		 value: '',		 readonly: 'false',		 isVisible: 'true',		 newLine: 'true'	}	],
var form = [		{type: 'input',		 label: '',		 inputType: '',		 name: '0',		 value: '',		 readonly: 'false',		 isVisible: 'true',		 newLine: 'true'	}	],
var form = [		{type: 'input',		 label: '',		 inputType: '',		 name: '0',		 value: '',		 readonly: 'false',		 isVisible: 'true',		 newLine: 'true'	}	],
var form = [		{type: 'input',		 label: '',		 inputType: '',		 name: '0',		 value: '',		 readonly: 'false',		 isVisible: 'true',		 newLine: 'true'	}	],
var form = [		{type: 'input',		 label: '',		 inputType: '',		 name: '0',		 value: '',		 readonly: 'false',		 isVisible: 'true',		 newLine: 'true'	}	],
var form = [		{type: 'input',		 label: '',		 inputType: '',		 name: '0',		 value: '',		 readonly: 'false',		 isVisible: 'true',		 newLine: 'true'	}	],
var form = [		{type: 'input',		 label: '',		 inputType: '',		 name: '0',		 value: '',		 readonly: 'false',		 isVisible: 'true',		 newLine: 'true'	}	],
var form = [		{type: 'input',		 label: '',		 inputType: '',		 name: '0',		 value: '',		 readonly: 'false',		 isVisible: 'true',		 newLine: 'true'	}	]";codice_azienda, codice, descrizione_breve, id_procedura_parent, ordinamento, tree_path, frequenza, strumento_informatico, id_centro_gest, codice_part, descrizione, tipo_procedura, stato_attuazione, id_tipo_processo, 0, 0, 0, 0, 0, 0, 0, 0, 0, 0;${body['codice_azienda'], ${body['codice'], ${body['descrizione_breve'], ${body[id_procedura_parent], ${body[ordinamento], ${body['tree_path'], ${body['frequenza'], ${body['strumento_informatico'], ${body[id_centro_gest], ${body['codice_part'], ${body['descrizione'], ${body['tipo_procedura'], ${body['stato_attuazione'], ${body[id_tipo_processo], ${body['0'], ${body['0'], ${body['0'], ${body['0'], ${body['0'], ${body['0'], ${body['0'], ${body['0'], ${body['0'], ${body['0'];codice_azienda=${body['codice_azienda'], codice=${body['codice'], descrizione_breve=${body['descrizione_breve'], id_procedura_parent=${body[id_procedura_parent], ordinamento=${body[ordinamento], tree_path=${body['tree_path'], frequenza=${body['frequenza'], strumento_informatico=${body['strumento_informatico'], id_centro_gest=${body[id_centro_gest], codice_part=${body['codice_part'], descrizione=${body['descrizione'], tipo_procedura=${body['tipo_procedura'], stato_attuazione=${body['stato_attuazione'], id_tipo_processo=${body[id_tipo_processo], 0=${body['0'], 0=${body['0'], 0=${body['0'], 0=${body['0'], 0=${body['0'], 0=${body['0'], 0=${body['0'], 0=${body['0'], 0=${body['0'], 0=${body['0'];;;codice_azienda=${body['codice_azienda'] AND id_procedura=${body['id_procedura'];;;;"`INSERT INTO entrasp.(codice_azienda, codice, descrizione_breve, id_procedura_parent, ordinamento, tree_path, frequenza, strumento_informatico, id_centro_gest, codice_part, descrizione, tipo_procedura, stato_attuazione, id_tipo_processo, 0, 0, 0, 0, 0, 0, 0, 0, 0, 0)Values(${body['codice_azienda'], ${body['codice'], ${body['descrizione_breve'], ${body[id_procedura_parent], ${body[ordinamento], ${body['tree_path'], ${body['frequenza'], ${body['strumento_informatico'], ${body[id_centro_gest], ${body['codice_part'], ${body['descrizione'], ${body['tipo_procedura'], ${body['stato_attuazione'], ${body[id_tipo_processo], ${body['0'], ${body['0'], ${body['0'], ${body['0'], ${body['0'], ${body['0'], ${body['0'], ${body['0'], ${body['0'], ${body['0'])RETURNING id_procedura;`";"`Update entrasp.SET codice_azienda=${body['codice_azienda'], codice=${body['codice'], descrizione_breve=${body['descrizione_breve'], id_procedura_parent=${body[id_procedura_parent], ordinamento=${body[ordinamento], tree_path=${body['tree_path'], frequenza=${body['frequenza'], strumento_informatico=${body['strumento_informatico'], id_centro_gest=${body[id_centro_gest], codice_part=${body['codice_part'], descrizione=${body['descrizione'], tipo_procedura=${body['tipo_procedura'], stato_attuazione=${body['stato_attuazione'], id_tipo_processo=${body[id_tipo_processo], 0=${body['0'], 0=${body['0'], 0=${body['0'], 0=${body['0'], 0=${body['0'], 0=${body['0'], 0=${body['0'], 0=${body['0'], 0=${body['0'], 0=${body['0'], 0=${body['0'], 0=${body['0'], 0=${body['0'], 0=${body['0'], 0=${body['0'], 0=${body['0'], 0=${body['0'], 0=${body['0'], 0=${body['0'], 0=${body['0'], 0=${body['0'], 0=${body['0'], 0=${body['0'], 0=${body['0']WHERE codice_azienda=${body['codice_azienda'] AND id_procedura=${body['id_procedura'];`";"`DELETE FROM entrasp.WHERE codice_azienda=${body['codice_azienda'] AND id_procedura=${body['id_procedura'];`"
0;input;;;0;;false;true;true;false;false;false;0;;"var form = [		{type: 'input',		 label: 'codice_azienda',		 inputType: 'text',		 name: 'codice_azienda',		 value: '',		 readonly: 'true',		 isVisible: 'false',		 newLine: 'true'	}	],
var form = [		{type: 'input',		 label: 'codice',		 inputType: 'text',		 name: 'codice',		 value: '',		 readonly: 'false',		 isVisible: 'true',		 newLine: 'true',		 validations: [		{		name: 'required',		validator: 'Validators.required',		message: 'Descrizione mancante'		}		]	}	],
var form = [		{type: 'input',		 label: 'descrizione_breve',		 inputType: 'text',		 name: 'descrizione_breve',		 value: '',		 readonly: 'false',		 isVisible: 'true',		 newLine: 'true',		 validations: [		{		name: 'required',	validator: 'Validators.required',	message: 'Codice mancante'	},	{	name: 'pattern',	validator: '^[a-zA-Z1-9&_ ]+$',	message: 'Uso caratteri non ammessi'	}	]	}	],
var form = [		{type: 'input',		 label: 'id_procedura',		 inputType: 'text',		 name: 'id_procedura',		 value: '',		 readonly: 'true',		 isVisible: 'true',		 newLine: 'true'	}	],
var form = [		{type: 'combobox',		 label: 'id_procedura_parent',		 inputType: 'text',		 name: 'id_procedura_parent',		 value: '',		 readonly: 'false',		 isVisible: 'true',		 newLine: 'true',		 options: []	}	],
var form = [		{type: 'input',		 label: 'ordinamento',		 inputType: 'text',		 name: 'ordinamento',		 value: '',		 readonly: 'false',		 isVisible: 'true',		 newLine: 'true'	}	],
var form = [		{type: 'input',		 label: 'tree_path',		 inputType: 'text',		 name: 'tree_path',		 value: '',		 readonly: 'false',		 isVisible: 'true',		 newLine: 'true'	}	],
var form = [		{type: 'input',		 label: 'frequenza',		 inputType: 'text',		 name: 'frequenza',		 value: '',		 readonly: 'false',		 isVisible: 'true',		 newLine: 'true'	}	],
var form = [		{type: 'input',		 label: 'strumento_informatico',		 inputType: 'text',		 name: 'strumento_informatico',		 value: '',		 readonly: 'false',		 isVisible: 'true',		 newLine: 'true'	}	],
var form = [		{type: 'combobox',		 label: 'id_centro_gest',		 inputType: 'text',		 name: 'id_centro_gest',		 value: '',		 readonly: 'false',		 isVisible: 'true',		 newLine: 'true',		 options: []	}	],
var form = [		{type: 'input',		 label: 'codice_part',		 inputType: 'text',		 name: 'codice_part',		 value: '',		 readonly: 'false',		 isVisible: 'true',		 newLine: 'true'	}	],
var form = [		{type: 'input',		 label: 'descrizione',		 inputType: 'text',		 name: 'descrizione',		 value: '',		 readonly: 'false',		 isVisible: 'true',		 newLine: 'true',		 validations: [		{		name: 'required',		validator: 'Validators.required',		message: 'Descrizione mancante'		}		]	}	],
var form = [		{type: 'combobox',		 label: 'tipo_procedura',		 inputType: 'text',		 name: 'tipo_procedura',		 value: '',		 readonly: 'false',		 isVisible: 'true',		 newLine: 'true',		 options: []	}	],
var form = [		{type: 'combobox',		 label: 'stato_attuazione',		 inputType: 'text',		 name: 'stato_attuazione',		 value: '',		 readonly: 'false',		 isVisible: 'true',		 newLine: 'true',		 options: []	}	],
var form = [		{type: 'combobox',		 label: 'id_tipo_processo',		 inputType: 'text',		 name: 'id_tipo_processo',		 value: '',		 readonly: 'false',		 isVisible: 'true',		 newLine: 'true',		 options: []	}	],
var form = [		{type: 'input',		 label: '',		 inputType: '',		 name: '0',		 value: '',		 readonly: 'false',		 isVisible: 'true',		 newLine: 'true'	}	],
var form = [		{type: 'input',		 label: '',		 inputType: '',		 name: '0',		 value: '',		 readonly: 'false',		 isVisible: 'true',		 newLine: 'true'	}	],
var form = [		{type: 'input',		 label: '',		 inputType: '',		 name: '0',		 value: '',		 readonly: 'false',		 isVisible: 'true',		 newLine: 'true'	}	],
var form = [		{type: 'input',		 label: '',		 inputType: '',		 name: '0',		 value: '',		 readonly: 'false',		 isVisible: 'true',		 newLine: 'true'	}	],
var form = [		{type: 'input',		 label: '',		 inputType: '',		 name: '0',		 value: '',		 readonly: 'false',		 isVisible: 'true',		 newLine: 'true'	}	],
var form = [		{type: 'input',		 label: '',		 inputType: '',		 name: '0',		 value: '',		 readonly: 'false',		 isVisible: 'true',		 newLine: 'true'	}	],
var form = [		{type: 'input',		 label: '',		 inputType: '',		 name: '0',		 value: '',		 readonly: 'false',		 isVisible: 'true',		 newLine: 'true'	}	],
var form = [		{type: 'input',		 label: '',		 inputType: '',		 name: '0',		 value: '',		 readonly: 'false',		 isVisible: 'true',		 newLine: 'true'	}	],
var form = [		{type: 'input',		 label: '',		 inputType: '',		 name: '0',		 value: '',		 readonly: 'false',		 isVisible: 'true',		 newLine: 'true'	}	],
var form = [		{type: 'input',		 label: '',		 inputType: '',		 name: '0',		 value: '',		 readonly: 'false',		 isVisible: 'true',		 newLine: 'true'	}	],
var form = [		{type: 'input',		 label: '',		 inputType: '',		 name: '0',		 value: '',		 readonly: 'false',		 isVisible: 'true',		 newLine: 'true'	}	]";codice_azienda, codice, descrizione_breve, id_procedura_parent, ordinamento, tree_path, frequenza, strumento_informatico, id_centro_gest, codice_part, descrizione, tipo_procedura, stato_attuazione, id_tipo_processo, 0, 0, 0, 0, 0, 0, 0, 0, 0, 0, 0;${body['codice_azienda'], ${body['codice'], ${body['descrizione_breve'], ${body[id_procedura_parent], ${body[ordinamento], ${body['tree_path'], ${body['frequenza'], ${body['strumento_informatico'], ${body[id_centro_gest], ${body['codice_part'], ${body['descrizione'], ${body['tipo_procedura'], ${body['stato_attuazione'], ${body[id_tipo_processo], ${body['0'], ${body['0'], ${body['0'], ${body['0'], ${body['0'], ${body['0'], ${body['0'], ${body['0'], ${body['0'], ${body['0'], ${body['0'];codice_azienda=${body['codice_azienda'], codice=${body['codice'], descrizione_breve=${body['descrizione_breve'], id_procedura_parent=${body[id_procedura_parent], ordinamento=${body[ordinamento], tree_path=${body['tree_path'], frequenza=${body['frequenza'], strumento_informatico=${body['strumento_informatico'], id_centro_gest=${body[id_centro_gest], codice_part=${body['codice_part'], descrizione=${body['descrizione'], tipo_procedura=${body['tipo_procedura'], stato_attuazione=${body['stato_attuazione'], id_tipo_processo=${body[id_tipo_processo], 0=${body['0'], 0=${body['0'], 0=${body['0'], 0=${body['0'], 0=${body['0'], 0=${body['0'], 0=${body['0'], 0=${body['0'], 0=${body['0'], 0=${body['0'], 0=${body['0'];;;codice_azienda=${body['codice_azienda'] AND id_procedura=${body['id_procedura'];;;;"`INSERT INTO entrasp.(codice_azienda, codice, descrizione_breve, id_procedura_parent, ordinamento, tree_path, frequenza, strumento_informatico, id_centro_gest, codice_part, descrizione, tipo_procedura, stato_attuazione, id_tipo_processo, 0, 0, 0, 0, 0, 0, 0, 0, 0, 0, 0)Values(${body['codice_azienda'], ${body['codice'], ${body['descrizione_breve'], ${body[id_procedura_parent], ${body[ordinamento], ${body['tree_path'], ${body['frequenza'], ${body['strumento_informatico'], ${body[id_centro_gest], ${body['codice_part'], ${body['descrizione'], ${body['tipo_procedura'], ${body['stato_attuazione'], ${body[id_tipo_processo], ${body['0'], ${body['0'], ${body['0'], ${body['0'], ${body['0'], ${body['0'], ${body['0'], ${body['0'], ${body['0'], ${body['0'], ${body['0'])RETURNING id_procedura;`";"`Update entrasp.SET codice_azienda=${body['codice_azienda'], codice=${body['codice'], descrizione_breve=${body['descrizione_breve'], id_procedura_parent=${body[id_procedura_parent], ordinamento=${body[ordinamento], tree_path=${body['tree_path'], frequenza=${body['frequenza'], strumento_informatico=${body['strumento_informatico'], id_centro_gest=${body[id_centro_gest], codice_part=${body['codice_part'], descrizione=${body['descrizione'], tipo_procedura=${body['tipo_procedura'], stato_attuazione=${body['stato_attuazione'], id_tipo_processo=${body[id_tipo_processo], 0=${body['0'], 0=${body['0'], 0=${body['0'], 0=${body['0'], 0=${body['0'], 0=${body['0'], 0=${body['0'], 0=${body['0'], 0=${body['0'], 0=${body['0'], 0=${body['0'], 0=${body['0'], 0=${body['0'], 0=${body['0'], 0=${body['0'], 0=${body['0'], 0=${body['0'], 0=${body['0'], 0=${body['0'], 0=${body['0'], 0=${body['0'], 0=${body['0'], 0=${body['0'], 0=${body['0'], 0=${body['0']WHERE codice_azienda=${body['codice_azienda'] AND id_procedura=${body['id_procedura'];`";"`DELETE FROM entrasp.WHERE codice_azienda=${body['codice_azienda'] AND id_procedura=${body['id_procedura'];`"
0;input;;;0;;false;true;true;false;false;false;0;;"var form = [		{type: 'input',		 label: 'codice_azienda',		 inputType: 'text',		 name: 'codice_azienda',		 value: '',		 readonly: 'true',		 isVisible: 'false',		 newLine: 'true'	}	],
var form = [		{type: 'input',		 label: 'codice',		 inputType: 'text',		 name: 'codice',		 value: '',		 readonly: 'false',		 isVisible: 'true',		 newLine: 'true',		 validations: [		{		name: 'required',		validator: 'Validators.required',		message: 'Descrizione mancante'		}		]	}	],
var form = [		{type: 'input',		 label: 'descrizione_breve',		 inputType: 'text',		 name: 'descrizione_breve',		 value: '',		 readonly: 'false',		 isVisible: 'true',		 newLine: 'true',		 validations: [		{		name: 'required',	validator: 'Validators.required',	message: 'Codice mancante'	},	{	name: 'pattern',	validator: '^[a-zA-Z1-9&_ ]+$',	message: 'Uso caratteri non ammessi'	}	]	}	],
var form = [		{type: 'input',		 label: 'id_procedura',		 inputType: 'text',		 name: 'id_procedura',		 value: '',		 readonly: 'true',		 isVisible: 'true',		 newLine: 'true'	}	],
var form = [		{type: 'combobox',		 label: 'id_procedura_parent',		 inputType: 'text',		 name: 'id_procedura_parent',		 value: '',		 readonly: 'false',		 isVisible: 'true',		 newLine: 'true',		 options: []	}	],
var form = [		{type: 'input',		 label: 'ordinamento',		 inputType: 'text',		 name: 'ordinamento',		 value: '',		 readonly: 'false',		 isVisible: 'true',		 newLine: 'true'	}	],
var form = [		{type: 'input',		 label: 'tree_path',		 inputType: 'text',		 name: 'tree_path',		 value: '',		 readonly: 'false',		 isVisible: 'true',		 newLine: 'true'	}	],
var form = [		{type: 'input',		 label: 'frequenza',		 inputType: 'text',		 name: 'frequenza',		 value: '',		 readonly: 'false',		 isVisible: 'true',		 newLine: 'true'	}	],
var form = [		{type: 'input',		 label: 'strumento_informatico',		 inputType: 'text',		 name: 'strumento_informatico',		 value: '',		 readonly: 'false',		 isVisible: 'true',		 newLine: 'true'	}	],
var form = [		{type: 'combobox',		 label: 'id_centro_gest',		 inputType: 'text',		 name: 'id_centro_gest',		 value: '',		 readonly: 'false',		 isVisible: 'true',		 newLine: 'true',		 options: []	}	],
var form = [		{type: 'input',		 label: 'codice_part',		 inputType: 'text',		 name: 'codice_part',		 value: '',		 readonly: 'false',		 isVisible: 'true',		 newLine: 'true'	}	],
var form = [		{type: 'input',		 label: 'descrizione',		 inputType: 'text',		 name: 'descrizione',		 value: '',		 readonly: 'false',		 isVisible: 'true',		 newLine: 'true',		 validations: [		{		name: 'required',		validator: 'Validators.required',		message: 'Descrizione mancante'		}		]	}	],
var form = [		{type: 'combobox',		 label: 'tipo_procedura',		 inputType: 'text',		 name: 'tipo_procedura',		 value: '',		 readonly: 'false',		 isVisible: 'true',		 newLine: 'true',		 options: []	}	],
var form = [		{type: 'combobox',		 label: 'stato_attuazione',		 inputType: 'text',		 name: 'stato_attuazione',		 value: '',		 readonly: 'false',		 isVisible: 'true',		 newLine: 'true',		 options: []	}	],
var form = [		{type: 'combobox',		 label: 'id_tipo_processo',		 inputType: 'text',		 name: 'id_tipo_processo',		 value: '',		 readonly: 'false',		 isVisible: 'true',		 newLine: 'true',		 options: []	}	],
var form = [		{type: 'input',		 label: '',		 inputType: '',		 name: '0',		 value: '',		 readonly: 'false',		 isVisible: 'true',		 newLine: 'true'	}	],
var form = [		{type: 'input',		 label: '',		 inputType: '',		 name: '0',		 value: '',		 readonly: 'false',		 isVisible: 'true',		 newLine: 'true'	}	],
var form = [		{type: 'input',		 label: '',		 inputType: '',		 name: '0',		 value: '',		 readonly: 'false',		 isVisible: 'true',		 newLine: 'true'	}	],
var form = [		{type: 'input',		 label: '',		 inputType: '',		 name: '0',		 value: '',		 readonly: 'false',		 isVisible: 'true',		 newLine: 'true'	}	],
var form = [		{type: 'input',		 label: '',		 inputType: '',		 name: '0',		 value: '',		 readonly: 'false',		 isVisible: 'true',		 newLine: 'true'	}	],
var form = [		{type: 'input',		 label: '',		 inputType: '',		 name: '0',		 value: '',		 readonly: 'false',		 isVisible: 'true',		 newLine: 'true'	}	],
var form = [		{type: 'input',		 label: '',		 inputType: '',		 name: '0',		 value: '',		 readonly: 'false',		 isVisible: 'true',		 newLine: 'true'	}	],
var form = [		{type: 'input',		 label: '',		 inputType: '',		 name: '0',		 value: '',		 readonly: 'false',		 isVisible: 'true',		 newLine: 'true'	}	],
var form = [		{type: 'input',		 label: '',		 inputType: '',		 name: '0',		 value: '',		 readonly: 'false',		 isVisible: 'true',		 newLine: 'true'	}	],
var form = [		{type: 'input',		 label: '',		 inputType: '',		 name: '0',		 value: '',		 readonly: 'false',		 isVisible: 'true',		 newLine: 'true'	}	],
var form = [		{type: 'input',		 label: '',		 inputType: '',		 name: '0',		 value: '',		 readonly: 'false',		 isVisible: 'true',		 newLine: 'true'	}	],
var form = [		{type: 'input',		 label: '',		 inputType: '',		 name: '0',		 value: '',		 readonly: 'false',		 isVisible: 'true',		 newLine: 'true'	}	]";codice_azienda, codice, descrizione_breve, id_procedura_parent, ordinamento, tree_path, frequenza, strumento_informatico, id_centro_gest, codice_part, descrizione, tipo_procedura, stato_attuazione, id_tipo_processo, 0, 0, 0, 0, 0, 0, 0, 0, 0, 0, 0, 0;${body['codice_azienda'], ${body['codice'], ${body['descrizione_breve'], ${body[id_procedura_parent], ${body[ordinamento], ${body['tree_path'], ${body['frequenza'], ${body['strumento_informatico'], ${body[id_centro_gest], ${body['codice_part'], ${body['descrizione'], ${body['tipo_procedura'], ${body['stato_attuazione'], ${body[id_tipo_processo], ${body['0'], ${body['0'], ${body['0'], ${body['0'], ${body['0'], ${body['0'], ${body['0'], ${body['0'], ${body['0'], ${body['0'], ${body['0'], ${body['0'];codice_azienda=${body['codice_azienda'], codice=${body['codice'], descrizione_breve=${body['descrizione_breve'], id_procedura_parent=${body[id_procedura_parent], ordinamento=${body[ordinamento], tree_path=${body['tree_path'], frequenza=${body['frequenza'], strumento_informatico=${body['strumento_informatico'], id_centro_gest=${body[id_centro_gest], codice_part=${body['codice_part'], descrizione=${body['descrizione'], tipo_procedura=${body['tipo_procedura'], stato_attuazione=${body['stato_attuazione'], id_tipo_processo=${body[id_tipo_processo], 0=${body['0'], 0=${body['0'], 0=${body['0'], 0=${body['0'], 0=${body['0'], 0=${body['0'], 0=${body['0'], 0=${body['0'], 0=${body['0'], 0=${body['0'], 0=${body['0'], 0=${body['0'];;;codice_azienda=${body['codice_azienda'] AND id_procedura=${body['id_procedura'];;;;"`INSERT INTO entrasp.(codice_azienda, codice, descrizione_breve, id_procedura_parent, ordinamento, tree_path, frequenza, strumento_informatico, id_centro_gest, codice_part, descrizione, tipo_procedura, stato_attuazione, id_tipo_processo, 0, 0, 0, 0, 0, 0, 0, 0, 0, 0, 0, 0)Values(${body['codice_azienda'], ${body['codice'], ${body['descrizione_breve'], ${body[id_procedura_parent], ${body[ordinamento], ${body['tree_path'], ${body['frequenza'], ${body['strumento_informatico'], ${body[id_centro_gest], ${body['codice_part'], ${body['descrizione'], ${body['tipo_procedura'], ${body['stato_attuazione'], ${body[id_tipo_processo], ${body['0'], ${body['0'], ${body['0'], ${body['0'], ${body['0'], ${body['0'], ${body['0'], ${body['0'], ${body['0'], ${body['0'], ${body['0'], ${body['0'])RETURNING id_procedura;`";"`Update entrasp.SET codice_azienda=${body['codice_azienda'], codice=${body['codice'], descrizione_breve=${body['descrizione_breve'], id_procedura_parent=${body[id_procedura_parent], ordinamento=${body[ordinamento], tree_path=${body['tree_path'], frequenza=${body['frequenza'], strumento_informatico=${body['strumento_informatico'], id_centro_gest=${body[id_centro_gest], codice_part=${body['codice_part'], descrizione=${body['descrizione'], tipo_procedura=${body['tipo_procedura'], stato_attuazione=${body['stato_attuazione'], id_tipo_processo=${body[id_tipo_processo], 0=${body['0'], 0=${body['0'], 0=${body['0'], 0=${body['0'], 0=${body['0'], 0=${body['0'], 0=${body['0'], 0=${body['0'], 0=${body['0'], 0=${body['0'], 0=${body['0'], 0=${body['0'], 0=${body['0'], 0=${body['0'], 0=${body['0'], 0=${body['0'], 0=${body['0'], 0=${body['0'], 0=${body['0'], 0=${body['0'], 0=${body['0'], 0=${body['0'], 0=${body['0'], 0=${body['0'], 0=${body['0'], 0=${body['0']WHERE codice_azienda=${body['codice_azienda'] AND id_procedura=${body['id_procedura'];`";"`DELETE FROM entrasp.WHERE codice_azienda=${body['codice_azienda'] AND id_procedura=${body['id_procedura'];`"
0;input;;;0;;false;true;true;false;false;false;0;;"var form = [		{type: 'input',		 label: 'codice_azienda',		 inputType: 'text',		 name: 'codice_azienda',		 value: '',		 readonly: 'true',		 isVisible: 'false',		 newLine: 'true'	}	],
var form = [		{type: 'input',		 label: 'codice',		 inputType: 'text',		 name: 'codice',		 value: '',		 readonly: 'false',		 isVisible: 'true',		 newLine: 'true',		 validations: [		{		name: 'required',		validator: 'Validators.required',		message: 'Descrizione mancante'		}		]	}	],
var form = [		{type: 'input',		 label: 'descrizione_breve',		 inputType: 'text',		 name: 'descrizione_breve',		 value: '',		 readonly: 'false',		 isVisible: 'true',		 newLine: 'true',		 validations: [		{		name: 'required',	validator: 'Validators.required',	message: 'Codice mancante'	},	{	name: 'pattern',	validator: '^[a-zA-Z1-9&_ ]+$',	message: 'Uso caratteri non ammessi'	}	]	}	],
var form = [		{type: 'input',		 label: 'id_procedura',		 inputType: 'text',		 name: 'id_procedura',		 value: '',		 readonly: 'true',		 isVisible: 'true',		 newLine: 'true'	}	],
var form = [		{type: 'combobox',		 label: 'id_procedura_parent',		 inputType: 'text',		 name: 'id_procedura_parent',		 value: '',		 readonly: 'false',		 isVisible: 'true',		 newLine: 'true',		 options: []	}	],
var form = [		{type: 'input',		 label: 'ordinamento',		 inputType: 'text',		 name: 'ordinamento',		 value: '',		 readonly: 'false',		 isVisible: 'true',		 newLine: 'true'	}	],
var form = [		{type: 'input',		 label: 'tree_path',		 inputType: 'text',		 name: 'tree_path',		 value: '',		 readonly: 'false',		 isVisible: 'true',		 newLine: 'true'	}	],
var form = [		{type: 'input',		 label: 'frequenza',		 inputType: 'text',		 name: 'frequenza',		 value: '',		 readonly: 'false',		 isVisible: 'true',		 newLine: 'true'	}	],
var form = [		{type: 'input',		 label: 'strumento_informatico',		 inputType: 'text',		 name: 'strumento_informatico',		 value: '',		 readonly: 'false',		 isVisible: 'true',		 newLine: 'true'	}	],
var form = [		{type: 'combobox',		 label: 'id_centro_gest',		 inputType: 'text',		 name: 'id_centro_gest',		 value: '',		 readonly: 'false',		 isVisible: 'true',		 newLine: 'true',		 options: []	}	],
var form = [		{type: 'input',		 label: 'codice_part',		 inputType: 'text',		 name: 'codice_part',		 value: '',		 readonly: 'false',		 isVisible: 'true',		 newLine: 'true'	}	],
var form = [		{type: 'input',		 label: 'descrizione',		 inputType: 'text',		 name: 'descrizione',		 value: '',		 readonly: 'false',		 isVisible: 'true',		 newLine: 'true',		 validations: [		{		name: 'required',		validator: 'Validators.required',		message: 'Descrizione mancante'		}		]	}	],
var form = [		{type: 'combobox',		 label: 'tipo_procedura',		 inputType: 'text',		 name: 'tipo_procedura',		 value: '',		 readonly: 'false',		 isVisible: 'true',		 newLine: 'true',		 options: []	}	],
var form = [		{type: 'combobox',		 label: 'stato_attuazione',		 inputType: 'text',		 name: 'stato_attuazione',		 value: '',		 readonly: 'false',		 isVisible: 'true',		 newLine: 'true',		 options: []	}	],
var form = [		{type: 'combobox',		 label: 'id_tipo_processo',		 inputType: 'text',		 name: 'id_tipo_processo',		 value: '',		 readonly: 'false',		 isVisible: 'true',		 newLine: 'true',		 options: []	}	],
var form = [		{type: 'input',		 label: '',		 inputType: '',		 name: '0',		 value: '',		 readonly: 'false',		 isVisible: 'true',		 newLine: 'true'	}	],
var form = [		{type: 'input',		 label: '',		 inputType: '',		 name: '0',		 value: '',		 readonly: 'false',		 isVisible: 'true',		 newLine: 'true'	}	],
var form = [		{type: 'input',		 label: '',		 inputType: '',		 name: '0',		 value: '',		 readonly: 'false',		 isVisible: 'true',		 newLine: 'true'	}	],
var form = [		{type: 'input',		 label: '',		 inputType: '',		 name: '0',		 value: '',		 readonly: 'false',		 isVisible: 'true',		 newLine: 'true'	}	],
var form = [		{type: 'input',		 label: '',		 inputType: '',		 name: '0',		 value: '',		 readonly: 'false',		 isVisible: 'true',		 newLine: 'true'	}	],
var form = [		{type: 'input',		 label: '',		 inputType: '',		 name: '0',		 value: '',		 readonly: 'false',		 isVisible: 'true',		 newLine: 'true'	}	],
var form = [		{type: 'input',		 label: '',		 inputType: '',		 name: '0',		 value: '',		 readonly: 'false',		 isVisible: 'true',		 newLine: 'true'	}	],
var form = [		{type: 'input',		 label: '',		 inputType: '',		 name: '0',		 value: '',		 readonly: 'false',		 isVisible: 'true',		 newLine: 'true'	}	],
var form = [		{type: 'input',		 label: '',		 inputType: '',		 name: '0',		 value: '',		 readonly: 'false',		 isVisible: 'true',		 newLine: 'true'	}	],
var form = [		{type: 'input',		 label: '',		 inputType: '',		 name: '0',		 value: '',		 readonly: 'false',		 isVisible: 'true',		 newLine: 'true'	}	],
var form = [		{type: 'input',		 label: '',		 inputType: '',		 name: '0',		 value: '',		 readonly: 'false',		 isVisible: 'true',		 newLine: 'true'	}	],
var form = [		{type: 'input',		 label: '',		 inputType: '',		 name: '0',		 value: '',		 readonly: 'false',		 isVisible: 'true',		 newLine: 'true'	}	],
var form = [		{type: 'input',		 label: '',		 inputType: '',		 name: '0',		 value: '',		 readonly: 'false',		 isVisible: 'true',		 newLine: 'true'	}	]";codice_azienda, codice, descrizione_breve, id_procedura_parent, ordinamento, tree_path, frequenza, strumento_informatico, id_centro_gest, codice_part, descrizione, tipo_procedura, stato_attuazione, id_tipo_processo, 0, 0, 0, 0, 0, 0, 0, 0, 0, 0, 0, 0, 0;${body['codice_azienda'], ${body['codice'], ${body['descrizione_breve'], ${body[id_procedura_parent], ${body[ordinamento], ${body['tree_path'], ${body['frequenza'], ${body['strumento_informatico'], ${body[id_centro_gest], ${body['codice_part'], ${body['descrizione'], ${body['tipo_procedura'], ${body['stato_attuazione'], ${body[id_tipo_processo], ${body['0'], ${body['0'], ${body['0'], ${body['0'], ${body['0'], ${body['0'], ${body['0'], ${body['0'], ${body['0'], ${body['0'], ${body['0'], ${body['0'], ${body['0'];codice_azienda=${body['codice_azienda'], codice=${body['codice'], descrizione_breve=${body['descrizione_breve'], id_procedura_parent=${body[id_procedura_parent], ordinamento=${body[ordinamento], tree_path=${body['tree_path'], frequenza=${body['frequenza'], strumento_informatico=${body['strumento_informatico'], id_centro_gest=${body[id_centro_gest], codice_part=${body['codice_part'], descrizione=${body['descrizione'], tipo_procedura=${body['tipo_procedura'], stato_attuazione=${body['stato_attuazione'], id_tipo_processo=${body[id_tipo_processo], 0=${body['0'], 0=${body['0'], 0=${body['0'], 0=${body['0'], 0=${body['0'], 0=${body['0'], 0=${body['0'], 0=${body['0'], 0=${body['0'], 0=${body['0'], 0=${body['0'], 0=${body['0'], 0=${body['0'];;;codice_azienda=${body['codice_azienda'] AND id_procedura=${body['id_procedura'];;;;"`INSERT INTO entrasp.(codice_azienda, codice, descrizione_breve, id_procedura_parent, ordinamento, tree_path, frequenza, strumento_informatico, id_centro_gest, codice_part, descrizione, tipo_procedura, stato_attuazione, id_tipo_processo, 0, 0, 0, 0, 0, 0, 0, 0, 0, 0, 0, 0, 0)Values(${body['codice_azienda'], ${body['codice'], ${body['descrizione_breve'], ${body[id_procedura_parent], ${body[ordinamento], ${body['tree_path'], ${body['frequenza'], ${body['strumento_informatico'], ${body[id_centro_gest], ${body['codice_part'], ${body['descrizione'], ${body['tipo_procedura'], ${body['stato_attuazione'], ${body[id_tipo_processo], ${body['0'], ${body['0'], ${body['0'], ${body['0'], ${body['0'], ${body['0'], ${body['0'], ${body['0'], ${body['0'], ${body['0'], ${body['0'], ${body['0'], ${body['0'])RETURNING id_procedura;`";"`Update entrasp.SET codice_azienda=${body['codice_azienda'], codice=${body['codice'], descrizione_breve=${body['descrizione_breve'], id_procedura_parent=${body[id_procedura_parent], ordinamento=${body[ordinamento], tree_path=${body['tree_path'], frequenza=${body['frequenza'], strumento_informatico=${body['strumento_informatico'], id_centro_gest=${body[id_centro_gest], codice_part=${body['codice_part'], descrizione=${body['descrizione'], tipo_procedura=${body['tipo_procedura'], stato_attuazione=${body['stato_attuazione'], id_tipo_processo=${body[id_tipo_processo], 0=${body['0'], 0=${body['0'], 0=${body['0'], 0=${body['0'], 0=${body['0'], 0=${body['0'], 0=${body['0'], 0=${body['0'], 0=${body['0'], 0=${body['0'], 0=${body['0'], 0=${body['0'], 0=${body['0'], 0=${body['0'], 0=${body['0'], 0=${body['0'], 0=${body['0'], 0=${body['0'], 0=${body['0'], 0=${body['0'], 0=${body['0'], 0=${body['0'], 0=${body['0'], 0=${body['0'], 0=${body['0'], 0=${body['0'], 0=${body['0']WHERE codice_azienda=${body['codice_azienda'] AND id_procedura=${body['id_procedura'];`";"`DELETE FROM entrasp.WHERE codice_azienda=${body['codice_azienda'] AND id_procedura=${body['id_procedura'];`"
0;input;;;0;;false;true;true;false;false;false;0;;"var form = [		{type: 'input',		 label: 'codice_azienda',		 inputType: 'text',		 name: 'codice_azienda',		 value: '',		 readonly: 'true',		 isVisible: 'false',		 newLine: 'true'	}	],
var form = [		{type: 'input',		 label: 'codice',		 inputType: 'text',		 name: 'codice',		 value: '',		 readonly: 'false',		 isVisible: 'true',		 newLine: 'true',		 validations: [		{		name: 'required',		validator: 'Validators.required',		message: 'Descrizione mancante'		}		]	}	],
var form = [		{type: 'input',		 label: 'descrizione_breve',		 inputType: 'text',		 name: 'descrizione_breve',		 value: '',		 readonly: 'false',		 isVisible: 'true',		 newLine: 'true',		 validations: [		{		name: 'required',	validator: 'Validators.required',	message: 'Codice mancante'	},	{	name: 'pattern',	validator: '^[a-zA-Z1-9&_ ]+$',	message: 'Uso caratteri non ammessi'	}	]	}	],
var form = [		{type: 'input',		 label: 'id_procedura',		 inputType: 'text',		 name: 'id_procedura',		 value: '',		 readonly: 'true',		 isVisible: 'true',		 newLine: 'true'	}	],
var form = [		{type: 'combobox',		 label: 'id_procedura_parent',		 inputType: 'text',		 name: 'id_procedura_parent',		 value: '',		 readonly: 'false',		 isVisible: 'true',		 newLine: 'true',		 options: []	}	],
var form = [		{type: 'input',		 label: 'ordinamento',		 inputType: 'text',		 name: 'ordinamento',		 value: '',		 readonly: 'false',		 isVisible: 'true',		 newLine: 'true'	}	],
var form = [		{type: 'input',		 label: 'tree_path',		 inputType: 'text',		 name: 'tree_path',		 value: '',		 readonly: 'false',		 isVisible: 'true',		 newLine: 'true'	}	],
var form = [		{type: 'input',		 label: 'frequenza',		 inputType: 'text',		 name: 'frequenza',		 value: '',		 readonly: 'false',		 isVisible: 'true',		 newLine: 'true'	}	],
var form = [		{type: 'input',		 label: 'strumento_informatico',		 inputType: 'text',		 name: 'strumento_informatico',		 value: '',		 readonly: 'false',		 isVisible: 'true',		 newLine: 'true'	}	],
var form = [		{type: 'combobox',		 label: 'id_centro_gest',		 inputType: 'text',		 name: 'id_centro_gest',		 value: '',		 readonly: 'false',		 isVisible: 'true',		 newLine: 'true',		 options: []	}	],
var form = [		{type: 'input',		 label: 'codice_part',		 inputType: 'text',		 name: 'codice_part',		 value: '',		 readonly: 'false',		 isVisible: 'true',		 newLine: 'true'	}	],
var form = [		{type: 'input',		 label: 'descrizione',		 inputType: 'text',		 name: 'descrizione',		 value: '',		 readonly: 'false',		 isVisible: 'true',		 newLine: 'true',		 validations: [		{		name: 'required',		validator: 'Validators.required',		message: 'Descrizione mancante'		}		]	}	],
var form = [		{type: 'combobox',		 label: 'tipo_procedura',		 inputType: 'text',		 name: 'tipo_procedura',		 value: '',		 readonly: 'false',		 isVisible: 'true',		 newLine: 'true',		 options: []	}	],
var form = [		{type: 'combobox',		 label: 'stato_attuazione',		 inputType: 'text',		 name: 'stato_attuazione',		 value: '',		 readonly: 'false',		 isVisible: 'true',		 newLine: 'true',		 options: []	}	],
var form = [		{type: 'combobox',		 label: 'id_tipo_processo',		 inputType: 'text',		 name: 'id_tipo_processo',		 value: '',		 readonly: 'false',		 isVisible: 'true',		 newLine: 'true',		 options: []	}	],
var form = [		{type: 'input',		 label: '',		 inputType: '',		 name: '0',		 value: '',		 readonly: 'false',		 isVisible: 'true',		 newLine: 'true'	}	],
var form = [		{type: 'input',		 label: '',		 inputType: '',		 name: '0',		 value: '',		 readonly: 'false',		 isVisible: 'true',		 newLine: 'true'	}	],
var form = [		{type: 'input',		 label: '',		 inputType: '',		 name: '0',		 value: '',		 readonly: 'false',		 isVisible: 'true',		 newLine: 'true'	}	],
var form = [		{type: 'input',		 label: '',		 inputType: '',		 name: '0',		 value: '',		 readonly: 'false',		 isVisible: 'true',		 newLine: 'true'	}	],
var form = [		{type: 'input',		 label: '',		 inputType: '',		 name: '0',		 value: '',		 readonly: 'false',		 isVisible: 'true',		 newLine: 'true'	}	],
var form = [		{type: 'input',		 label: '',		 inputType: '',		 name: '0',		 value: '',		 readonly: 'false',		 isVisible: 'true',		 newLine: 'true'	}	],
var form = [		{type: 'input',		 label: '',		 inputType: '',		 name: '0',		 value: '',		 readonly: 'false',		 isVisible: 'true',		 newLine: 'true'	}	],
var form = [		{type: 'input',		 label: '',		 inputType: '',		 name: '0',		 value: '',		 readonly: 'false',		 isVisible: 'true',		 newLine: 'true'	}	],
var form = [		{type: 'input',		 label: '',		 inputType: '',		 name: '0',		 value: '',		 readonly: 'false',		 isVisible: 'true',		 newLine: 'true'	}	],
var form = [		{type: 'input',		 label: '',		 inputType: '',		 name: '0',		 value: '',		 readonly: 'false',		 isVisible: 'true',		 newLine: 'true'	}	],
var form = [		{type: 'input',		 label: '',		 inputType: '',		 name: '0',		 value: '',		 readonly: 'false',		 isVisible: 'true',		 newLine: 'true'	}	],
var form = [		{type: 'input',		 label: '',		 inputType: '',		 name: '0',		 value: '',		 readonly: 'false',		 isVisible: 'true',		 newLine: 'true'	}	],
var form = [		{type: 'input',		 label: '',		 inputType: '',		 name: '0',		 value: '',		 readonly: 'false',		 isVisible: 'true',		 newLine: 'true'	}	],
var form = [		{type: 'input',		 label: '',		 inputType: '',		 name: '0',		 value: '',		 readonly: 'false',		 isVisible: 'true',		 newLine: 'true'	}	]";codice_azienda, codice, descrizione_breve, id_procedura_parent, ordinamento, tree_path, frequenza, strumento_informatico, id_centro_gest, codice_part, descrizione, tipo_procedura, stato_attuazione, id_tipo_processo, 0, 0, 0, 0, 0, 0, 0, 0, 0, 0, 0, 0, 0, 0;${body['codice_azienda'], ${body['codice'], ${body['descrizione_breve'], ${body[id_procedura_parent], ${body[ordinamento], ${body['tree_path'], ${body['frequenza'], ${body['strumento_informatico'], ${body[id_centro_gest], ${body['codice_part'], ${body['descrizione'], ${body['tipo_procedura'], ${body['stato_attuazione'], ${body[id_tipo_processo], ${body['0'], ${body['0'], ${body['0'], ${body['0'], ${body['0'], ${body['0'], ${body['0'], ${body['0'], ${body['0'], ${body['0'], ${body['0'], ${body['0'], ${body['0'], ${body['0'];codice_azienda=${body['codice_azienda'], codice=${body['codice'], descrizione_breve=${body['descrizione_breve'], id_procedura_parent=${body[id_procedura_parent], ordinamento=${body[ordinamento], tree_path=${body['tree_path'], frequenza=${body['frequenza'], strumento_informatico=${body['strumento_informatico'], id_centro_gest=${body[id_centro_gest], codice_part=${body['codice_part'], descrizione=${body['descrizione'], tipo_procedura=${body['tipo_procedura'], stato_attuazione=${body['stato_attuazione'], id_tipo_processo=${body[id_tipo_processo], 0=${body['0'], 0=${body['0'], 0=${body['0'], 0=${body['0'], 0=${body['0'], 0=${body['0'], 0=${body['0'], 0=${body['0'], 0=${body['0'], 0=${body['0'], 0=${body['0'], 0=${body['0'], 0=${body['0'], 0=${body['0'];;;codice_azienda=${body['codice_azienda'] AND id_procedura=${body['id_procedura'];;;;"`INSERT INTO entrasp.(codice_azienda, codice, descrizione_breve, id_procedura_parent, ordinamento, tree_path, frequenza, strumento_informatico, id_centro_gest, codice_part, descrizione, tipo_procedura, stato_attuazione, id_tipo_processo, 0, 0, 0, 0, 0, 0, 0, 0, 0, 0, 0, 0, 0, 0)Values(${body['codice_azienda'], ${body['codice'], ${body['descrizione_breve'], ${body[id_procedura_parent], ${body[ordinamento], ${body['tree_path'], ${body['frequenza'], ${body['strumento_informatico'], ${body[id_centro_gest], ${body['codice_part'], ${body['descrizione'], ${body['tipo_procedura'], ${body['stato_attuazione'], ${body[id_tipo_processo], ${body['0'], ${body['0'], ${body['0'], ${body['0'], ${body['0'], ${body['0'], ${body['0'], ${body['0'], ${body['0'], ${body['0'], ${body['0'], ${body['0'], ${body['0'], ${body['0'])RETURNING id_procedura;`";"`Update entrasp.SET codice_azienda=${body['codice_azienda'], codice=${body['codice'], descrizione_breve=${body['descrizione_breve'], id_procedura_parent=${body[id_procedura_parent], ordinamento=${body[ordinamento], tree_path=${body['tree_path'], frequenza=${body['frequenza'], strumento_informatico=${body['strumento_informatico'], id_centro_gest=${body[id_centro_gest], codice_part=${body['codice_part'], descrizione=${body['descrizione'], tipo_procedura=${body['tipo_procedura'], stato_attuazione=${body['stato_attuazione'], id_tipo_processo=${body[id_tipo_processo], 0=${body['0'], 0=${body['0'], 0=${body['0'], 0=${body['0'], 0=${body['0'], 0=${body['0'], 0=${body['0'], 0=${body['0'], 0=${body['0'], 0=${body['0'], 0=${body['0'], 0=${body['0'], 0=${body['0'], 0=${body['0'], 0=${body['0'], 0=${body['0'], 0=${body['0'], 0=${body['0'], 0=${body['0'], 0=${body['0'], 0=${body['0'], 0=${body['0'], 0=${body['0'], 0=${body['0'], 0=${body['0'], 0=${body['0'], 0=${body['0'], 0=${body['0']WHERE codice_azienda=${body['codice_azienda'] AND id_procedura=${body['id_procedura'];`";"`DELETE FROM entrasp.WHERE codice_azienda=${body['codice_azienda'] AND id_procedura=${body['id_procedura'];`"
0;input;;;0;;false;true;true;false;false;false;0;;"var form = [		{type: 'input',		 label: 'codice_azienda',		 inputType: 'text',		 name: 'codice_azienda',		 value: '',		 readonly: 'true',		 isVisible: 'false',		 newLine: 'true'	}	],
var form = [		{type: 'input',		 label: 'codice',		 inputType: 'text',		 name: 'codice',		 value: '',		 readonly: 'false',		 isVisible: 'true',		 newLine: 'true',		 validations: [		{		name: 'required',		validator: 'Validators.required',		message: 'Descrizione mancante'		}		]	}	],
var form = [		{type: 'input',		 label: 'descrizione_breve',		 inputType: 'text',		 name: 'descrizione_breve',		 value: '',		 readonly: 'false',		 isVisible: 'true',		 newLine: 'true',		 validations: [		{		name: 'required',	validator: 'Validators.required',	message: 'Codice mancante'	},	{	name: 'pattern',	validator: '^[a-zA-Z1-9&_ ]+$',	message: 'Uso caratteri non ammessi'	}	]	}	],
var form = [		{type: 'input',		 label: 'id_procedura',		 inputType: 'text',		 name: 'id_procedura',		 value: '',		 readonly: 'true',		 isVisible: 'true',		 newLine: 'true'	}	],
var form = [		{type: 'combobox',		 label: 'id_procedura_parent',		 inputType: 'text',		 name: 'id_procedura_parent',		 value: '',		 readonly: 'false',		 isVisible: 'true',		 newLine: 'true',		 options: []	}	],
var form = [		{type: 'input',		 label: 'ordinamento',		 inputType: 'text',		 name: 'ordinamento',		 value: '',		 readonly: 'false',		 isVisible: 'true',		 newLine: 'true'	}	],
var form = [		{type: 'input',		 label: 'tree_path',		 inputType: 'text',		 name: 'tree_path',		 value: '',		 readonly: 'false',		 isVisible: 'true',		 newLine: 'true'	}	],
var form = [		{type: 'input',		 label: 'frequenza',		 inputType: 'text',		 name: 'frequenza',		 value: '',		 readonly: 'false',		 isVisible: 'true',		 newLine: 'true'	}	],
var form = [		{type: 'input',		 label: 'strumento_informatico',		 inputType: 'text',		 name: 'strumento_informatico',		 value: '',		 readonly: 'false',		 isVisible: 'true',		 newLine: 'true'	}	],
var form = [		{type: 'combobox',		 label: 'id_centro_gest',		 inputType: 'text',		 name: 'id_centro_gest',		 value: '',		 readonly: 'false',		 isVisible: 'true',		 newLine: 'true',		 options: []	}	],
var form = [		{type: 'input',		 label: 'codice_part',		 inputType: 'text',		 name: 'codice_part',		 value: '',		 readonly: 'false',		 isVisible: 'true',		 newLine: 'true'	}	],
var form = [		{type: 'input',		 label: 'descrizione',		 inputType: 'text',		 name: 'descrizione',		 value: '',		 readonly: 'false',		 isVisible: 'true',		 newLine: 'true',		 validations: [		{		name: 'required',		validator: 'Validators.required',		message: 'Descrizione mancante'		}		]	}	],
var form = [		{type: 'combobox',		 label: 'tipo_procedura',		 inputType: 'text',		 name: 'tipo_procedura',		 value: '',		 readonly: 'false',		 isVisible: 'true',		 newLine: 'true',		 options: []	}	],
var form = [		{type: 'combobox',		 label: 'stato_attuazione',		 inputType: 'text',		 name: 'stato_attuazione',		 value: '',		 readonly: 'false',		 isVisible: 'true',		 newLine: 'true',		 options: []	}	],
var form = [		{type: 'combobox',		 label: 'id_tipo_processo',		 inputType: 'text',		 name: 'id_tipo_processo',		 value: '',		 readonly: 'false',		 isVisible: 'true',		 newLine: 'true',		 options: []	}	],
var form = [		{type: 'input',		 label: '',		 inputType: '',		 name: '0',		 value: '',		 readonly: 'false',		 isVisible: 'true',		 newLine: 'true'	}	],
var form = [		{type: 'input',		 label: '',		 inputType: '',		 name: '0',		 value: '',		 readonly: 'false',		 isVisible: 'true',		 newLine: 'true'	}	],
var form = [		{type: 'input',		 label: '',		 inputType: '',		 name: '0',		 value: '',		 readonly: 'false',		 isVisible: 'true',		 newLine: 'true'	}	],
var form = [		{type: 'input',		 label: '',		 inputType: '',		 name: '0',		 value: '',		 readonly: 'false',		 isVisible: 'true',		 newLine: 'true'	}	],
var form = [		{type: 'input',		 label: '',		 inputType: '',		 name: '0',		 value: '',		 readonly: 'false',		 isVisible: 'true',		 newLine: 'true'	}	],
var form = [		{type: 'input',		 label: '',		 inputType: '',		 name: '0',		 value: '',		 readonly: 'false',		 isVisible: 'true',		 newLine: 'true'	}	],
var form = [		{type: 'input',		 label: '',		 inputType: '',		 name: '0',		 value: '',		 readonly: 'false',		 isVisible: 'true',		 newLine: 'true'	}	],
var form = [		{type: 'input',		 label: '',		 inputType: '',		 name: '0',		 value: '',		 readonly: 'false',		 isVisible: 'true',		 newLine: 'true'	}	],
var form = [		{type: 'input',		 label: '',		 inputType: '',		 name: '0',		 value: '',		 readonly: 'false',		 isVisible: 'true',		 newLine: 'true'	}	],
var form = [		{type: 'input',		 label: '',		 inputType: '',		 name: '0',		 value: '',		 readonly: 'false',		 isVisible: 'true',		 newLine: 'true'	}	],
var form = [		{type: 'input',		 label: '',		 inputType: '',		 name: '0',		 value: '',		 readonly: 'false',		 isVisible: 'true',		 newLine: 'true'	}	],
var form = [		{type: 'input',		 label: '',		 inputType: '',		 name: '0',		 value: '',		 readonly: 'false',		 isVisible: 'true',		 newLine: 'true'	}	],
var form = [		{type: 'input',		 label: '',		 inputType: '',		 name: '0',		 value: '',		 readonly: 'false',		 isVisible: 'true',		 newLine: 'true'	}	],
var form = [		{type: 'input',		 label: '',		 inputType: '',		 name: '0',		 value: '',		 readonly: 'false',		 isVisible: 'true',		 newLine: 'true'	}	],
var form = [		{type: 'input',		 label: '',		 inputType: '',		 name: '0',		 value: '',		 readonly: 'false',		 isVisible: 'true',		 newLine: 'true'	}	]";codice_azienda, codice, descrizione_breve, id_procedura_parent, ordinamento, tree_path, frequenza, strumento_informatico, id_centro_gest, codice_part, descrizione, tipo_procedura, stato_attuazione, id_tipo_processo, 0, 0, 0, 0, 0, 0, 0, 0, 0, 0, 0, 0, 0, 0, 0;${body['codice_azienda'], ${body['codice'], ${body['descrizione_breve'], ${body[id_procedura_parent], ${body[ordinamento], ${body['tree_path'], ${body['frequenza'], ${body['strumento_informatico'], ${body[id_centro_gest], ${body['codice_part'], ${body['descrizione'], ${body['tipo_procedura'], ${body['stato_attuazione'], ${body[id_tipo_processo], ${body['0'], ${body['0'], ${body['0'], ${body['0'], ${body['0'], ${body['0'], ${body['0'], ${body['0'], ${body['0'], ${body['0'], ${body['0'], ${body['0'], ${body['0'], ${body['0'], ${body['0'];codice_azienda=${body['codice_azienda'], codice=${body['codice'], descrizione_breve=${body['descrizione_breve'], id_procedura_parent=${body[id_procedura_parent], ordinamento=${body[ordinamento], tree_path=${body['tree_path'], frequenza=${body['frequenza'], strumento_informatico=${body['strumento_informatico'], id_centro_gest=${body[id_centro_gest], codice_part=${body['codice_part'], descrizione=${body['descrizione'], tipo_procedura=${body['tipo_procedura'], stato_attuazione=${body['stato_attuazione'], id_tipo_processo=${body[id_tipo_processo], 0=${body['0'], 0=${body['0'], 0=${body['0'], 0=${body['0'], 0=${body['0'], 0=${body['0'], 0=${body['0'], 0=${body['0'], 0=${body['0'], 0=${body['0'], 0=${body['0'], 0=${body['0'], 0=${body['0'], 0=${body['0'], 0=${body['0'];;;codice_azienda=${body['codice_azienda'] AND id_procedura=${body['id_procedura'];;;;"`INSERT INTO entrasp.(codice_azienda, codice, descrizione_breve, id_procedura_parent, ordinamento, tree_path, frequenza, strumento_informatico, id_centro_gest, codice_part, descrizione, tipo_procedura, stato_attuazione, id_tipo_processo, 0, 0, 0, 0, 0, 0, 0, 0, 0, 0, 0, 0, 0, 0, 0)Values(${body['codice_azienda'], ${body['codice'], ${body['descrizione_breve'], ${body[id_procedura_parent], ${body[ordinamento], ${body['tree_path'], ${body['frequenza'], ${body['strumento_informatico'], ${body[id_centro_gest], ${body['codice_part'], ${body['descrizione'], ${body['tipo_procedura'], ${body['stato_attuazione'], ${body[id_tipo_processo], ${body['0'], ${body['0'], ${body['0'], ${body['0'], ${body['0'], ${body['0'], ${body['0'], ${body['0'], ${body['0'], ${body['0'], ${body['0'], ${body['0'], ${body['0'], ${body['0'], ${body['0'])RETURNING id_procedura;`";"`Update entrasp.SET codice_azienda=${body['codice_azienda'], codice=${body['codice'], descrizione_breve=${body['descrizione_breve'], id_procedura_parent=${body[id_procedura_parent], ordinamento=${body[ordinamento], tree_path=${body['tree_path'], frequenza=${body['frequenza'], strumento_informatico=${body['strumento_informatico'], id_centro_gest=${body[id_centro_gest], codice_part=${body['codice_part'], descrizione=${body['descrizione'], tipo_procedura=${body['tipo_procedura'], stato_attuazione=${body['stato_attuazione'], id_tipo_processo=${body[id_tipo_processo], 0=${body['0'], 0=${body['0'], 0=${body['0'], 0=${body['0'], 0=${body['0'], 0=${body['0'], 0=${body['0'], 0=${body['0'], 0=${body['0'], 0=${body['0'], 0=${body['0'], 0=${body['0'], 0=${body['0'], 0=${body['0'], 0=${body['0'], 0=${body['0'], 0=${body['0'], 0=${body['0'], 0=${body['0'], 0=${body['0'], 0=${body['0'], 0=${body['0'], 0=${body['0'], 0=${body['0'], 0=${body['0'], 0=${body['0'], 0=${body['0'], 0=${body['0'], 0=${body['0']WHERE codice_azienda=${body['codice_azienda'] AND id_procedura=${body['id_procedura'];`";"`DELETE FROM entrasp.WHERE codice_azienda=${body['codice_azienda'] AND id_procedura=${body['id_procedura'];`"
0;input;;;0;;false;true;true;false;false;false;0;;"var form = [		{type: 'input',		 label: 'codice_azienda',		 inputType: 'text',		 name: 'codice_azienda',		 value: '',		 readonly: 'true',		 isVisible: 'false',		 newLine: 'true'	}	],
var form = [		{type: 'input',		 label: 'codice',		 inputType: 'text',		 name: 'codice',		 value: '',		 readonly: 'false',		 isVisible: 'true',		 newLine: 'true',		 validations: [		{		name: 'required',		validator: 'Validators.required',		message: 'Descrizione mancante'		}		]	}	],
var form = [		{type: 'input',		 label: 'descrizione_breve',		 inputType: 'text',		 name: 'descrizione_breve',		 value: '',		 readonly: 'false',		 isVisible: 'true',		 newLine: 'true',		 validations: [		{		name: 'required',	validator: 'Validators.required',	message: 'Codice mancante'	},	{	name: 'pattern',	validator: '^[a-zA-Z1-9&_ ]+$',	message: 'Uso caratteri non ammessi'	}	]	}	],
var form = [		{type: 'input',		 label: 'id_procedura',		 inputType: 'text',		 name: 'id_procedura',		 value: '',		 readonly: 'true',		 isVisible: 'true',		 newLine: 'true'	}	],
var form = [		{type: 'combobox',		 label: 'id_procedura_parent',		 inputType: 'text',		 name: 'id_procedura_parent',		 value: '',		 readonly: 'false',		 isVisible: 'true',		 newLine: 'true',		 options: []	}	],
var form = [		{type: 'input',		 label: 'ordinamento',		 inputType: 'text',		 name: 'ordinamento',		 value: '',		 readonly: 'false',		 isVisible: 'true',		 newLine: 'true'	}	],
var form = [		{type: 'input',		 label: 'tree_path',		 inputType: 'text',		 name: 'tree_path',		 value: '',		 readonly: 'false',		 isVisible: 'true',		 newLine: 'true'	}	],
var form = [		{type: 'input',		 label: 'frequenza',		 inputType: 'text',		 name: 'frequenza',		 value: '',		 readonly: 'false',		 isVisible: 'true',		 newLine: 'true'	}	],
var form = [		{type: 'input',		 label: 'strumento_informatico',		 inputType: 'text',		 name: 'strumento_informatico',		 value: '',		 readonly: 'false',		 isVisible: 'true',		 newLine: 'true'	}	],
var form = [		{type: 'combobox',		 label: 'id_centro_gest',		 inputType: 'text',		 name: 'id_centro_gest',		 value: '',		 readonly: 'false',		 isVisible: 'true',		 newLine: 'true',		 options: []	}	],
var form = [		{type: 'input',		 label: 'codice_part',		 inputType: 'text',		 name: 'codice_part',		 value: '',		 readonly: 'false',		 isVisible: 'true',		 newLine: 'true'	}	],
var form = [		{type: 'input',		 label: 'descrizione',		 inputType: 'text',		 name: 'descrizione',		 value: '',		 readonly: 'false',		 isVisible: 'true',		 newLine: 'true',		 validations: [		{		name: 'required',		validator: 'Validators.required',		message: 'Descrizione mancante'		}		]	}	],
var form = [		{type: 'combobox',		 label: 'tipo_procedura',		 inputType: 'text',		 name: 'tipo_procedura',		 value: '',		 readonly: 'false',		 isVisible: 'true',		 newLine: 'true',		 options: []	}	],
var form = [		{type: 'combobox',		 label: 'stato_attuazione',		 inputType: 'text',		 name: 'stato_attuazione',		 value: '',		 readonly: 'false',		 isVisible: 'true',		 newLine: 'true',		 options: []	}	],
var form = [		{type: 'combobox',		 label: 'id_tipo_processo',		 inputType: 'text',		 name: 'id_tipo_processo',		 value: '',		 readonly: 'false',		 isVisible: 'true',		 newLine: 'true',		 options: []	}	],
var form = [		{type: 'input',		 label: '',		 inputType: '',		 name: '0',		 value: '',		 readonly: 'false',		 isVisible: 'true',		 newLine: 'true'	}	],
var form = [		{type: 'input',		 label: '',		 inputType: '',		 name: '0',		 value: '',		 readonly: 'false',		 isVisible: 'true',		 newLine: 'true'	}	],
var form = [		{type: 'input',		 label: '',		 inputType: '',		 name: '0',		 value: '',		 readonly: 'false',		 isVisible: 'true',		 newLine: 'true'	}	],
var form = [		{type: 'input',		 label: '',		 inputType: '',		 name: '0',		 value: '',		 readonly: 'false',		 isVisible: 'true',		 newLine: 'true'	}	],
var form = [		{type: 'input',		 label: '',		 inputType: '',		 name: '0',		 value: '',		 readonly: 'false',		 isVisible: 'true',		 newLine: 'true'	}	],
var form = [		{type: 'input',		 label: '',		 inputType: '',		 name: '0',		 value: '',		 readonly: 'false',		 isVisible: 'true',		 newLine: 'true'	}	],
var form = [		{type: 'input',		 label: '',		 inputType: '',		 name: '0',		 value: '',		 readonly: 'false',		 isVisible: 'true',		 newLine: 'true'	}	],
var form = [		{type: 'input',		 label: '',		 inputType: '',		 name: '0',		 value: '',		 readonly: 'false',		 isVisible: 'true',		 newLine: 'true'	}	],
var form = [		{type: 'input',		 label: '',		 inputType: '',		 name: '0',		 value: '',		 readonly: 'false',		 isVisible: 'true',		 newLine: 'true'	}	],
var form = [		{type: 'input',		 label: '',		 inputType: '',		 name: '0',		 value: '',		 readonly: 'false',		 isVisible: 'true',		 newLine: 'true'	}	],
var form = [		{type: 'input',		 label: '',		 inputType: '',		 name: '0',		 value: '',		 readonly: 'false',		 isVisible: 'true',		 newLine: 'true'	}	],
var form = [		{type: 'input',		 label: '',		 inputType: '',		 name: '0',		 value: '',		 readonly: 'false',		 isVisible: 'true',		 newLine: 'true'	}	],
var form = [		{type: 'input',		 label: '',		 inputType: '',		 name: '0',		 value: '',		 readonly: 'false',		 isVisible: 'true',		 newLine: 'true'	}	],
var form = [		{type: 'input',		 label: '',		 inputType: '',		 name: '0',		 value: '',		 readonly: 'false',		 isVisible: 'true',		 newLine: 'true'	}	],
var form = [		{type: 'input',		 label: '',		 inputType: '',		 name: '0',		 value: '',		 readonly: 'false',		 isVisible: 'true',		 newLine: 'true'	}	],
var form = [		{type: 'input',		 label: '',		 inputType: '',		 name: '0',		 value: '',		 readonly: 'false',		 isVisible: 'true',		 newLine: 'true'	}	]";codice_azienda, codice, descrizione_breve, id_procedura_parent, ordinamento, tree_path, frequenza, strumento_informatico, id_centro_gest, codice_part, descrizione, tipo_procedura, stato_attuazione, id_tipo_processo, 0, 0, 0, 0, 0, 0, 0, 0, 0, 0, 0, 0, 0, 0, 0, 0;${body['codice_azienda'], ${body['codice'], ${body['descrizione_breve'], ${body[id_procedura_parent], ${body[ordinamento], ${body['tree_path'], ${body['frequenza'], ${body['strumento_informatico'], ${body[id_centro_gest], ${body['codice_part'], ${body['descrizione'], ${body['tipo_procedura'], ${body['stato_attuazione'], ${body[id_tipo_processo], ${body['0'], ${body['0'], ${body['0'], ${body['0'], ${body['0'], ${body['0'], ${body['0'], ${body['0'], ${body['0'], ${body['0'], ${body['0'], ${body['0'], ${body['0'], ${body['0'], ${body['0'], ${body['0'];codice_azienda=${body['codice_azienda'], codice=${body['codice'], descrizione_breve=${body['descrizione_breve'], id_procedura_parent=${body[id_procedura_parent], ordinamento=${body[ordinamento], tree_path=${body['tree_path'], frequenza=${body['frequenza'], strumento_informatico=${body['strumento_informatico'], id_centro_gest=${body[id_centro_gest], codice_part=${body['codice_part'], descrizione=${body['descrizione'], tipo_procedura=${body['tipo_procedura'], stato_attuazione=${body['stato_attuazione'], id_tipo_processo=${body[id_tipo_processo], 0=${body['0'], 0=${body['0'], 0=${body['0'], 0=${body['0'], 0=${body['0'], 0=${body['0'], 0=${body['0'], 0=${body['0'], 0=${body['0'], 0=${body['0'], 0=${body['0'], 0=${body['0'], 0=${body['0'], 0=${body['0'], 0=${body['0'], 0=${body['0'];;;codice_azienda=${body['codice_azienda'] AND id_procedura=${body['id_procedura'];;;;"`INSERT INTO entrasp.(codice_azienda, codice, descrizione_breve, id_procedura_parent, ordinamento, tree_path, frequenza, strumento_informatico, id_centro_gest, codice_part, descrizione, tipo_procedura, stato_attuazione, id_tipo_processo, 0, 0, 0, 0, 0, 0, 0, 0, 0, 0, 0, 0, 0, 0, 0, 0)Values(${body['codice_azienda'], ${body['codice'], ${body['descrizione_breve'], ${body[id_procedura_parent], ${body[ordinamento], ${body['tree_path'], ${body['frequenza'], ${body['strumento_informatico'], ${body[id_centro_gest], ${body['codice_part'], ${body['descrizione'], ${body['tipo_procedura'], ${body['stato_attuazione'], ${body[id_tipo_processo], ${body['0'], ${body['0'], ${body['0'], ${body['0'], ${body['0'], ${body['0'], ${body['0'], ${body['0'], ${body['0'], ${body['0'], ${body['0'], ${body['0'], ${body['0'], ${body['0'], ${body['0'], ${body['0'])RETURNING id_procedura;`";"`Update entrasp.SET codice_azienda=${body['codice_azienda'], codice=${body['codice'], descrizione_breve=${body['descrizione_breve'], id_procedura_parent=${body[id_procedura_parent], ordinamento=${body[ordinamento], tree_path=${body['tree_path'], frequenza=${body['frequenza'], strumento_informatico=${body['strumento_informatico'], id_centro_gest=${body[id_centro_gest], codice_part=${body['codice_part'], descrizione=${body['descrizione'], tipo_procedura=${body['tipo_procedura'], stato_attuazione=${body['stato_attuazione'], id_tipo_processo=${body[id_tipo_processo], 0=${body['0'], 0=${body['0'], 0=${body['0'], 0=${body['0'], 0=${body['0'], 0=${body['0'], 0=${body['0'], 0=${body['0'], 0=${body['0'], 0=${body['0'], 0=${body['0'], 0=${body['0'], 0=${body['0'], 0=${body['0'], 0=${body['0'], 0=${body['0'], 0=${body['0'], 0=${body['0'], 0=${body['0'], 0=${body['0'], 0=${body['0'], 0=${body['0'], 0=${body['0'], 0=${body['0'], 0=${body['0'], 0=${body['0'], 0=${body['0'], 0=${body['0'], 0=${body['0'], 0=${body['0']WHERE codice_azienda=${body['codice_azienda'] AND id_procedura=${body['id_procedura'];`";"`DELETE FROM entrasp.WHERE codice_azienda=${body['codice_azienda'] AND id_procedura=${body['id_procedura'];`"
0;input;;;0;;false;true;true;false;false;false;0;;"var form = [		{type: 'input',		 label: 'codice_azienda',		 inputType: 'text',		 name: 'codice_azienda',		 value: '',		 readonly: 'true',		 isVisible: 'false',		 newLine: 'true'	}	],
var form = [		{type: 'input',		 label: 'codice',		 inputType: 'text',		 name: 'codice',		 value: '',		 readonly: 'false',		 isVisible: 'true',		 newLine: 'true',		 validations: [		{		name: 'required',		validator: 'Validators.required',		message: 'Descrizione mancante'		}		]	}	],
var form = [		{type: 'input',		 label: 'descrizione_breve',		 inputType: 'text',		 name: 'descrizione_breve',		 value: '',		 readonly: 'false',		 isVisible: 'true',		 newLine: 'true',		 validations: [		{		name: 'required',	validator: 'Validators.required',	message: 'Codice mancante'	},	{	name: 'pattern',	validator: '^[a-zA-Z1-9&_ ]+$',	message: 'Uso caratteri non ammessi'	}	]	}	],
var form = [		{type: 'input',		 label: 'id_procedura',		 inputType: 'text',		 name: 'id_procedura',		 value: '',		 readonly: 'true',		 isVisible: 'true',		 newLine: 'true'	}	],
var form = [		{type: 'combobox',		 label: 'id_procedura_parent',		 inputType: 'text',		 name: 'id_procedura_parent',		 value: '',		 readonly: 'false',		 isVisible: 'true',		 newLine: 'true',		 options: []	}	],
var form = [		{type: 'input',		 label: 'ordinamento',		 inputType: 'text',		 name: 'ordinamento',		 value: '',		 readonly: 'false',		 isVisible: 'true',		 newLine: 'true'	}	],
var form = [		{type: 'input',		 label: 'tree_path',		 inputType: 'text',		 name: 'tree_path',		 value: '',		 readonly: 'false',		 isVisible: 'true',		 newLine: 'true'	}	],
var form = [		{type: 'input',		 label: 'frequenza',		 inputType: 'text',		 name: 'frequenza',		 value: '',		 readonly: 'false',		 isVisible: 'true',		 newLine: 'true'	}	],
var form = [		{type: 'input',		 label: 'strumento_informatico',		 inputType: 'text',		 name: 'strumento_informatico',		 value: '',		 readonly: 'false',		 isVisible: 'true',		 newLine: 'true'	}	],
var form = [		{type: 'combobox',		 label: 'id_centro_gest',		 inputType: 'text',		 name: 'id_centro_gest',		 value: '',		 readonly: 'false',		 isVisible: 'true',		 newLine: 'true',		 options: []	}	],
var form = [		{type: 'input',		 label: 'codice_part',		 inputType: 'text',		 name: 'codice_part',		 value: '',		 readonly: 'false',		 isVisible: 'true',		 newLine: 'true'	}	],
var form = [		{type: 'input',		 label: 'descrizione',		 inputType: 'text',		 name: 'descrizione',		 value: '',		 readonly: 'false',		 isVisible: 'true',		 newLine: 'true',		 validations: [		{		name: 'required',		validator: 'Validators.required',		message: 'Descrizione mancante'		}		]	}	],
var form = [		{type: 'combobox',		 label: 'tipo_procedura',		 inputType: 'text',		 name: 'tipo_procedura',		 value: '',		 readonly: 'false',		 isVisible: 'true',		 newLine: 'true',		 options: []	}	],
var form = [		{type: 'combobox',		 label: 'stato_attuazione',		 inputType: 'text',		 name: 'stato_attuazione',		 value: '',		 readonly: 'false',		 isVisible: 'true',		 newLine: 'true',		 options: []	}	],
var form = [		{type: 'combobox',		 label: 'id_tipo_processo',		 inputType: 'text',		 name: 'id_tipo_processo',		 value: '',		 readonly: 'false',		 isVisible: 'true',		 newLine: 'true',		 options: []	}	],
var form = [		{type: 'input',		 label: '',		 inputType: '',		 name: '0',		 value: '',		 readonly: 'false',		 isVisible: 'true',		 newLine: 'true'	}	],
var form = [		{type: 'input',		 label: '',		 inputType: '',		 name: '0',		 value: '',		 readonly: 'false',		 isVisible: 'true',		 newLine: 'true'	}	],
var form = [		{type: 'input',		 label: '',		 inputType: '',		 name: '0',		 value: '',		 readonly: 'false',		 isVisible: 'true',		 newLine: 'true'	}	],
var form = [		{type: 'input',		 label: '',		 inputType: '',		 name: '0',		 value: '',		 readonly: 'false',		 isVisible: 'true',		 newLine: 'true'	}	],
var form = [		{type: 'input',		 label: '',		 inputType: '',		 name: '0',		 value: '',		 readonly: 'false',		 isVisible: 'true',		 newLine: 'true'	}	],
var form = [		{type: 'input',		 label: '',		 inputType: '',		 name: '0',		 value: '',		 readonly: 'false',		 isVisible: 'true',		 newLine: 'true'	}	],
var form = [		{type: 'input',		 label: '',		 inputType: '',		 name: '0',		 value: '',		 readonly: 'false',		 isVisible: 'true',		 newLine: 'true'	}	],
var form = [		{type: 'input',		 label: '',		 inputType: '',		 name: '0',		 value: '',		 readonly: 'false',		 isVisible: 'true',		 newLine: 'true'	}	],
var form = [		{type: 'input',		 label: '',		 inputType: '',		 name: '0',		 value: '',		 readonly: 'false',		 isVisible: 'true',		 newLine: 'true'	}	],
var form = [		{type: 'input',		 label: '',		 inputType: '',		 name: '0',		 value: '',		 readonly: 'false',		 isVisible: 'true',		 newLine: 'true'	}	],
var form = [		{type: 'input',		 label: '',		 inputType: '',		 name: '0',		 value: '',		 readonly: 'false',		 isVisible: 'true',		 newLine: 'true'	}	],
var form = [		{type: 'input',		 label: '',		 inputType: '',		 name: '0',		 value: '',		 readonly: 'false',		 isVisible: 'true',		 newLine: 'true'	}	],
var form = [		{type: 'input',		 label: '',		 inputType: '',		 name: '0',		 value: '',		 readonly: 'false',		 isVisible: 'true',		 newLine: 'true'	}	],
var form = [		{type: 'input',		 label: '',		 inputType: '',		 name: '0',		 value: '',		 readonly: 'false',		 isVisible: 'true',		 newLine: 'true'	}	],
var form = [		{type: 'input',		 label: '',		 inputType: '',		 name: '0',		 value: '',		 readonly: 'false',		 isVisible: 'true',		 newLine: 'true'	}	],
var form = [		{type: 'input',		 label: '',		 inputType: '',		 name: '0',		 value: '',		 readonly: 'false',		 isVisible: 'true',		 newLine: 'true'	}	],
var form = [		{type: 'input',		 label: '',		 inputType: '',		 name: '0',		 value: '',		 readonly: 'false',		 isVisible: 'true',		 newLine: 'true'	}	]";codice_azienda, codice, descrizione_breve, id_procedura_parent, ordinamento, tree_path, frequenza, strumento_informatico, id_centro_gest, codice_part, descrizione, tipo_procedura, stato_attuazione, id_tipo_processo, 0, 0, 0, 0, 0, 0, 0, 0, 0, 0, 0, 0, 0, 0, 0, 0, 0;${body['codice_azienda'], ${body['codice'], ${body['descrizione_breve'], ${body[id_procedura_parent], ${body[ordinamento], ${body['tree_path'], ${body['frequenza'], ${body['strumento_informatico'], ${body[id_centro_gest], ${body['codice_part'], ${body['descrizione'], ${body['tipo_procedura'], ${body['stato_attuazione'], ${body[id_tipo_processo], ${body['0'], ${body['0'], ${body['0'], ${body['0'], ${body['0'], ${body['0'], ${body['0'], ${body['0'], ${body['0'], ${body['0'], ${body['0'], ${body['0'], ${body['0'], ${body['0'], ${body['0'], ${body['0'], ${body['0'];codice_azienda=${body['codice_azienda'], codice=${body['codice'], descrizione_breve=${body['descrizione_breve'], id_procedura_parent=${body[id_procedura_parent], ordinamento=${body[ordinamento], tree_path=${body['tree_path'], frequenza=${body['frequenza'], strumento_informatico=${body['strumento_informatico'], id_centro_gest=${body[id_centro_gest], codice_part=${body['codice_part'], descrizione=${body['descrizione'], tipo_procedura=${body['tipo_procedura'], stato_attuazione=${body['stato_attuazione'], id_tipo_processo=${body[id_tipo_processo], 0=${body['0'], 0=${body['0'], 0=${body['0'], 0=${body['0'], 0=${body['0'], 0=${body['0'], 0=${body['0'], 0=${body['0'], 0=${body['0'], 0=${body['0'], 0=${body['0'], 0=${body['0'], 0=${body['0'], 0=${body['0'], 0=${body['0'], 0=${body['0'], 0=${body['0'];;;codice_azienda=${body['codice_azienda'] AND id_procedura=${body['id_procedura'];;;;"`INSERT INTO entrasp.(codice_azienda, codice, descrizione_breve, id_procedura_parent, ordinamento, tree_path, frequenza, strumento_informatico, id_centro_gest, codice_part, descrizione, tipo_procedura, stato_attuazione, id_tipo_processo, 0, 0, 0, 0, 0, 0, 0, 0, 0, 0, 0, 0, 0, 0, 0, 0, 0)Values(${body['codice_azienda'], ${body['codice'], ${body['descrizione_breve'], ${body[id_procedura_parent], ${body[ordinamento], ${body['tree_path'], ${body['frequenza'], ${body['strumento_informatico'], ${body[id_centro_gest], ${body['codice_part'], ${body['descrizione'], ${body['tipo_procedura'], ${body['stato_attuazione'], ${body[id_tipo_processo], ${body['0'], ${body['0'], ${body['0'], ${body['0'], ${body['0'], ${body['0'], ${body['0'], ${body['0'], ${body['0'], ${body['0'], ${body['0'], ${body['0'], ${body['0'], ${body['0'], ${body['0'], ${body['0'], ${body['0'])RETURNING id_procedura;`";"`Update entrasp.SET codice_azienda=${body['codice_azienda'], codice=${body['codice'], descrizione_breve=${body['descrizione_breve'], id_procedura_parent=${body[id_procedura_parent], ordinamento=${body[ordinamento], tree_path=${body['tree_path'], frequenza=${body['frequenza'], strumento_informatico=${body['strumento_informatico'], id_centro_gest=${body[id_centro_gest], codice_part=${body['codice_part'], descrizione=${body['descrizione'], tipo_procedura=${body['tipo_procedura'], stato_attuazione=${body['stato_attuazione'], id_tipo_processo=${body[id_tipo_processo], 0=${body['0'], 0=${body['0'], 0=${body['0'], 0=${body['0'], 0=${body['0'], 0=${body['0'], 0=${body['0'], 0=${body['0'], 0=${body['0'], 0=${body['0'], 0=${body['0'], 0=${body['0'], 0=${body['0'], 0=${body['0'], 0=${body['0'], 0=${body['0'], 0=${body['0'], 0=${body['0'], 0=${body['0'], 0=${body['0'], 0=${body['0'], 0=${body['0'], 0=${body['0'], 0=${body['0'], 0=${body['0'], 0=${body['0'], 0=${body['0'], 0=${body['0'], 0=${body['0'], 0=${body['0'], 0=${body['0']WHERE codice_azienda=${body['codice_azienda'] AND id_procedura=${body['id_procedura'];`";"`DELETE FROM entrasp.WHERE codice_azienda=${body['codice_azienda'] AND id_procedura=${body['id_procedura'];`"
0;input;;;0;;false;true;true;false;false;false;0;;"var form = [		{type: 'input',		 label: 'codice_azienda',		 inputType: 'text',		 name: 'codice_azienda',		 value: '',		 readonly: 'true',		 isVisible: 'false',		 newLine: 'true'	}	],
var form = [		{type: 'input',		 label: 'codice',		 inputType: 'text',		 name: 'codice',		 value: '',		 readonly: 'false',		 isVisible: 'true',		 newLine: 'true',		 validations: [		{		name: 'required',		validator: 'Validators.required',		message: 'Descrizione mancante'		}		]	}	],
var form = [		{type: 'input',		 label: 'descrizione_breve',		 inputType: 'text',		 name: 'descrizione_breve',		 value: '',		 readonly: 'false',		 isVisible: 'true',		 newLine: 'true',		 validations: [		{		name: 'required',	validator: 'Validators.required',	message: 'Codice mancante'	},	{	name: 'pattern',	validator: '^[a-zA-Z1-9&_ ]+$',	message: 'Uso caratteri non ammessi'	}	]	}	],
var form = [		{type: 'input',		 label: 'id_procedura',		 inputType: 'text',		 name: 'id_procedura',		 value: '',		 readonly: 'true',		 isVisible: 'true',		 newLine: 'true'	}	],
var form = [		{type: 'combobox',		 label: 'id_procedura_parent',		 inputType: 'text',		 name: 'id_procedura_parent',		 value: '',		 readonly: 'false',		 isVisible: 'true',		 newLine: 'true',		 options: []	}	],
var form = [		{type: 'input',		 label: 'ordinamento',		 inputType: 'text',		 name: 'ordinamento',		 value: '',		 readonly: 'false',		 isVisible: 'true',		 newLine: 'true'	}	],
var form = [		{type: 'input',		 label: 'tree_path',		 inputType: 'text',		 name: 'tree_path',		 value: '',		 readonly: 'false',		 isVisible: 'true',		 newLine: 'true'	}	],
var form = [		{type: 'input',		 label: 'frequenza',		 inputType: 'text',		 name: 'frequenza',		 value: '',		 readonly: 'false',		 isVisible: 'true',		 newLine: 'true'	}	],
var form = [		{type: 'input',		 label: 'strumento_informatico',		 inputType: 'text',		 name: 'strumento_informatico',		 value: '',		 readonly: 'false',		 isVisible: 'true',		 newLine: 'true'	}	],
var form = [		{type: 'combobox',		 label: 'id_centro_gest',		 inputType: 'text',		 name: 'id_centro_gest',		 value: '',		 readonly: 'false',		 isVisible: 'true',		 newLine: 'true',		 options: []	}	],
var form = [		{type: 'input',		 label: 'codice_part',		 inputType: 'text',		 name: 'codice_part',		 value: '',		 readonly: 'false',		 isVisible: 'true',		 newLine: 'true'	}	],
var form = [		{type: 'input',		 label: 'descrizione',		 inputType: 'text',		 name: 'descrizione',		 value: '',		 readonly: 'false',		 isVisible: 'true',		 newLine: 'true',		 validations: [		{		name: 'required',		validator: 'Validators.required',		message: 'Descrizione mancante'		}		]	}	],
var form = [		{type: 'combobox',		 label: 'tipo_procedura',		 inputType: 'text',		 name: 'tipo_procedura',		 value: '',		 readonly: 'false',		 isVisible: 'true',		 newLine: 'true',		 options: []	}	],
var form = [		{type: 'combobox',		 label: 'stato_attuazione',		 inputType: 'text',		 name: 'stato_attuazione',		 value: '',		 readonly: 'false',		 isVisible: 'true',		 newLine: 'true',		 options: []	}	],
var form = [		{type: 'combobox',		 label: 'id_tipo_processo',		 inputType: 'text',		 name: 'id_tipo_processo',		 value: '',		 readonly: 'false',		 isVisible: 'true',		 newLine: 'true',		 options: []	}	],
var form = [		{type: 'input',		 label: '',		 inputType: '',		 name: '0',		 value: '',		 readonly: 'false',		 isVisible: 'true',		 newLine: 'true'	}	],
var form = [		{type: 'input',		 label: '',		 inputType: '',		 name: '0',		 value: '',		 readonly: 'false',		 isVisible: 'true',		 newLine: 'true'	}	],
var form = [		{type: 'input',		 label: '',		 inputType: '',		 name: '0',		 value: '',		 readonly: 'false',		 isVisible: 'true',		 newLine: 'true'	}	],
var form = [		{type: 'input',		 label: '',		 inputType: '',		 name: '0',		 value: '',		 readonly: 'false',		 isVisible: 'true',		 newLine: 'true'	}	],
var form = [		{type: 'input',		 label: '',		 inputType: '',		 name: '0',		 value: '',		 readonly: 'false',		 isVisible: 'true',		 newLine: 'true'	}	],
var form = [		{type: 'input',		 label: '',		 inputType: '',		 name: '0',		 value: '',		 readonly: 'false',		 isVisible: 'true',		 newLine: 'true'	}	],
var form = [		{type: 'input',		 label: '',		 inputType: '',		 name: '0',		 value: '',		 readonly: 'false',		 isVisible: 'true',		 newLine: 'true'	}	],
var form = [		{type: 'input',		 label: '',		 inputType: '',		 name: '0',		 value: '',		 readonly: 'false',		 isVisible: 'true',		 newLine: 'true'	}	],
var form = [		{type: 'input',		 label: '',		 inputType: '',		 name: '0',		 value: '',		 readonly: 'false',		 isVisible: 'true',		 newLine: 'true'	}	],
var form = [		{type: 'input',		 label: '',		 inputType: '',		 name: '0',		 value: '',		 readonly: 'false',		 isVisible: 'true',		 newLine: 'true'	}	],
var form = [		{type: 'input',		 label: '',		 inputType: '',		 name: '0',		 value: '',		 readonly: 'false',		 isVisible: 'true',		 newLine: 'true'	}	],
var form = [		{type: 'input',		 label: '',		 inputType: '',		 name: '0',		 value: '',		 readonly: 'false',		 isVisible: 'true',		 newLine: 'true'	}	],
var form = [		{type: 'input',		 label: '',		 inputType: '',		 name: '0',		 value: '',		 readonly: 'false',		 isVisible: 'true',		 newLine: 'true'	}	],
var form = [		{type: 'input',		 label: '',		 inputType: '',		 name: '0',		 value: '',		 readonly: 'false',		 isVisible: 'true',		 newLine: 'true'	}	],
var form = [		{type: 'input',		 label: '',		 inputType: '',		 name: '0',		 value: '',		 readonly: 'false',		 isVisible: 'true',		 newLine: 'true'	}	],
var form = [		{type: 'input',		 label: '',		 inputType: '',		 name: '0',		 value: '',		 readonly: 'false',		 isVisible: 'true',		 newLine: 'true'	}	],
var form = [		{type: 'input',		 label: '',		 inputType: '',		 name: '0',		 value: '',		 readonly: 'false',		 isVisible: 'true',		 newLine: 'true'	}	],
var form = [		{type: 'input',		 label: '',		 inputType: '',		 name: '0',		 value: '',		 readonly: 'false',		 isVisible: 'true',		 newLine: 'true'	}	]";codice_azienda, codice, descrizione_breve, id_procedura_parent, ordinamento, tree_path, frequenza, strumento_informatico, id_centro_gest, codice_part, descrizione, tipo_procedura, stato_attuazione, id_tipo_processo, 0, 0, 0, 0, 0, 0, 0, 0, 0, 0, 0, 0, 0, 0, 0, 0, 0, 0;${body['codice_azienda'], ${body['codice'], ${body['descrizione_breve'], ${body[id_procedura_parent], ${body[ordinamento], ${body['tree_path'], ${body['frequenza'], ${body['strumento_informatico'], ${body[id_centro_gest], ${body['codice_part'], ${body['descrizione'], ${body['tipo_procedura'], ${body['stato_attuazione'], ${body[id_tipo_processo], ${body['0'], ${body['0'], ${body['0'], ${body['0'], ${body['0'], ${body['0'], ${body['0'], ${body['0'], ${body['0'], ${body['0'], ${body['0'], ${body['0'], ${body['0'], ${body['0'], ${body['0'], ${body['0'], ${body['0'], ${body['0'];codice_azienda=${body['codice_azienda'], codice=${body['codice'], descrizione_breve=${body['descrizione_breve'], id_procedura_parent=${body[id_procedura_parent], ordinamento=${body[ordinamento], tree_path=${body['tree_path'], frequenza=${body['frequenza'], strumento_informatico=${body['strumento_informatico'], id_centro_gest=${body[id_centro_gest], codice_part=${body['codice_part'], descrizione=${body['descrizione'], tipo_procedura=${body['tipo_procedura'], stato_attuazione=${body['stato_attuazione'], id_tipo_processo=${body[id_tipo_processo], 0=${body['0'], 0=${body['0'], 0=${body['0'], 0=${body['0'], 0=${body['0'], 0=${body['0'], 0=${body['0'], 0=${body['0'], 0=${body['0'], 0=${body['0'], 0=${body['0'], 0=${body['0'], 0=${body['0'], 0=${body['0'], 0=${body['0'], 0=${body['0'], 0=${body['0'], 0=${body['0'];;;codice_azienda=${body['codice_azienda'] AND id_procedura=${body['id_procedura'];;;;"`INSERT INTO entrasp.(codice_azienda, codice, descrizione_breve, id_procedura_parent, ordinamento, tree_path, frequenza, strumento_informatico, id_centro_gest, codice_part, descrizione, tipo_procedura, stato_attuazione, id_tipo_processo, 0, 0, 0, 0, 0, 0, 0, 0, 0, 0, 0, 0, 0, 0, 0, 0, 0, 0)Values(${body['codice_azienda'], ${body['codice'], ${body['descrizione_breve'], ${body[id_procedura_parent], ${body[ordinamento], ${body['tree_path'], ${body['frequenza'], ${body['strumento_informatico'], ${body[id_centro_gest], ${body['codice_part'], ${body['descrizione'], ${body['tipo_procedura'], ${body['stato_attuazione'], ${body[id_tipo_processo], ${body['0'], ${body['0'], ${body['0'], ${body['0'], ${body['0'], ${body['0'], ${body['0'], ${body['0'], ${body['0'], ${body['0'], ${body['0'], ${body['0'], ${body['0'], ${body['0'], ${body['0'], ${body['0'], ${body['0'], ${body['0'])RETURNING id_procedura;`";"`Update entrasp.SET codice_azienda=${body['codice_azienda'], codice=${body['codice'], descrizione_breve=${body['descrizione_breve'], id_procedura_parent=${body[id_procedura_parent], ordinamento=${body[ordinamento], tree_path=${body['tree_path'], frequenza=${body['frequenza'], strumento_informatico=${body['strumento_informatico'], id_centro_gest=${body[id_centro_gest], codice_part=${body['codice_part'], descrizione=${body['descrizione'], tipo_procedura=${body['tipo_procedura'], stato_attuazione=${body['stato_attuazione'], id_tipo_processo=${body[id_tipo_processo], 0=${body['0'], 0=${body['0'], 0=${body['0'], 0=${body['0'], 0=${body['0'], 0=${body['0'], 0=${body['0'], 0=${body['0'], 0=${body['0'], 0=${body['0'], 0=${body['0'], 0=${body['0'], 0=${body['0'], 0=${body['0'], 0=${body['0'], 0=${body['0'], 0=${body['0'], 0=${body['0'], 0=${body['0'], 0=${body['0'], 0=${body['0'], 0=${body['0'], 0=${body['0'], 0=${body['0'], 0=${body['0'], 0=${body['0'], 0=${body['0'], 0=${body['0'], 0=${body['0'], 0=${body['0'], 0=${body['0'], 0=${body['0']WHERE codice_azienda=${body['codice_azienda'] AND id_procedura=${body['id_procedura'];`";"`DELETE FROM entrasp.WHERE codice_azienda=${body['codice_azienda'] AND id_procedura=${body['id_procedura'];`"
0;input;;;0;;false;true;true;false;false;false;0;;"var form = [		{type: 'input',		 label: 'codice_azienda',		 inputType: 'text',		 name: 'codice_azienda',		 value: '',		 readonly: 'true',		 isVisible: 'false',		 newLine: 'true'	}	],
var form = [		{type: 'input',		 label: 'codice',		 inputType: 'text',		 name: 'codice',		 value: '',		 readonly: 'false',		 isVisible: 'true',		 newLine: 'true',		 validations: [		{		name: 'required',		validator: 'Validators.required',		message: 'Descrizione mancante'		}		]	}	],
var form = [		{type: 'input',		 label: 'descrizione_breve',		 inputType: 'text',		 name: 'descrizione_breve',		 value: '',		 readonly: 'false',		 isVisible: 'true',		 newLine: 'true',		 validations: [		{		name: 'required',	validator: 'Validators.required',	message: 'Codice mancante'	},	{	name: 'pattern',	validator: '^[a-zA-Z1-9&_ ]+$',	message: 'Uso caratteri non ammessi'	}	]	}	],
var form = [		{type: 'input',		 label: 'id_procedura',		 inputType: 'text',		 name: 'id_procedura',		 value: '',		 readonly: 'true',		 isVisible: 'true',		 newLine: 'true'	}	],
var form = [		{type: 'combobox',		 label: 'id_procedura_parent',		 inputType: 'text',		 name: 'id_procedura_parent',		 value: '',		 readonly: 'false',		 isVisible: 'true',		 newLine: 'true',		 options: []	}	],
var form = [		{type: 'input',		 label: 'ordinamento',		 inputType: 'text',		 name: 'ordinamento',		 value: '',		 readonly: 'false',		 isVisible: 'true',		 newLine: 'true'	}	],
var form = [		{type: 'input',		 label: 'tree_path',		 inputType: 'text',		 name: 'tree_path',		 value: '',		 readonly: 'false',		 isVisible: 'true',		 newLine: 'true'	}	],
var form = [		{type: 'input',		 label: 'frequenza',		 inputType: 'text',		 name: 'frequenza',		 value: '',		 readonly: 'false',		 isVisible: 'true',		 newLine: 'true'	}	],
var form = [		{type: 'input',		 label: 'strumento_informatico',		 inputType: 'text',		 name: 'strumento_informatico',		 value: '',		 readonly: 'false',		 isVisible: 'true',		 newLine: 'true'	}	],
var form = [		{type: 'combobox',		 label: 'id_centro_gest',		 inputType: 'text',		 name: 'id_centro_gest',		 value: '',		 readonly: 'false',		 isVisible: 'true',		 newLine: 'true',		 options: []	}	],
var form = [		{type: 'input',		 label: 'codice_part',		 inputType: 'text',		 name: 'codice_part',		 value: '',		 readonly: 'false',		 isVisible: 'true',		 newLine: 'true'	}	],
var form = [		{type: 'input',		 label: 'descrizione',		 inputType: 'text',		 name: 'descrizione',		 value: '',		 readonly: 'false',		 isVisible: 'true',		 newLine: 'true',		 validations: [		{		name: 'required',		validator: 'Validators.required',		message: 'Descrizione mancante'		}		]	}	],
var form = [		{type: 'combobox',		 label: 'tipo_procedura',		 inputType: 'text',		 name: 'tipo_procedura',		 value: '',		 readonly: 'false',		 isVisible: 'true',		 newLine: 'true',		 options: []	}	],
var form = [		{type: 'combobox',		 label: 'stato_attuazione',		 inputType: 'text',		 name: 'stato_attuazione',		 value: '',		 readonly: 'false',		 isVisible: 'true',		 newLine: 'true',		 options: []	}	],
var form = [		{type: 'combobox',		 label: 'id_tipo_processo',		 inputType: 'text',		 name: 'id_tipo_processo',		 value: '',		 readonly: 'false',		 isVisible: 'true',		 newLine: 'true',		 options: []	}	],
var form = [		{type: 'input',		 label: '',		 inputType: '',		 name: '0',		 value: '',		 readonly: 'false',		 isVisible: 'true',		 newLine: 'true'	}	],
var form = [		{type: 'input',		 label: '',		 inputType: '',		 name: '0',		 value: '',		 readonly: 'false',		 isVisible: 'true',		 newLine: 'true'	}	],
var form = [		{type: 'input',		 label: '',		 inputType: '',		 name: '0',		 value: '',		 readonly: 'false',		 isVisible: 'true',		 newLine: 'true'	}	],
var form = [		{type: 'input',		 label: '',		 inputType: '',		 name: '0',		 value: '',		 readonly: 'false',		 isVisible: 'true',		 newLine: 'true'	}	],
var form = [		{type: 'input',		 label: '',		 inputType: '',		 name: '0',		 value: '',		 readonly: 'false',		 isVisible: 'true',		 newLine: 'true'	}	],
var form = [		{type: 'input',		 label: '',		 inputType: '',		 name: '0',		 value: '',		 readonly: 'false',		 isVisible: 'true',		 newLine: 'true'	}	],
var form = [		{type: 'input',		 label: '',		 inputType: '',		 name: '0',		 value: '',		 readonly: 'false',		 isVisible: 'true',		 newLine: 'true'	}	],
var form = [		{type: 'input',		 label: '',		 inputType: '',		 name: '0',		 value: '',		 readonly: 'false',		 isVisible: 'true',		 newLine: 'true'	}	],
var form = [		{type: 'input',		 label: '',		 inputType: '',		 name: '0',		 value: '',		 readonly: 'false',		 isVisible: 'true',		 newLine: 'true'	}	],
var form = [		{type: 'input',		 label: '',		 inputType: '',		 name: '0',		 value: '',		 readonly: 'false',		 isVisible: 'true',		 newLine: 'true'	}	],
var form = [		{type: 'input',		 label: '',		 inputType: '',		 name: '0',		 value: '',		 readonly: 'false',		 isVisible: 'true',		 newLine: 'true'	}	],
var form = [		{type: 'input',		 label: '',		 inputType: '',		 name: '0',		 value: '',		 readonly: 'false',		 isVisible: 'true',		 newLine: 'true'	}	],
var form = [		{type: 'input',		 label: '',		 inputType: '',		 name: '0',		 value: '',		 readonly: 'false',		 isVisible: 'true',		 newLine: 'true'	}	],
var form = [		{type: 'input',		 label: '',		 inputType: '',		 name: '0',		 value: '',		 readonly: 'false',		 isVisible: 'true',		 newLine: 'true'	}	],
var form = [		{type: 'input',		 label: '',		 inputType: '',		 name: '0',		 value: '',		 readonly: 'false',		 isVisible: 'true',		 newLine: 'true'	}	],
var form = [		{type: 'input',		 label: '',		 inputType: '',		 name: '0',		 value: '',		 readonly: 'false',		 isVisible: 'true',		 newLine: 'true'	}	],
var form = [		{type: 'input',		 label: '',		 inputType: '',		 name: '0',		 value: '',		 readonly: 'false',		 isVisible: 'true',		 newLine: 'true'	}	],
var form = [		{type: 'input',		 label: '',		 inputType: '',		 name: '0',		 value: '',		 readonly: 'false',		 isVisible: 'true',		 newLine: 'true'	}	],
var form = [		{type: 'input',		 label: '',		 inputType: '',		 name: '0',		 value: '',		 readonly: 'false',		 isVisible: 'true',		 newLine: 'true'	}	]";codice_azienda, codice, descrizione_breve, id_procedura_parent, ordinamento, tree_path, frequenza, strumento_informatico, id_centro_gest, codice_part, descrizione, tipo_procedura, stato_attuazione, id_tipo_processo, 0, 0, 0, 0, 0, 0, 0, 0, 0, 0, 0, 0, 0, 0, 0, 0, 0, 0, 0;${body['codice_azienda'], ${body['codice'], ${body['descrizione_breve'], ${body[id_procedura_parent], ${body[ordinamento], ${body['tree_path'], ${body['frequenza'], ${body['strumento_informatico'], ${body[id_centro_gest], ${body['codice_part'], ${body['descrizione'], ${body['tipo_procedura'], ${body['stato_attuazione'], ${body[id_tipo_processo], ${body['0'], ${body['0'], ${body['0'], ${body['0'], ${body['0'], ${body['0'], ${body['0'], ${body['0'], ${body['0'], ${body['0'], ${body['0'], ${body['0'], ${body['0'], ${body['0'], ${body['0'], ${body['0'], ${body['0'], ${body['0'], ${body['0'];codice_azienda=${body['codice_azienda'], codice=${body['codice'], descrizione_breve=${body['descrizione_breve'], id_procedura_parent=${body[id_procedura_parent], ordinamento=${body[ordinamento], tree_path=${body['tree_path'], frequenza=${body['frequenza'], strumento_informatico=${body['strumento_informatico'], id_centro_gest=${body[id_centro_gest], codice_part=${body['codice_part'], descrizione=${body['descrizione'], tipo_procedura=${body['tipo_procedura'], stato_attuazione=${body['stato_attuazione'], id_tipo_processo=${body[id_tipo_processo], 0=${body['0'], 0=${body['0'], 0=${body['0'], 0=${body['0'], 0=${body['0'], 0=${body['0'], 0=${body['0'], 0=${body['0'], 0=${body['0'], 0=${body['0'], 0=${body['0'], 0=${body['0'], 0=${body['0'], 0=${body['0'], 0=${body['0'], 0=${body['0'], 0=${body['0'], 0=${body['0'], 0=${body['0'];;;codice_azienda=${body['codice_azienda'] AND id_procedura=${body['id_procedura'];;;;"`INSERT INTO entrasp.(codice_azienda, codice, descrizione_breve, id_procedura_parent, ordinamento, tree_path, frequenza, strumento_informatico, id_centro_gest, codice_part, descrizione, tipo_procedura, stato_attuazione, id_tipo_processo, 0, 0, 0, 0, 0, 0, 0, 0, 0, 0, 0, 0, 0, 0, 0, 0, 0, 0, 0)Values(${body['codice_azienda'], ${body['codice'], ${body['descrizione_breve'], ${body[id_procedura_parent], ${body[ordinamento], ${body['tree_path'], ${body['frequenza'], ${body['strumento_informatico'], ${body[id_centro_gest], ${body['codice_part'], ${body['descrizione'], ${body['tipo_procedura'], ${body['stato_attuazione'], ${body[id_tipo_processo], ${body['0'], ${body['0'], ${body['0'], ${body['0'], ${body['0'], ${body['0'], ${body['0'], ${body['0'], ${body['0'], ${body['0'], ${body['0'], ${body['0'], ${body['0'], ${body['0'], ${body['0'], ${body['0'], ${body['0'], ${body['0'], ${body['0'])RETURNING id_procedura;`";"`Update entrasp.SET codice_azienda=${body['codice_azienda'], codice=${body['codice'], descrizione_breve=${body['descrizione_breve'], id_procedura_parent=${body[id_procedura_parent], ordinamento=${body[ordinamento], tree_path=${body['tree_path'], frequenza=${body['frequenza'], strumento_informatico=${body['strumento_informatico'], id_centro_gest=${body[id_centro_gest], codice_part=${body['codice_part'], descrizione=${body['descrizione'], tipo_procedura=${body['tipo_procedura'], stato_attuazione=${body['stato_attuazione'], id_tipo_processo=${body[id_tipo_processo], 0=${body['0'], 0=${body['0'], 0=${body['0'], 0=${body['0'], 0=${body['0'], 0=${body['0'], 0=${body['0'], 0=${body['0'], 0=${body['0'], 0=${body['0'], 0=${body['0'], 0=${body['0'], 0=${body['0'], 0=${body['0'], 0=${body['0'], 0=${body['0'], 0=${body['0'], 0=${body['0'], 0=${body['0'], 0=${body['0'], 0=${body['0'], 0=${body['0'], 0=${body['0'], 0=${body['0'], 0=${body['0'], 0=${body['0'], 0=${body['0'], 0=${body['0'], 0=${body['0'], 0=${body['0'], 0=${body['0'], 0=${body['0'], 0=${body['0']WHERE codice_azienda=${body['codice_azienda'] AND id_procedura=${body['id_procedura'];`";"`DELETE FROM entrasp.WHERE codice_azienda=${body['codice_azienda'] AND id_procedura=${body['id_procedura'];`"
0;input;;;0;;false;true;true;false;false;false;0;;"var form = [		{type: 'input',		 label: 'codice_azienda',		 inputType: 'text',		 name: 'codice_azienda',		 value: '',		 readonly: 'true',		 isVisible: 'false',		 newLine: 'true'	}	],
var form = [		{type: 'input',		 label: 'codice',		 inputType: 'text',		 name: 'codice',		 value: '',		 readonly: 'false',		 isVisible: 'true',		 newLine: 'true',		 validations: [		{		name: 'required',		validator: 'Validators.required',		message: 'Descrizione mancante'		}		]	}	],
var form = [		{type: 'input',		 label: 'descrizione_breve',		 inputType: 'text',		 name: 'descrizione_breve',		 value: '',		 readonly: 'false',		 isVisible: 'true',		 newLine: 'true',		 validations: [		{		name: 'required',	validator: 'Validators.required',	message: 'Codice mancante'	},	{	name: 'pattern',	validator: '^[a-zA-Z1-9&_ ]+$',	message: 'Uso caratteri non ammessi'	}	]	}	],
var form = [		{type: 'input',		 label: 'id_procedura',		 inputType: 'text',		 name: 'id_procedura',		 value: '',		 readonly: 'true',		 isVisible: 'true',		 newLine: 'true'	}	],
var form = [		{type: 'combobox',		 label: 'id_procedura_parent',		 inputType: 'text',		 name: 'id_procedura_parent',		 value: '',		 readonly: 'false',		 isVisible: 'true',		 newLine: 'true',		 options: []	}	],
var form = [		{type: 'input',		 label: 'ordinamento',		 inputType: 'text',		 name: 'ordinamento',		 value: '',		 readonly: 'false',		 isVisible: 'true',		 newLine: 'true'	}	],
var form = [		{type: 'input',		 label: 'tree_path',		 inputType: 'text',		 name: 'tree_path',		 value: '',		 readonly: 'false',		 isVisible: 'true',		 newLine: 'true'	}	],
var form = [		{type: 'input',		 label: 'frequenza',		 inputType: 'text',		 name: 'frequenza',		 value: '',		 readonly: 'false',		 isVisible: 'true',		 newLine: 'true'	}	],
var form = [		{type: 'input',		 label: 'strumento_informatico',		 inputType: 'text',		 name: 'strumento_informatico',		 value: '',		 readonly: 'false',		 isVisible: 'true',		 newLine: 'true'	}	],
var form = [		{type: 'combobox',		 label: 'id_centro_gest',		 inputType: 'text',		 name: 'id_centro_gest',		 value: '',		 readonly: 'false',		 isVisible: 'true',		 newLine: 'true',		 options: []	}	],
var form = [		{type: 'input',		 label: 'codice_part',		 inputType: 'text',		 name: 'codice_part',		 value: '',		 readonly: 'false',		 isVisible: 'true',		 newLine: 'true'	}	],
var form = [		{type: 'input',		 label: 'descrizione',		 inputType: 'text',		 name: 'descrizione',		 value: '',		 readonly: 'false',		 isVisible: 'true',		 newLine: 'true',		 validations: [		{		name: 'required',		validator: 'Validators.required',		message: 'Descrizione mancante'		}		]	}	],
var form = [		{type: 'combobox',		 label: 'tipo_procedura',		 inputType: 'text',		 name: 'tipo_procedura',		 value: '',		 readonly: 'false',		 isVisible: 'true',		 newLine: 'true',		 options: []	}	],
var form = [		{type: 'combobox',		 label: 'stato_attuazione',		 inputType: 'text',		 name: 'stato_attuazione',		 value: '',		 readonly: 'false',		 isVisible: 'true',		 newLine: 'true',		 options: []	}	],
var form = [		{type: 'combobox',		 label: 'id_tipo_processo',		 inputType: 'text',		 name: 'id_tipo_processo',		 value: '',		 readonly: 'false',		 isVisible: 'true',		 newLine: 'true',		 options: []	}	],
var form = [		{type: 'input',		 label: '',		 inputType: '',		 name: '0',		 value: '',		 readonly: 'false',		 isVisible: 'true',		 newLine: 'true'	}	],
var form = [		{type: 'input',		 label: '',		 inputType: '',		 name: '0',		 value: '',		 readonly: 'false',		 isVisible: 'true',		 newLine: 'true'	}	],
var form = [		{type: 'input',		 label: '',		 inputType: '',		 name: '0',		 value: '',		 readonly: 'false',		 isVisible: 'true',		 newLine: 'true'	}	],
var form = [		{type: 'input',		 label: '',		 inputType: '',		 name: '0',		 value: '',		 readonly: 'false',		 isVisible: 'true',		 newLine: 'true'	}	],
var form = [		{type: 'input',		 label: '',		 inputType: '',		 name: '0',		 value: '',		 readonly: 'false',		 isVisible: 'true',		 newLine: 'true'	}	],
var form = [		{type: 'input',		 label: '',		 inputType: '',		 name: '0',		 value: '',		 readonly: 'false',		 isVisible: 'true',		 newLine: 'true'	}	],
var form = [		{type: 'input',		 label: '',		 inputType: '',		 name: '0',		 value: '',		 readonly: 'false',		 isVisible: 'true',		 newLine: 'true'	}	],
var form = [		{type: 'input',		 label: '',		 inputType: '',		 name: '0',		 value: '',		 readonly: 'false',		 isVisible: 'true',		 newLine: 'true'	}	],
var form = [		{type: 'input',		 label: '',		 inputType: '',		 name: '0',		 value: '',		 readonly: 'false',		 isVisible: 'true',		 newLine: 'true'	}	],
var form = [		{type: 'input',		 label: '',		 inputType: '',		 name: '0',		 value: '',		 readonly: 'false',		 isVisible: 'true',		 newLine: 'true'	}	],
var form = [		{type: 'input',		 label: '',		 inputType: '',		 name: '0',		 value: '',		 readonly: 'false',		 isVisible: 'true',		 newLine: 'true'	}	],
var form = [		{type: 'input',		 label: '',		 inputType: '',		 name: '0',		 value: '',		 readonly: 'false',		 isVisible: 'true',		 newLine: 'true'	}	],
var form = [		{type: 'input',		 label: '',		 inputType: '',		 name: '0',		 value: '',		 readonly: 'false',		 isVisible: 'true',		 newLine: 'true'	}	],
var form = [		{type: 'input',		 label: '',		 inputType: '',		 name: '0',		 value: '',		 readonly: 'false',		 isVisible: 'true',		 newLine: 'true'	}	],
var form = [		{type: 'input',		 label: '',		 inputType: '',		 name: '0',		 value: '',		 readonly: 'false',		 isVisible: 'true',		 newLine: 'true'	}	],
var form = [		{type: 'input',		 label: '',		 inputType: '',		 name: '0',		 value: '',		 readonly: 'false',		 isVisible: 'true',		 newLine: 'true'	}	],
var form = [		{type: 'input',		 label: '',		 inputType: '',		 name: '0',		 value: '',		 readonly: 'false',		 isVisible: 'true',		 newLine: 'true'	}	],
var form = [		{type: 'input',		 label: '',		 inputType: '',		 name: '0',		 value: '',		 readonly: 'false',		 isVisible: 'true',		 newLine: 'true'	}	],
var form = [		{type: 'input',		 label: '',		 inputType: '',		 name: '0',		 value: '',		 readonly: 'false',		 isVisible: 'true',		 newLine: 'true'	}	],
var form = [		{type: 'input',		 label: '',		 inputType: '',		 name: '0',		 value: '',		 readonly: 'false',		 isVisible: 'true',		 newLine: 'true'	}	]";codice_azienda, codice, descrizione_breve, id_procedura_parent, ordinamento, tree_path, frequenza, strumento_informatico, id_centro_gest, codice_part, descrizione, tipo_procedura, stato_attuazione, id_tipo_processo, 0, 0, 0, 0, 0, 0, 0, 0, 0, 0, 0, 0, 0, 0, 0, 0, 0, 0, 0, 0;${body['codice_azienda'], ${body['codice'], ${body['descrizione_breve'], ${body[id_procedura_parent], ${body[ordinamento], ${body['tree_path'], ${body['frequenza'], ${body['strumento_informatico'], ${body[id_centro_gest], ${body['codice_part'], ${body['descrizione'], ${body['tipo_procedura'], ${body['stato_attuazione'], ${body[id_tipo_processo], ${body['0'], ${body['0'], ${body['0'], ${body['0'], ${body['0'], ${body['0'], ${body['0'], ${body['0'], ${body['0'], ${body['0'], ${body['0'], ${body['0'], ${body['0'], ${body['0'], ${body['0'], ${body['0'], ${body['0'], ${body['0'], ${body['0'], ${body['0'];codice_azienda=${body['codice_azienda'], codice=${body['codice'], descrizione_breve=${body['descrizione_breve'], id_procedura_parent=${body[id_procedura_parent], ordinamento=${body[ordinamento], tree_path=${body['tree_path'], frequenza=${body['frequenza'], strumento_informatico=${body['strumento_informatico'], id_centro_gest=${body[id_centro_gest], codice_part=${body['codice_part'], descrizione=${body['descrizione'], tipo_procedura=${body['tipo_procedura'], stato_attuazione=${body['stato_attuazione'], id_tipo_processo=${body[id_tipo_processo], 0=${body['0'], 0=${body['0'], 0=${body['0'], 0=${body['0'], 0=${body['0'], 0=${body['0'], 0=${body['0'], 0=${body['0'], 0=${body['0'], 0=${body['0'], 0=${body['0'], 0=${body['0'], 0=${body['0'], 0=${body['0'], 0=${body['0'], 0=${body['0'], 0=${body['0'], 0=${body['0'], 0=${body['0'], 0=${body['0'];;;codice_azienda=${body['codice_azienda'] AND id_procedura=${body['id_procedura'];;;;"`INSERT INTO entrasp.(codice_azienda, codice, descrizione_breve, id_procedura_parent, ordinamento, tree_path, frequenza, strumento_informatico, id_centro_gest, codice_part, descrizione, tipo_procedura, stato_attuazione, id_tipo_processo, 0, 0, 0, 0, 0, 0, 0, 0, 0, 0, 0, 0, 0, 0, 0, 0, 0, 0, 0, 0)Values(${body['codice_azienda'], ${body['codice'], ${body['descrizione_breve'], ${body[id_procedura_parent], ${body[ordinamento], ${body['tree_path'], ${body['frequenza'], ${body['strumento_informatico'], ${body[id_centro_gest], ${body['codice_part'], ${body['descrizione'], ${body['tipo_procedura'], ${body['stato_attuazione'], ${body[id_tipo_processo], ${body['0'], ${body['0'], ${body['0'], ${body['0'], ${body['0'], ${body['0'], ${body['0'], ${body['0'], ${body['0'], ${body['0'], ${body['0'], ${body['0'], ${body['0'], ${body['0'], ${body['0'], ${body['0'], ${body['0'], ${body['0'], ${body['0'], ${body['0'])RETURNING id_procedura;`";"`Update entrasp.SET codice_azienda=${body['codice_azienda'], codice=${body['codice'], descrizione_breve=${body['descrizione_breve'], id_procedura_parent=${body[id_procedura_parent], ordinamento=${body[ordinamento], tree_path=${body['tree_path'], frequenza=${body['frequenza'], strumento_informatico=${body['strumento_informatico'], id_centro_gest=${body[id_centro_gest], codice_part=${body['codice_part'], descrizione=${body['descrizione'], tipo_procedura=${body['tipo_procedura'], stato_attuazione=${body['stato_attuazione'], id_tipo_processo=${body[id_tipo_processo], 0=${body['0'], 0=${body['0'], 0=${body['0'], 0=${body['0'], 0=${body['0'], 0=${body['0'], 0=${body['0'], 0=${body['0'], 0=${body['0'], 0=${body['0'], 0=${body['0'], 0=${body['0'], 0=${body['0'], 0=${body['0'], 0=${body['0'], 0=${body['0'], 0=${body['0'], 0=${body['0'], 0=${body['0'], 0=${body['0'], 0=${body['0'], 0=${body['0'], 0=${body['0'], 0=${body['0'], 0=${body['0'], 0=${body['0'], 0=${body['0'], 0=${body['0'], 0=${body['0'], 0=${body['0'], 0=${body['0'], 0=${body['0'], 0=${body['0'], 0=${body['0']WHERE codice_azienda=${body['codice_azienda'] AND id_procedura=${body['id_procedura'];`";"`DELETE FROM entrasp.WHERE codice_azienda=${body['codice_azienda'] AND id_procedura=${body['id_procedura'];`"
0;input;;;0;;false;true;true;false;false;false;0;;"var form = [		{type: 'input',		 label: 'codice_azienda',		 inputType: 'text',		 name: 'codice_azienda',		 value: '',		 readonly: 'true',		 isVisible: 'false',		 newLine: 'true'	}	],
var form = [		{type: 'input',		 label: 'codice',		 inputType: 'text',		 name: 'codice',		 value: '',		 readonly: 'false',		 isVisible: 'true',		 newLine: 'true',		 validations: [		{		name: 'required',		validator: 'Validators.required',		message: 'Descrizione mancante'		}		]	}	],
var form = [		{type: 'input',		 label: 'descrizione_breve',		 inputType: 'text',		 name: 'descrizione_breve',		 value: '',		 readonly: 'false',		 isVisible: 'true',		 newLine: 'true',		 validations: [		{		name: 'required',	validator: 'Validators.required',	message: 'Codice mancante'	},	{	name: 'pattern',	validator: '^[a-zA-Z1-9&_ ]+$',	message: 'Uso caratteri non ammessi'	}	]	}	],
var form = [		{type: 'input',		 label: 'id_procedura',		 inputType: 'text',		 name: 'id_procedura',		 value: '',		 readonly: 'true',		 isVisible: 'true',		 newLine: 'true'	}	],
var form = [		{type: 'combobox',		 label: 'id_procedura_parent',		 inputType: 'text',		 name: 'id_procedura_parent',		 value: '',		 readonly: 'false',		 isVisible: 'true',		 newLine: 'true',		 options: []	}	],
var form = [		{type: 'input',		 label: 'ordinamento',		 inputType: 'text',		 name: 'ordinamento',		 value: '',		 readonly: 'false',		 isVisible: 'true',		 newLine: 'true'	}	],
var form = [		{type: 'input',		 label: 'tree_path',		 inputType: 'text',		 name: 'tree_path',		 value: '',		 readonly: 'false',		 isVisible: 'true',		 newLine: 'true'	}	],
var form = [		{type: 'input',		 label: 'frequenza',		 inputType: 'text',		 name: 'frequenza',		 value: '',		 readonly: 'false',		 isVisible: 'true',		 newLine: 'true'	}	],
var form = [		{type: 'input',		 label: 'strumento_informatico',		 inputType: 'text',		 name: 'strumento_informatico',		 value: '',		 readonly: 'false',		 isVisible: 'true',		 newLine: 'true'	}	],
var form = [		{type: 'combobox',		 label: 'id_centro_gest',		 inputType: 'text',		 name: 'id_centro_gest',		 value: '',		 readonly: 'false',		 isVisible: 'true',		 newLine: 'true',		 options: []	}	],
var form = [		{type: 'input',		 label: 'codice_part',		 inputType: 'text',		 name: 'codice_part',		 value: '',		 readonly: 'false',		 isVisible: 'true',		 newLine: 'true'	}	],
var form = [		{type: 'input',		 label: 'descrizione',		 inputType: 'text',		 name: 'descrizione',		 value: '',		 readonly: 'false',		 isVisible: 'true',		 newLine: 'true',		 validations: [		{		name: 'required',		validator: 'Validators.required',		message: 'Descrizione mancante'		}		]	}	],
var form = [		{type: 'combobox',		 label: 'tipo_procedura',		 inputType: 'text',		 name: 'tipo_procedura',		 value: '',		 readonly: 'false',		 isVisible: 'true',		 newLine: 'true',		 options: []	}	],
var form = [		{type: 'combobox',		 label: 'stato_attuazione',		 inputType: 'text',		 name: 'stato_attuazione',		 value: '',		 readonly: 'false',		 isVisible: 'true',		 newLine: 'true',		 options: []	}	],
var form = [		{type: 'combobox',		 label: 'id_tipo_processo',		 inputType: 'text',		 name: 'id_tipo_processo',		 value: '',		 readonly: 'false',		 isVisible: 'true',		 newLine: 'true',		 options: []	}	],
var form = [		{type: 'input',		 label: '',		 inputType: '',		 name: '0',		 value: '',		 readonly: 'false',		 isVisible: 'true',		 newLine: 'true'	}	],
var form = [		{type: 'input',		 label: '',		 inputType: '',		 name: '0',		 value: '',		 readonly: 'false',		 isVisible: 'true',		 newLine: 'true'	}	],
var form = [		{type: 'input',		 label: '',		 inputType: '',		 name: '0',		 value: '',		 readonly: 'false',		 isVisible: 'true',		 newLine: 'true'	}	],
var form = [		{type: 'input',		 label: '',		 inputType: '',		 name: '0',		 value: '',		 readonly: 'false',		 isVisible: 'true',		 newLine: 'true'	}	],
var form = [		{type: 'input',		 label: '',		 inputType: '',		 name: '0',		 value: '',		 readonly: 'false',		 isVisible: 'true',		 newLine: 'true'	}	],
var form = [		{type: 'input',		 label: '',		 inputType: '',		 name: '0',		 value: '',		 readonly: 'false',		 isVisible: 'true',		 newLine: 'true'	}	],
var form = [		{type: 'input',		 label: '',		 inputType: '',		 name: '0',		 value: '',		 readonly: 'false',		 isVisible: 'true',		 newLine: 'true'	}	],
var form = [		{type: 'input',		 label: '',		 inputType: '',		 name: '0',		 value: '',		 readonly: 'false',		 isVisible: 'true',		 newLine: 'true'	}	],
var form = [		{type: 'input',		 label: '',		 inputType: '',		 name: '0',		 value: '',		 readonly: 'false',		 isVisible: 'true',		 newLine: 'true'	}	],
var form = [		{type: 'input',		 label: '',		 inputType: '',		 name: '0',		 value: '',		 readonly: 'false',		 isVisible: 'true',		 newLine: 'true'	}	],
var form = [		{type: 'input',		 label: '',		 inputType: '',		 name: '0',		 value: '',		 readonly: 'false',		 isVisible: 'true',		 newLine: 'true'	}	],
var form = [		{type: 'input',		 label: '',		 inputType: '',		 name: '0',		 value: '',		 readonly: 'false',		 isVisible: 'true',		 newLine: 'true'	}	],
var form = [		{type: 'input',		 label: '',		 inputType: '',		 name: '0',		 value: '',		 readonly: 'false',		 isVisible: 'true',		 newLine: 'true'	}	],
var form = [		{type: 'input',		 label: '',		 inputType: '',		 name: '0',		 value: '',		 readonly: 'false',		 isVisible: 'true',		 newLine: 'true'	}	],
var form = [		{type: 'input',		 label: '',		 inputType: '',		 name: '0',		 value: '',		 readonly: 'false',		 isVisible: 'true',		 newLine: 'true'	}	],
var form = [		{type: 'input',		 label: '',		 inputType: '',		 name: '0',		 value: '',		 readonly: 'false',		 isVisible: 'true',		 newLine: 'true'	}	],
var form = [		{type: 'input',		 label: '',		 inputType: '',		 name: '0',		 value: '',		 readonly: 'false',		 isVisible: 'true',		 newLine: 'true'	}	],
var form = [		{type: 'input',		 label: '',		 inputType: '',		 name: '0',		 value: '',		 readonly: 'false',		 isVisible: 'true',		 newLine: 'true'	}	],
var form = [		{type: 'input',		 label: '',		 inputType: '',		 name: '0',		 value: '',		 readonly: 'false',		 isVisible: 'true',		 newLine: 'true'	}	],
var form = [		{type: 'input',		 label: '',		 inputType: '',		 name: '0',		 value: '',		 readonly: 'false',		 isVisible: 'true',		 newLine: 'true'	}	],
var form = [		{type: 'input',		 label: '',		 inputType: '',		 name: '0',		 value: '',		 readonly: 'false',		 isVisible: 'true',		 newLine: 'true'	}	]";codice_azienda, codice, descrizione_breve, id_procedura_parent, ordinamento, tree_path, frequenza, strumento_informatico, id_centro_gest, codice_part, descrizione, tipo_procedura, stato_attuazione, id_tipo_processo, 0, 0, 0, 0, 0, 0, 0, 0, 0, 0, 0, 0, 0, 0, 0, 0, 0, 0, 0, 0, 0;${body['codice_azienda'], ${body['codice'], ${body['descrizione_breve'], ${body[id_procedura_parent], ${body[ordinamento], ${body['tree_path'], ${body['frequenza'], ${body['strumento_informatico'], ${body[id_centro_gest], ${body['codice_part'], ${body['descrizione'], ${body['tipo_procedura'], ${body['stato_attuazione'], ${body[id_tipo_processo], ${body['0'], ${body['0'], ${body['0'], ${body['0'], ${body['0'], ${body['0'], ${body['0'], ${body['0'], ${body['0'], ${body['0'], ${body['0'], ${body['0'], ${body['0'], ${body['0'], ${body['0'], ${body['0'], ${body['0'], ${body['0'], ${body['0'], ${body['0'], ${body['0'];codice_azienda=${body['codice_azienda'], codice=${body['codice'], descrizione_breve=${body['descrizione_breve'], id_procedura_parent=${body[id_procedura_parent], ordinamento=${body[ordinamento], tree_path=${body['tree_path'], frequenza=${body['frequenza'], strumento_informatico=${body['strumento_informatico'], id_centro_gest=${body[id_centro_gest], codice_part=${body['codice_part'], descrizione=${body['descrizione'], tipo_procedura=${body['tipo_procedura'], stato_attuazione=${body['stato_attuazione'], id_tipo_processo=${body[id_tipo_processo], 0=${body['0'], 0=${body['0'], 0=${body['0'], 0=${body['0'], 0=${body['0'], 0=${body['0'], 0=${body['0'], 0=${body['0'], 0=${body['0'], 0=${body['0'], 0=${body['0'], 0=${body['0'], 0=${body['0'], 0=${body['0'], 0=${body['0'], 0=${body['0'], 0=${body['0'], 0=${body['0'], 0=${body['0'], 0=${body['0'], 0=${body['0'];;;codice_azienda=${body['codice_azienda'] AND id_procedura=${body['id_procedura'];;;;"`INSERT INTO entrasp.(codice_azienda, codice, descrizione_breve, id_procedura_parent, ordinamento, tree_path, frequenza, strumento_informatico, id_centro_gest, codice_part, descrizione, tipo_procedura, stato_attuazione, id_tipo_processo, 0, 0, 0, 0, 0, 0, 0, 0, 0, 0, 0, 0, 0, 0, 0, 0, 0, 0, 0, 0, 0)Values(${body['codice_azienda'], ${body['codice'], ${body['descrizione_breve'], ${body[id_procedura_parent], ${body[ordinamento], ${body['tree_path'], ${body['frequenza'], ${body['strumento_informatico'], ${body[id_centro_gest], ${body['codice_part'], ${body['descrizione'], ${body['tipo_procedura'], ${body['stato_attuazione'], ${body[id_tipo_processo], ${body['0'], ${body['0'], ${body['0'], ${body['0'], ${body['0'], ${body['0'], ${body['0'], ${body['0'], ${body['0'], ${body['0'], ${body['0'], ${body['0'], ${body['0'], ${body['0'], ${body['0'], ${body['0'], ${body['0'], ${body['0'], ${body['0'], ${body['0'], ${body['0'])RETURNING id_procedura;`";"`Update entrasp.SET codice_azienda=${body['codice_azienda'], codice=${body['codice'], descrizione_breve=${body['descrizione_breve'], id_procedura_parent=${body[id_procedura_parent], ordinamento=${body[ordinamento], tree_path=${body['tree_path'], frequenza=${body['frequenza'], strumento_informatico=${body['strumento_informatico'], id_centro_gest=${body[id_centro_gest], codice_part=${body['codice_part'], descrizione=${body['descrizione'], tipo_procedura=${body['tipo_procedura'], stato_attuazione=${body['stato_attuazione'], id_tipo_processo=${body[id_tipo_processo], 0=${body['0'], 0=${body['0'], 0=${body['0'], 0=${body['0'], 0=${body['0'], 0=${body['0'], 0=${body['0'], 0=${body['0'], 0=${body['0'], 0=${body['0'], 0=${body['0'], 0=${body['0'], 0=${body['0'], 0=${body['0'], 0=${body['0'], 0=${body['0'], 0=${body['0'], 0=${body['0'], 0=${body['0'], 0=${body['0'], 0=${body['0'], 0=${body['0'], 0=${body['0'], 0=${body['0'], 0=${body['0'], 0=${body['0'], 0=${body['0'], 0=${body['0'], 0=${body['0'], 0=${body['0'], 0=${body['0'], 0=${body['0'], 0=${body['0'], 0=${body['0'], 0=${body['0']WHERE codice_azienda=${body['codice_azienda'] AND id_procedura=${body['id_procedura'];`";"`DELETE FROM entrasp.WHERE codice_azienda=${body['codice_azienda'] AND id_procedura=${body['id_procedura'];`"
0;input;;;0;;false;true;true;false;false;false;0;;"var form = [		{type: 'input',		 label: 'codice_azienda',		 inputType: 'text',		 name: 'codice_azienda',		 value: '',		 readonly: 'true',		 isVisible: 'false',		 newLine: 'true'	}	],
var form = [		{type: 'input',		 label: 'codice',		 inputType: 'text',		 name: 'codice',		 value: '',		 readonly: 'false',		 isVisible: 'true',		 newLine: 'true',		 validations: [		{		name: 'required',		validator: 'Validators.required',		message: 'Descrizione mancante'		}		]	}	],
var form = [		{type: 'input',		 label: 'descrizione_breve',		 inputType: 'text',		 name: 'descrizione_breve',		 value: '',		 readonly: 'false',		 isVisible: 'true',		 newLine: 'true',		 validations: [		{		name: 'required',	validator: 'Validators.required',	message: 'Codice mancante'	},	{	name: 'pattern',	validator: '^[a-zA-Z1-9&_ ]+$',	message: 'Uso caratteri non ammessi'	}	]	}	],
var form = [		{type: 'input',		 label: 'id_procedura',		 inputType: 'text',		 name: 'id_procedura',		 value: '',		 readonly: 'true',		 isVisible: 'true',		 newLine: 'true'	}	],
var form = [		{type: 'combobox',		 label: 'id_procedura_parent',		 inputType: 'text',		 name: 'id_procedura_parent',		 value: '',		 readonly: 'false',		 isVisible: 'true',		 newLine: 'true',		 options: []	}	],
var form = [		{type: 'input',		 label: 'ordinamento',		 inputType: 'text',		 name: 'ordinamento',		 value: '',		 readonly: 'false',		 isVisible: 'true',		 newLine: 'true'	}	],
var form = [		{type: 'input',		 label: 'tree_path',		 inputType: 'text',		 name: 'tree_path',		 value: '',		 readonly: 'false',		 isVisible: 'true',		 newLine: 'true'	}	],
var form = [		{type: 'input',		 label: 'frequenza',		 inputType: 'text',		 name: 'frequenza',		 value: '',		 readonly: 'false',		 isVisible: 'true',		 newLine: 'true'	}	],
var form = [		{type: 'input',		 label: 'strumento_informatico',		 inputType: 'text',		 name: 'strumento_informatico',		 value: '',		 readonly: 'false',		 isVisible: 'true',		 newLine: 'true'	}	],
var form = [		{type: 'combobox',		 label: 'id_centro_gest',		 inputType: 'text',		 name: 'id_centro_gest',		 value: '',		 readonly: 'false',		 isVisible: 'true',		 newLine: 'true',		 options: []	}	],
var form = [		{type: 'input',		 label: 'codice_part',		 inputType: 'text',		 name: 'codice_part',		 value: '',		 readonly: 'false',		 isVisible: 'true',		 newLine: 'true'	}	],
var form = [		{type: 'input',		 label: 'descrizione',		 inputType: 'text',		 name: 'descrizione',		 value: '',		 readonly: 'false',		 isVisible: 'true',		 newLine: 'true',		 validations: [		{		name: 'required',		validator: 'Validators.required',		message: 'Descrizione mancante'		}		]	}	],
var form = [		{type: 'combobox',		 label: 'tipo_procedura',		 inputType: 'text',		 name: 'tipo_procedura',		 value: '',		 readonly: 'false',		 isVisible: 'true',		 newLine: 'true',		 options: []	}	],
var form = [		{type: 'combobox',		 label: 'stato_attuazione',		 inputType: 'text',		 name: 'stato_attuazione',		 value: '',		 readonly: 'false',		 isVisible: 'true',		 newLine: 'true',		 options: []	}	],
var form = [		{type: 'combobox',		 label: 'id_tipo_processo',		 inputType: 'text',		 name: 'id_tipo_processo',		 value: '',		 readonly: 'false',		 isVisible: 'true',		 newLine: 'true',		 options: []	}	],
var form = [		{type: 'input',		 label: '',		 inputType: '',		 name: '0',		 value: '',		 readonly: 'false',		 isVisible: 'true',		 newLine: 'true'	}	],
var form = [		{type: 'input',		 label: '',		 inputType: '',		 name: '0',		 value: '',		 readonly: 'false',		 isVisible: 'true',		 newLine: 'true'	}	],
var form = [		{type: 'input',		 label: '',		 inputType: '',		 name: '0',		 value: '',		 readonly: 'false',		 isVisible: 'true',		 newLine: 'true'	}	],
var form = [		{type: 'input',		 label: '',		 inputType: '',		 name: '0',		 value: '',		 readonly: 'false',		 isVisible: 'true',		 newLine: 'true'	}	],
var form = [		{type: 'input',		 label: '',		 inputType: '',		 name: '0',		 value: '',		 readonly: 'false',		 isVisible: 'true',		 newLine: 'true'	}	],
var form = [		{type: 'input',		 label: '',		 inputType: '',		 name: '0',		 value: '',		 readonly: 'false',		 isVisible: 'true',		 newLine: 'true'	}	],
var form = [		{type: 'input',		 label: '',		 inputType: '',		 name: '0',		 value: '',		 readonly: 'false',		 isVisible: 'true',		 newLine: 'true'	}	],
var form = [		{type: 'input',		 label: '',		 inputType: '',		 name: '0',		 value: '',		 readonly: 'false',		 isVisible: 'true',		 newLine: 'true'	}	],
var form = [		{type: 'input',		 label: '',		 inputType: '',		 name: '0',		 value: '',		 readonly: 'false',		 isVisible: 'true',		 newLine: 'true'	}	],
var form = [		{type: 'input',		 label: '',		 inputType: '',		 name: '0',		 value: '',		 readonly: 'false',		 isVisible: 'true',		 newLine: 'true'	}	],
var form = [		{type: 'input',		 label: '',		 inputType: '',		 name: '0',		 value: '',		 readonly: 'false',		 isVisible: 'true',		 newLine: 'true'	}	],
var form = [		{type: 'input',		 label: '',		 inputType: '',		 name: '0',		 value: '',		 readonly: 'false',		 isVisible: 'true',		 newLine: 'true'	}	],
var form = [		{type: 'input',		 label: '',		 inputType: '',		 name: '0',		 value: '',		 readonly: 'false',		 isVisible: 'true',		 newLine: 'true'	}	],
var form = [		{type: 'input',		 label: '',		 inputType: '',		 name: '0',		 value: '',		 readonly: 'false',		 isVisible: 'true',		 newLine: 'true'	}	],
var form = [		{type: 'input',		 label: '',		 inputType: '',		 name: '0',		 value: '',		 readonly: 'false',		 isVisible: 'true',		 newLine: 'true'	}	],
var form = [		{type: 'input',		 label: '',		 inputType: '',		 name: '0',		 value: '',		 readonly: 'false',		 isVisible: 'true',		 newLine: 'true'	}	],
var form = [		{type: 'input',		 label: '',		 inputType: '',		 name: '0',		 value: '',		 readonly: 'false',		 isVisible: 'true',		 newLine: 'true'	}	],
var form = [		{type: 'input',		 label: '',		 inputType: '',		 name: '0',		 value: '',		 readonly: 'false',		 isVisible: 'true',		 newLine: 'true'	}	],
var form = [		{type: 'input',		 label: '',		 inputType: '',		 name: '0',		 value: '',		 readonly: 'false',		 isVisible: 'true',		 newLine: 'true'	}	],
var form = [		{type: 'input',		 label: '',		 inputType: '',		 name: '0',		 value: '',		 readonly: 'false',		 isVisible: 'true',		 newLine: 'true'	}	],
var form = [		{type: 'input',		 label: '',		 inputType: '',		 name: '0',		 value: '',		 readonly: 'false',		 isVisible: 'true',		 newLine: 'true'	}	],
var form = [		{type: 'input',		 label: '',		 inputType: '',		 name: '0',		 value: '',		 readonly: 'false',		 isVisible: 'true',		 newLine: 'true'	}	]";codice_azienda, codice, descrizione_breve, id_procedura_parent, ordinamento, tree_path, frequenza, strumento_informatico, id_centro_gest, codice_part, descrizione, tipo_procedura, stato_attuazione, id_tipo_processo, 0, 0, 0, 0, 0, 0, 0, 0, 0, 0, 0, 0, 0, 0, 0, 0, 0, 0, 0, 0, 0, 0;${body['codice_azienda'], ${body['codice'], ${body['descrizione_breve'], ${body[id_procedura_parent], ${body[ordinamento], ${body['tree_path'], ${body['frequenza'], ${body['strumento_informatico'], ${body[id_centro_gest], ${body['codice_part'], ${body['descrizione'], ${body['tipo_procedura'], ${body['stato_attuazione'], ${body[id_tipo_processo], ${body['0'], ${body['0'], ${body['0'], ${body['0'], ${body['0'], ${body['0'], ${body['0'], ${body['0'], ${body['0'], ${body['0'], ${body['0'], ${body['0'], ${body['0'], ${body['0'], ${body['0'], ${body['0'], ${body['0'], ${body['0'], ${body['0'], ${body['0'], ${body['0'], ${body['0'];codice_azienda=${body['codice_azienda'], codice=${body['codice'], descrizione_breve=${body['descrizione_breve'], id_procedura_parent=${body[id_procedura_parent], ordinamento=${body[ordinamento], tree_path=${body['tree_path'], frequenza=${body['frequenza'], strumento_informatico=${body['strumento_informatico'], id_centro_gest=${body[id_centro_gest], codice_part=${body['codice_part'], descrizione=${body['descrizione'], tipo_procedura=${body['tipo_procedura'], stato_attuazione=${body['stato_attuazione'], id_tipo_processo=${body[id_tipo_processo], 0=${body['0'], 0=${body['0'], 0=${body['0'], 0=${body['0'], 0=${body['0'], 0=${body['0'], 0=${body['0'], 0=${body['0'], 0=${body['0'], 0=${body['0'], 0=${body['0'], 0=${body['0'], 0=${body['0'], 0=${body['0'], 0=${body['0'], 0=${body['0'], 0=${body['0'], 0=${body['0'], 0=${body['0'], 0=${body['0'], 0=${body['0'], 0=${body['0'];;;codice_azienda=${body['codice_azienda'] AND id_procedura=${body['id_procedura'];;;;"`INSERT INTO entrasp.(codice_azienda, codice, descrizione_breve, id_procedura_parent, ordinamento, tree_path, frequenza, strumento_informatico, id_centro_gest, codice_part, descrizione, tipo_procedura, stato_attuazione, id_tipo_processo, 0, 0, 0, 0, 0, 0, 0, 0, 0, 0, 0, 0, 0, 0, 0, 0, 0, 0, 0, 0, 0, 0)Values(${body['codice_azienda'], ${body['codice'], ${body['descrizione_breve'], ${body[id_procedura_parent], ${body[ordinamento], ${body['tree_path'], ${body['frequenza'], ${body['strumento_informatico'], ${body[id_centro_gest], ${body['codice_part'], ${body['descrizione'], ${body['tipo_procedura'], ${body['stato_attuazione'], ${body[id_tipo_processo], ${body['0'], ${body['0'], ${body['0'], ${body['0'], ${body['0'], ${body['0'], ${body['0'], ${body['0'], ${body['0'], ${body['0'], ${body['0'], ${body['0'], ${body['0'], ${body['0'], ${body['0'], ${body['0'], ${body['0'], ${body['0'], ${body['0'], ${body['0'], ${body['0'], ${body['0'])RETURNING id_procedura;`";"`Update entrasp.SET codice_azienda=${body['codice_azienda'], codice=${body['codice'], descrizione_breve=${body['descrizione_breve'], id_procedura_parent=${body[id_procedura_parent], ordinamento=${body[ordinamento], tree_path=${body['tree_path'], frequenza=${body['frequenza'], strumento_informatico=${body['strumento_informatico'], id_centro_gest=${body[id_centro_gest], codice_part=${body['codice_part'], descrizione=${body['descrizione'], tipo_procedura=${body['tipo_procedura'], stato_attuazione=${body['stato_attuazione'], id_tipo_processo=${body[id_tipo_processo], 0=${body['0'], 0=${body['0'], 0=${body['0'], 0=${body['0'], 0=${body['0'], 0=${body['0'], 0=${body['0'], 0=${body['0'], 0=${body['0'], 0=${body['0'], 0=${body['0'], 0=${body['0'], 0=${body['0'], 0=${body['0'], 0=${body['0'], 0=${body['0'], 0=${body['0'], 0=${body['0'], 0=${body['0'], 0=${body['0'], 0=${body['0'], 0=${body['0'], 0=${body['0'], 0=${body['0'], 0=${body['0'], 0=${body['0'], 0=${body['0'], 0=${body['0'], 0=${body['0'], 0=${body['0'], 0=${body['0'], 0=${body['0'], 0=${body['0'], 0=${body['0'], 0=${body['0'], 0=${body['0']WHERE codice_azienda=${body['codice_azienda'] AND id_procedura=${body['id_procedura'];`";"`DELETE FROM entrasp.WHERE codice_azienda=${body['codice_azienda'] AND id_procedura=${body['id_procedura'];`"
0;input;;;0;;false;true;true;false;false;false;0;;"var form = [		{type: 'input',		 label: 'codice_azienda',		 inputType: 'text',		 name: 'codice_azienda',		 value: '',		 readonly: 'true',		 isVisible: 'false',		 newLine: 'true'	}	],
var form = [		{type: 'input',		 label: 'codice',		 inputType: 'text',		 name: 'codice',		 value: '',		 readonly: 'false',		 isVisible: 'true',		 newLine: 'true',		 validations: [		{		name: 'required',		validator: 'Validators.required',		message: 'Descrizione mancante'		}		]	}	],
var form = [		{type: 'input',		 label: 'descrizione_breve',		 inputType: 'text',		 name: 'descrizione_breve',		 value: '',		 readonly: 'false',		 isVisible: 'true',		 newLine: 'true',		 validations: [		{		name: 'required',	validator: 'Validators.required',	message: 'Codice mancante'	},	{	name: 'pattern',	validator: '^[a-zA-Z1-9&_ ]+$',	message: 'Uso caratteri non ammessi'	}	]	}	],
var form = [		{type: 'input',		 label: 'id_procedura',		 inputType: 'text',		 name: 'id_procedura',		 value: '',		 readonly: 'true',		 isVisible: 'true',		 newLine: 'true'	}	],
var form = [		{type: 'combobox',		 label: 'id_procedura_parent',		 inputType: 'text',		 name: 'id_procedura_parent',		 value: '',		 readonly: 'false',		 isVisible: 'true',		 newLine: 'true',		 options: []	}	],
var form = [		{type: 'input',		 label: 'ordinamento',		 inputType: 'text',		 name: 'ordinamento',		 value: '',		 readonly: 'false',		 isVisible: 'true',		 newLine: 'true'	}	],
var form = [		{type: 'input',		 label: 'tree_path',		 inputType: 'text',		 name: 'tree_path',		 value: '',		 readonly: 'false',		 isVisible: 'true',		 newLine: 'true'	}	],
var form = [		{type: 'input',		 label: 'frequenza',		 inputType: 'text',		 name: 'frequenza',		 value: '',		 readonly: 'false',		 isVisible: 'true',		 newLine: 'true'	}	],
var form = [		{type: 'input',		 label: 'strumento_informatico',		 inputType: 'text',		 name: 'strumento_informatico',		 value: '',		 readonly: 'false',		 isVisible: 'true',		 newLine: 'true'	}	],
var form = [		{type: 'combobox',		 label: 'id_centro_gest',		 inputType: 'text',		 name: 'id_centro_gest',		 value: '',		 readonly: 'false',		 isVisible: 'true',		 newLine: 'true',		 options: []	}	],
var form = [		{type: 'input',		 label: 'codice_part',		 inputType: 'text',		 name: 'codice_part',		 value: '',		 readonly: 'false',		 isVisible: 'true',		 newLine: 'true'	}	],
var form = [		{type: 'input',		 label: 'descrizione',		 inputType: 'text',		 name: 'descrizione',		 value: '',		 readonly: 'false',		 isVisible: 'true',		 newLine: 'true',		 validations: [		{		name: 'required',		validator: 'Validators.required',		message: 'Descrizione mancante'		}		]	}	],
var form = [		{type: 'combobox',		 label: 'tipo_procedura',		 inputType: 'text',		 name: 'tipo_procedura',		 value: '',		 readonly: 'false',		 isVisible: 'true',		 newLine: 'true',		 options: []	}	],
var form = [		{type: 'combobox',		 label: 'stato_attuazione',		 inputType: 'text',		 name: 'stato_attuazione',		 value: '',		 readonly: 'false',		 isVisible: 'true',		 newLine: 'true',		 options: []	}	],
var form = [		{type: 'combobox',		 label: 'id_tipo_processo',		 inputType: 'text',		 name: 'id_tipo_processo',		 value: '',		 readonly: 'false',		 isVisible: 'true',		 newLine: 'true',		 options: []	}	],
var form = [		{type: 'input',		 label: '',		 inputType: '',		 name: '0',		 value: '',		 readonly: 'false',		 isVisible: 'true',		 newLine: 'true'	}	],
var form = [		{type: 'input',		 label: '',		 inputType: '',		 name: '0',		 value: '',		 readonly: 'false',		 isVisible: 'true',		 newLine: 'true'	}	],
var form = [		{type: 'input',		 label: '',		 inputType: '',		 name: '0',		 value: '',		 readonly: 'false',		 isVisible: 'true',		 newLine: 'true'	}	],
var form = [		{type: 'input',		 label: '',		 inputType: '',		 name: '0',		 value: '',		 readonly: 'false',		 isVisible: 'true',		 newLine: 'true'	}	],
var form = [		{type: 'input',		 label: '',		 inputType: '',		 name: '0',		 value: '',		 readonly: 'false',		 isVisible: 'true',		 newLine: 'true'	}	],
var form = [		{type: 'input',		 label: '',		 inputType: '',		 name: '0',		 value: '',		 readonly: 'false',		 isVisible: 'true',		 newLine: 'true'	}	],
var form = [		{type: 'input',		 label: '',		 inputType: '',		 name: '0',		 value: '',		 readonly: 'false',		 isVisible: 'true',		 newLine: 'true'	}	],
var form = [		{type: 'input',		 label: '',		 inputType: '',		 name: '0',		 value: '',		 readonly: 'false',		 isVisible: 'true',		 newLine: 'true'	}	],
var form = [		{type: 'input',		 label: '',		 inputType: '',		 name: '0',		 value: '',		 readonly: 'false',		 isVisible: 'true',		 newLine: 'true'	}	],
var form = [		{type: 'input',		 label: '',		 inputType: '',		 name: '0',		 value: '',		 readonly: 'false',		 isVisible: 'true',		 newLine: 'true'	}	],
var form = [		{type: 'input',		 label: '',		 inputType: '',		 name: '0',		 value: '',		 readonly: 'false',		 isVisible: 'true',		 newLine: 'true'	}	],
var form = [		{type: 'input',		 label: '',		 inputType: '',		 name: '0',		 value: '',		 readonly: 'false',		 isVisible: 'true',		 newLine: 'true'	}	],
var form = [		{type: 'input',		 label: '',		 inputType: '',		 name: '0',		 value: '',		 readonly: 'false',		 isVisible: 'true',		 newLine: 'true'	}	],
var form = [		{type: 'input',		 label: '',		 inputType: '',		 name: '0',		 value: '',		 readonly: 'false',		 isVisible: 'true',		 newLine: 'true'	}	],
var form = [		{type: 'input',		 label: '',		 inputType: '',		 name: '0',		 value: '',		 readonly: 'false',		 isVisible: 'true',		 newLine: 'true'	}	],
var form = [		{type: 'input',		 label: '',		 inputType: '',		 name: '0',		 value: '',		 readonly: 'false',		 isVisible: 'true',		 newLine: 'true'	}	],
var form = [		{type: 'input',		 label: '',		 inputType: '',		 name: '0',		 value: '',		 readonly: 'false',		 isVisible: 'true',		 newLine: 'true'	}	],
var form = [		{type: 'input',		 label: '',		 inputType: '',		 name: '0',		 value: '',		 readonly: 'false',		 isVisible: 'true',		 newLine: 'true'	}	],
var form = [		{type: 'input',		 label: '',		 inputType: '',		 name: '0',		 value: '',		 readonly: 'false',		 isVisible: 'true',		 newLine: 'true'	}	],
var form = [		{type: 'input',		 label: '',		 inputType: '',		 name: '0',		 value: '',		 readonly: 'false',		 isVisible: 'true',		 newLine: 'true'	}	],
var form = [		{type: 'input',		 label: '',		 inputType: '',		 name: '0',		 value: '',		 readonly: 'false',		 isVisible: 'true',		 newLine: 'true'	}	],
var form = [		{type: 'input',		 label: '',		 inputType: '',		 name: '0',		 value: '',		 readonly: 'false',		 isVisible: 'true',		 newLine: 'true'	}	],
var form = [		{type: 'input',		 label: '',		 inputType: '',		 name: '0',		 value: '',		 readonly: 'false',		 isVisible: 'true',		 newLine: 'true'	}	]";codice_azienda, codice, descrizione_breve, id_procedura_parent, ordinamento, tree_path, frequenza, strumento_informatico, id_centro_gest, codice_part, descrizione, tipo_procedura, stato_attuazione, id_tipo_processo, 0, 0, 0, 0, 0, 0, 0, 0, 0, 0, 0, 0, 0, 0, 0, 0, 0, 0, 0, 0, 0, 0, 0;${body['codice_azienda'], ${body['codice'], ${body['descrizione_breve'], ${body[id_procedura_parent], ${body[ordinamento], ${body['tree_path'], ${body['frequenza'], ${body['strumento_informatico'], ${body[id_centro_gest], ${body['codice_part'], ${body['descrizione'], ${body['tipo_procedura'], ${body['stato_attuazione'], ${body[id_tipo_processo], ${body['0'], ${body['0'], ${body['0'], ${body['0'], ${body['0'], ${body['0'], ${body['0'], ${body['0'], ${body['0'], ${body['0'], ${body['0'], ${body['0'], ${body['0'], ${body['0'], ${body['0'], ${body['0'], ${body['0'], ${body['0'], ${body['0'], ${body['0'], ${body['0'], ${body['0'], ${body['0'];codice_azienda=${body['codice_azienda'], codice=${body['codice'], descrizione_breve=${body['descrizione_breve'], id_procedura_parent=${body[id_procedura_parent], ordinamento=${body[ordinamento], tree_path=${body['tree_path'], frequenza=${body['frequenza'], strumento_informatico=${body['strumento_informatico'], id_centro_gest=${body[id_centro_gest], codice_part=${body['codice_part'], descrizione=${body['descrizione'], tipo_procedura=${body['tipo_procedura'], stato_attuazione=${body['stato_attuazione'], id_tipo_processo=${body[id_tipo_processo], 0=${body['0'], 0=${body['0'], 0=${body['0'], 0=${body['0'], 0=${body['0'], 0=${body['0'], 0=${body['0'], 0=${body['0'], 0=${body['0'], 0=${body['0'], 0=${body['0'], 0=${body['0'], 0=${body['0'], 0=${body['0'], 0=${body['0'], 0=${body['0'], 0=${body['0'], 0=${body['0'], 0=${body['0'], 0=${body['0'], 0=${body['0'], 0=${body['0'], 0=${body['0'];;;codice_azienda=${body['codice_azienda'] AND id_procedura=${body['id_procedura'];;;;"`INSERT INTO entrasp.(codice_azienda, codice, descrizione_breve, id_procedura_parent, ordinamento, tree_path, frequenza, strumento_informatico, id_centro_gest, codice_part, descrizione, tipo_procedura, stato_attuazione, id_tipo_processo, 0, 0, 0, 0, 0, 0, 0, 0, 0, 0, 0, 0, 0, 0, 0, 0, 0, 0, 0, 0, 0, 0, 0)Values(${body['codice_azienda'], ${body['codice'], ${body['descrizione_breve'], ${body[id_procedura_parent], ${body[ordinamento], ${body['tree_path'], ${body['frequenza'], ${body['strumento_informatico'], ${body[id_centro_gest], ${body['codice_part'], ${body['descrizione'], ${body['tipo_procedura'], ${body['stato_attuazione'], ${body[id_tipo_processo], ${body['0'], ${body['0'], ${body['0'], ${body['0'], ${body['0'], ${body['0'], ${body['0'], ${body['0'], ${body['0'], ${body['0'], ${body['0'], ${body['0'], ${body['0'], ${body['0'], ${body['0'], ${body['0'], ${body['0'], ${body['0'], ${body['0'], ${body['0'], ${body['0'], ${body['0'], ${body['0'])RETURNING id_procedura;`";"`Update entrasp.SET codice_azienda=${body['codice_azienda'], codice=${body['codice'], descrizione_breve=${body['descrizione_breve'], id_procedura_parent=${body[id_procedura_parent], ordinamento=${body[ordinamento], tree_path=${body['tree_path'], frequenza=${body['frequenza'], strumento_informatico=${body['strumento_informatico'], id_centro_gest=${body[id_centro_gest], codice_part=${body['codice_part'], descrizione=${body['descrizione'], tipo_procedura=${body['tipo_procedura'], stato_attuazione=${body['stato_attuazione'], id_tipo_processo=${body[id_tipo_processo], 0=${body['0'], 0=${body['0'], 0=${body['0'], 0=${body['0'], 0=${body['0'], 0=${body['0'], 0=${body['0'], 0=${body['0'], 0=${body['0'], 0=${body['0'], 0=${body['0'], 0=${body['0'], 0=${body['0'], 0=${body['0'], 0=${body['0'], 0=${body['0'], 0=${body['0'], 0=${body['0'], 0=${body['0'], 0=${body['0'], 0=${body['0'], 0=${body['0'], 0=${body['0'], 0=${body['0'], 0=${body['0'], 0=${body['0'], 0=${body['0'], 0=${body['0'], 0=${body['0'], 0=${body['0'], 0=${body['0'], 0=${body['0'], 0=${body['0'], 0=${body['0'], 0=${body['0'], 0=${body['0'], 0=${body['0']WHERE codice_azienda=${body['codice_azienda'] AND id_procedura=${body['id_procedura'];`";"`DELETE FROM entrasp.WHERE codice_azienda=${body['codice_azienda'] AND id_procedura=${body['id_procedura'];`"
0;input;;;0;;false;true;true;false;false;false;0;;"var form = [		{type: 'input',		 label: 'codice_azienda',		 inputType: 'text',		 name: 'codice_azienda',		 value: '',		 readonly: 'true',		 isVisible: 'false',		 newLine: 'true'	}	],
var form = [		{type: 'input',		 label: 'codice',		 inputType: 'text',		 name: 'codice',		 value: '',		 readonly: 'false',		 isVisible: 'true',		 newLine: 'true',		 validations: [		{		name: 'required',		validator: 'Validators.required',		message: 'Descrizione mancante'		}		]	}	],
var form = [		{type: 'input',		 label: 'descrizione_breve',		 inputType: 'text',		 name: 'descrizione_breve',		 value: '',		 readonly: 'false',		 isVisible: 'true',		 newLine: 'true',		 validations: [		{		name: 'required',	validator: 'Validators.required',	message: 'Codice mancante'	},	{	name: 'pattern',	validator: '^[a-zA-Z1-9&_ ]+$',	message: 'Uso caratteri non ammessi'	}	]	}	],
var form = [		{type: 'input',		 label: 'id_procedura',		 inputType: 'text',		 name: 'id_procedura',		 value: '',		 readonly: 'true',		 isVisible: 'true',		 newLine: 'true'	}	],
var form = [		{type: 'combobox',		 label: 'id_procedura_parent',		 inputType: 'text',		 name: 'id_procedura_parent',		 value: '',		 readonly: 'false',		 isVisible: 'true',		 newLine: 'true',		 options: []	}	],
var form = [		{type: 'input',		 label: 'ordinamento',		 inputType: 'text',		 name: 'ordinamento',		 value: '',		 readonly: 'false',		 isVisible: 'true',		 newLine: 'true'	}	],
var form = [		{type: 'input',		 label: 'tree_path',		 inputType: 'text',		 name: 'tree_path',		 value: '',		 readonly: 'false',		 isVisible: 'true',		 newLine: 'true'	}	],
var form = [		{type: 'input',		 label: 'frequenza',		 inputType: 'text',		 name: 'frequenza',		 value: '',		 readonly: 'false',		 isVisible: 'true',		 newLine: 'true'	}	],
var form = [		{type: 'input',		 label: 'strumento_informatico',		 inputType: 'text',		 name: 'strumento_informatico',		 value: '',		 readonly: 'false',		 isVisible: 'true',		 newLine: 'true'	}	],
var form = [		{type: 'combobox',		 label: 'id_centro_gest',		 inputType: 'text',		 name: 'id_centro_gest',		 value: '',		 readonly: 'false',		 isVisible: 'true',		 newLine: 'true',		 options: []	}	],
var form = [		{type: 'input',		 label: 'codice_part',		 inputType: 'text',		 name: 'codice_part',		 value: '',		 readonly: 'false',		 isVisible: 'true',		 newLine: 'true'	}	],
var form = [		{type: 'input',		 label: 'descrizione',		 inputType: 'text',		 name: 'descrizione',		 value: '',		 readonly: 'false',		 isVisible: 'true',		 newLine: 'true',		 validations: [		{		name: 'required',		validator: 'Validators.required',		message: 'Descrizione mancante'		}		]	}	],
var form = [		{type: 'combobox',		 label: 'tipo_procedura',		 inputType: 'text',		 name: 'tipo_procedura',		 value: '',		 readonly: 'false',		 isVisible: 'true',		 newLine: 'true',		 options: []	}	],
var form = [		{type: 'combobox',		 label: 'stato_attuazione',		 inputType: 'text',		 name: 'stato_attuazione',		 value: '',		 readonly: 'false',		 isVisible: 'true',		 newLine: 'true',		 options: []	}	],
var form = [		{type: 'combobox',		 label: 'id_tipo_processo',		 inputType: 'text',		 name: 'id_tipo_processo',		 value: '',		 readonly: 'false',		 isVisible: 'true',		 newLine: 'true',		 options: []	}	],
var form = [		{type: 'input',		 label: '',		 inputType: '',		 name: '0',		 value: '',		 readonly: 'false',		 isVisible: 'true',		 newLine: 'true'	}	],
var form = [		{type: 'input',		 label: '',		 inputType: '',		 name: '0',		 value: '',		 readonly: 'false',		 isVisible: 'true',		 newLine: 'true'	}	],
var form = [		{type: 'input',		 label: '',		 inputType: '',		 name: '0',		 value: '',		 readonly: 'false',		 isVisible: 'true',		 newLine: 'true'	}	],
var form = [		{type: 'input',		 label: '',		 inputType: '',		 name: '0',		 value: '',		 readonly: 'false',		 isVisible: 'true',		 newLine: 'true'	}	],
var form = [		{type: 'input',		 label: '',		 inputType: '',		 name: '0',		 value: '',		 readonly: 'false',		 isVisible: 'true',		 newLine: 'true'	}	],
var form = [		{type: 'input',		 label: '',		 inputType: '',		 name: '0',		 value: '',		 readonly: 'false',		 isVisible: 'true',		 newLine: 'true'	}	],
var form = [		{type: 'input',		 label: '',		 inputType: '',		 name: '0',		 value: '',		 readonly: 'false',		 isVisible: 'true',		 newLine: 'true'	}	],
var form = [		{type: 'input',		 label: '',		 inputType: '',		 name: '0',		 value: '',		 readonly: 'false',		 isVisible: 'true',		 newLine: 'true'	}	],
var form = [		{type: 'input',		 label: '',		 inputType: '',		 name: '0',		 value: '',		 readonly: 'false',		 isVisible: 'true',		 newLine: 'true'	}	],
var form = [		{type: 'input',		 label: '',		 inputType: '',		 name: '0',		 value: '',		 readonly: 'false',		 isVisible: 'true',		 newLine: 'true'	}	],
var form = [		{type: 'input',		 label: '',		 inputType: '',		 name: '0',		 value: '',		 readonly: 'false',		 isVisible: 'true',		 newLine: 'true'	}	],
var form = [		{type: 'input',		 label: '',		 inputType: '',		 name: '0',		 value: '',		 readonly: 'false',		 isVisible: 'true',		 newLine: 'true'	}	],
var form = [		{type: 'input',		 label: '',		 inputType: '',		 name: '0',		 value: '',		 readonly: 'false',		 isVisible: 'true',		 newLine: 'true'	}	],
var form = [		{type: 'input',		 label: '',		 inputType: '',		 name: '0',		 value: '',		 readonly: 'false',		 isVisible: 'true',		 newLine: 'true'	}	],
var form = [		{type: 'input',		 label: '',		 inputType: '',		 name: '0',		 value: '',		 readonly: 'false',		 isVisible: 'true',		 newLine: 'true'	}	],
var form = [		{type: 'input',		 label: '',		 inputType: '',		 name: '0',		 value: '',		 readonly: 'false',		 isVisible: 'true',		 newLine: 'true'	}	],
var form = [		{type: 'input',		 label: '',		 inputType: '',		 name: '0',		 value: '',		 readonly: 'false',		 isVisible: 'true',		 newLine: 'true'	}	],
var form = [		{type: 'input',		 label: '',		 inputType: '',		 name: '0',		 value: '',		 readonly: 'false',		 isVisible: 'true',		 newLine: 'true'	}	],
var form = [		{type: 'input',		 label: '',		 inputType: '',		 name: '0',		 value: '',		 readonly: 'false',		 isVisible: 'true',		 newLine: 'true'	}	],
var form = [		{type: 'input',		 label: '',		 inputType: '',		 name: '0',		 value: '',		 readonly: 'false',		 isVisible: 'true',		 newLine: 'true'	}	],
var form = [		{type: 'input',		 label: '',		 inputType: '',		 name: '0',		 value: '',		 readonly: 'false',		 isVisible: 'true',		 newLine: 'true'	}	],
var form = [		{type: 'input',		 label: '',		 inputType: '',		 name: '0',		 value: '',		 readonly: 'false',		 isVisible: 'true',		 newLine: 'true'	}	],
var form = [		{type: 'input',		 label: '',		 inputType: '',		 name: '0',		 value: '',		 readonly: 'false',		 isVisible: 'true',		 newLine: 'true'	}	],
var form = [		{type: 'input',		 label: '',		 inputType: '',		 name: '0',		 value: '',		 readonly: 'false',		 isVisible: 'true',		 newLine: 'true'	}	]";codice_azienda, codice, descrizione_breve, id_procedura_parent, ordinamento, tree_path, frequenza, strumento_informatico, id_centro_gest, codice_part, descrizione, tipo_procedura, stato_attuazione, id_tipo_processo, 0, 0, 0, 0, 0, 0, 0, 0, 0, 0, 0, 0, 0, 0, 0, 0, 0, 0, 0, 0, 0, 0, 0, 0;${body['codice_azienda'], ${body['codice'], ${body['descrizione_breve'], ${body[id_procedura_parent], ${body[ordinamento], ${body['tree_path'], ${body['frequenza'], ${body['strumento_informatico'], ${body[id_centro_gest], ${body['codice_part'], ${body['descrizione'], ${body['tipo_procedura'], ${body['stato_attuazione'], ${body[id_tipo_processo], ${body['0'], ${body['0'], ${body['0'], ${body['0'], ${body['0'], ${body['0'], ${body['0'], ${body['0'], ${body['0'], ${body['0'], ${body['0'], ${body['0'], ${body['0'], ${body['0'], ${body['0'], ${body['0'], ${body['0'], ${body['0'], ${body['0'], ${body['0'], ${body['0'], ${body['0'], ${body['0'], ${body['0'];codice_azienda=${body['codice_azienda'], codice=${body['codice'], descrizione_breve=${body['descrizione_breve'], id_procedura_parent=${body[id_procedura_parent], ordinamento=${body[ordinamento], tree_path=${body['tree_path'], frequenza=${body['frequenza'], strumento_informatico=${body['strumento_informatico'], id_centro_gest=${body[id_centro_gest], codice_part=${body['codice_part'], descrizione=${body['descrizione'], tipo_procedura=${body['tipo_procedura'], stato_attuazione=${body['stato_attuazione'], id_tipo_processo=${body[id_tipo_processo], 0=${body['0'], 0=${body['0'], 0=${body['0'], 0=${body['0'], 0=${body['0'], 0=${body['0'], 0=${body['0'], 0=${body['0'], 0=${body['0'], 0=${body['0'], 0=${body['0'], 0=${body['0'], 0=${body['0'], 0=${body['0'], 0=${body['0'], 0=${body['0'], 0=${body['0'], 0=${body['0'], 0=${body['0'], 0=${body['0'], 0=${body['0'], 0=${body['0'], 0=${body['0'], 0=${body['0'];;;codice_azienda=${body['codice_azienda'] AND id_procedura=${body['id_procedura'];;;;"`INSERT INTO entrasp.(codice_azienda, codice, descrizione_breve, id_procedura_parent, ordinamento, tree_path, frequenza, strumento_informatico, id_centro_gest, codice_part, descrizione, tipo_procedura, stato_attuazione, id_tipo_processo, 0, 0, 0, 0, 0, 0, 0, 0, 0, 0, 0, 0, 0, 0, 0, 0, 0, 0, 0, 0, 0, 0, 0, 0)Values(${body['codice_azienda'], ${body['codice'], ${body['descrizione_breve'], ${body[id_procedura_parent], ${body[ordinamento], ${body['tree_path'], ${body['frequenza'], ${body['strumento_informatico'], ${body[id_centro_gest], ${body['codice_part'], ${body['descrizione'], ${body['tipo_procedura'], ${body['stato_attuazione'], ${body[id_tipo_processo], ${body['0'], ${body['0'], ${body['0'], ${body['0'], ${body['0'], ${body['0'], ${body['0'], ${body['0'], ${body['0'], ${body['0'], ${body['0'], ${body['0'], ${body['0'], ${body['0'], ${body['0'], ${body['0'], ${body['0'], ${body['0'], ${body['0'], ${body['0'], ${body['0'], ${body['0'], ${body['0'], ${body['0'])RETURNING id_procedura;`";"`Update entrasp.SET codice_azienda=${body['codice_azienda'], codice=${body['codice'], descrizione_breve=${body['descrizione_breve'], id_procedura_parent=${body[id_procedura_parent], ordinamento=${body[ordinamento], tree_path=${body['tree_path'], frequenza=${body['frequenza'], strumento_informatico=${body['strumento_informatico'], id_centro_gest=${body[id_centro_gest], codice_part=${body['codice_part'], descrizione=${body['descrizione'], tipo_procedura=${body['tipo_procedura'], stato_attuazione=${body['stato_attuazione'], id_tipo_processo=${body[id_tipo_processo], 0=${body['0'], 0=${body['0'], 0=${body['0'], 0=${body['0'], 0=${body['0'], 0=${body['0'], 0=${body['0'], 0=${body['0'], 0=${body['0'], 0=${body['0'], 0=${body['0'], 0=${body['0'], 0=${body['0'], 0=${body['0'], 0=${body['0'], 0=${body['0'], 0=${body['0'], 0=${body['0'], 0=${body['0'], 0=${body['0'], 0=${body['0'], 0=${body['0'], 0=${body['0'], 0=${body['0'], 0=${body['0'], 0=${body['0'], 0=${body['0'], 0=${body['0'], 0=${body['0'], 0=${body['0'], 0=${body['0'], 0=${body['0'], 0=${body['0'], 0=${body['0'], 0=${body['0'], 0=${body['0'], 0=${body['0'], 0=${body['0']WHERE codice_azienda=${body['codice_azienda'] AND id_procedura=${body['id_procedura'];`";"`DELETE FROM entrasp.WHERE codice_azienda=${body['codice_azienda'] AND id_procedura=${body['id_procedura'];`"
0;input;;;0;;false;true;true;false;false;false;0;;"var form = [		{type: 'input',		 label: 'codice_azienda',		 inputType: 'text',		 name: 'codice_azienda',		 value: '',		 readonly: 'true',		 isVisible: 'false',		 newLine: 'true'	}	],
var form = [		{type: 'input',		 label: 'codice',		 inputType: 'text',		 name: 'codice',		 value: '',		 readonly: 'false',		 isVisible: 'true',		 newLine: 'true',		 validations: [		{		name: 'required',		validator: 'Validators.required',		message: 'Descrizione mancante'		}		]	}	],
var form = [		{type: 'input',		 label: 'descrizione_breve',		 inputType: 'text',		 name: 'descrizione_breve',		 value: '',		 readonly: 'false',		 isVisible: 'true',		 newLine: 'true',		 validations: [		{		name: 'required',	validator: 'Validators.required',	message: 'Codice mancante'	},	{	name: 'pattern',	validator: '^[a-zA-Z1-9&_ ]+$',	message: 'Uso caratteri non ammessi'	}	]	}	],
var form = [		{type: 'input',		 label: 'id_procedura',		 inputType: 'text',		 name: 'id_procedura',		 value: '',		 readonly: 'true',		 isVisible: 'true',		 newLine: 'true'	}	],
var form = [		{type: 'combobox',		 label: 'id_procedura_parent',		 inputType: 'text',		 name: 'id_procedura_parent',		 value: '',		 readonly: 'false',		 isVisible: 'true',		 newLine: 'true',		 options: []	}	],
var form = [		{type: 'input',		 label: 'ordinamento',		 inputType: 'text',		 name: 'ordinamento',		 value: '',		 readonly: 'false',		 isVisible: 'true',		 newLine: 'true'	}	],
var form = [		{type: 'input',		 label: 'tree_path',		 inputType: 'text',		 name: 'tree_path',		 value: '',		 readonly: 'false',		 isVisible: 'true',		 newLine: 'true'	}	],
var form = [		{type: 'input',		 label: 'frequenza',		 inputType: 'text',		 name: 'frequenza',		 value: '',		 readonly: 'false',		 isVisible: 'true',		 newLine: 'true'	}	],
var form = [		{type: 'input',		 label: 'strumento_informatico',		 inputType: 'text',		 name: 'strumento_informatico',		 value: '',		 readonly: 'false',		 isVisible: 'true',		 newLine: 'true'	}	],
var form = [		{type: 'combobox',		 label: 'id_centro_gest',		 inputType: 'text',		 name: 'id_centro_gest',		 value: '',		 readonly: 'false',		 isVisible: 'true',		 newLine: 'true',		 options: []	}	],
var form = [		{type: 'input',		 label: 'codice_part',		 inputType: 'text',		 name: 'codice_part',		 value: '',		 readonly: 'false',		 isVisible: 'true',		 newLine: 'true'	}	],
var form = [		{type: 'input',		 label: 'descrizione',		 inputType: 'text',		 name: 'descrizione',		 value: '',		 readonly: 'false',		 isVisible: 'true',		 newLine: 'true',		 validations: [		{		name: 'required',		validator: 'Validators.required',		message: 'Descrizione mancante'		}		]	}	],
var form = [		{type: 'combobox',		 label: 'tipo_procedura',		 inputType: 'text',		 name: 'tipo_procedura',		 value: '',		 readonly: 'false',		 isVisible: 'true',		 newLine: 'true',		 options: []	}	],
var form = [		{type: 'combobox',		 label: 'stato_attuazione',		 inputType: 'text',		 name: 'stato_attuazione',		 value: '',		 readonly: 'false',		 isVisible: 'true',		 newLine: 'true',		 options: []	}	],
var form = [		{type: 'combobox',		 label: 'id_tipo_processo',		 inputType: 'text',		 name: 'id_tipo_processo',		 value: '',		 readonly: 'false',		 isVisible: 'true',		 newLine: 'true',		 options: []	}	],
var form = [		{type: 'input',		 label: '',		 inputType: '',		 name: '0',		 value: '',		 readonly: 'false',		 isVisible: 'true',		 newLine: 'true'	}	],
var form = [		{type: 'input',		 label: '',		 inputType: '',		 name: '0',		 value: '',		 readonly: 'false',		 isVisible: 'true',		 newLine: 'true'	}	],
var form = [		{type: 'input',		 label: '',		 inputType: '',		 name: '0',		 value: '',		 readonly: 'false',		 isVisible: 'true',		 newLine: 'true'	}	],
var form = [		{type: 'input',		 label: '',		 inputType: '',		 name: '0',		 value: '',		 readonly: 'false',		 isVisible: 'true',		 newLine: 'true'	}	],
var form = [		{type: 'input',		 label: '',		 inputType: '',		 name: '0',		 value: '',		 readonly: 'false',		 isVisible: 'true',		 newLine: 'true'	}	],
var form = [		{type: 'input',		 label: '',		 inputType: '',		 name: '0',		 value: '',		 readonly: 'false',		 isVisible: 'true',		 newLine: 'true'	}	],
var form = [		{type: 'input',		 label: '',		 inputType: '',		 name: '0',		 value: '',		 readonly: 'false',		 isVisible: 'true',		 newLine: 'true'	}	],
var form = [		{type: 'input',		 label: '',		 inputType: '',		 name: '0',		 value: '',		 readonly: 'false',		 isVisible: 'true',		 newLine: 'true'	}	],
var form = [		{type: 'input',		 label: '',		 inputType: '',		 name: '0',		 value: '',		 readonly: 'false',		 isVisible: 'true',		 newLine: 'true'	}	],
var form = [		{type: 'input',		 label: '',		 inputType: '',		 name: '0',		 value: '',		 readonly: 'false',		 isVisible: 'true',		 newLine: 'true'	}	],
var form = [		{type: 'input',		 label: '',		 inputType: '',		 name: '0',		 value: '',		 readonly: 'false',		 isVisible: 'true',		 newLine: 'true'	}	],
var form = [		{type: 'input',		 label: '',		 inputType: '',		 name: '0',		 value: '',		 readonly: 'false',		 isVisible: 'true',		 newLine: 'true'	}	],
var form = [		{type: 'input',		 label: '',		 inputType: '',		 name: '0',		 value: '',		 readonly: 'false',		 isVisible: 'true',		 newLine: 'true'	}	],
var form = [		{type: 'input',		 label: '',		 inputType: '',		 name: '0',		 value: '',		 readonly: 'false',		 isVisible: 'true',		 newLine: 'true'	}	],
var form = [		{type: 'input',		 label: '',		 inputType: '',		 name: '0',		 value: '',		 readonly: 'false',		 isVisible: 'true',		 newLine: 'true'	}	],
var form = [		{type: 'input',		 label: '',		 inputType: '',		 name: '0',		 value: '',		 readonly: 'false',		 isVisible: 'true',		 newLine: 'true'	}	],
var form = [		{type: 'input',		 label: '',		 inputType: '',		 name: '0',		 value: '',		 readonly: 'false',		 isVisible: 'true',		 newLine: 'true'	}	],
var form = [		{type: 'input',		 label: '',		 inputType: '',		 name: '0',		 value: '',		 readonly: 'false',		 isVisible: 'true',		 newLine: 'true'	}	],
var form = [		{type: 'input',		 label: '',		 inputType: '',		 name: '0',		 value: '',		 readonly: 'false',		 isVisible: 'true',		 newLine: 'true'	}	],
var form = [		{type: 'input',		 label: '',		 inputType: '',		 name: '0',		 value: '',		 readonly: 'false',		 isVisible: 'true',		 newLine: 'true'	}	],
var form = [		{type: 'input',		 label: '',		 inputType: '',		 name: '0',		 value: '',		 readonly: 'false',		 isVisible: 'true',		 newLine: 'true'	}	],
var form = [		{type: 'input',		 label: '',		 inputType: '',		 name: '0',		 value: '',		 readonly: 'false',		 isVisible: 'true',		 newLine: 'true'	}	],
var form = [		{type: 'input',		 label: '',		 inputType: '',		 name: '0',		 value: '',		 readonly: 'false',		 isVisible: 'true',		 newLine: 'true'	}	],
var form = [		{type: 'input',		 label: '',		 inputType: '',		 name: '0',		 value: '',		 readonly: 'false',		 isVisible: 'true',		 newLine: 'true'	}	],
var form = [		{type: 'input',		 label: '',		 inputType: '',		 name: '0',		 value: '',		 readonly: 'false',		 isVisible: 'true',		 newLine: 'true'	}	]";codice_azienda, codice, descrizione_breve, id_procedura_parent, ordinamento, tree_path, frequenza, strumento_informatico, id_centro_gest, codice_part, descrizione, tipo_procedura, stato_attuazione, id_tipo_processo, 0, 0, 0, 0, 0, 0, 0, 0, 0, 0, 0, 0, 0, 0, 0, 0, 0, 0, 0, 0, 0, 0, 0, 0, 0;${body['codice_azienda'], ${body['codice'], ${body['descrizione_breve'], ${body[id_procedura_parent], ${body[ordinamento], ${body['tree_path'], ${body['frequenza'], ${body['strumento_informatico'], ${body[id_centro_gest], ${body['codice_part'], ${body['descrizione'], ${body['tipo_procedura'], ${body['stato_attuazione'], ${body[id_tipo_processo], ${body['0'], ${body['0'], ${body['0'], ${body['0'], ${body['0'], ${body['0'], ${body['0'], ${body['0'], ${body['0'], ${body['0'], ${body['0'], ${body['0'], ${body['0'], ${body['0'], ${body['0'], ${body['0'], ${body['0'], ${body['0'], ${body['0'], ${body['0'], ${body['0'], ${body['0'], ${body['0'], ${body['0'], ${body['0'];codice_azienda=${body['codice_azienda'], codice=${body['codice'], descrizione_breve=${body['descrizione_breve'], id_procedura_parent=${body[id_procedura_parent], ordinamento=${body[ordinamento], tree_path=${body['tree_path'], frequenza=${body['frequenza'], strumento_informatico=${body['strumento_informatico'], id_centro_gest=${body[id_centro_gest], codice_part=${body['codice_part'], descrizione=${body['descrizione'], tipo_procedura=${body['tipo_procedura'], stato_attuazione=${body['stato_attuazione'], id_tipo_processo=${body[id_tipo_processo], 0=${body['0'], 0=${body['0'], 0=${body['0'], 0=${body['0'], 0=${body['0'], 0=${body['0'], 0=${body['0'], 0=${body['0'], 0=${body['0'], 0=${body['0'], 0=${body['0'], 0=${body['0'], 0=${body['0'], 0=${body['0'], 0=${body['0'], 0=${body['0'], 0=${body['0'], 0=${body['0'], 0=${body['0'], 0=${body['0'], 0=${body['0'], 0=${body['0'], 0=${body['0'], 0=${body['0'], 0=${body['0'];;;codice_azienda=${body['codice_azienda'] AND id_procedura=${body['id_procedura'];;;;"`INSERT INTO entrasp.(codice_azienda, codice, descrizione_breve, id_procedura_parent, ordinamento, tree_path, frequenza, strumento_informatico, id_centro_gest, codice_part, descrizione, tipo_procedura, stato_attuazione, id_tipo_processo, 0, 0, 0, 0, 0, 0, 0, 0, 0, 0, 0, 0, 0, 0, 0, 0, 0, 0, 0, 0, 0, 0, 0, 0, 0)Values(${body['codice_azienda'], ${body['codice'], ${body['descrizione_breve'], ${body[id_procedura_parent], ${body[ordinamento], ${body['tree_path'], ${body['frequenza'], ${body['strumento_informatico'], ${body[id_centro_gest], ${body['codice_part'], ${body['descrizione'], ${body['tipo_procedura'], ${body['stato_attuazione'], ${body[id_tipo_processo], ${body['0'], ${body['0'], ${body['0'], ${body['0'], ${body['0'], ${body['0'], ${body['0'], ${body['0'], ${body['0'], ${body['0'], ${body['0'], ${body['0'], ${body['0'], ${body['0'], ${body['0'], ${body['0'], ${body['0'], ${body['0'], ${body['0'], ${body['0'], ${body['0'], ${body['0'], ${body['0'], ${body['0'], ${body['0'])RETURNING id_procedura;`";"`Update entrasp.SET codice_azienda=${body['codice_azienda'], codice=${body['codice'], descrizione_breve=${body['descrizione_breve'], id_procedura_parent=${body[id_procedura_parent], ordinamento=${body[ordinamento], tree_path=${body['tree_path'], frequenza=${body['frequenza'], strumento_informatico=${body['strumento_informatico'], id_centro_gest=${body[id_centro_gest], codice_part=${body['codice_part'], descrizione=${body['descrizione'], tipo_procedura=${body['tipo_procedura'], stato_attuazione=${body['stato_attuazione'], id_tipo_processo=${body[id_tipo_processo], 0=${body['0'], 0=${body['0'], 0=${body['0'], 0=${body['0'], 0=${body['0'], 0=${body['0'], 0=${body['0'], 0=${body['0'], 0=${body['0'], 0=${body['0'], 0=${body['0'], 0=${body['0'], 0=${body['0'], 0=${body['0'], 0=${body['0'], 0=${body['0'], 0=${body['0'], 0=${body['0'], 0=${body['0'], 0=${body['0'], 0=${body['0'], 0=${body['0'], 0=${body['0'], 0=${body['0'], 0=${body['0'], 0=${body['0'], 0=${body['0'], 0=${body['0'], 0=${body['0'], 0=${body['0'], 0=${body['0'], 0=${body['0'], 0=${body['0'], 0=${body['0'], 0=${body['0'], 0=${body['0'], 0=${body['0'], 0=${body['0'], 0=${body['0']WHERE codice_azienda=${body['codice_azienda'] AND id_procedura=${body['id_procedura'];`";"`DELETE FROM entrasp.WHERE codice_azienda=${body['codice_azienda'] AND id_procedura=${body['id_procedura'];`"
0;input;;;0;;false;true;true;false;false;false;0;;"var form = [		{type: 'input',		 label: 'codice_azienda',		 inputType: 'text',		 name: 'codice_azienda',		 value: '',		 readonly: 'true',		 isVisible: 'false',		 newLine: 'true'	}	],
var form = [		{type: 'input',		 label: 'codice',		 inputType: 'text',		 name: 'codice',		 value: '',		 readonly: 'false',		 isVisible: 'true',		 newLine: 'true',		 validations: [		{		name: 'required',		validator: 'Validators.required',		message: 'Descrizione mancante'		}		]	}	],
var form = [		{type: 'input',		 label: 'descrizione_breve',		 inputType: 'text',		 name: 'descrizione_breve',		 value: '',		 readonly: 'false',		 isVisible: 'true',		 newLine: 'true',		 validations: [		{		name: 'required',	validator: 'Validators.required',	message: 'Codice mancante'	},	{	name: 'pattern',	validator: '^[a-zA-Z1-9&_ ]+$',	message: 'Uso caratteri non ammessi'	}	]	}	],
var form = [		{type: 'input',		 label: 'id_procedura',		 inputType: 'text',		 name: 'id_procedura',		 value: '',		 readonly: 'true',		 isVisible: 'true',		 newLine: 'true'	}	],
var form = [		{type: 'combobox',		 label: 'id_procedura_parent',		 inputType: 'text',		 name: 'id_procedura_parent',		 value: '',		 readonly: 'false',		 isVisible: 'true',		 newLine: 'true',		 options: []	}	],
var form = [		{type: 'input',		 label: 'ordinamento',		 inputType: 'text',		 name: 'ordinamento',		 value: '',		 readonly: 'false',		 isVisible: 'true',		 newLine: 'true'	}	],
var form = [		{type: 'input',		 label: 'tree_path',		 inputType: 'text',		 name: 'tree_path',		 value: '',		 readonly: 'false',		 isVisible: 'true',		 newLine: 'true'	}	],
var form = [		{type: 'input',		 label: 'frequenza',		 inputType: 'text',		 name: 'frequenza',		 value: '',		 readonly: 'false',		 isVisible: 'true',		 newLine: 'true'	}	],
var form = [		{type: 'input',		 label: 'strumento_informatico',		 inputType: 'text',		 name: 'strumento_informatico',		 value: '',		 readonly: 'false',		 isVisible: 'true',		 newLine: 'true'	}	],
var form = [		{type: 'combobox',		 label: 'id_centro_gest',		 inputType: 'text',		 name: 'id_centro_gest',		 value: '',		 readonly: 'false',		 isVisible: 'true',		 newLine: 'true',		 options: []	}	],
var form = [		{type: 'input',		 label: 'codice_part',		 inputType: 'text',		 name: 'codice_part',		 value: '',		 readonly: 'false',		 isVisible: 'true',		 newLine: 'true'	}	],
var form = [		{type: 'input',		 label: 'descrizione',		 inputType: 'text',		 name: 'descrizione',		 value: '',		 readonly: 'false',		 isVisible: 'true',		 newLine: 'true',		 validations: [		{		name: 'required',		validator: 'Validators.required',		message: 'Descrizione mancante'		}		]	}	],
var form = [		{type: 'combobox',		 label: 'tipo_procedura',		 inputType: 'text',		 name: 'tipo_procedura',		 value: '',		 readonly: 'false',		 isVisible: 'true',		 newLine: 'true',		 options: []	}	],
var form = [		{type: 'combobox',		 label: 'stato_attuazione',		 inputType: 'text',		 name: 'stato_attuazione',		 value: '',		 readonly: 'false',		 isVisible: 'true',		 newLine: 'true',		 options: []	}	],
var form = [		{type: 'combobox',		 label: 'id_tipo_processo',		 inputType: 'text',		 name: 'id_tipo_processo',		 value: '',		 readonly: 'false',		 isVisible: 'true',		 newLine: 'true',		 options: []	}	],
var form = [		{type: 'input',		 label: '',		 inputType: '',		 name: '0',		 value: '',		 readonly: 'false',		 isVisible: 'true',		 newLine: 'true'	}	],
var form = [		{type: 'input',		 label: '',		 inputType: '',		 name: '0',		 value: '',		 readonly: 'false',		 isVisible: 'true',		 newLine: 'true'	}	],
var form = [		{type: 'input',		 label: '',		 inputType: '',		 name: '0',		 value: '',		 readonly: 'false',		 isVisible: 'true',		 newLine: 'true'	}	],
var form = [		{type: 'input',		 label: '',		 inputType: '',		 name: '0',		 value: '',		 readonly: 'false',		 isVisible: 'true',		 newLine: 'true'	}	],
var form = [		{type: 'input',		 label: '',		 inputType: '',		 name: '0',		 value: '',		 readonly: 'false',		 isVisible: 'true',		 newLine: 'true'	}	],
var form = [		{type: 'input',		 label: '',		 inputType: '',		 name: '0',		 value: '',		 readonly: 'false',		 isVisible: 'true',		 newLine: 'true'	}	],
var form = [		{type: 'input',		 label: '',		 inputType: '',		 name: '0',		 value: '',		 readonly: 'false',		 isVisible: 'true',		 newLine: 'true'	}	],
var form = [		{type: 'input',		 label: '',		 inputType: '',		 name: '0',		 value: '',		 readonly: 'false',		 isVisible: 'true',		 newLine: 'true'	}	],
var form = [		{type: 'input',		 label: '',		 inputType: '',		 name: '0',		 value: '',		 readonly: 'false',		 isVisible: 'true',		 newLine: 'true'	}	],
var form = [		{type: 'input',		 label: '',		 inputType: '',		 name: '0',		 value: '',		 readonly: 'false',		 isVisible: 'true',		 newLine: 'true'	}	],
var form = [		{type: 'input',		 label: '',		 inputType: '',		 name: '0',		 value: '',		 readonly: 'false',		 isVisible: 'true',		 newLine: 'true'	}	],
var form = [		{type: 'input',		 label: '',		 inputType: '',		 name: '0',		 value: '',		 readonly: 'false',		 isVisible: 'true',		 newLine: 'true'	}	],
var form = [		{type: 'input',		 label: '',		 inputType: '',		 name: '0',		 value: '',		 readonly: 'false',		 isVisible: 'true',		 newLine: 'true'	}	],
var form = [		{type: 'input',		 label: '',		 inputType: '',		 name: '0',		 value: '',		 readonly: 'false',		 isVisible: 'true',		 newLine: 'true'	}	],
var form = [		{type: 'input',		 label: '',		 inputType: '',		 name: '0',		 value: '',		 readonly: 'false',		 isVisible: 'true',		 newLine: 'true'	}	],
var form = [		{type: 'input',		 label: '',		 inputType: '',		 name: '0',		 value: '',		 readonly: 'false',		 isVisible: 'true',		 newLine: 'true'	}	],
var form = [		{type: 'input',		 label: '',		 inputType: '',		 name: '0',		 value: '',		 readonly: 'false',		 isVisible: 'true',		 newLine: 'true'	}	],
var form = [		{type: 'input',		 label: '',		 inputType: '',		 name: '0',		 value: '',		 readonly: 'false',		 isVisible: 'true',		 newLine: 'true'	}	],
var form = [		{type: 'input',		 label: '',		 inputType: '',		 name: '0',		 value: '',		 readonly: 'false',		 isVisible: 'true',		 newLine: 'true'	}	],
var form = [		{type: 'input',		 label: '',		 inputType: '',		 name: '0',		 value: '',		 readonly: 'false',		 isVisible: 'true',		 newLine: 'true'	}	],
var form = [		{type: 'input',		 label: '',		 inputType: '',		 name: '0',		 value: '',		 readonly: 'false',		 isVisible: 'true',		 newLine: 'true'	}	],
var form = [		{type: 'input',		 label: '',		 inputType: '',		 name: '0',		 value: '',		 readonly: 'false',		 isVisible: 'true',		 newLine: 'true'	}	],
var form = [		{type: 'input',		 label: '',		 inputType: '',		 name: '0',		 value: '',		 readonly: 'false',		 isVisible: 'true',		 newLine: 'true'	}	],
var form = [		{type: 'input',		 label: '',		 inputType: '',		 name: '0',		 value: '',		 readonly: 'false',		 isVisible: 'true',		 newLine: 'true'	}	],
var form = [		{type: 'input',		 label: '',		 inputType: '',		 name: '0',		 value: '',		 readonly: 'false',		 isVisible: 'true',		 newLine: 'true'	}	],
var form = [		{type: 'input',		 label: '',		 inputType: '',		 name: '0',		 value: '',		 readonly: 'false',		 isVisible: 'true',		 newLine: 'true'	}	]";codice_azienda, codice, descrizione_breve, id_procedura_parent, ordinamento, tree_path, frequenza, strumento_informatico, id_centro_gest, codice_part, descrizione, tipo_procedura, stato_attuazione, id_tipo_processo, 0, 0, 0, 0, 0, 0, 0, 0, 0, 0, 0, 0, 0, 0, 0, 0, 0, 0, 0, 0, 0, 0, 0, 0, 0, 0;${body['codice_azienda'], ${body['codice'], ${body['descrizione_breve'], ${body[id_procedura_parent], ${body[ordinamento], ${body['tree_path'], ${body['frequenza'], ${body['strumento_informatico'], ${body[id_centro_gest], ${body['codice_part'], ${body['descrizione'], ${body['tipo_procedura'], ${body['stato_attuazione'], ${body[id_tipo_processo], ${body['0'], ${body['0'], ${body['0'], ${body['0'], ${body['0'], ${body['0'], ${body['0'], ${body['0'], ${body['0'], ${body['0'], ${body['0'], ${body['0'], ${body['0'], ${body['0'], ${body['0'], ${body['0'], ${body['0'], ${body['0'], ${body['0'], ${body['0'], ${body['0'], ${body['0'], ${body['0'], ${body['0'], ${body['0'], ${body['0'];codice_azienda=${body['codice_azienda'], codice=${body['codice'], descrizione_breve=${body['descrizione_breve'], id_procedura_parent=${body[id_procedura_parent], ordinamento=${body[ordinamento], tree_path=${body['tree_path'], frequenza=${body['frequenza'], strumento_informatico=${body['strumento_informatico'], id_centro_gest=${body[id_centro_gest], codice_part=${body['codice_part'], descrizione=${body['descrizione'], tipo_procedura=${body['tipo_procedura'], stato_attuazione=${body['stato_attuazione'], id_tipo_processo=${body[id_tipo_processo], 0=${body['0'], 0=${body['0'], 0=${body['0'], 0=${body['0'], 0=${body['0'], 0=${body['0'], 0=${body['0'], 0=${body['0'], 0=${body['0'], 0=${body['0'], 0=${body['0'], 0=${body['0'], 0=${body['0'], 0=${body['0'], 0=${body['0'], 0=${body['0'], 0=${body['0'], 0=${body['0'], 0=${body['0'], 0=${body['0'], 0=${body['0'], 0=${body['0'], 0=${body['0'], 0=${body['0'], 0=${body['0'], 0=${body['0'];;;codice_azienda=${body['codice_azienda'] AND id_procedura=${body['id_procedura'];;;;"`INSERT INTO entrasp.(codice_azienda, codice, descrizione_breve, id_procedura_parent, ordinamento, tree_path, frequenza, strumento_informatico, id_centro_gest, codice_part, descrizione, tipo_procedura, stato_attuazione, id_tipo_processo, 0, 0, 0, 0, 0, 0, 0, 0, 0, 0, 0, 0, 0, 0, 0, 0, 0, 0, 0, 0, 0, 0, 0, 0, 0, 0)Values(${body['codice_azienda'], ${body['codice'], ${body['descrizione_breve'], ${body[id_procedura_parent], ${body[ordinamento], ${body['tree_path'], ${body['frequenza'], ${body['strumento_informatico'], ${body[id_centro_gest], ${body['codice_part'], ${body['descrizione'], ${body['tipo_procedura'], ${body['stato_attuazione'], ${body[id_tipo_processo], ${body['0'], ${body['0'], ${body['0'], ${body['0'], ${body['0'], ${body['0'], ${body['0'], ${body['0'], ${body['0'], ${body['0'], ${body['0'], ${body['0'], ${body['0'], ${body['0'], ${body['0'], ${body['0'], ${body['0'], ${body['0'], ${body['0'], ${body['0'], ${body['0'], ${body['0'], ${body['0'], ${body['0'], ${body['0'], ${body['0'])RETURNING id_procedura;`";"`Update entrasp.SET codice_azienda=${body['codice_azienda'], codice=${body['codice'], descrizione_breve=${body['descrizione_breve'], id_procedura_parent=${body[id_procedura_parent], ordinamento=${body[ordinamento], tree_path=${body['tree_path'], frequenza=${body['frequenza'], strumento_informatico=${body['strumento_informatico'], id_centro_gest=${body[id_centro_gest], codice_part=${body['codice_part'], descrizione=${body['descrizione'], tipo_procedura=${body['tipo_procedura'], stato_attuazione=${body['stato_attuazione'], id_tipo_processo=${body[id_tipo_processo], 0=${body['0'], 0=${body['0'], 0=${body['0'], 0=${body['0'], 0=${body['0'], 0=${body['0'], 0=${body['0'], 0=${body['0'], 0=${body['0'], 0=${body['0'], 0=${body['0'], 0=${body['0'], 0=${body['0'], 0=${body['0'], 0=${body['0'], 0=${body['0'], 0=${body['0'], 0=${body['0'], 0=${body['0'], 0=${body['0'], 0=${body['0'], 0=${body['0'], 0=${body['0'], 0=${body['0'], 0=${body['0'], 0=${body['0'], 0=${body['0'], 0=${body['0'], 0=${body['0'], 0=${body['0'], 0=${body['0'], 0=${body['0'], 0=${body['0'], 0=${body['0'], 0=${body['0'], 0=${body['0'], 0=${body['0'], 0=${body['0'], 0=${body['0'], 0=${body['0']WHERE codice_azienda=${body['codice_azienda'] AND id_procedura=${body['id_procedura'];`";"`DELETE FROM entrasp.WHERE codice_azienda=${body['codice_azienda'] AND id_procedura=${body['id_procedura'];`"
0;input;;;0;;false;true;true;false;false;false;0;;"var form = [		{type: 'input',		 label: 'codice_azienda',		 inputType: 'text',		 name: 'codice_azienda',		 value: '',		 readonly: 'true',		 isVisible: 'false',		 newLine: 'true'	}	],
var form = [		{type: 'input',		 label: 'codice',		 inputType: 'text',		 name: 'codice',		 value: '',		 readonly: 'false',		 isVisible: 'true',		 newLine: 'true',		 validations: [		{		name: 'required',		validator: 'Validators.required',		message: 'Descrizione mancante'		}		]	}	],
var form = [		{type: 'input',		 label: 'descrizione_breve',		 inputType: 'text',		 name: 'descrizione_breve',		 value: '',		 readonly: 'false',		 isVisible: 'true',		 newLine: 'true',		 validations: [		{		name: 'required',	validator: 'Validators.required',	message: 'Codice mancante'	},	{	name: 'pattern',	validator: '^[a-zA-Z1-9&_ ]+$',	message: 'Uso caratteri non ammessi'	}	]	}	],
var form = [		{type: 'input',		 label: 'id_procedura',		 inputType: 'text',		 name: 'id_procedura',		 value: '',		 readonly: 'true',		 isVisible: 'true',		 newLine: 'true'	}	],
var form = [		{type: 'combobox',		 label: 'id_procedura_parent',		 inputType: 'text',		 name: 'id_procedura_parent',		 value: '',		 readonly: 'false',		 isVisible: 'true',		 newLine: 'true',		 options: []	}	],
var form = [		{type: 'input',		 label: 'ordinamento',		 inputType: 'text',		 name: 'ordinamento',		 value: '',		 readonly: 'false',		 isVisible: 'true',		 newLine: 'true'	}	],
var form = [		{type: 'input',		 label: 'tree_path',		 inputType: 'text',		 name: 'tree_path',		 value: '',		 readonly: 'false',		 isVisible: 'true',		 newLine: 'true'	}	],
var form = [		{type: 'input',		 label: 'frequenza',		 inputType: 'text',		 name: 'frequenza',		 value: '',		 readonly: 'false',		 isVisible: 'true',		 newLine: 'true'	}	],
var form = [		{type: 'input',		 label: 'strumento_informatico',		 inputType: 'text',		 name: 'strumento_informatico',		 value: '',		 readonly: 'false',		 isVisible: 'true',		 newLine: 'true'	}	],
var form = [		{type: 'combobox',		 label: 'id_centro_gest',		 inputType: 'text',		 name: 'id_centro_gest',		 value: '',		 readonly: 'false',		 isVisible: 'true',		 newLine: 'true',		 options: []	}	],
var form = [		{type: 'input',		 label: 'codice_part',		 inputType: 'text',		 name: 'codice_part',		 value: '',		 readonly: 'false',		 isVisible: 'true',		 newLine: 'true'	}	],
var form = [		{type: 'input',		 label: 'descrizione',		 inputType: 'text',		 name: 'descrizione',		 value: '',		 readonly: 'false',		 isVisible: 'true',		 newLine: 'true',		 validations: [		{		name: 'required',		validator: 'Validators.required',		message: 'Descrizione mancante'		}		]	}	],
var form = [		{type: 'combobox',		 label: 'tipo_procedura',		 inputType: 'text',		 name: 'tipo_procedura',		 value: '',		 readonly: 'false',		 isVisible: 'true',		 newLine: 'true',		 options: []	}	],
var form = [		{type: 'combobox',		 label: 'stato_attuazione',		 inputType: 'text',		 name: 'stato_attuazione',		 value: '',		 readonly: 'false',		 isVisible: 'true',		 newLine: 'true',		 options: []	}	],
var form = [		{type: 'combobox',		 label: 'id_tipo_processo',		 inputType: 'text',		 name: 'id_tipo_processo',		 value: '',		 readonly: 'false',		 isVisible: 'true',		 newLine: 'true',		 options: []	}	],
var form = [		{type: 'input',		 label: '',		 inputType: '',		 name: '0',		 value: '',		 readonly: 'false',		 isVisible: 'true',		 newLine: 'true'	}	],
var form = [		{type: 'input',		 label: '',		 inputType: '',		 name: '0',		 value: '',		 readonly: 'false',		 isVisible: 'true',		 newLine: 'true'	}	],
var form = [		{type: 'input',		 label: '',		 inputType: '',		 name: '0',		 value: '',		 readonly: 'false',		 isVisible: 'true',		 newLine: 'true'	}	],
var form = [		{type: 'input',		 label: '',		 inputType: '',		 name: '0',		 value: '',		 readonly: 'false',		 isVisible: 'true',		 newLine: 'true'	}	],
var form = [		{type: 'input',		 label: '',		 inputType: '',		 name: '0',		 value: '',		 readonly: 'false',		 isVisible: 'true',		 newLine: 'true'	}	],
var form = [		{type: 'input',		 label: '',		 inputType: '',		 name: '0',		 value: '',		 readonly: 'false',		 isVisible: 'true',		 newLine: 'true'	}	],
var form = [		{type: 'input',		 label: '',		 inputType: '',		 name: '0',		 value: '',		 readonly: 'false',		 isVisible: 'true',		 newLine: 'true'	}	],
var form = [		{type: 'input',		 label: '',		 inputType: '',		 name: '0',		 value: '',		 readonly: 'false',		 isVisible: 'true',		 newLine: 'true'	}	],
var form = [		{type: 'input',		 label: '',		 inputType: '',		 name: '0',		 value: '',		 readonly: 'false',		 isVisible: 'true',		 newLine: 'true'	}	],
var form = [		{type: 'input',		 label: '',		 inputType: '',		 name: '0',		 value: '',		 readonly: 'false',		 isVisible: 'true',		 newLine: 'true'	}	],
var form = [		{type: 'input',		 label: '',		 inputType: '',		 name: '0',		 value: '',		 readonly: 'false',		 isVisible: 'true',		 newLine: 'true'	}	],
var form = [		{type: 'input',		 label: '',		 inputType: '',		 name: '0',		 value: '',		 readonly: 'false',		 isVisible: 'true',		 newLine: 'true'	}	],
var form = [		{type: 'input',		 label: '',		 inputType: '',		 name: '0',		 value: '',		 readonly: 'false',		 isVisible: 'true',		 newLine: 'true'	}	],
var form = [		{type: 'input',		 label: '',		 inputType: '',		 name: '0',		 value: '',		 readonly: 'false',		 isVisible: 'true',		 newLine: 'true'	}	],
var form = [		{type: 'input',		 label: '',		 inputType: '',		 name: '0',		 value: '',		 readonly: 'false',		 isVisible: 'true',		 newLine: 'true'	}	],
var form = [		{type: 'input',		 label: '',		 inputType: '',		 name: '0',		 value: '',		 readonly: 'false',		 isVisible: 'true',		 newLine: 'true'	}	],
var form = [		{type: 'input',		 label: '',		 inputType: '',		 name: '0',		 value: '',		 readonly: 'false',		 isVisible: 'true',		 newLine: 'true'	}	],
var form = [		{type: 'input',		 label: '',		 inputType: '',		 name: '0',		 value: '',		 readonly: 'false',		 isVisible: 'true',		 newLine: 'true'	}	],
var form = [		{type: 'input',		 label: '',		 inputType: '',		 name: '0',		 value: '',		 readonly: 'false',		 isVisible: 'true',		 newLine: 'true'	}	],
var form = [		{type: 'input',		 label: '',		 inputType: '',		 name: '0',		 value: '',		 readonly: 'false',		 isVisible: 'true',		 newLine: 'true'	}	],
var form = [		{type: 'input',		 label: '',		 inputType: '',		 name: '0',		 value: '',		 readonly: 'false',		 isVisible: 'true',		 newLine: 'true'	}	],
var form = [		{type: 'input',		 label: '',		 inputType: '',		 name: '0',		 value: '',		 readonly: 'false',		 isVisible: 'true',		 newLine: 'true'	}	],
var form = [		{type: 'input',		 label: '',		 inputType: '',		 name: '0',		 value: '',		 readonly: 'false',		 isVisible: 'true',		 newLine: 'true'	}	],
var form = [		{type: 'input',		 label: '',		 inputType: '',		 name: '0',		 value: '',		 readonly: 'false',		 isVisible: 'true',		 newLine: 'true'	}	],
var form = [		{type: 'input',		 label: '',		 inputType: '',		 name: '0',		 value: '',		 readonly: 'false',		 isVisible: 'true',		 newLine: 'true'	}	],
var form = [		{type: 'input',		 label: '',		 inputType: '',		 name: '0',		 value: '',		 readonly: 'false',		 isVisible: 'true',		 newLine: 'true'	}	],
var form = [		{type: 'input',		 label: '',		 inputType: '',		 name: '0',		 value: '',		 readonly: 'false',		 isVisible: 'true',		 newLine: 'true'	}	]";codice_azienda, codice, descrizione_breve, id_procedura_parent, ordinamento, tree_path, frequenza, strumento_informatico, id_centro_gest, codice_part, descrizione, tipo_procedura, stato_attuazione, id_tipo_processo, 0, 0, 0, 0, 0, 0, 0, 0, 0, 0, 0, 0, 0, 0, 0, 0, 0, 0, 0, 0, 0, 0, 0, 0, 0, 0, 0;${body['codice_azienda'], ${body['codice'], ${body['descrizione_breve'], ${body[id_procedura_parent], ${body[ordinamento], ${body['tree_path'], ${body['frequenza'], ${body['strumento_informatico'], ${body[id_centro_gest], ${body['codice_part'], ${body['descrizione'], ${body['tipo_procedura'], ${body['stato_attuazione'], ${body[id_tipo_processo], ${body['0'], ${body['0'], ${body['0'], ${body['0'], ${body['0'], ${body['0'], ${body['0'], ${body['0'], ${body['0'], ${body['0'], ${body['0'], ${body['0'], ${body['0'], ${body['0'], ${body['0'], ${body['0'], ${body['0'], ${body['0'], ${body['0'], ${body['0'], ${body['0'], ${body['0'], ${body['0'], ${body['0'], ${body['0'], ${body['0'], ${body['0'];codice_azienda=${body['codice_azienda'], codice=${body['codice'], descrizione_breve=${body['descrizione_breve'], id_procedura_parent=${body[id_procedura_parent], ordinamento=${body[ordinamento], tree_path=${body['tree_path'], frequenza=${body['frequenza'], strumento_informatico=${body['strumento_informatico'], id_centro_gest=${body[id_centro_gest], codice_part=${body['codice_part'], descrizione=${body['descrizione'], tipo_procedura=${body['tipo_procedura'], stato_attuazione=${body['stato_attuazione'], id_tipo_processo=${body[id_tipo_processo], 0=${body['0'], 0=${body['0'], 0=${body['0'], 0=${body['0'], 0=${body['0'], 0=${body['0'], 0=${body['0'], 0=${body['0'], 0=${body['0'], 0=${body['0'], 0=${body['0'], 0=${body['0'], 0=${body['0'], 0=${body['0'], 0=${body['0'], 0=${body['0'], 0=${body['0'], 0=${body['0'], 0=${body['0'], 0=${body['0'], 0=${body['0'], 0=${body['0'], 0=${body['0'], 0=${body['0'], 0=${body['0'], 0=${body['0'], 0=${body['0'];;;codice_azienda=${body['codice_azienda'] AND id_procedura=${body['id_procedura'];;;;"`INSERT INTO entrasp.(codice_azienda, codice, descrizione_breve, id_procedura_parent, ordinamento, tree_path, frequenza, strumento_informatico, id_centro_gest, codice_part, descrizione, tipo_procedura, stato_attuazione, id_tipo_processo, 0, 0, 0, 0, 0, 0, 0, 0, 0, 0, 0, 0, 0, 0, 0, 0, 0, 0, 0, 0, 0, 0, 0, 0, 0, 0, 0)Values(${body['codice_azienda'], ${body['codice'], ${body['descrizione_breve'], ${body[id_procedura_parent], ${body[ordinamento], ${body['tree_path'], ${body['frequenza'], ${body['strumento_informatico'], ${body[id_centro_gest], ${body['codice_part'], ${body['descrizione'], ${body['tipo_procedura'], ${body['stato_attuazione'], ${body[id_tipo_processo], ${body['0'], ${body['0'], ${body['0'], ${body['0'], ${body['0'], ${body['0'], ${body['0'], ${body['0'], ${body['0'], ${body['0'], ${body['0'], ${body['0'], ${body['0'], ${body['0'], ${body['0'], ${body['0'], ${body['0'], ${body['0'], ${body['0'], ${body['0'], ${body['0'], ${body['0'], ${body['0'], ${body['0'], ${body['0'], ${body['0'], ${body['0'])RETURNING id_procedura;`";"`Update entrasp.SET codice_azienda=${body['codice_azienda'], codice=${body['codice'], descrizione_breve=${body['descrizione_breve'], id_procedura_parent=${body[id_procedura_parent], ordinamento=${body[ordinamento], tree_path=${body['tree_path'], frequenza=${body['frequenza'], strumento_informatico=${body['strumento_informatico'], id_centro_gest=${body[id_centro_gest], codice_part=${body['codice_part'], descrizione=${body['descrizione'], tipo_procedura=${body['tipo_procedura'], stato_attuazione=${body['stato_attuazione'], id_tipo_processo=${body[id_tipo_processo], 0=${body['0'], 0=${body['0'], 0=${body['0'], 0=${body['0'], 0=${body['0'], 0=${body['0'], 0=${body['0'], 0=${body['0'], 0=${body['0'], 0=${body['0'], 0=${body['0'], 0=${body['0'], 0=${body['0'], 0=${body['0'], 0=${body['0'], 0=${body['0'], 0=${body['0'], 0=${body['0'], 0=${body['0'], 0=${body['0'], 0=${body['0'], 0=${body['0'], 0=${body['0'], 0=${body['0'], 0=${body['0'], 0=${body['0'], 0=${body['0'], 0=${body['0'], 0=${body['0'], 0=${body['0'], 0=${body['0'], 0=${body['0'], 0=${body['0'], 0=${body['0'], 0=${body['0'], 0=${body['0'], 0=${body['0'], 0=${body['0'], 0=${body['0'], 0=${body['0'], 0=${body['0']WHERE codice_azienda=${body['codice_azienda'] AND id_procedura=${body['id_procedura'];`";"`DELETE FROM entrasp.WHERE codice_azienda=${body['codice_azienda'] AND id_procedura=${body['id_procedura'];`"
0;input;;;0;;false;true;true;false;false;false;0;;"var form = [		{type: 'input',		 label: 'codice_azienda',		 inputType: 'text',		 name: 'codice_azienda',		 value: '',		 readonly: 'true',		 isVisible: 'false',		 newLine: 'true'	}	],
var form = [		{type: 'input',		 label: 'codice',		 inputType: 'text',		 name: 'codice',		 value: '',		 readonly: 'false',		 isVisible: 'true',		 newLine: 'true',		 validations: [		{		name: 'required',		validator: 'Validators.required',		message: 'Descrizione mancante'		}		]	}	],
var form = [		{type: 'input',		 label: 'descrizione_breve',		 inputType: 'text',		 name: 'descrizione_breve',		 value: '',		 readonly: 'false',		 isVisible: 'true',		 newLine: 'true',		 validations: [		{		name: 'required',	validator: 'Validators.required',	message: 'Codice mancante'	},	{	name: 'pattern',	validator: '^[a-zA-Z1-9&_ ]+$',	message: 'Uso caratteri non ammessi'	}	]	}	],
var form = [		{type: 'input',		 label: 'id_procedura',		 inputType: 'text',		 name: 'id_procedura',		 value: '',		 readonly: 'true',		 isVisible: 'true',		 newLine: 'true'	}	],
var form = [		{type: 'combobox',		 label: 'id_procedura_parent',		 inputType: 'text',		 name: 'id_procedura_parent',		 value: '',		 readonly: 'false',		 isVisible: 'true',		 newLine: 'true',		 options: []	}	],
var form = [		{type: 'input',		 label: 'ordinamento',		 inputType: 'text',		 name: 'ordinamento',		 value: '',		 readonly: 'false',		 isVisible: 'true',		 newLine: 'true'	}	],
var form = [		{type: 'input',		 label: 'tree_path',		 inputType: 'text',		 name: 'tree_path',		 value: '',		 readonly: 'false',		 isVisible: 'true',		 newLine: 'true'	}	],
var form = [		{type: 'input',		 label: 'frequenza',		 inputType: 'text',		 name: 'frequenza',		 value: '',		 readonly: 'false',		 isVisible: 'true',		 newLine: 'true'	}	],
var form = [		{type: 'input',		 label: 'strumento_informatico',		 inputType: 'text',		 name: 'strumento_informatico',		 value: '',		 readonly: 'false',		 isVisible: 'true',		 newLine: 'true'	}	],
var form = [		{type: 'combobox',		 label: 'id_centro_gest',		 inputType: 'text',		 name: 'id_centro_gest',		 value: '',		 readonly: 'false',		 isVisible: 'true',		 newLine: 'true',		 options: []	}	],
var form = [		{type: 'input',		 label: 'codice_part',		 inputType: 'text',		 name: 'codice_part',		 value: '',		 readonly: 'false',		 isVisible: 'true',		 newLine: 'true'	}	],
var form = [		{type: 'input',		 label: 'descrizione',		 inputType: 'text',		 name: 'descrizione',		 value: '',		 readonly: 'false',		 isVisible: 'true',		 newLine: 'true',		 validations: [		{		name: 'required',		validator: 'Validators.required',		message: 'Descrizione mancante'		}		]	}	],
var form = [		{type: 'combobox',		 label: 'tipo_procedura',		 inputType: 'text',		 name: 'tipo_procedura',		 value: '',		 readonly: 'false',		 isVisible: 'true',		 newLine: 'true',		 options: []	}	],
var form = [		{type: 'combobox',		 label: 'stato_attuazione',		 inputType: 'text',		 name: 'stato_attuazione',		 value: '',		 readonly: 'false',		 isVisible: 'true',		 newLine: 'true',		 options: []	}	],
var form = [		{type: 'combobox',		 label: 'id_tipo_processo',		 inputType: 'text',		 name: 'id_tipo_processo',		 value: '',		 readonly: 'false',		 isVisible: 'true',		 newLine: 'true',		 options: []	}	],
var form = [		{type: 'input',		 label: '',		 inputType: '',		 name: '0',		 value: '',		 readonly: 'false',		 isVisible: 'true',		 newLine: 'true'	}	],
var form = [		{type: 'input',		 label: '',		 inputType: '',		 name: '0',		 value: '',		 readonly: 'false',		 isVisible: 'true',		 newLine: 'true'	}	],
var form = [		{type: 'input',		 label: '',		 inputType: '',		 name: '0',		 value: '',		 readonly: 'false',		 isVisible: 'true',		 newLine: 'true'	}	],
var form = [		{type: 'input',		 label: '',		 inputType: '',		 name: '0',		 value: '',		 readonly: 'false',		 isVisible: 'true',		 newLine: 'true'	}	],
var form = [		{type: 'input',		 label: '',		 inputType: '',		 name: '0',		 value: '',		 readonly: 'false',		 isVisible: 'true',		 newLine: 'true'	}	],
var form = [		{type: 'input',		 label: '',		 inputType: '',		 name: '0',		 value: '',		 readonly: 'false',		 isVisible: 'true',		 newLine: 'true'	}	],
var form = [		{type: 'input',		 label: '',		 inputType: '',		 name: '0',		 value: '',		 readonly: 'false',		 isVisible: 'true',		 newLine: 'true'	}	],
var form = [		{type: 'input',		 label: '',		 inputType: '',		 name: '0',		 value: '',		 readonly: 'false',		 isVisible: 'true',		 newLine: 'true'	}	],
var form = [		{type: 'input',		 label: '',		 inputType: '',		 name: '0',		 value: '',		 readonly: 'false',		 isVisible: 'true',		 newLine: 'true'	}	],
var form = [		{type: 'input',		 label: '',		 inputType: '',		 name: '0',		 value: '',		 readonly: 'false',		 isVisible: 'true',		 newLine: 'true'	}	],
var form = [		{type: 'input',		 label: '',		 inputType: '',		 name: '0',		 value: '',		 readonly: 'false',		 isVisible: 'true',		 newLine: 'true'	}	],
var form = [		{type: 'input',		 label: '',		 inputType: '',		 name: '0',		 value: '',		 readonly: 'false',		 isVisible: 'true',		 newLine: 'true'	}	],
var form = [		{type: 'input',		 label: '',		 inputType: '',		 name: '0',		 value: '',		 readonly: 'false',		 isVisible: 'true',		 newLine: 'true'	}	],
var form = [		{type: 'input',		 label: '',		 inputType: '',		 name: '0',		 value: '',		 readonly: 'false',		 isVisible: 'true',		 newLine: 'true'	}	],
var form = [		{type: 'input',		 label: '',		 inputType: '',		 name: '0',		 value: '',		 readonly: 'false',		 isVisible: 'true',		 newLine: 'true'	}	],
var form = [		{type: 'input',		 label: '',		 inputType: '',		 name: '0',		 value: '',		 readonly: 'false',		 isVisible: 'true',		 newLine: 'true'	}	],
var form = [		{type: 'input',		 label: '',		 inputType: '',		 name: '0',		 value: '',		 readonly: 'false',		 isVisible: 'true',		 newLine: 'true'	}	],
var form = [		{type: 'input',		 label: '',		 inputType: '',		 name: '0',		 value: '',		 readonly: 'false',		 isVisible: 'true',		 newLine: 'true'	}	],
var form = [		{type: 'input',		 label: '',		 inputType: '',		 name: '0',		 value: '',		 readonly: 'false',		 isVisible: 'true',		 newLine: 'true'	}	],
var form = [		{type: 'input',		 label: '',		 inputType: '',		 name: '0',		 value: '',		 readonly: 'false',		 isVisible: 'true',		 newLine: 'true'	}	],
var form = [		{type: 'input',		 label: '',		 inputType: '',		 name: '0',		 value: '',		 readonly: 'false',		 isVisible: 'true',		 newLine: 'true'	}	],
var form = [		{type: 'input',		 label: '',		 inputType: '',		 name: '0',		 value: '',		 readonly: 'false',		 isVisible: 'true',		 newLine: 'true'	}	],
var form = [		{type: 'input',		 label: '',		 inputType: '',		 name: '0',		 value: '',		 readonly: 'false',		 isVisible: 'true',		 newLine: 'true'	}	],
var form = [		{type: 'input',		 label: '',		 inputType: '',		 name: '0',		 value: '',		 readonly: 'false',		 isVisible: 'true',		 newLine: 'true'	}	],
var form = [		{type: 'input',		 label: '',		 inputType: '',		 name: '0',		 value: '',		 readonly: 'false',		 isVisible: 'true',		 newLine: 'true'	}	],
var form = [		{type: 'input',		 label: '',		 inputType: '',		 name: '0',		 value: '',		 readonly: 'false',		 isVisible: 'true',		 newLine: 'true'	}	],
var form = [		{type: 'input',		 label: '',		 inputType: '',		 name: '0',		 value: '',		 readonly: 'false',		 isVisible: 'true',		 newLine: 'true'	}	],
var form = [		{type: 'input',		 label: '',		 inputType: '',		 name: '0',		 value: '',		 readonly: 'false',		 isVisible: 'true',		 newLine: 'true'	}	]";codice_azienda, codice, descrizione_breve, id_procedura_parent, ordinamento, tree_path, frequenza, strumento_informatico, id_centro_gest, codice_part, descrizione, tipo_procedura, stato_attuazione, id_tipo_processo, 0, 0, 0, 0, 0, 0, 0, 0, 0, 0, 0, 0, 0, 0, 0, 0, 0, 0, 0, 0, 0, 0, 0, 0, 0, 0, 0, 0;${body['codice_azienda'], ${body['codice'], ${body['descrizione_breve'], ${body[id_procedura_parent], ${body[ordinamento], ${body['tree_path'], ${body['frequenza'], ${body['strumento_informatico'], ${body[id_centro_gest], ${body['codice_part'], ${body['descrizione'], ${body['tipo_procedura'], ${body['stato_attuazione'], ${body[id_tipo_processo], ${body['0'], ${body['0'], ${body['0'], ${body['0'], ${body['0'], ${body['0'], ${body['0'], ${body['0'], ${body['0'], ${body['0'], ${body['0'], ${body['0'], ${body['0'], ${body['0'], ${body['0'], ${body['0'], ${body['0'], ${body['0'], ${body['0'], ${body['0'], ${body['0'], ${body['0'], ${body['0'], ${body['0'], ${body['0'], ${body['0'], ${body['0'], ${body['0'];codice_azienda=${body['codice_azienda'], codice=${body['codice'], descrizione_breve=${body['descrizione_breve'], id_procedura_parent=${body[id_procedura_parent], ordinamento=${body[ordinamento], tree_path=${body['tree_path'], frequenza=${body['frequenza'], strumento_informatico=${body['strumento_informatico'], id_centro_gest=${body[id_centro_gest], codice_part=${body['codice_part'], descrizione=${body['descrizione'], tipo_procedura=${body['tipo_procedura'], stato_attuazione=${body['stato_attuazione'], id_tipo_processo=${body[id_tipo_processo], 0=${body['0'], 0=${body['0'], 0=${body['0'], 0=${body['0'], 0=${body['0'], 0=${body['0'], 0=${body['0'], 0=${body['0'], 0=${body['0'], 0=${body['0'], 0=${body['0'], 0=${body['0'], 0=${body['0'], 0=${body['0'], 0=${body['0'], 0=${body['0'], 0=${body['0'], 0=${body['0'], 0=${body['0'], 0=${body['0'], 0=${body['0'], 0=${body['0'], 0=${body['0'], 0=${body['0'], 0=${body['0'], 0=${body['0'], 0=${body['0'], 0=${body['0'];;;codice_azienda=${body['codice_azienda'] AND id_procedura=${body['id_procedura'];;;;"`INSERT INTO entrasp.(codice_azienda, codice, descrizione_breve, id_procedura_parent, ordinamento, tree_path, frequenza, strumento_informatico, id_centro_gest, codice_part, descrizione, tipo_procedura, stato_attuazione, id_tipo_processo, 0, 0, 0, 0, 0, 0, 0, 0, 0, 0, 0, 0, 0, 0, 0, 0, 0, 0, 0, 0, 0, 0, 0, 0, 0, 0, 0, 0)Values(${body['codice_azienda'], ${body['codice'], ${body['descrizione_breve'], ${body[id_procedura_parent], ${body[ordinamento], ${body['tree_path'], ${body['frequenza'], ${body['strumento_informatico'], ${body[id_centro_gest], ${body['codice_part'], ${body['descrizione'], ${body['tipo_procedura'], ${body['stato_attuazione'], ${body[id_tipo_processo], ${body['0'], ${body['0'], ${body['0'], ${body['0'], ${body['0'], ${body['0'], ${body['0'], ${body['0'], ${body['0'], ${body['0'], ${body['0'], ${body['0'], ${body['0'], ${body['0'], ${body['0'], ${body['0'], ${body['0'], ${body['0'], ${body['0'], ${body['0'], ${body['0'], ${body['0'], ${body['0'], ${body['0'], ${body['0'], ${body['0'], ${body['0'], ${body['0'])RETURNING id_procedura;`";"`Update entrasp.SET codice_azienda=${body['codice_azienda'], codice=${body['codice'], descrizione_breve=${body['descrizione_breve'], id_procedura_parent=${body[id_procedura_parent], ordinamento=${body[ordinamento], tree_path=${body['tree_path'], frequenza=${body['frequenza'], strumento_informatico=${body['strumento_informatico'], id_centro_gest=${body[id_centro_gest], codice_part=${body['codice_part'], descrizione=${body['descrizione'], tipo_procedura=${body['tipo_procedura'], stato_attuazione=${body['stato_attuazione'], id_tipo_processo=${body[id_tipo_processo], 0=${body['0'], 0=${body['0'], 0=${body['0'], 0=${body['0'], 0=${body['0'], 0=${body['0'], 0=${body['0'], 0=${body['0'], 0=${body['0'], 0=${body['0'], 0=${body['0'], 0=${body['0'], 0=${body['0'], 0=${body['0'], 0=${body['0'], 0=${body['0'], 0=${body['0'], 0=${body['0'], 0=${body['0'], 0=${body['0'], 0=${body['0'], 0=${body['0'], 0=${body['0'], 0=${body['0'], 0=${body['0'], 0=${body['0'], 0=${body['0'], 0=${body['0'], 0=${body['0'], 0=${body['0'], 0=${body['0'], 0=${body['0'], 0=${body['0'], 0=${body['0'], 0=${body['0'], 0=${body['0'], 0=${body['0'], 0=${body['0'], 0=${body['0'], 0=${body['0'], 0=${body['0'], 0=${body['0']WHERE codice_azienda=${body['codice_azienda'] AND id_procedura=${body['id_procedura'];`";"`DELETE FROM entrasp.WHERE codice_azienda=${body['codice_azienda'] AND id_procedura=${body['id_procedura'];`"
0;input;;;0;;false;true;true;false;false;false;0;;"var form = [		{type: 'input',		 label: 'codice_azienda',		 inputType: 'text',		 name: 'codice_azienda',		 value: '',		 readonly: 'true',		 isVisible: 'false',		 newLine: 'true'	}	],
var form = [		{type: 'input',		 label: 'codice',		 inputType: 'text',		 name: 'codice',		 value: '',		 readonly: 'false',		 isVisible: 'true',		 newLine: 'true',		 validations: [		{		name: 'required',		validator: 'Validators.required',		message: 'Descrizione mancante'		}		]	}	],
var form = [		{type: 'input',		 label: 'descrizione_breve',		 inputType: 'text',		 name: 'descrizione_breve',		 value: '',		 readonly: 'false',		 isVisible: 'true',		 newLine: 'true',		 validations: [		{		name: 'required',	validator: 'Validators.required',	message: 'Codice mancante'	},	{	name: 'pattern',	validator: '^[a-zA-Z1-9&_ ]+$',	message: 'Uso caratteri non ammessi'	}	]	}	],
var form = [		{type: 'input',		 label: 'id_procedura',		 inputType: 'text',		 name: 'id_procedura',		 value: '',		 readonly: 'true',		 isVisible: 'true',		 newLine: 'true'	}	],
var form = [		{type: 'combobox',		 label: 'id_procedura_parent',		 inputType: 'text',		 name: 'id_procedura_parent',		 value: '',		 readonly: 'false',		 isVisible: 'true',		 newLine: 'true',		 options: []	}	],
var form = [		{type: 'input',		 label: 'ordinamento',		 inputType: 'text',		 name: 'ordinamento',		 value: '',		 readonly: 'false',		 isVisible: 'true',		 newLine: 'true'	}	],
var form = [		{type: 'input',		 label: 'tree_path',		 inputType: 'text',		 name: 'tree_path',		 value: '',		 readonly: 'false',		 isVisible: 'true',		 newLine: 'true'	}	],
var form = [		{type: 'input',		 label: 'frequenza',		 inputType: 'text',		 name: 'frequenza',		 value: '',		 readonly: 'false',		 isVisible: 'true',		 newLine: 'true'	}	],
var form = [		{type: 'input',		 label: 'strumento_informatico',		 inputType: 'text',		 name: 'strumento_informatico',		 value: '',		 readonly: 'false',		 isVisible: 'true',		 newLine: 'true'	}	],
var form = [		{type: 'combobox',		 label: 'id_centro_gest',		 inputType: 'text',		 name: 'id_centro_gest',		 value: '',		 readonly: 'false',		 isVisible: 'true',		 newLine: 'true',		 options: []	}	],
var form = [		{type: 'input',		 label: 'codice_part',		 inputType: 'text',		 name: 'codice_part',		 value: '',		 readonly: 'false',		 isVisible: 'true',		 newLine: 'true'	}	],
var form = [		{type: 'input',		 label: 'descrizione',		 inputType: 'text',		 name: 'descrizione',		 value: '',		 readonly: 'false',		 isVisible: 'true',		 newLine: 'true',		 validations: [		{		name: 'required',		validator: 'Validators.required',		message: 'Descrizione mancante'		}		]	}	],
var form = [		{type: 'combobox',		 label: 'tipo_procedura',		 inputType: 'text',		 name: 'tipo_procedura',		 value: '',		 readonly: 'false',		 isVisible: 'true',		 newLine: 'true',		 options: []	}	],
var form = [		{type: 'combobox',		 label: 'stato_attuazione',		 inputType: 'text',		 name: 'stato_attuazione',		 value: '',		 readonly: 'false',		 isVisible: 'true',		 newLine: 'true',		 options: []	}	],
var form = [		{type: 'combobox',		 label: 'id_tipo_processo',		 inputType: 'text',		 name: 'id_tipo_processo',		 value: '',		 readonly: 'false',		 isVisible: 'true',		 newLine: 'true',		 options: []	}	],
var form = [		{type: 'input',		 label: '',		 inputType: '',		 name: '0',		 value: '',		 readonly: 'false',		 isVisible: 'true',		 newLine: 'true'	}	],
var form = [		{type: 'input',		 label: '',		 inputType: '',		 name: '0',		 value: '',		 readonly: 'false',		 isVisible: 'true',		 newLine: 'true'	}	],
var form = [		{type: 'input',		 label: '',		 inputType: '',		 name: '0',		 value: '',		 readonly: 'false',		 isVisible: 'true',		 newLine: 'true'	}	],
var form = [		{type: 'input',		 label: '',		 inputType: '',		 name: '0',		 value: '',		 readonly: 'false',		 isVisible: 'true',		 newLine: 'true'	}	],
var form = [		{type: 'input',		 label: '',		 inputType: '',		 name: '0',		 value: '',		 readonly: 'false',		 isVisible: 'true',		 newLine: 'true'	}	],
var form = [		{type: 'input',		 label: '',		 inputType: '',		 name: '0',		 value: '',		 readonly: 'false',		 isVisible: 'true',		 newLine: 'true'	}	],
var form = [		{type: 'input',		 label: '',		 inputType: '',		 name: '0',		 value: '',		 readonly: 'false',		 isVisible: 'true',		 newLine: 'true'	}	],
var form = [		{type: 'input',		 label: '',		 inputType: '',		 name: '0',		 value: '',		 readonly: 'false',		 isVisible: 'true',		 newLine: 'true'	}	],
var form = [		{type: 'input',		 label: '',		 inputType: '',		 name: '0',		 value: '',		 readonly: 'false',		 isVisible: 'true',		 newLine: 'true'	}	],
var form = [		{type: 'input',		 label: '',		 inputType: '',		 name: '0',		 value: '',		 readonly: 'false',		 isVisible: 'true',		 newLine: 'true'	}	],
var form = [		{type: 'input',		 label: '',		 inputType: '',		 name: '0',		 value: '',		 readonly: 'false',		 isVisible: 'true',		 newLine: 'true'	}	],
var form = [		{type: 'input',		 label: '',		 inputType: '',		 name: '0',		 value: '',		 readonly: 'false',		 isVisible: 'true',		 newLine: 'true'	}	],
var form = [		{type: 'input',		 label: '',		 inputType: '',		 name: '0',		 value: '',		 readonly: 'false',		 isVisible: 'true',		 newLine: 'true'	}	],
var form = [		{type: 'input',		 label: '',		 inputType: '',		 name: '0',		 value: '',		 readonly: 'false',		 isVisible: 'true',		 newLine: 'true'	}	],
var form = [		{type: 'input',		 label: '',		 inputType: '',		 name: '0',		 value: '',		 readonly: 'false',		 isVisible: 'true',		 newLine: 'true'	}	],
var form = [		{type: 'input',		 label: '',		 inputType: '',		 name: '0',		 value: '',		 readonly: 'false',		 isVisible: 'true',		 newLine: 'true'	}	],
var form = [		{type: 'input',		 label: '',		 inputType: '',		 name: '0',		 value: '',		 readonly: 'false',		 isVisible: 'true',		 newLine: 'true'	}	],
var form = [		{type: 'input',		 label: '',		 inputType: '',		 name: '0',		 value: '',		 readonly: 'false',		 isVisible: 'true',		 newLine: 'true'	}	],
var form = [		{type: 'input',		 label: '',		 inputType: '',		 name: '0',		 value: '',		 readonly: 'false',		 isVisible: 'true',		 newLine: 'true'	}	],
var form = [		{type: 'input',		 label: '',		 inputType: '',		 name: '0',		 value: '',		 readonly: 'false',		 isVisible: 'true',		 newLine: 'true'	}	],
var form = [		{type: 'input',		 label: '',		 inputType: '',		 name: '0',		 value: '',		 readonly: 'false',		 isVisible: 'true',		 newLine: 'true'	}	],
var form = [		{type: 'input',		 label: '',		 inputType: '',		 name: '0',		 value: '',		 readonly: 'false',		 isVisible: 'true',		 newLine: 'true'	}	],
var form = [		{type: 'input',		 label: '',		 inputType: '',		 name: '0',		 value: '',		 readonly: 'false',		 isVisible: 'true',		 newLine: 'true'	}	],
var form = [		{type: 'input',		 label: '',		 inputType: '',		 name: '0',		 value: '',		 readonly: 'false',		 isVisible: 'true',		 newLine: 'true'	}	],
var form = [		{type: 'input',		 label: '',		 inputType: '',		 name: '0',		 value: '',		 readonly: 'false',		 isVisible: 'true',		 newLine: 'true'	}	],
var form = [		{type: 'input',		 label: '',		 inputType: '',		 name: '0',		 value: '',		 readonly: 'false',		 isVisible: 'true',		 newLine: 'true'	}	],
var form = [		{type: 'input',		 label: '',		 inputType: '',		 name: '0',		 value: '',		 readonly: 'false',		 isVisible: 'true',		 newLine: 'true'	}	],
var form = [		{type: 'input',		 label: '',		 inputType: '',		 name: '0',		 value: '',		 readonly: 'false',		 isVisible: 'true',		 newLine: 'true'	}	],
var form = [		{type: 'input',		 label: '',		 inputType: '',		 name: '0',		 value: '',		 readonly: 'false',		 isVisible: 'true',		 newLine: 'true'	}	]";codice_azienda, codice, descrizione_breve, id_procedura_parent, ordinamento, tree_path, frequenza, strumento_informatico, id_centro_gest, codice_part, descrizione, tipo_procedura, stato_attuazione, id_tipo_processo, 0, 0, 0, 0, 0, 0, 0, 0, 0, 0, 0, 0, 0, 0, 0, 0, 0, 0, 0, 0, 0, 0, 0, 0, 0, 0, 0, 0, 0;${body['codice_azienda'], ${body['codice'], ${body['descrizione_breve'], ${body[id_procedura_parent], ${body[ordinamento], ${body['tree_path'], ${body['frequenza'], ${body['strumento_informatico'], ${body[id_centro_gest], ${body['codice_part'], ${body['descrizione'], ${body['tipo_procedura'], ${body['stato_attuazione'], ${body[id_tipo_processo], ${body['0'], ${body['0'], ${body['0'], ${body['0'], ${body['0'], ${body['0'], ${body['0'], ${body['0'], ${body['0'], ${body['0'], ${body['0'], ${body['0'], ${body['0'], ${body['0'], ${body['0'], ${body['0'], ${body['0'], ${body['0'], ${body['0'], ${body['0'], ${body['0'], ${body['0'], ${body['0'], ${body['0'], ${body['0'], ${body['0'], ${body['0'], ${body['0'], ${body['0'];codice_azienda=${body['codice_azienda'], codice=${body['codice'], descrizione_breve=${body['descrizione_breve'], id_procedura_parent=${body[id_procedura_parent], ordinamento=${body[ordinamento], tree_path=${body['tree_path'], frequenza=${body['frequenza'], strumento_informatico=${body['strumento_informatico'], id_centro_gest=${body[id_centro_gest], codice_part=${body['codice_part'], descrizione=${body['descrizione'], tipo_procedura=${body['tipo_procedura'], stato_attuazione=${body['stato_attuazione'], id_tipo_processo=${body[id_tipo_processo], 0=${body['0'], 0=${body['0'], 0=${body['0'], 0=${body['0'], 0=${body['0'], 0=${body['0'], 0=${body['0'], 0=${body['0'], 0=${body['0'], 0=${body['0'], 0=${body['0'], 0=${body['0'], 0=${body['0'], 0=${body['0'], 0=${body['0'], 0=${body['0'], 0=${body['0'], 0=${body['0'], 0=${body['0'], 0=${body['0'], 0=${body['0'], 0=${body['0'], 0=${body['0'], 0=${body['0'], 0=${body['0'], 0=${body['0'], 0=${body['0'], 0=${body['0'], 0=${body['0'];;;codice_azienda=${body['codice_azienda'] AND id_procedura=${body['id_procedura'];;;;"`INSERT INTO entrasp.(codice_azienda, codice, descrizione_breve, id_procedura_parent, ordinamento, tree_path, frequenza, strumento_informatico, id_centro_gest, codice_part, descrizione, tipo_procedura, stato_attuazione, id_tipo_processo, 0, 0, 0, 0, 0, 0, 0, 0, 0, 0, 0, 0, 0, 0, 0, 0, 0, 0, 0, 0, 0, 0, 0, 0, 0, 0, 0, 0, 0)Values(${body['codice_azienda'], ${body['codice'], ${body['descrizione_breve'], ${body[id_procedura_parent], ${body[ordinamento], ${body['tree_path'], ${body['frequenza'], ${body['strumento_informatico'], ${body[id_centro_gest], ${body['codice_part'], ${body['descrizione'], ${body['tipo_procedura'], ${body['stato_attuazione'], ${body[id_tipo_processo], ${body['0'], ${body['0'], ${body['0'], ${body['0'], ${body['0'], ${body['0'], ${body['0'], ${body['0'], ${body['0'], ${body['0'], ${body['0'], ${body['0'], ${body['0'], ${body['0'], ${body['0'], ${body['0'], ${body['0'], ${body['0'], ${body['0'], ${body['0'], ${body['0'], ${body['0'], ${body['0'], ${body['0'], ${body['0'], ${body['0'], ${body['0'], ${body['0'], ${body['0'])RETURNING id_procedura;`";"`Update entrasp.SET codice_azienda=${body['codice_azienda'], codice=${body['codice'], descrizione_breve=${body['descrizione_breve'], id_procedura_parent=${body[id_procedura_parent], ordinamento=${body[ordinamento], tree_path=${body['tree_path'], frequenza=${body['frequenza'], strumento_informatico=${body['strumento_informatico'], id_centro_gest=${body[id_centro_gest], codice_part=${body['codice_part'], descrizione=${body['descrizione'], tipo_procedura=${body['tipo_procedura'], stato_attuazione=${body['stato_attuazione'], id_tipo_processo=${body[id_tipo_processo], 0=${body['0'], 0=${body['0'], 0=${body['0'], 0=${body['0'], 0=${body['0'], 0=${body['0'], 0=${body['0'], 0=${body['0'], 0=${body['0'], 0=${body['0'], 0=${body['0'], 0=${body['0'], 0=${body['0'], 0=${body['0'], 0=${body['0'], 0=${body['0'], 0=${body['0'], 0=${body['0'], 0=${body['0'], 0=${body['0'], 0=${body['0'], 0=${body['0'], 0=${body['0'], 0=${body['0'], 0=${body['0'], 0=${body['0'], 0=${body['0'], 0=${body['0'], 0=${body['0'], 0=${body['0'], 0=${body['0'], 0=${body['0'], 0=${body['0'], 0=${body['0'], 0=${body['0'], 0=${body['0'], 0=${body['0'], 0=${body['0'], 0=${body['0'], 0=${body['0'], 0=${body['0'], 0=${body['0'], 0=${body['0']WHERE codice_azienda=${body['codice_azienda'] AND id_procedura=${body['id_procedura'];`";"`DELETE FROM entrasp.WHERE codice_azienda=${body['codice_azienda'] AND id_procedura=${body['id_procedura'];`"
0;input;;;0;;false;true;true;false;false;false;0;;;codice_azienda, codice, descrizione_breve, id_procedura_parent, ordinamento, tree_path, frequenza, strumento_informatico, id_centro_gest, codice_part, descrizione, tipo_procedura, stato_attuazione, id_tipo_processo, 0, 0, 0, 0, 0, 0, 0, 0, 0, 0, 0, 0, 0, 0, 0, 0, 0, 0, 0, 0, 0, 0, 0, 0, 0, 0, 0, 0, 0, 0;${body['codice_azienda'], ${body['codice'], ${body['descrizione_breve'], ${body[id_procedura_parent], ${body[ordinamento], ${body['tree_path'], ${body['frequenza'], ${body['strumento_informatico'], ${body[id_centro_gest], ${body['codice_part'], ${body['descrizione'], ${body['tipo_procedura'], ${body['stato_attuazione'], ${body[id_tipo_processo], ${body['0'], ${body['0'], ${body['0'], ${body['0'], ${body['0'], ${body['0'], ${body['0'], ${body['0'], ${body['0'], ${body['0'], ${body['0'], ${body['0'], ${body['0'], ${body['0'], ${body['0'], ${body['0'], ${body['0'], ${body['0'], ${body['0'], ${body['0'], ${body['0'], ${body['0'], ${body['0'], ${body['0'], ${body['0'], ${body['0'], ${body['0'], ${body['0'], ${body['0'], ${body['0'];codice_azienda=${body['codice_azienda'], codice=${body['codice'], descrizione_breve=${body['descrizione_breve'], id_procedura_parent=${body[id_procedura_parent], ordinamento=${body[ordinamento], tree_path=${body['tree_path'], frequenza=${body['frequenza'], strumento_informatico=${body['strumento_informatico'], id_centro_gest=${body[id_centro_gest], codice_part=${body['codice_part'], descrizione=${body['descrizione'], tipo_procedura=${body['tipo_procedura'], stato_attuazione=${body['stato_attuazione'], id_tipo_processo=${body[id_tipo_processo], 0=${body['0'], 0=${body['0'], 0=${body['0'], 0=${body['0'], 0=${body['0'], 0=${body['0'], 0=${body['0'], 0=${body['0'], 0=${body['0'], 0=${body['0'], 0=${body['0'], 0=${body['0'], 0=${body['0'], 0=${body['0'], 0=${body['0'], 0=${body['0'], 0=${body['0'], 0=${body['0'], 0=${body['0'], 0=${body['0'], 0=${body['0'], 0=${body['0'], 0=${body['0'], 0=${body['0'], 0=${body['0'], 0=${body['0'], 0=${body['0'], 0=${body['0'], 0=${body['0'], 0=${body['0'];;;codice_azienda=${body['codice_azienda'] AND id_procedura=${body['id_procedura'];;;;"`INSERT INTO entrasp.(codice_azienda, codice, descrizione_breve, id_procedura_parent, ordinamento, tree_path, frequenza, strumento_informatico, id_centro_gest, codice_part, descrizione, tipo_procedura, stato_attuazione, id_tipo_processo, 0, 0, 0, 0, 0, 0, 0, 0, 0, 0, 0, 0, 0, 0, 0, 0, 0, 0, 0, 0, 0, 0, 0, 0, 0, 0, 0, 0, 0, 0)Values(${body['codice_azienda'], ${body['codice'], ${body['descrizione_breve'], ${body[id_procedura_parent], ${body[ordinamento], ${body['tree_path'], ${body['frequenza'], ${body['strumento_informatico'], ${body[id_centro_gest], ${body['codice_part'], ${body['descrizione'], ${body['tipo_procedura'], ${body['stato_attuazione'], ${body[id_tipo_processo], ${body['0'], ${body['0'], ${body['0'], ${body['0'], ${body['0'], ${body['0'], ${body['0'], ${body['0'], ${body['0'], ${body['0'], ${body['0'], ${body['0'], ${body['0'], ${body['0'], ${body['0'], ${body['0'], ${body['0'], ${body['0'], ${body['0'], ${body['0'], ${body['0'], ${body['0'], ${body['0'], ${body['0'], ${body['0'], ${body['0'], ${body['0'], ${body['0'], ${body['0'], ${body['0'])RETURNING id_procedura;`";"`Update entrasp.SET codice_azienda=${body['codice_azienda'], codice=${body['codice'], descrizione_breve=${body['descrizione_breve'], id_procedura_parent=${body[id_procedura_parent], ordinamento=${body[ordinamento], tree_path=${body['tree_path'], frequenza=${body['frequenza'], strumento_informatico=${body['strumento_informatico'], id_centro_gest=${body[id_centro_gest], codice_part=${body['codice_part'], descrizione=${body['descrizione'], tipo_procedura=${body['tipo_procedura'], stato_attuazione=${body['stato_attuazione'], id_tipo_processo=${body[id_tipo_processo], 0=${body['0'], 0=${body['0'], 0=${body['0'], 0=${body['0'], 0=${body['0'], 0=${body['0'], 0=${body['0'], 0=${body['0'], 0=${body['0'], 0=${body['0'], 0=${body['0'], 0=${body['0'], 0=${body['0'], 0=${body['0'], 0=${body['0'], 0=${body['0'], 0=${body['0'], 0=${body['0'], 0=${body['0'], 0=${body['0'], 0=${body['0'], 0=${body['0'], 0=${body['0'], 0=${body['0'], 0=${body['0'], 0=${body['0'], 0=${body['0'], 0=${body['0'], 0=${body['0'], 0=${body['0'], 0=${body['0'], 0=${body['0'], 0=${body['0'], 0=${body['0'], 0=${body['0'], 0=${body['0'], 0=${body['0'], 0=${body['0'], 0=${body['0'], 0=${body['0'], 0=${body['0'], 0=${body['0'], 0=${body['0'], 0=${body['0']WHERE codice_azienda=${body['codice_azienda'] AND id_procedura=${body['id_procedura'];`";"`DELETE FROM entrasp.WHERE codice_azienda=${body['codice_azienda'] AND id_procedura=${body['id_procedura'];`"
0;input;;;0;;false;true;true;false;false;false;0;;;codice_azienda, codice, descrizione_breve, id_procedura_parent, ordinamento, tree_path, frequenza, strumento_informatico, id_centro_gest, codice_part, descrizione, tipo_procedura, stato_attuazione, id_tipo_processo, 0, 0, 0, 0, 0, 0, 0, 0, 0, 0, 0, 0, 0, 0, 0, 0, 0, 0, 0, 0, 0, 0, 0, 0, 0, 0, 0, 0, 0, 0, 0;${body['codice_azienda'], ${body['codice'], ${body['descrizione_breve'], ${body[id_procedura_parent], ${body[ordinamento], ${body['tree_path'], ${body['frequenza'], ${body['strumento_informatico'], ${body[id_centro_gest], ${body['codice_part'], ${body['descrizione'], ${body['tipo_procedura'], ${body['stato_attuazione'], ${body[id_tipo_processo], ${body['0'], ${body['0'], ${body['0'], ${body['0'], ${body['0'], ${body['0'], ${body['0'], ${body['0'], ${body['0'], ${body['0'], ${body['0'], ${body['0'], ${body['0'], ${body['0'], ${body['0'], ${body['0'], ${body['0'], ${body['0'], ${body['0'], ${body['0'], ${body['0'], ${body['0'], ${body['0'], ${body['0'], ${body['0'], ${body['0'], ${body['0'], ${body['0'], ${body['0'], ${body['0'], ${body['0'];codice_azienda=${body['codice_azienda'], codice=${body['codice'], descrizione_breve=${body['descrizione_breve'], id_procedura_parent=${body[id_procedura_parent], ordinamento=${body[ordinamento], tree_path=${body['tree_path'], frequenza=${body['frequenza'], strumento_informatico=${body['strumento_informatico'], id_centro_gest=${body[id_centro_gest], codice_part=${body['codice_part'], descrizione=${body['descrizione'], tipo_procedura=${body['tipo_procedura'], stato_attuazione=${body['stato_attuazione'], id_tipo_processo=${body[id_tipo_processo], 0=${body['0'], 0=${body['0'], 0=${body['0'], 0=${body['0'], 0=${body['0'], 0=${body['0'], 0=${body['0'], 0=${body['0'], 0=${body['0'], 0=${body['0'], 0=${body['0'], 0=${body['0'], 0=${body['0'], 0=${body['0'], 0=${body['0'], 0=${body['0'], 0=${body['0'], 0=${body['0'], 0=${body['0'], 0=${body['0'], 0=${body['0'], 0=${body['0'], 0=${body['0'], 0=${body['0'], 0=${body['0'], 0=${body['0'], 0=${body['0'], 0=${body['0'], 0=${body['0'], 0=${body['0'], 0=${body['0'];;;codice_azienda=${body['codice_azienda'] AND id_procedura=${body['id_procedura'];;;;"`INSERT INTO entrasp.(codice_azienda, codice, descrizione_breve, id_procedura_parent, ordinamento, tree_path, frequenza, strumento_informatico, id_centro_gest, codice_part, descrizione, tipo_procedura, stato_attuazione, id_tipo_processo, 0, 0, 0, 0, 0, 0, 0, 0, 0, 0, 0, 0, 0, 0, 0, 0, 0, 0, 0, 0, 0, 0, 0, 0, 0, 0, 0, 0, 0, 0, 0)Values(${body['codice_azienda'], ${body['codice'], ${body['descrizione_breve'], ${body[id_procedura_parent], ${body[ordinamento], ${body['tree_path'], ${body['frequenza'], ${body['strumento_informatico'], ${body[id_centro_gest], ${body['codice_part'], ${body['descrizione'], ${body['tipo_procedura'], ${body['stato_attuazione'], ${body[id_tipo_processo], ${body['0'], ${body['0'], ${body['0'], ${body['0'], ${body['0'], ${body['0'], ${body['0'], ${body['0'], ${body['0'], ${body['0'], ${body['0'], ${body['0'], ${body['0'], ${body['0'], ${body['0'], ${body['0'], ${body['0'], ${body['0'], ${body['0'], ${body['0'], ${body['0'], ${body['0'], ${body['0'], ${body['0'], ${body['0'], ${body['0'], ${body['0'], ${body['0'], ${body['0'], ${body['0'], ${body['0'])RETURNING id_procedura;`";"`Update entrasp.SET codice_azienda=${body['codice_azienda'], codice=${body['codice'], descrizione_breve=${body['descrizione_breve'], id_procedura_parent=${body[id_procedura_parent], ordinamento=${body[ordinamento], tree_path=${body['tree_path'], frequenza=${body['frequenza'], strumento_informatico=${body['strumento_informatico'], id_centro_gest=${body[id_centro_gest], codice_part=${body['codice_part'], descrizione=${body['descrizione'], tipo_procedura=${body['tipo_procedura'], stato_attuazione=${body['stato_attuazione'], id_tipo_processo=${body[id_tipo_processo], 0=${body['0'], 0=${body['0'], 0=${body['0'], 0=${body['0'], 0=${body['0'], 0=${body['0'], 0=${body['0'], 0=${body['0'], 0=${body['0'], 0=${body['0'], 0=${body['0'], 0=${body['0'], 0=${body['0'], 0=${body['0'], 0=${body['0'], 0=${body['0'], 0=${body['0'], 0=${body['0'], 0=${body['0'], 0=${body['0'], 0=${body['0'], 0=${body['0'], 0=${body['0'], 0=${body['0'], 0=${body['0'], 0=${body['0'], 0=${body['0'], 0=${body['0'], 0=${body['0'], 0=${body['0'], 0=${body['0'], 0=${body['0'], 0=${body['0'], 0=${body['0'], 0=${body['0'], 0=${body['0'], 0=${body['0'], 0=${body['0'], 0=${body['0'], 0=${body['0'], 0=${body['0'], 0=${body['0'], 0=${body['0'], 0=${body['0'], 0=${body['0']WHERE codice_azienda=${body['codice_azienda'] AND id_procedura=${body['id_procedura'];`";"`DELETE FROM entrasp.WHERE codice_azienda=${body['codice_azienda'] AND id_procedura=${body['id_procedura'];`"
0;input;;;0;;false;true;true;false;false;false;0;;;codice_azienda, codice, descrizione_breve, id_procedura_parent, ordinamento, tree_path, frequenza, strumento_informatico, id_centro_gest, codice_part, descrizione, tipo_procedura, stato_attuazione, id_tipo_processo, 0, 0, 0, 0, 0, 0, 0, 0, 0, 0, 0, 0, 0, 0, 0, 0, 0, 0, 0, 0, 0, 0, 0, 0, 0, 0, 0, 0, 0, 0, 0, 0;${body['codice_azienda'], ${body['codice'], ${body['descrizione_breve'], ${body[id_procedura_parent], ${body[ordinamento], ${body['tree_path'], ${body['frequenza'], ${body['strumento_informatico'], ${body[id_centro_gest], ${body['codice_part'], ${body['descrizione'], ${body['tipo_procedura'], ${body['stato_attuazione'], ${body[id_tipo_processo], ${body['0'], ${body['0'], ${body['0'], ${body['0'], ${body['0'], ${body['0'], ${body['0'], ${body['0'], ${body['0'], ${body['0'], ${body['0'], ${body['0'], ${body['0'], ${body['0'], ${body['0'], ${body['0'], ${body['0'], ${body['0'], ${body['0'], ${body['0'], ${body['0'], ${body['0'], ${body['0'], ${body['0'], ${body['0'], ${body['0'], ${body['0'], ${body['0'], ${body['0'], ${body['0'], ${body['0'], ${body['0'];codice_azienda=${body['codice_azienda'], codice=${body['codice'], descrizione_breve=${body['descrizione_breve'], id_procedura_parent=${body[id_procedura_parent], ordinamento=${body[ordinamento], tree_path=${body['tree_path'], frequenza=${body['frequenza'], strumento_informatico=${body['strumento_informatico'], id_centro_gest=${body[id_centro_gest], codice_part=${body['codice_part'], descrizione=${body['descrizione'], tipo_procedura=${body['tipo_procedura'], stato_attuazione=${body['stato_attuazione'], id_tipo_processo=${body[id_tipo_processo], 0=${body['0'], 0=${body['0'], 0=${body['0'], 0=${body['0'], 0=${body['0'], 0=${body['0'], 0=${body['0'], 0=${body['0'], 0=${body['0'], 0=${body['0'], 0=${body['0'], 0=${body['0'], 0=${body['0'], 0=${body['0'], 0=${body['0'], 0=${body['0'], 0=${body['0'], 0=${body['0'], 0=${body['0'], 0=${body['0'], 0=${body['0'], 0=${body['0'], 0=${body['0'], 0=${body['0'], 0=${body['0'], 0=${body['0'], 0=${body['0'], 0=${body['0'], 0=${body['0'], 0=${body['0'], 0=${body['0'], 0=${body['0'];;;codice_azienda=${body['codice_azienda'] AND id_procedura=${body['id_procedura'];;;;"`INSERT INTO entrasp.(codice_azienda, codice, descrizione_breve, id_procedura_parent, ordinamento, tree_path, frequenza, strumento_informatico, id_centro_gest, codice_part, descrizione, tipo_procedura, stato_attuazione, id_tipo_processo, 0, 0, 0, 0, 0, 0, 0, 0, 0, 0, 0, 0, 0, 0, 0, 0, 0, 0, 0, 0, 0, 0, 0, 0, 0, 0, 0, 0, 0, 0, 0, 0)Values(${body['codice_azienda'], ${body['codice'], ${body['descrizione_breve'], ${body[id_procedura_parent], ${body[ordinamento], ${body['tree_path'], ${body['frequenza'], ${body['strumento_informatico'], ${body[id_centro_gest], ${body['codice_part'], ${body['descrizione'], ${body['tipo_procedura'], ${body['stato_attuazione'], ${body[id_tipo_processo], ${body['0'], ${body['0'], ${body['0'], ${body['0'], ${body['0'], ${body['0'], ${body['0'], ${body['0'], ${body['0'], ${body['0'], ${body['0'], ${body['0'], ${body['0'], ${body['0'], ${body['0'], ${body['0'], ${body['0'], ${body['0'], ${body['0'], ${body['0'], ${body['0'], ${body['0'], ${body['0'], ${body['0'], ${body['0'], ${body['0'], ${body['0'], ${body['0'], ${body['0'], ${body['0'], ${body['0'], ${body['0'])RETURNING id_procedura;`";"`Update entrasp.SET codice_azienda=${body['codice_azienda'], codice=${body['codice'], descrizione_breve=${body['descrizione_breve'], id_procedura_parent=${body[id_procedura_parent], ordinamento=${body[ordinamento], tree_path=${body['tree_path'], frequenza=${body['frequenza'], strumento_informatico=${body['strumento_informatico'], id_centro_gest=${body[id_centro_gest], codice_part=${body['codice_part'], descrizione=${body['descrizione'], tipo_procedura=${body['tipo_procedura'], stato_attuazione=${body['stato_attuazione'], id_tipo_processo=${body[id_tipo_processo], 0=${body['0'], 0=${body['0'], 0=${body['0'], 0=${body['0'], 0=${body['0'], 0=${body['0'], 0=${body['0'], 0=${body['0'], 0=${body['0'], 0=${body['0'], 0=${body['0'], 0=${body['0'], 0=${body['0'], 0=${body['0'], 0=${body['0'], 0=${body['0'], 0=${body['0'], 0=${body['0'], 0=${body['0'], 0=${body['0'], 0=${body['0'], 0=${body['0'], 0=${body['0'], 0=${body['0'], 0=${body['0'], 0=${body['0'], 0=${body['0'], 0=${body['0'], 0=${body['0'], 0=${body['0'], 0=${body['0'], 0=${body['0'], 0=${body['0'], 0=${body['0'], 0=${body['0'], 0=${body['0'], 0=${body['0'], 0=${body['0'], 0=${body['0'], 0=${body['0'], 0=${body['0'], 0=${body['0'], 0=${body['0'], 0=${body['0'], 0=${body['0'], 0=${body['0']WHERE codice_azienda=${body['codice_azienda'] AND id_procedura=${body['id_procedura'];`";"`DELETE FROM entrasp.WHERE codice_azienda=${body['codice_azienda'] AND id_procedura=${body['id_procedura'];`"
0;input;;;0;;false;true;true;false;false;false;0;;;codice_azienda, codice, descrizione_breve, id_procedura_parent, ordinamento, tree_path, frequenza, strumento_informatico, id_centro_gest, codice_part, descrizione, tipo_procedura, stato_attuazione, id_tipo_processo, 0, 0, 0, 0, 0, 0, 0, 0, 0, 0, 0, 0, 0, 0, 0, 0, 0, 0, 0, 0, 0, 0, 0, 0, 0, 0, 0, 0, 0, 0, 0, 0, 0;${body['codice_azienda'], ${body['codice'], ${body['descrizione_breve'], ${body[id_procedura_parent], ${body[ordinamento], ${body['tree_path'], ${body['frequenza'], ${body['strumento_informatico'], ${body[id_centro_gest], ${body['codice_part'], ${body['descrizione'], ${body['tipo_procedura'], ${body['stato_attuazione'], ${body[id_tipo_processo], ${body['0'], ${body['0'], ${body['0'], ${body['0'], ${body['0'], ${body['0'], ${body['0'], ${body['0'], ${body['0'], ${body['0'], ${body['0'], ${body['0'], ${body['0'], ${body['0'], ${body['0'], ${body['0'], ${body['0'], ${body['0'], ${body['0'], ${body['0'], ${body['0'], ${body['0'], ${body['0'], ${body['0'], ${body['0'], ${body['0'], ${body['0'], ${body['0'], ${body['0'], ${body['0'], ${body['0'], ${body['0'], ${body['0'];codice_azienda=${body['codice_azienda'], codice=${body['codice'], descrizione_breve=${body['descrizione_breve'], id_procedura_parent=${body[id_procedura_parent], ordinamento=${body[ordinamento], tree_path=${body['tree_path'], frequenza=${body['frequenza'], strumento_informatico=${body['strumento_informatico'], id_centro_gest=${body[id_centro_gest], codice_part=${body['codice_part'], descrizione=${body['descrizione'], tipo_procedura=${body['tipo_procedura'], stato_attuazione=${body['stato_attuazione'], id_tipo_processo=${body[id_tipo_processo], 0=${body['0'], 0=${body['0'], 0=${body['0'], 0=${body['0'], 0=${body['0'], 0=${body['0'], 0=${body['0'], 0=${body['0'], 0=${body['0'], 0=${body['0'], 0=${body['0'], 0=${body['0'], 0=${body['0'], 0=${body['0'], 0=${body['0'], 0=${body['0'], 0=${body['0'], 0=${body['0'], 0=${body['0'], 0=${body['0'], 0=${body['0'], 0=${body['0'], 0=${body['0'], 0=${body['0'], 0=${body['0'], 0=${body['0'], 0=${body['0'], 0=${body['0'], 0=${body['0'], 0=${body['0'], 0=${body['0'], 0=${body['0'], 0=${body['0'];;;codice_azienda=${body['codice_azienda'] AND id_procedura=${body['id_procedura'];;;;"`INSERT INTO entrasp.(codice_azienda, codice, descrizione_breve, id_procedura_parent, ordinamento, tree_path, frequenza, strumento_informatico, id_centro_gest, codice_part, descrizione, tipo_procedura, stato_attuazione, id_tipo_processo, 0, 0, 0, 0, 0, 0, 0, 0, 0, 0, 0, 0, 0, 0, 0, 0, 0, 0, 0, 0, 0, 0, 0, 0, 0, 0, 0, 0, 0, 0, 0, 0, 0)Values(${body['codice_azienda'], ${body['codice'], ${body['descrizione_breve'], ${body[id_procedura_parent], ${body[ordinamento], ${body['tree_path'], ${body['frequenza'], ${body['strumento_informatico'], ${body[id_centro_gest], ${body['codice_part'], ${body['descrizione'], ${body['tipo_procedura'], ${body['stato_attuazione'], ${body[id_tipo_processo], ${body['0'], ${body['0'], ${body['0'], ${body['0'], ${body['0'], ${body['0'], ${body['0'], ${body['0'], ${body['0'], ${body['0'], ${body['0'], ${body['0'], ${body['0'], ${body['0'], ${body['0'], ${body['0'], ${body['0'], ${body['0'], ${body['0'], ${body['0'], ${body['0'], ${body['0'], ${body['0'], ${body['0'], ${body['0'], ${body['0'], ${body['0'], ${body['0'], ${body['0'], ${body['0'], ${body['0'], ${body['0'], ${body['0'])RETURNING id_procedura;`";"`Update entrasp.SET codice_azienda=${body['codice_azienda'], codice=${body['codice'], descrizione_breve=${body['descrizione_breve'], id_procedura_parent=${body[id_procedura_parent], ordinamento=${body[ordinamento], tree_path=${body['tree_path'], frequenza=${body['frequenza'], strumento_informatico=${body['strumento_informatico'], id_centro_gest=${body[id_centro_gest], codice_part=${body['codice_part'], descrizione=${body['descrizione'], tipo_procedura=${body['tipo_procedura'], stato_attuazione=${body['stato_attuazione'], id_tipo_processo=${body[id_tipo_processo], 0=${body['0'], 0=${body['0'], 0=${body['0'], 0=${body['0'], 0=${body['0'], 0=${body['0'], 0=${body['0'], 0=${body['0'], 0=${body['0'], 0=${body['0'], 0=${body['0'], 0=${body['0'], 0=${body['0'], 0=${body['0'], 0=${body['0'], 0=${body['0'], 0=${body['0'], 0=${body['0'], 0=${body['0'], 0=${body['0'], 0=${body['0'], 0=${body['0'], 0=${body['0'], 0=${body['0'], 0=${body['0'], 0=${body['0'], 0=${body['0'], 0=${body['0'], 0=${body['0'], 0=${body['0'], 0=${body['0'], 0=${body['0'], 0=${body['0'], 0=${body['0'], 0=${body['0'], 0=${body['0'], 0=${body['0'], 0=${body['0'], 0=${body['0'], 0=${body['0'], 0=${body['0'], 0=${body['0'], 0=${body['0'], 0=${body['0'], 0=${body['0'], 0=${body['0'], 0=${body['0']WHERE codice_azienda=${body['codice_azienda'] AND id_procedura=${body['id_procedura'];`";"`DELETE FROM entrasp.WHERE codice_azienda=${body['codice_azienda'] AND id_procedura=${body['id_procedura'];`"
0;input;;;0;;false;true;true;false;false;false;0;;;codice_azienda, codice, descrizione_breve, id_procedura_parent, ordinamento, tree_path, frequenza, strumento_informatico, id_centro_gest, codice_part, descrizione, tipo_procedura, stato_attuazione, id_tipo_processo, 0, 0, 0, 0, 0, 0, 0, 0, 0, 0, 0, 0, 0, 0, 0, 0, 0, 0, 0, 0, 0, 0, 0, 0, 0, 0, 0, 0, 0, 0, 0, 0, 0, 0;${body['codice_azienda'], ${body['codice'], ${body['descrizione_breve'], ${body[id_procedura_parent], ${body[ordinamento], ${body['tree_path'], ${body['frequenza'], ${body['strumento_informatico'], ${body[id_centro_gest], ${body['codice_part'], ${body['descrizione'], ${body['tipo_procedura'], ${body['stato_attuazione'], ${body[id_tipo_processo], ${body['0'], ${body['0'], ${body['0'], ${body['0'], ${body['0'], ${body['0'], ${body['0'], ${body['0'], ${body['0'], ${body['0'], ${body['0'], ${body['0'], ${body['0'], ${body['0'], ${body['0'], ${body['0'], ${body['0'], ${body['0'], ${body['0'], ${body['0'], ${body['0'], ${body['0'], ${body['0'], ${body['0'], ${body['0'], ${body['0'], ${body['0'], ${body['0'], ${body['0'], ${body['0'], ${body['0'], ${body['0'], ${body['0'], ${body['0'];codice_azienda=${body['codice_azienda'], codice=${body['codice'], descrizione_breve=${body['descrizione_breve'], id_procedura_parent=${body[id_procedura_parent], ordinamento=${body[ordinamento], tree_path=${body['tree_path'], frequenza=${body['frequenza'], strumento_informatico=${body['strumento_informatico'], id_centro_gest=${body[id_centro_gest], codice_part=${body['codice_part'], descrizione=${body['descrizione'], tipo_procedura=${body['tipo_procedura'], stato_attuazione=${body['stato_attuazione'], id_tipo_processo=${body[id_tipo_processo], 0=${body['0'], 0=${body['0'], 0=${body['0'], 0=${body['0'], 0=${body['0'], 0=${body['0'], 0=${body['0'], 0=${body['0'], 0=${body['0'], 0=${body['0'], 0=${body['0'], 0=${body['0'], 0=${body['0'], 0=${body['0'], 0=${body['0'], 0=${body['0'], 0=${body['0'], 0=${body['0'], 0=${body['0'], 0=${body['0'], 0=${body['0'], 0=${body['0'], 0=${body['0'], 0=${body['0'], 0=${body['0'], 0=${body['0'], 0=${body['0'], 0=${body['0'], 0=${body['0'], 0=${body['0'], 0=${body['0'], 0=${body['0'], 0=${body['0'], 0=${body['0'];;;codice_azienda=${body['codice_azienda'] AND id_procedura=${body['id_procedura'];;;;"`INSERT INTO entrasp.(codice_azienda, codice, descrizione_breve, id_procedura_parent, ordinamento, tree_path, frequenza, strumento_informatico, id_centro_gest, codice_part, descrizione, tipo_procedura, stato_attuazione, id_tipo_processo, 0, 0, 0, 0, 0, 0, 0, 0, 0, 0, 0, 0, 0, 0, 0, 0, 0, 0, 0, 0, 0, 0, 0, 0, 0, 0, 0, 0, 0, 0, 0, 0, 0, 0)Values(${body['codice_azienda'], ${body['codice'], ${body['descrizione_breve'], ${body[id_procedura_parent], ${body[ordinamento], ${body['tree_path'], ${body['frequenza'], ${body['strumento_informatico'], ${body[id_centro_gest], ${body['codice_part'], ${body['descrizione'], ${body['tipo_procedura'], ${body['stato_attuazione'], ${body[id_tipo_processo], ${body['0'], ${body['0'], ${body['0'], ${body['0'], ${body['0'], ${body['0'], ${body['0'], ${body['0'], ${body['0'], ${body['0'], ${body['0'], ${body['0'], ${body['0'], ${body['0'], ${body['0'], ${body['0'], ${body['0'], ${body['0'], ${body['0'], ${body['0'], ${body['0'], ${body['0'], ${body['0'], ${body['0'], ${body['0'], ${body['0'], ${body['0'], ${body['0'], ${body['0'], ${body['0'], ${body['0'], ${body['0'], ${body['0'], ${body['0'])RETURNING id_procedura;`";"`Update entrasp.SET codice_azienda=${body['codice_azienda'], codice=${body['codice'], descrizione_breve=${body['descrizione_breve'], id_procedura_parent=${body[id_procedura_parent], ordinamento=${body[ordinamento], tree_path=${body['tree_path'], frequenza=${body['frequenza'], strumento_informatico=${body['strumento_informatico'], id_centro_gest=${body[id_centro_gest], codice_part=${body['codice_part'], descrizione=${body['descrizione'], tipo_procedura=${body['tipo_procedura'], stato_attuazione=${body['stato_attuazione'], id_tipo_processo=${body[id_tipo_processo], 0=${body['0'], 0=${body['0'], 0=${body['0'], 0=${body['0'], 0=${body['0'], 0=${body['0'], 0=${body['0'], 0=${body['0'], 0=${body['0'], 0=${body['0'], 0=${body['0'], 0=${body['0'], 0=${body['0'], 0=${body['0'], 0=${body['0'], 0=${body['0'], 0=${body['0'], 0=${body['0'], 0=${body['0'], 0=${body['0'], 0=${body['0'], 0=${body['0'], 0=${body['0'], 0=${body['0'], 0=${body['0'], 0=${body['0'], 0=${body['0'], 0=${body['0'], 0=${body['0'], 0=${body['0'], 0=${body['0'], 0=${body['0'], 0=${body['0'], 0=${body['0'], 0=${body['0'], 0=${body['0'], 0=${body['0'], 0=${body['0'], 0=${body['0'], 0=${body['0'], 0=${body['0'], 0=${body['0'], 0=${body['0'], 0=${body['0'], 0=${body['0'], 0=${body['0'], 0=${body['0'], 0=${body['0']WHERE codice_azienda=${body['codice_azienda'] AND id_procedura=${body['id_procedura'];`";"`DELETE FROM entrasp.WHERE codice_azienda=${body['codice_azienda'] AND id_procedura=${body['id_procedura'];`"
0;input;;;0;;false;true;true;false;false;false;0;;;codice_azienda, codice, descrizione_breve, id_procedura_parent, ordinamento, tree_path, frequenza, strumento_informatico, id_centro_gest, codice_part, descrizione, tipo_procedura, stato_attuazione, id_tipo_processo, 0, 0, 0, 0, 0, 0, 0, 0, 0, 0, 0, 0, 0, 0, 0, 0, 0, 0, 0, 0, 0, 0, 0, 0, 0, 0, 0, 0, 0, 0, 0, 0, 0, 0, 0;${body['codice_azienda'], ${body['codice'], ${body['descrizione_breve'], ${body[id_procedura_parent], ${body[ordinamento], ${body['tree_path'], ${body['frequenza'], ${body['strumento_informatico'], ${body[id_centro_gest], ${body['codice_part'], ${body['descrizione'], ${body['tipo_procedura'], ${body['stato_attuazione'], ${body[id_tipo_processo], ${body['0'], ${body['0'], ${body['0'], ${body['0'], ${body['0'], ${body['0'], ${body['0'], ${body['0'], ${body['0'], ${body['0'], ${body['0'], ${body['0'], ${body['0'], ${body['0'], ${body['0'], ${body['0'], ${body['0'], ${body['0'], ${body['0'], ${body['0'], ${body['0'], ${body['0'], ${body['0'], ${body['0'], ${body['0'], ${body['0'], ${body['0'], ${body['0'], ${body['0'], ${body['0'], ${body['0'], ${body['0'], ${body['0'], ${body['0'], ${body['0'];codice_azienda=${body['codice_azienda'], codice=${body['codice'], descrizione_breve=${body['descrizione_breve'], id_procedura_parent=${body[id_procedura_parent], ordinamento=${body[ordinamento], tree_path=${body['tree_path'], frequenza=${body['frequenza'], strumento_informatico=${body['strumento_informatico'], id_centro_gest=${body[id_centro_gest], codice_part=${body['codice_part'], descrizione=${body['descrizione'], tipo_procedura=${body['tipo_procedura'], stato_attuazione=${body['stato_attuazione'], id_tipo_processo=${body[id_tipo_processo], 0=${body['0'], 0=${body['0'], 0=${body['0'], 0=${body['0'], 0=${body['0'], 0=${body['0'], 0=${body['0'], 0=${body['0'], 0=${body['0'], 0=${body['0'], 0=${body['0'], 0=${body['0'], 0=${body['0'], 0=${body['0'], 0=${body['0'], 0=${body['0'], 0=${body['0'], 0=${body['0'], 0=${body['0'], 0=${body['0'], 0=${body['0'], 0=${body['0'], 0=${body['0'], 0=${body['0'], 0=${body['0'], 0=${body['0'], 0=${body['0'], 0=${body['0'], 0=${body['0'], 0=${body['0'], 0=${body['0'], 0=${body['0'], 0=${body['0'], 0=${body['0'], 0=${body['0'];;;codice_azienda=${body['codice_azienda'] AND id_procedura=${body['id_procedura'];;;;"`INSERT INTO entrasp.(codice_azienda, codice, descrizione_breve, id_procedura_parent, ordinamento, tree_path, frequenza, strumento_informatico, id_centro_gest, codice_part, descrizione, tipo_procedura, stato_attuazione, id_tipo_processo, 0, 0, 0, 0, 0, 0, 0, 0, 0, 0, 0, 0, 0, 0, 0, 0, 0, 0, 0, 0, 0, 0, 0, 0, 0, 0, 0, 0, 0, 0, 0, 0, 0, 0, 0)Values(${body['codice_azienda'], ${body['codice'], ${body['descrizione_breve'], ${body[id_procedura_parent], ${body[ordinamento], ${body['tree_path'], ${body['frequenza'], ${body['strumento_informatico'], ${body[id_centro_gest], ${body['codice_part'], ${body['descrizione'], ${body['tipo_procedura'], ${body['stato_attuazione'], ${body[id_tipo_processo], ${body['0'], ${body['0'], ${body['0'], ${body['0'], ${body['0'], ${body['0'], ${body['0'], ${body['0'], ${body['0'], ${body['0'], ${body['0'], ${body['0'], ${body['0'], ${body['0'], ${body['0'], ${body['0'], ${body['0'], ${body['0'], ${body['0'], ${body['0'], ${body['0'], ${body['0'], ${body['0'], ${body['0'], ${body['0'], ${body['0'], ${body['0'], ${body['0'], ${body['0'], ${body['0'], ${body['0'], ${body['0'], ${body['0'], ${body['0'], ${body['0'])RETURNING id_procedura;`";"`Update entrasp.SET codice_azienda=${body['codice_azienda'], codice=${body['codice'], descrizione_breve=${body['descrizione_breve'], id_procedura_parent=${body[id_procedura_parent], ordinamento=${body[ordinamento], tree_path=${body['tree_path'], frequenza=${body['frequenza'], strumento_informatico=${body['strumento_informatico'], id_centro_gest=${body[id_centro_gest], codice_part=${body['codice_part'], descrizione=${body['descrizione'], tipo_procedura=${body['tipo_procedura'], stato_attuazione=${body['stato_attuazione'], id_tipo_processo=${body[id_tipo_processo], 0=${body['0'], 0=${body['0'], 0=${body['0'], 0=${body['0'], 0=${body['0'], 0=${body['0'], 0=${body['0'], 0=${body['0'], 0=${body['0'], 0=${body['0'], 0=${body['0'], 0=${body['0'], 0=${body['0'], 0=${body['0'], 0=${body['0'], 0=${body['0'], 0=${body['0'], 0=${body['0'], 0=${body['0'], 0=${body['0'], 0=${body['0'], 0=${body['0'], 0=${body['0'], 0=${body['0'], 0=${body['0'], 0=${body['0'], 0=${body['0'], 0=${body['0'], 0=${body['0'], 0=${body['0'], 0=${body['0'], 0=${body['0'], 0=${body['0'], 0=${body['0'], 0=${body['0'], 0=${body['0'], 0=${body['0'], 0=${body['0'], 0=${body['0'], 0=${body['0'], 0=${body['0'], 0=${body['0'], 0=${body['0'], 0=${body['0'], 0=${body['0'], 0=${body['0'], 0=${body['0'], 0=${body['0'], 0=${body['0']WHERE codice_azienda=${body['codice_azienda'] AND id_procedura=${body['id_procedura'];`";"`DELETE FROM entrasp.WHERE codice_azienda=${body['codice_azienda'] AND id_procedura=${body['id_procedura'];`"
0;input;;;0;;false;true;true;false;false;false;0;;;codice_azienda, codice, descrizione_breve, id_procedura_parent, ordinamento, tree_path, frequenza, strumento_informatico, id_centro_gest, codice_part, descrizione, tipo_procedura, stato_attuazione, id_tipo_processo, 0, 0, 0, 0, 0, 0, 0, 0, 0, 0, 0, 0, 0, 0, 0, 0, 0, 0, 0, 0, 0, 0, 0, 0, 0, 0, 0, 0, 0, 0, 0, 0, 0, 0, 0, 0;${body['codice_azienda'], ${body['codice'], ${body['descrizione_breve'], ${body[id_procedura_parent], ${body[ordinamento], ${body['tree_path'], ${body['frequenza'], ${body['strumento_informatico'], ${body[id_centro_gest], ${body['codice_part'], ${body['descrizione'], ${body['tipo_procedura'], ${body['stato_attuazione'], ${body[id_tipo_processo], ${body['0'], ${body['0'], ${body['0'], ${body['0'], ${body['0'], ${body['0'], ${body['0'], ${body['0'], ${body['0'], ${body['0'], ${body['0'], ${body['0'], ${body['0'], ${body['0'], ${body['0'], ${body['0'], ${body['0'], ${body['0'], ${body['0'], ${body['0'], ${body['0'], ${body['0'], ${body['0'], ${body['0'], ${body['0'], ${body['0'], ${body['0'], ${body['0'], ${body['0'], ${body['0'], ${body['0'], ${body['0'], ${body['0'], ${body['0'], ${body['0'], ${body['0'];codice_azienda=${body['codice_azienda'], codice=${body['codice'], descrizione_breve=${body['descrizione_breve'], id_procedura_parent=${body[id_procedura_parent], ordinamento=${body[ordinamento], tree_path=${body['tree_path'], frequenza=${body['frequenza'], strumento_informatico=${body['strumento_informatico'], id_centro_gest=${body[id_centro_gest], codice_part=${body['codice_part'], descrizione=${body['descrizione'], tipo_procedura=${body['tipo_procedura'], stato_attuazione=${body['stato_attuazione'], id_tipo_processo=${body[id_tipo_processo], 0=${body['0'], 0=${body['0'], 0=${body['0'], 0=${body['0'], 0=${body['0'], 0=${body['0'], 0=${body['0'], 0=${body['0'], 0=${body['0'], 0=${body['0'], 0=${body['0'], 0=${body['0'], 0=${body['0'], 0=${body['0'], 0=${body['0'], 0=${body['0'], 0=${body['0'], 0=${body['0'], 0=${body['0'], 0=${body['0'], 0=${body['0'], 0=${body['0'], 0=${body['0'], 0=${body['0'], 0=${body['0'], 0=${body['0'], 0=${body['0'], 0=${body['0'], 0=${body['0'], 0=${body['0'], 0=${body['0'], 0=${body['0'], 0=${body['0'], 0=${body['0'], 0=${body['0'], 0=${body['0'];;;codice_azienda=${body['codice_azienda'] AND id_procedura=${body['id_procedura'];;;;"`INSERT INTO entrasp.(codice_azienda, codice, descrizione_breve, id_procedura_parent, ordinamento, tree_path, frequenza, strumento_informatico, id_centro_gest, codice_part, descrizione, tipo_procedura, stato_attuazione, id_tipo_processo, 0, 0, 0, 0, 0, 0, 0, 0, 0, 0, 0, 0, 0, 0, 0, 0, 0, 0, 0, 0, 0, 0, 0, 0, 0, 0, 0, 0, 0, 0, 0, 0, 0, 0, 0, 0)Values(${body['codice_azienda'], ${body['codice'], ${body['descrizione_breve'], ${body[id_procedura_parent], ${body[ordinamento], ${body['tree_path'], ${body['frequenza'], ${body['strumento_informatico'], ${body[id_centro_gest], ${body['codice_part'], ${body['descrizione'], ${body['tipo_procedura'], ${body['stato_attuazione'], ${body[id_tipo_processo], ${body['0'], ${body['0'], ${body['0'], ${body['0'], ${body['0'], ${body['0'], ${body['0'], ${body['0'], ${body['0'], ${body['0'], ${body['0'], ${body['0'], ${body['0'], ${body['0'], ${body['0'], ${body['0'], ${body['0'], ${body['0'], ${body['0'], ${body['0'], ${body['0'], ${body['0'], ${body['0'], ${body['0'], ${body['0'], ${body['0'], ${body['0'], ${body['0'], ${body['0'], ${body['0'], ${body['0'], ${body['0'], ${body['0'], ${body['0'], ${body['0'], ${body['0'])RETURNING id_procedura;`";"`Update entrasp.SET codice_azienda=${body['codice_azienda'], codice=${body['codice'], descrizione_breve=${body['descrizione_breve'], id_procedura_parent=${body[id_procedura_parent], ordinamento=${body[ordinamento], tree_path=${body['tree_path'], frequenza=${body['frequenza'], strumento_informatico=${body['strumento_informatico'], id_centro_gest=${body[id_centro_gest], codice_part=${body['codice_part'], descrizione=${body['descrizione'], tipo_procedura=${body['tipo_procedura'], stato_attuazione=${body['stato_attuazione'], id_tipo_processo=${body[id_tipo_processo], 0=${body['0'], 0=${body['0'], 0=${body['0'], 0=${body['0'], 0=${body['0'], 0=${body['0'], 0=${body['0'], 0=${body['0'], 0=${body['0'], 0=${body['0'], 0=${body['0'], 0=${body['0'], 0=${body['0'], 0=${body['0'], 0=${body['0'], 0=${body['0'], 0=${body['0'], 0=${body['0'], 0=${body['0'], 0=${body['0'], 0=${body['0'], 0=${body['0'], 0=${body['0'], 0=${body['0'], 0=${body['0'], 0=${body['0'], 0=${body['0'], 0=${body['0'], 0=${body['0'], 0=${body['0'], 0=${body['0'], 0=${body['0'], 0=${body['0'], 0=${body['0'], 0=${body['0'], 0=${body['0'], 0=${body['0'], 0=${body['0'], 0=${body['0'], 0=${body['0'], 0=${body['0'], 0=${body['0'], 0=${body['0'], 0=${body['0'], 0=${body['0'], 0=${body['0'], 0=${body['0'], 0=${body['0'], 0=${body['0'], 0=${body['0']WHERE codice_azienda=${body['codice_azienda'] AND id_procedura=${body['id_procedura'];`";"`DELETE FROM entrasp.WHERE codice_azienda=${body['codice_azienda'] AND id_procedura=${body['id_procedura'];`"
0;input;;;0;;false;true;true;false;false;false;0;;;codice_azienda, codice, descrizione_breve, id_procedura_parent, ordinamento, tree_path, frequenza, strumento_informatico, id_centro_gest, codice_part, descrizione, tipo_procedura, stato_attuazione, id_tipo_processo, 0, 0, 0, 0, 0, 0, 0, 0, 0, 0, 0, 0, 0, 0, 0, 0, 0, 0, 0, 0, 0, 0, 0, 0, 0, 0, 0, 0, 0, 0, 0, 0, 0, 0, 0, 0, 0;${body['codice_azienda'], ${body['codice'], ${body['descrizione_breve'], ${body[id_procedura_parent], ${body[ordinamento], ${body['tree_path'], ${body['frequenza'], ${body['strumento_informatico'], ${body[id_centro_gest], ${body['codice_part'], ${body['descrizione'], ${body['tipo_procedura'], ${body['stato_attuazione'], ${body[id_tipo_processo], ${body['0'], ${body['0'], ${body['0'], ${body['0'], ${body['0'], ${body['0'], ${body['0'], ${body['0'], ${body['0'], ${body['0'], ${body['0'], ${body['0'], ${body['0'], ${body['0'], ${body['0'], ${body['0'], ${body['0'], ${body['0'], ${body['0'], ${body['0'], ${body['0'], ${body['0'], ${body['0'], ${body['0'], ${body['0'], ${body['0'], ${body['0'], ${body['0'], ${body['0'], ${body['0'], ${body['0'], ${body['0'], ${body['0'], ${body['0'], ${body['0'], ${body['0'], ${body['0'];codice_azienda=${body['codice_azienda'], codice=${body['codice'], descrizione_breve=${body['descrizione_breve'], id_procedura_parent=${body[id_procedura_parent], ordinamento=${body[ordinamento], tree_path=${body['tree_path'], frequenza=${body['frequenza'], strumento_informatico=${body['strumento_informatico'], id_centro_gest=${body[id_centro_gest], codice_part=${body['codice_part'], descrizione=${body['descrizione'], tipo_procedura=${body['tipo_procedura'], stato_attuazione=${body['stato_attuazione'], id_tipo_processo=${body[id_tipo_processo], 0=${body['0'], 0=${body['0'], 0=${body['0'], 0=${body['0'], 0=${body['0'], 0=${body['0'], 0=${body['0'], 0=${body['0'], 0=${body['0'], 0=${body['0'], 0=${body['0'], 0=${body['0'], 0=${body['0'], 0=${body['0'], 0=${body['0'], 0=${body['0'], 0=${body['0'], 0=${body['0'], 0=${body['0'], 0=${body['0'], 0=${body['0'], 0=${body['0'], 0=${body['0'], 0=${body['0'], 0=${body['0'], 0=${body['0'], 0=${body['0'], 0=${body['0'], 0=${body['0'], 0=${body['0'], 0=${body['0'], 0=${body['0'], 0=${body['0'], 0=${body['0'], 0=${body['0'], 0=${body['0'], 0=${body['0'];;;codice_azienda=${body['codice_azienda'] AND id_procedura=${body['id_procedura'];;;;"`INSERT INTO entrasp.(codice_azienda, codice, descrizione_breve, id_procedura_parent, ordinamento, tree_path, frequenza, strumento_informatico, id_centro_gest, codice_part, descrizione, tipo_procedura, stato_attuazione, id_tipo_processo, 0, 0, 0, 0, 0, 0, 0, 0, 0, 0, 0, 0, 0, 0, 0, 0, 0, 0, 0, 0, 0, 0, 0, 0, 0, 0, 0, 0, 0, 0, 0, 0, 0, 0, 0, 0, 0)Values(${body['codice_azienda'], ${body['codice'], ${body['descrizione_breve'], ${body[id_procedura_parent], ${body[ordinamento], ${body['tree_path'], ${body['frequenza'], ${body['strumento_informatico'], ${body[id_centro_gest], ${body['codice_part'], ${body['descrizione'], ${body['tipo_procedura'], ${body['stato_attuazione'], ${body[id_tipo_processo], ${body['0'], ${body['0'], ${body['0'], ${body['0'], ${body['0'], ${body['0'], ${body['0'], ${body['0'], ${body['0'], ${body['0'], ${body['0'], ${body['0'], ${body['0'], ${body['0'], ${body['0'], ${body['0'], ${body['0'], ${body['0'], ${body['0'], ${body['0'], ${body['0'], ${body['0'], ${body['0'], ${body['0'], ${body['0'], ${body['0'], ${body['0'], ${body['0'], ${body['0'], ${body['0'], ${body['0'], ${body['0'], ${body['0'], ${body['0'], ${body['0'], ${body['0'], ${body['0'])RETURNING id_procedura;`";"`Update entrasp.SET codice_azienda=${body['codice_azienda'], codice=${body['codice'], descrizione_breve=${body['descrizione_breve'], id_procedura_parent=${body[id_procedura_parent], ordinamento=${body[ordinamento], tree_path=${body['tree_path'], frequenza=${body['frequenza'], strumento_informatico=${body['strumento_informatico'], id_centro_gest=${body[id_centro_gest], codice_part=${body['codice_part'], descrizione=${body['descrizione'], tipo_procedura=${body['tipo_procedura'], stato_attuazione=${body['stato_attuazione'], id_tipo_processo=${body[id_tipo_processo], 0=${body['0'], 0=${body['0'], 0=${body['0'], 0=${body['0'], 0=${body['0'], 0=${body['0'], 0=${body['0'], 0=${body['0'], 0=${body['0'], 0=${body['0'], 0=${body['0'], 0=${body['0'], 0=${body['0'], 0=${body['0'], 0=${body['0'], 0=${body['0'], 0=${body['0'], 0=${body['0'], 0=${body['0'], 0=${body['0'], 0=${body['0'], 0=${body['0'], 0=${body['0'], 0=${body['0'], 0=${body['0'], 0=${body['0'], 0=${body['0'], 0=${body['0'], 0=${body['0'], 0=${body['0'], 0=${body['0'], 0=${body['0'], 0=${body['0'], 0=${body['0'], 0=${body['0'], 0=${body['0'], 0=${body['0'], 0=${body['0'], 0=${body['0'], 0=${body['0'], 0=${body['0'], 0=${body['0'], 0=${body['0'], 0=${body['0'], 0=${body['0'], 0=${body['0'], 0=${body['0'], 0=${body['0'], 0=${body['0'], 0=${body['0'], 0=${body['0']WHERE codice_azienda=${body['codice_azienda'] AND id_procedura=${body['id_procedura'];`";"`DELETE FROM entrasp.WHERE codice_azienda=${body['codice_azienda'] AND id_procedura=${body['id_procedura'];`"
0;input;;;0;;false;true;true;false;false;false;0;;;codice_azienda, codice, descrizione_breve, id_procedura_parent, ordinamento, tree_path, frequenza, strumento_informatico, id_centro_gest, codice_part, descrizione, tipo_procedura, stato_attuazione, id_tipo_processo, 0, 0, 0, 0, 0, 0, 0, 0, 0, 0, 0, 0, 0, 0, 0, 0, 0, 0, 0, 0, 0, 0, 0, 0, 0, 0, 0, 0, 0, 0, 0, 0, 0, 0, 0, 0, 0, 0;${body['codice_azienda'], ${body['codice'], ${body['descrizione_breve'], ${body[id_procedura_parent], ${body[ordinamento], ${body['tree_path'], ${body['frequenza'], ${body['strumento_informatico'], ${body[id_centro_gest], ${body['codice_part'], ${body['descrizione'], ${body['tipo_procedura'], ${body['stato_attuazione'], ${body[id_tipo_processo], ${body['0'], ${body['0'], ${body['0'], ${body['0'], ${body['0'], ${body['0'], ${body['0'], ${body['0'], ${body['0'], ${body['0'], ${body['0'], ${body['0'], ${body['0'], ${body['0'], ${body['0'], ${body['0'], ${body['0'], ${body['0'], ${body['0'], ${body['0'], ${body['0'], ${body['0'], ${body['0'], ${body['0'], ${body['0'], ${body['0'], ${body['0'], ${body['0'], ${body['0'], ${body['0'], ${body['0'], ${body['0'], ${body['0'], ${body['0'], ${body['0'], ${body['0'], ${body['0'], ${body['0'];codice_azienda=${body['codice_azienda'], codice=${body['codice'], descrizione_breve=${body['descrizione_breve'], id_procedura_parent=${body[id_procedura_parent], ordinamento=${body[ordinamento], tree_path=${body['tree_path'], frequenza=${body['frequenza'], strumento_informatico=${body['strumento_informatico'], id_centro_gest=${body[id_centro_gest], codice_part=${body['codice_part'], descrizione=${body['descrizione'], tipo_procedura=${body['tipo_procedura'], stato_attuazione=${body['stato_attuazione'], id_tipo_processo=${body[id_tipo_processo], 0=${body['0'], 0=${body['0'], 0=${body['0'], 0=${body['0'], 0=${body['0'], 0=${body['0'], 0=${body['0'], 0=${body['0'], 0=${body['0'], 0=${body['0'], 0=${body['0'], 0=${body['0'], 0=${body['0'], 0=${body['0'], 0=${body['0'], 0=${body['0'], 0=${body['0'], 0=${body['0'], 0=${body['0'], 0=${body['0'], 0=${body['0'], 0=${body['0'], 0=${body['0'], 0=${body['0'], 0=${body['0'], 0=${body['0'], 0=${body['0'], 0=${body['0'], 0=${body['0'], 0=${body['0'], 0=${body['0'], 0=${body['0'], 0=${body['0'], 0=${body['0'], 0=${body['0'], 0=${body['0'], 0=${body['0'], 0=${body['0'];;;codice_azienda=${body['codice_azienda'] AND id_procedura=${body['id_procedura'];;;;"`INSERT INTO entrasp.(codice_azienda, codice, descrizione_breve, id_procedura_parent, ordinamento, tree_path, frequenza, strumento_informatico, id_centro_gest, codice_part, descrizione, tipo_procedura, stato_attuazione, id_tipo_processo, 0, 0, 0, 0, 0, 0, 0, 0, 0, 0, 0, 0, 0, 0, 0, 0, 0, 0, 0, 0, 0, 0, 0, 0, 0, 0, 0, 0, 0, 0, 0, 0, 0, 0, 0, 0, 0, 0)Values(${body['codice_azienda'], ${body['codice'], ${body['descrizione_breve'], ${body[id_procedura_parent], ${body[ordinamento], ${body['tree_path'], ${body['frequenza'], ${body['strumento_informatico'], ${body[id_centro_gest], ${body['codice_part'], ${body['descrizione'], ${body['tipo_procedura'], ${body['stato_attuazione'], ${body[id_tipo_processo], ${body['0'], ${body['0'], ${body['0'], ${body['0'], ${body['0'], ${body['0'], ${body['0'], ${body['0'], ${body['0'], ${body['0'], ${body['0'], ${body['0'], ${body['0'], ${body['0'], ${body['0'], ${body['0'], ${body['0'], ${body['0'], ${body['0'], ${body['0'], ${body['0'], ${body['0'], ${body['0'], ${body['0'], ${body['0'], ${body['0'], ${body['0'], ${body['0'], ${body['0'], ${body['0'], ${body['0'], ${body['0'], ${body['0'], ${body['0'], ${body['0'], ${body['0'], ${body['0'], ${body['0'])RETURNING id_procedura;`";"`Update entrasp.SET codice_azienda=${body['codice_azienda'], codice=${body['codice'], descrizione_breve=${body['descrizione_breve'], id_procedura_parent=${body[id_procedura_parent], ordinamento=${body[ordinamento], tree_path=${body['tree_path'], frequenza=${body['frequenza'], strumento_informatico=${body['strumento_informatico'], id_centro_gest=${body[id_centro_gest], codice_part=${body['codice_part'], descrizione=${body['descrizione'], tipo_procedura=${body['tipo_procedura'], stato_attuazione=${body['stato_attuazione'], id_tipo_processo=${body[id_tipo_processo], 0=${body['0'], 0=${body['0'], 0=${body['0'], 0=${body['0'], 0=${body['0'], 0=${body['0'], 0=${body['0'], 0=${body['0'], 0=${body['0'], 0=${body['0'], 0=${body['0'], 0=${body['0'], 0=${body['0'], 0=${body['0'], 0=${body['0'], 0=${body['0'], 0=${body['0'], 0=${body['0'], 0=${body['0'], 0=${body['0'], 0=${body['0'], 0=${body['0'], 0=${body['0'], 0=${body['0'], 0=${body['0'], 0=${body['0'], 0=${body['0'], 0=${body['0'], 0=${body['0'], 0=${body['0'], 0=${body['0'], 0=${body['0'], 0=${body['0'], 0=${body['0'], 0=${body['0'], 0=${body['0'], 0=${body['0'], 0=${body['0'], 0=${body['0'], 0=${body['0'], 0=${body['0'], 0=${body['0'], 0=${body['0'], 0=${body['0'], 0=${body['0'], 0=${body['0'], 0=${body['0'], 0=${body['0'], 0=${body['0'], 0=${body['0'], 0=${body['0'], 0=${body['0']WHERE codice_azienda=${body['codice_azienda'] AND id_procedura=${body['id_procedura'];`";"`DELETE FROM entrasp.WHERE codice_azienda=${body['codice_azienda'] AND id_procedura=${body['id_procedura'];`"
0;input;;;0;;false;true;true;false;false;false;0;;;codice_azienda, codice, descrizione_breve, id_procedura_parent, ordinamento, tree_path, frequenza, strumento_informatico, id_centro_gest, codice_part, descrizione, tipo_procedura, stato_attuazione, id_tipo_processo, 0, 0, 0, 0, 0, 0, 0, 0, 0, 0, 0, 0, 0, 0, 0, 0, 0, 0, 0, 0, 0, 0, 0, 0, 0, 0, 0, 0, 0, 0, 0, 0, 0, 0, 0, 0, 0, 0, 0;${body['codice_azienda'], ${body['codice'], ${body['descrizione_breve'], ${body[id_procedura_parent], ${body[ordinamento], ${body['tree_path'], ${body['frequenza'], ${body['strumento_informatico'], ${body[id_centro_gest], ${body['codice_part'], ${body['descrizione'], ${body['tipo_procedura'], ${body['stato_attuazione'], ${body[id_tipo_processo], ${body['0'], ${body['0'], ${body['0'], ${body['0'], ${body['0'], ${body['0'], ${body['0'], ${body['0'], ${body['0'], ${body['0'], ${body['0'], ${body['0'], ${body['0'], ${body['0'], ${body['0'], ${body['0'], ${body['0'], ${body['0'], ${body['0'], ${body['0'], ${body['0'], ${body['0'], ${body['0'], ${body['0'], ${body['0'], ${body['0'], ${body['0'], ${body['0'], ${body['0'], ${body['0'], ${body['0'], ${body['0'], ${body['0'], ${body['0'], ${body['0'], ${body['0'], ${body['0'], ${body['0'], ${body['0'];codice_azienda=${body['codice_azienda'], codice=${body['codice'], descrizione_breve=${body['descrizione_breve'], id_procedura_parent=${body[id_procedura_parent], ordinamento=${body[ordinamento], tree_path=${body['tree_path'], frequenza=${body['frequenza'], strumento_informatico=${body['strumento_informatico'], id_centro_gest=${body[id_centro_gest], codice_part=${body['codice_part'], descrizione=${body['descrizione'], tipo_procedura=${body['tipo_procedura'], stato_attuazione=${body['stato_attuazione'], id_tipo_processo=${body[id_tipo_processo], 0=${body['0'], 0=${body['0'], 0=${body['0'], 0=${body['0'], 0=${body['0'], 0=${body['0'], 0=${body['0'], 0=${body['0'], 0=${body['0'], 0=${body['0'], 0=${body['0'], 0=${body['0'], 0=${body['0'], 0=${body['0'], 0=${body['0'], 0=${body['0'], 0=${body['0'], 0=${body['0'], 0=${body['0'], 0=${body['0'], 0=${body['0'], 0=${body['0'], 0=${body['0'], 0=${body['0'], 0=${body['0'], 0=${body['0'], 0=${body['0'], 0=${body['0'], 0=${body['0'], 0=${body['0'], 0=${body['0'], 0=${body['0'], 0=${body['0'], 0=${body['0'], 0=${body['0'], 0=${body['0'], 0=${body['0'], 0=${body['0'], 0=${body['0'];;;codice_azienda=${body['codice_azienda'] AND id_procedura=${body['id_procedura'];;;;"`INSERT INTO entrasp.(codice_azienda, codice, descrizione_breve, id_procedura_parent, ordinamento, tree_path, frequenza, strumento_informatico, id_centro_gest, codice_part, descrizione, tipo_procedura, stato_attuazione, id_tipo_processo, 0, 0, 0, 0, 0, 0, 0, 0, 0, 0, 0, 0, 0, 0, 0, 0, 0, 0, 0, 0, 0, 0, 0, 0, 0, 0, 0, 0, 0, 0, 0, 0, 0, 0, 0, 0, 0, 0, 0)Values(${body['codice_azienda'], ${body['codice'], ${body['descrizione_breve'], ${body[id_procedura_parent], ${body[ordinamento], ${body['tree_path'], ${body['frequenza'], ${body['strumento_informatico'], ${body[id_centro_gest], ${body['codice_part'], ${body['descrizione'], ${body['tipo_procedura'], ${body['stato_attuazione'], ${body[id_tipo_processo], ${body['0'], ${body['0'], ${body['0'], ${body['0'], ${body['0'], ${body['0'], ${body['0'], ${body['0'], ${body['0'], ${body['0'], ${body['0'], ${body['0'], ${body['0'], ${body['0'], ${body['0'], ${body['0'], ${body['0'], ${body['0'], ${body['0'], ${body['0'], ${body['0'], ${body['0'], ${body['0'], ${body['0'], ${body['0'], ${body['0'], ${body['0'], ${body['0'], ${body['0'], ${body['0'], ${body['0'], ${body['0'], ${body['0'], ${body['0'], ${body['0'], ${body['0'], ${body['0'], ${body['0'], ${body['0'])RETURNING id_procedura;`";"`Update entrasp.SET codice_azienda=${body['codice_azienda'], codice=${body['codice'], descrizione_breve=${body['descrizione_breve'], id_procedura_parent=${body[id_procedura_parent], ordinamento=${body[ordinamento], tree_path=${body['tree_path'], frequenza=${body['frequenza'], strumento_informatico=${body['strumento_informatico'], id_centro_gest=${body[id_centro_gest], codice_part=${body['codice_part'], descrizione=${body['descrizione'], tipo_procedura=${body['tipo_procedura'], stato_attuazione=${body['stato_attuazione'], id_tipo_processo=${body[id_tipo_processo], 0=${body['0'], 0=${body['0'], 0=${body['0'], 0=${body['0'], 0=${body['0'], 0=${body['0'], 0=${body['0'], 0=${body['0'], 0=${body['0'], 0=${body['0'], 0=${body['0'], 0=${body['0'], 0=${body['0'], 0=${body['0'], 0=${body['0'], 0=${body['0'], 0=${body['0'], 0=${body['0'], 0=${body['0'], 0=${body['0'], 0=${body['0'], 0=${body['0'], 0=${body['0'], 0=${body['0'], 0=${body['0'], 0=${body['0'], 0=${body['0'], 0=${body['0'], 0=${body['0'], 0=${body['0'], 0=${body['0'], 0=${body['0'], 0=${body['0'], 0=${body['0'], 0=${body['0'], 0=${body['0'], 0=${body['0'], 0=${body['0'], 0=${body['0'], 0=${body['0'], 0=${body['0'], 0=${body['0'], 0=${body['0'], 0=${body['0'], 0=${body['0'], 0=${body['0'], 0=${body['0'], 0=${body['0'], 0=${body['0'], 0=${body['0'], 0=${body['0'], 0=${body['0'], 0=${body['0']WHERE codice_azienda=${body['codice_azienda'] AND id_procedura=${body['id_procedura'];`";"`DELETE FROM entrasp.WHERE codice_azienda=${body['codice_azienda'] AND id_procedura=${body['id_procedura'];`"
0;input;;;0;;false;true;true;false;false;false;0;;;codice_azienda, codice, descrizione_breve, id_procedura_parent, ordinamento, tree_path, frequenza, strumento_informatico, id_centro_gest, codice_part, descrizione, tipo_procedura, stato_attuazione, id_tipo_processo, 0, 0, 0, 0, 0, 0, 0, 0, 0, 0, 0, 0, 0, 0, 0, 0, 0, 0, 0, 0, 0, 0, 0, 0, 0, 0, 0, 0, 0, 0, 0, 0, 0, 0, 0, 0, 0, 0, 0, 0;${body['codice_azienda'], ${body['codice'], ${body['descrizione_breve'], ${body[id_procedura_parent], ${body[ordinamento], ${body['tree_path'], ${body['frequenza'], ${body['strumento_informatico'], ${body[id_centro_gest], ${body['codice_part'], ${body['descrizione'], ${body['tipo_procedura'], ${body['stato_attuazione'], ${body[id_tipo_processo], ${body['0'], ${body['0'], ${body['0'], ${body['0'], ${body['0'], ${body['0'], ${body['0'], ${body['0'], ${body['0'], ${body['0'], ${body['0'], ${body['0'], ${body['0'], ${body['0'], ${body['0'], ${body['0'], ${body['0'], ${body['0'], ${body['0'], ${body['0'], ${body['0'], ${body['0'], ${body['0'], ${body['0'], ${body['0'], ${body['0'], ${body['0'], ${body['0'], ${body['0'], ${body['0'], ${body['0'], ${body['0'], ${body['0'], ${body['0'], ${body['0'], ${body['0'], ${body['0'], ${body['0'], ${body['0'], ${body['0'];codice_azienda=${body['codice_azienda'], codice=${body['codice'], descrizione_breve=${body['descrizione_breve'], id_procedura_parent=${body[id_procedura_parent], ordinamento=${body[ordinamento], tree_path=${body['tree_path'], frequenza=${body['frequenza'], strumento_informatico=${body['strumento_informatico'], id_centro_gest=${body[id_centro_gest], codice_part=${body['codice_part'], descrizione=${body['descrizione'], tipo_procedura=${body['tipo_procedura'], stato_attuazione=${body['stato_attuazione'], id_tipo_processo=${body[id_tipo_processo], 0=${body['0'], 0=${body['0'], 0=${body['0'], 0=${body['0'], 0=${body['0'], 0=${body['0'], 0=${body['0'], 0=${body['0'], 0=${body['0'], 0=${body['0'], 0=${body['0'], 0=${body['0'], 0=${body['0'], 0=${body['0'], 0=${body['0'], 0=${body['0'], 0=${body['0'], 0=${body['0'], 0=${body['0'], 0=${body['0'], 0=${body['0'], 0=${body['0'], 0=${body['0'], 0=${body['0'], 0=${body['0'], 0=${body['0'], 0=${body['0'], 0=${body['0'], 0=${body['0'], 0=${body['0'], 0=${body['0'], 0=${body['0'], 0=${body['0'], 0=${body['0'], 0=${body['0'], 0=${body['0'], 0=${body['0'], 0=${body['0'], 0=${body['0'], 0=${body['0'];;;codice_azienda=${body['codice_azienda'] AND id_procedura=${body['id_procedura'];;;;"`INSERT INTO entrasp.(codice_azienda, codice, descrizione_breve, id_procedura_parent, ordinamento, tree_path, frequenza, strumento_informatico, id_centro_gest, codice_part, descrizione, tipo_procedura, stato_attuazione, id_tipo_processo, 0, 0, 0, 0, 0, 0, 0, 0, 0, 0, 0, 0, 0, 0, 0, 0, 0, 0, 0, 0, 0, 0, 0, 0, 0, 0, 0, 0, 0, 0, 0, 0, 0, 0, 0, 0, 0, 0, 0, 0)Values(${body['codice_azienda'], ${body['codice'], ${body['descrizione_breve'], ${body[id_procedura_parent], ${body[ordinamento], ${body['tree_path'], ${body['frequenza'], ${body['strumento_informatico'], ${body[id_centro_gest], ${body['codice_part'], ${body['descrizione'], ${body['tipo_procedura'], ${body['stato_attuazione'], ${body[id_tipo_processo], ${body['0'], ${body['0'], ${body['0'], ${body['0'], ${body['0'], ${body['0'], ${body['0'], ${body['0'], ${body['0'], ${body['0'], ${body['0'], ${body['0'], ${body['0'], ${body['0'], ${body['0'], ${body['0'], ${body['0'], ${body['0'], ${body['0'], ${body['0'], ${body['0'], ${body['0'], ${body['0'], ${body['0'], ${body['0'], ${body['0'], ${body['0'], ${body['0'], ${body['0'], ${body['0'], ${body['0'], ${body['0'], ${body['0'], ${body['0'], ${body['0'], ${body['0'], ${body['0'], ${body['0'], ${body['0'], ${body['0'])RETURNING id_procedura;`";"`Update entrasp.SET codice_azienda=${body['codice_azienda'], codice=${body['codice'], descrizione_breve=${body['descrizione_breve'], id_procedura_parent=${body[id_procedura_parent], ordinamento=${body[ordinamento], tree_path=${body['tree_path'], frequenza=${body['frequenza'], strumento_informatico=${body['strumento_informatico'], id_centro_gest=${body[id_centro_gest], codice_part=${body['codice_part'], descrizione=${body['descrizione'], tipo_procedura=${body['tipo_procedura'], stato_attuazione=${body['stato_attuazione'], id_tipo_processo=${body[id_tipo_processo], 0=${body['0'], 0=${body['0'], 0=${body['0'], 0=${body['0'], 0=${body['0'], 0=${body['0'], 0=${body['0'], 0=${body['0'], 0=${body['0'], 0=${body['0'], 0=${body['0'], 0=${body['0'], 0=${body['0'], 0=${body['0'], 0=${body['0'], 0=${body['0'], 0=${body['0'], 0=${body['0'], 0=${body['0'], 0=${body['0'], 0=${body['0'], 0=${body['0'], 0=${body['0'], 0=${body['0'], 0=${body['0'], 0=${body['0'], 0=${body['0'], 0=${body['0'], 0=${body['0'], 0=${body['0'], 0=${body['0'], 0=${body['0'], 0=${body['0'], 0=${body['0'], 0=${body['0'], 0=${body['0'], 0=${body['0'], 0=${body['0'], 0=${body['0'], 0=${body['0'], 0=${body['0'], 0=${body['0'], 0=${body['0'], 0=${body['0'], 0=${body['0'], 0=${body['0'], 0=${body['0'], 0=${body['0'], 0=${body['0'], 0=${body['0'], 0=${body['0'], 0=${body['0'], 0=${body['0'], 0=${body['0']WHERE codice_azienda=${body['codice_azienda'] AND id_procedura=${body['id_procedura'];`";"`DELETE FROM entrasp.WHERE codice_azienda=${body['codice_azienda'] AND id_procedura=${body['id_procedura'];`"
0;input;;;0;;false;true;true;false;false;false;0;;;codice_azienda, codice, descrizione_breve, id_procedura_parent, ordinamento, tree_path, frequenza, strumento_informatico, id_centro_gest, codice_part, descrizione, tipo_procedura, stato_attuazione, id_tipo_processo, 0, 0, 0, 0, 0, 0, 0, 0, 0, 0, 0, 0, 0, 0, 0, 0, 0, 0, 0, 0, 0, 0, 0, 0, 0, 0, 0, 0, 0, 0, 0, 0, 0, 0, 0, 0, 0, 0, 0, 0, 0;${body['codice_azienda'], ${body['codice'], ${body['descrizione_breve'], ${body[id_procedura_parent], ${body[ordinamento], ${body['tree_path'], ${body['frequenza'], ${body['strumento_informatico'], ${body[id_centro_gest], ${body['codice_part'], ${body['descrizione'], ${body['tipo_procedura'], ${body['stato_attuazione'], ${body[id_tipo_processo], ${body['0'], ${body['0'], ${body['0'], ${body['0'], ${body['0'], ${body['0'], ${body['0'], ${body['0'], ${body['0'], ${body['0'], ${body['0'], ${body['0'], ${body['0'], ${body['0'], ${body['0'], ${body['0'], ${body['0'], ${body['0'], ${body['0'], ${body['0'], ${body['0'], ${body['0'], ${body['0'], ${body['0'], ${body['0'], ${body['0'], ${body['0'], ${body['0'], ${body['0'], ${body['0'], ${body['0'], ${body['0'], ${body['0'], ${body['0'], ${body['0'], ${body['0'], ${body['0'], ${body['0'], ${body['0'], ${body['0'], ${body['0'];codice_azienda=${body['codice_azienda'], codice=${body['codice'], descrizione_breve=${body['descrizione_breve'], id_procedura_parent=${body[id_procedura_parent], ordinamento=${body[ordinamento], tree_path=${body['tree_path'], frequenza=${body['frequenza'], strumento_informatico=${body['strumento_informatico'], id_centro_gest=${body[id_centro_gest], codice_part=${body['codice_part'], descrizione=${body['descrizione'], tipo_procedura=${body['tipo_procedura'], stato_attuazione=${body['stato_attuazione'], id_tipo_processo=${body[id_tipo_processo], 0=${body['0'], 0=${body['0'], 0=${body['0'], 0=${body['0'], 0=${body['0'], 0=${body['0'], 0=${body['0'], 0=${body['0'], 0=${body['0'], 0=${body['0'], 0=${body['0'], 0=${body['0'], 0=${body['0'], 0=${body['0'], 0=${body['0'], 0=${body['0'], 0=${body['0'], 0=${body['0'], 0=${body['0'], 0=${body['0'], 0=${body['0'], 0=${body['0'], 0=${body['0'], 0=${body['0'], 0=${body['0'], 0=${body['0'], 0=${body['0'], 0=${body['0'], 0=${body['0'], 0=${body['0'], 0=${body['0'], 0=${body['0'], 0=${body['0'], 0=${body['0'], 0=${body['0'], 0=${body['0'], 0=${body['0'], 0=${body['0'], 0=${body['0'], 0=${body['0'], 0=${body['0'];;;codice_azienda=${body['codice_azienda'] AND id_procedura=${body['id_procedura'];;;;"`INSERT INTO entrasp.(codice_azienda, codice, descrizione_breve, id_procedura_parent, ordinamento, tree_path, frequenza, strumento_informatico, id_centro_gest, codice_part, descrizione, tipo_procedura, stato_attuazione, id_tipo_processo, 0, 0, 0, 0, 0, 0, 0, 0, 0, 0, 0, 0, 0, 0, 0, 0, 0, 0, 0, 0, 0, 0, 0, 0, 0, 0, 0, 0, 0, 0, 0, 0, 0, 0, 0, 0, 0, 0, 0, 0, 0)Values(${body['codice_azienda'], ${body['codice'], ${body['descrizione_breve'], ${body[id_procedura_parent], ${body[ordinamento], ${body['tree_path'], ${body['frequenza'], ${body['strumento_informatico'], ${body[id_centro_gest], ${body['codice_part'], ${body['descrizione'], ${body['tipo_procedura'], ${body['stato_attuazione'], ${body[id_tipo_processo], ${body['0'], ${body['0'], ${body['0'], ${body['0'], ${body['0'], ${body['0'], ${body['0'], ${body['0'], ${body['0'], ${body['0'], ${body['0'], ${body['0'], ${body['0'], ${body['0'], ${body['0'], ${body['0'], ${body['0'], ${body['0'], ${body['0'], ${body['0'], ${body['0'], ${body['0'], ${body['0'], ${body['0'], ${body['0'], ${body['0'], ${body['0'], ${body['0'], ${body['0'], ${body['0'], ${body['0'], ${body['0'], ${body['0'], ${body['0'], ${body['0'], ${body['0'], ${body['0'], ${body['0'], ${body['0'], ${body['0'], ${body['0'])RETURNING id_procedura;`";"`Update entrasp.SET codice_azienda=${body['codice_azienda'], codice=${body['codice'], descrizione_breve=${body['descrizione_breve'], id_procedura_parent=${body[id_procedura_parent], ordinamento=${body[ordinamento], tree_path=${body['tree_path'], frequenza=${body['frequenza'], strumento_informatico=${body['strumento_informatico'], id_centro_gest=${body[id_centro_gest], codice_part=${body['codice_part'], descrizione=${body['descrizione'], tipo_procedura=${body['tipo_procedura'], stato_attuazione=${body['stato_attuazione'], id_tipo_processo=${body[id_tipo_processo], 0=${body['0'], 0=${body['0'], 0=${body['0'], 0=${body['0'], 0=${body['0'], 0=${body['0'], 0=${body['0'], 0=${body['0'], 0=${body['0'], 0=${body['0'], 0=${body['0'], 0=${body['0'], 0=${body['0'], 0=${body['0'], 0=${body['0'], 0=${body['0'], 0=${body['0'], 0=${body['0'], 0=${body['0'], 0=${body['0'], 0=${body['0'], 0=${body['0'], 0=${body['0'], 0=${body['0'], 0=${body['0'], 0=${body['0'], 0=${body['0'], 0=${body['0'], 0=${body['0'], 0=${body['0'], 0=${body['0'], 0=${body['0'], 0=${body['0'], 0=${body['0'], 0=${body['0'], 0=${body['0'], 0=${body['0'], 0=${body['0'], 0=${body['0'], 0=${body['0'], 0=${body['0'], 0=${body['0'], 0=${body['0'], 0=${body['0'], 0=${body['0'], 0=${body['0'], 0=${body['0'], 0=${body['0'], 0=${body['0'], 0=${body['0'], 0=${body['0'], 0=${body['0'], 0=${body['0'], 0=${body['0'], 0=${body['0']WHERE codice_azienda=${body['codice_azienda'] AND id_procedura=${body['id_procedura'];`";"`DELETE FROM entrasp.WHERE codice_azienda=${body['codice_azienda'] AND id_procedura=${body['id_procedura'];`"
0;input;;;0;;false;true;true;false;false;false;0;;;codice_azienda, codice, descrizione_breve, id_procedura_parent, ordinamento, tree_path, frequenza, strumento_informatico, id_centro_gest, codice_part, descrizione, tipo_procedura, stato_attuazione, id_tipo_processo, 0, 0, 0, 0, 0, 0, 0, 0, 0, 0, 0, 0, 0, 0, 0, 0, 0, 0, 0, 0, 0, 0, 0, 0, 0, 0, 0, 0, 0, 0, 0, 0, 0, 0, 0, 0, 0, 0, 0, 0, 0, 0;${body['codice_azienda'], ${body['codice'], ${body['descrizione_breve'], ${body[id_procedura_parent], ${body[ordinamento], ${body['tree_path'], ${body['frequenza'], ${body['strumento_informatico'], ${body[id_centro_gest], ${body['codice_part'], ${body['descrizione'], ${body['tipo_procedura'], ${body['stato_attuazione'], ${body[id_tipo_processo], ${body['0'], ${body['0'], ${body['0'], ${body['0'], ${body['0'], ${body['0'], ${body['0'], ${body['0'], ${body['0'], ${body['0'], ${body['0'], ${body['0'], ${body['0'], ${body['0'], ${body['0'], ${body['0'], ${body['0'], ${body['0'], ${body['0'], ${body['0'], ${body['0'], ${body['0'], ${body['0'], ${body['0'], ${body['0'], ${body['0'], ${body['0'], ${body['0'], ${body['0'], ${body['0'], ${body['0'], ${body['0'], ${body['0'], ${body['0'], ${body['0'], ${body['0'], ${body['0'], ${body['0'], ${body['0'], ${body['0'], ${body['0'], ${body['0'];codice_azienda=${body['codice_azienda'], codice=${body['codice'], descrizione_breve=${body['descrizione_breve'], id_procedura_parent=${body[id_procedura_parent], ordinamento=${body[ordinamento], tree_path=${body['tree_path'], frequenza=${body['frequenza'], strumento_informatico=${body['strumento_informatico'], id_centro_gest=${body[id_centro_gest], codice_part=${body['codice_part'], descrizione=${body['descrizione'], tipo_procedura=${body['tipo_procedura'], stato_attuazione=${body['stato_attuazione'], id_tipo_processo=${body[id_tipo_processo], 0=${body['0'], 0=${body['0'], 0=${body['0'], 0=${body['0'], 0=${body['0'], 0=${body['0'], 0=${body['0'], 0=${body['0'], 0=${body['0'], 0=${body['0'], 0=${body['0'], 0=${body['0'], 0=${body['0'], 0=${body['0'], 0=${body['0'], 0=${body['0'], 0=${body['0'], 0=${body['0'], 0=${body['0'], 0=${body['0'], 0=${body['0'], 0=${body['0'], 0=${body['0'], 0=${body['0'], 0=${body['0'], 0=${body['0'], 0=${body['0'], 0=${body['0'], 0=${body['0'], 0=${body['0'], 0=${body['0'], 0=${body['0'], 0=${body['0'], 0=${body['0'], 0=${body['0'], 0=${body['0'], 0=${body['0'], 0=${body['0'], 0=${body['0'], 0=${body['0'], 0=${body['0'], 0=${body['0'];;;codice_azienda=${body['codice_azienda'] AND id_procedura=${body['id_procedura'];;;;"`INSERT INTO entrasp.(codice_azienda, codice, descrizione_breve, id_procedura_parent, ordinamento, tree_path, frequenza, strumento_informatico, id_centro_gest, codice_part, descrizione, tipo_procedura, stato_attuazione, id_tipo_processo, 0, 0, 0, 0, 0, 0, 0, 0, 0, 0, 0, 0, 0, 0, 0, 0, 0, 0, 0, 0, 0, 0, 0, 0, 0, 0, 0, 0, 0, 0, 0, 0, 0, 0, 0, 0, 0, 0, 0, 0, 0, 0)Values(${body['codice_azienda'], ${body['codice'], ${body['descrizione_breve'], ${body[id_procedura_parent], ${body[ordinamento], ${body['tree_path'], ${body['frequenza'], ${body['strumento_informatico'], ${body[id_centro_gest], ${body['codice_part'], ${body['descrizione'], ${body['tipo_procedura'], ${body['stato_attuazione'], ${body[id_tipo_processo], ${body['0'], ${body['0'], ${body['0'], ${body['0'], ${body['0'], ${body['0'], ${body['0'], ${body['0'], ${body['0'], ${body['0'], ${body['0'], ${body['0'], ${body['0'], ${body['0'], ${body['0'], ${body['0'], ${body['0'], ${body['0'], ${body['0'], ${body['0'], ${body['0'], ${body['0'], ${body['0'], ${body['0'], ${body['0'], ${body['0'], ${body['0'], ${body['0'], ${body['0'], ${body['0'], ${body['0'], ${body['0'], ${body['0'], ${body['0'], ${body['0'], ${body['0'], ${body['0'], ${body['0'], ${body['0'], ${body['0'], ${body['0'], ${body['0'])RETURNING id_procedura;`";"`Update entrasp.SET codice_azienda=${body['codice_azienda'], codice=${body['codice'], descrizione_breve=${body['descrizione_breve'], id_procedura_parent=${body[id_procedura_parent], ordinamento=${body[ordinamento], tree_path=${body['tree_path'], frequenza=${body['frequenza'], strumento_informatico=${body['strumento_informatico'], id_centro_gest=${body[id_centro_gest], codice_part=${body['codice_part'], descrizione=${body['descrizione'], tipo_procedura=${body['tipo_procedura'], stato_attuazione=${body['stato_attuazione'], id_tipo_processo=${body[id_tipo_processo], 0=${body['0'], 0=${body['0'], 0=${body['0'], 0=${body['0'], 0=${body['0'], 0=${body['0'], 0=${body['0'], 0=${body['0'], 0=${body['0'], 0=${body['0'], 0=${body['0'], 0=${body['0'], 0=${body['0'], 0=${body['0'], 0=${body['0'], 0=${body['0'], 0=${body['0'], 0=${body['0'], 0=${body['0'], 0=${body['0'], 0=${body['0'], 0=${body['0'], 0=${body['0'], 0=${body['0'], 0=${body['0'], 0=${body['0'], 0=${body['0'], 0=${body['0'], 0=${body['0'], 0=${body['0'], 0=${body['0'], 0=${body['0'], 0=${body['0'], 0=${body['0'], 0=${body['0'], 0=${body['0'], 0=${body['0'], 0=${body['0'], 0=${body['0'], 0=${body['0'], 0=${body['0'], 0=${body['0'], 0=${body['0'], 0=${body['0'], 0=${body['0'], 0=${body['0'], 0=${body['0'], 0=${body['0'], 0=${body['0'], 0=${body['0'], 0=${body['0'], 0=${body['0'], 0=${body['0'], 0=${body['0'], 0=${body['0'], 0=${body['0']WHERE codice_azienda=${body['codice_azienda'] AND id_procedura=${body['id_procedura'];`";"`DELETE FROM entrasp.WHERE codice_azienda=${body['codice_azienda'] AND id_procedura=${body['id_procedura'];`"
0;input;;;0;;false;true;true;false;false;false;0;;;codice_azienda, codice, descrizione_breve, id_procedura_parent, ordinamento, tree_path, frequenza, strumento_informatico, id_centro_gest, codice_part, descrizione, tipo_procedura, stato_attuazione, id_tipo_processo, 0, 0, 0, 0, 0, 0, 0, 0, 0, 0, 0, 0, 0, 0, 0, 0, 0, 0, 0, 0, 0, 0, 0, 0, 0, 0, 0, 0, 0, 0, 0, 0, 0, 0, 0, 0, 0, 0, 0, 0, 0, 0, 0;${body['codice_azienda'], ${body['codice'], ${body['descrizione_breve'], ${body[id_procedura_parent], ${body[ordinamento], ${body['tree_path'], ${body['frequenza'], ${body['strumento_informatico'], ${body[id_centro_gest], ${body['codice_part'], ${body['descrizione'], ${body['tipo_procedura'], ${body['stato_attuazione'], ${body[id_tipo_processo], ${body['0'], ${body['0'], ${body['0'], ${body['0'], ${body['0'], ${body['0'], ${body['0'], ${body['0'], ${body['0'], ${body['0'], ${body['0'], ${body['0'], ${body['0'], ${body['0'], ${body['0'], ${body['0'], ${body['0'], ${body['0'], ${body['0'], ${body['0'], ${body['0'], ${body['0'], ${body['0'], ${body['0'], ${body['0'], ${body['0'], ${body['0'], ${body['0'], ${body['0'], ${body['0'], ${body['0'], ${body['0'], ${body['0'], ${body['0'], ${body['0'], ${body['0'], ${body['0'], ${body['0'], ${body['0'], ${body['0'], ${body['0'], ${body['0'], ${body['0'];codice_azienda=${body['codice_azienda'], codice=${body['codice'], descrizione_breve=${body['descrizione_breve'], id_procedura_parent=${body[id_procedura_parent], ordinamento=${body[ordinamento], tree_path=${body['tree_path'], frequenza=${body['frequenza'], strumento_informatico=${body['strumento_informatico'], id_centro_gest=${body[id_centro_gest], codice_part=${body['codice_part'], descrizione=${body['descrizione'], tipo_procedura=${body['tipo_procedura'], stato_attuazione=${body['stato_attuazione'], id_tipo_processo=${body[id_tipo_processo], 0=${body['0'], 0=${body['0'], 0=${body['0'], 0=${body['0'], 0=${body['0'], 0=${body['0'], 0=${body['0'], 0=${body['0'], 0=${body['0'], 0=${body['0'], 0=${body['0'], 0=${body['0'], 0=${body['0'], 0=${body['0'], 0=${body['0'], 0=${body['0'], 0=${body['0'], 0=${body['0'], 0=${body['0'], 0=${body['0'], 0=${body['0'], 0=${body['0'], 0=${body['0'], 0=${body['0'], 0=${body['0'], 0=${body['0'], 0=${body['0'], 0=${body['0'], 0=${body['0'], 0=${body['0'], 0=${body['0'], 0=${body['0'], 0=${body['0'], 0=${body['0'], 0=${body['0'], 0=${body['0'], 0=${body['0'], 0=${body['0'], 0=${body['0'], 0=${body['0'], 0=${body['0'], 0=${body['0'], 0=${body['0'];;;codice_azienda=${body['codice_azienda'] AND id_procedura=${body['id_procedura'];;;;"`INSERT INTO entrasp.(codice_azienda, codice, descrizione_breve, id_procedura_parent, ordinamento, tree_path, frequenza, strumento_informatico, id_centro_gest, codice_part, descrizione, tipo_procedura, stato_attuazione, id_tipo_processo, 0, 0, 0, 0, 0, 0, 0, 0, 0, 0, 0, 0, 0, 0, 0, 0, 0, 0, 0, 0, 0, 0, 0, 0, 0, 0, 0, 0, 0, 0, 0, 0, 0, 0, 0, 0, 0, 0, 0, 0, 0, 0, 0)Values(${body['codice_azienda'], ${body['codice'], ${body['descrizione_breve'], ${body[id_procedura_parent], ${body[ordinamento], ${body['tree_path'], ${body['frequenza'], ${body['strumento_informatico'], ${body[id_centro_gest], ${body['codice_part'], ${body['descrizione'], ${body['tipo_procedura'], ${body['stato_attuazione'], ${body[id_tipo_processo], ${body['0'], ${body['0'], ${body['0'], ${body['0'], ${body['0'], ${body['0'], ${body['0'], ${body['0'], ${body['0'], ${body['0'], ${body['0'], ${body['0'], ${body['0'], ${body['0'], ${body['0'], ${body['0'], ${body['0'], ${body['0'], ${body['0'], ${body['0'], ${body['0'], ${body['0'], ${body['0'], ${body['0'], ${body['0'], ${body['0'], ${body['0'], ${body['0'], ${body['0'], ${body['0'], ${body['0'], ${body['0'], ${body['0'], ${body['0'], ${body['0'], ${body['0'], ${body['0'], ${body['0'], ${body['0'], ${body['0'], ${body['0'], ${body['0'], ${body['0'])RETURNING id_procedura;`";"`Update entrasp.SET codice_azienda=${body['codice_azienda'], codice=${body['codice'], descrizione_breve=${body['descrizione_breve'], id_procedura_parent=${body[id_procedura_parent], ordinamento=${body[ordinamento], tree_path=${body['tree_path'], frequenza=${body['frequenza'], strumento_informatico=${body['strumento_informatico'], id_centro_gest=${body[id_centro_gest], codice_part=${body['codice_part'], descrizione=${body['descrizione'], tipo_procedura=${body['tipo_procedura'], stato_attuazione=${body['stato_attuazione'], id_tipo_processo=${body[id_tipo_processo], 0=${body['0'], 0=${body['0'], 0=${body['0'], 0=${body['0'], 0=${body['0'], 0=${body['0'], 0=${body['0'], 0=${body['0'], 0=${body['0'], 0=${body['0'], 0=${body['0'], 0=${body['0'], 0=${body['0'], 0=${body['0'], 0=${body['0'], 0=${body['0'], 0=${body['0'], 0=${body['0'], 0=${body['0'], 0=${body['0'], 0=${body['0'], 0=${body['0'], 0=${body['0'], 0=${body['0'], 0=${body['0'], 0=${body['0'], 0=${body['0'], 0=${body['0'], 0=${body['0'], 0=${body['0'], 0=${body['0'], 0=${body['0'], 0=${body['0'], 0=${body['0'], 0=${body['0'], 0=${body['0'], 0=${body['0'], 0=${body['0'], 0=${body['0'], 0=${body['0'], 0=${body['0'], 0=${body['0'], 0=${body['0'], 0=${body['0'], 0=${body['0'], 0=${body['0'], 0=${body['0'], 0=${body['0'], 0=${body['0'], 0=${body['0'], 0=${body['0'], 0=${body['0'], 0=${body['0'], 0=${body['0'], 0=${body['0'], 0=${body['0'], 0=${body['0']WHERE codice_azienda=${body['codice_azienda'] AND id_procedura=${body['id_procedura'];`";"`DELETE FROM entrasp.WHERE codice_azienda=${body['codice_azienda'] AND id_procedura=${body['id_procedura'];`"
0;input;;;0;;false;true;true;false;false;false;0;;;codice_azienda, codice, descrizione_breve, id_procedura_parent, ordinamento, tree_path, frequenza, strumento_informatico, id_centro_gest, codice_part, descrizione, tipo_procedura, stato_attuazione, id_tipo_processo, 0, 0, 0, 0, 0, 0, 0, 0, 0, 0, 0, 0, 0, 0, 0, 0, 0, 0, 0, 0, 0, 0, 0, 0, 0, 0, 0, 0, 0, 0, 0, 0, 0, 0, 0, 0, 0, 0, 0, 0, 0, 0, 0, 0;${body['codice_azienda'], ${body['codice'], ${body['descrizione_breve'], ${body[id_procedura_parent], ${body[ordinamento], ${body['tree_path'], ${body['frequenza'], ${body['strumento_informatico'], ${body[id_centro_gest], ${body['codice_part'], ${body['descrizione'], ${body['tipo_procedura'], ${body['stato_attuazione'], ${body[id_tipo_processo], ${body['0'], ${body['0'], ${body['0'], ${body['0'], ${body['0'], ${body['0'], ${body['0'], ${body['0'], ${body['0'], ${body['0'], ${body['0'], ${body['0'], ${body['0'], ${body['0'], ${body['0'], ${body['0'], ${body['0'], ${body['0'], ${body['0'], ${body['0'], ${body['0'], ${body['0'], ${body['0'], ${body['0'], ${body['0'], ${body['0'], ${body['0'], ${body['0'], ${body['0'], ${body['0'], ${body['0'], ${body['0'], ${body['0'], ${body['0'], ${body['0'], ${body['0'], ${body['0'], ${body['0'], ${body['0'], ${body['0'], ${body['0'], ${body['0'], ${body['0'], ${body['0'];codice_azienda=${body['codice_azienda'], codice=${body['codice'], descrizione_breve=${body['descrizione_breve'], id_procedura_parent=${body[id_procedura_parent], ordinamento=${body[ordinamento], tree_path=${body['tree_path'], frequenza=${body['frequenza'], strumento_informatico=${body['strumento_informatico'], id_centro_gest=${body[id_centro_gest], codice_part=${body['codice_part'], descrizione=${body['descrizione'], tipo_procedura=${body['tipo_procedura'], stato_attuazione=${body['stato_attuazione'], id_tipo_processo=${body[id_tipo_processo], 0=${body['0'], 0=${body['0'], 0=${body['0'], 0=${body['0'], 0=${body['0'], 0=${body['0'], 0=${body['0'], 0=${body['0'], 0=${body['0'], 0=${body['0'], 0=${body['0'], 0=${body['0'], 0=${body['0'], 0=${body['0'], 0=${body['0'], 0=${body['0'], 0=${body['0'], 0=${body['0'], 0=${body['0'], 0=${body['0'], 0=${body['0'], 0=${body['0'], 0=${body['0'], 0=${body['0'], 0=${body['0'], 0=${body['0'], 0=${body['0'], 0=${body['0'], 0=${body['0'], 0=${body['0'], 0=${body['0'], 0=${body['0'], 0=${body['0'], 0=${body['0'], 0=${body['0'], 0=${body['0'], 0=${body['0'], 0=${body['0'], 0=${body['0'], 0=${body['0'], 0=${body['0'], 0=${body['0'], 0=${body['0'], 0=${body['0'];;;codice_azienda=${body['codice_azienda'] AND id_procedura=${body['id_procedura'];;;;"`INSERT INTO entrasp.(codice_azienda, codice, descrizione_breve, id_procedura_parent, ordinamento, tree_path, frequenza, strumento_informatico, id_centro_gest, codice_part, descrizione, tipo_procedura, stato_attuazione, id_tipo_processo, 0, 0, 0, 0, 0, 0, 0, 0, 0, 0, 0, 0, 0, 0, 0, 0, 0, 0, 0, 0, 0, 0, 0, 0, 0, 0, 0, 0, 0, 0, 0, 0, 0, 0, 0, 0, 0, 0, 0, 0, 0, 0, 0, 0)Values(${body['codice_azienda'], ${body['codice'], ${body['descrizione_breve'], ${body[id_procedura_parent], ${body[ordinamento], ${body['tree_path'], ${body['frequenza'], ${body['strumento_informatico'], ${body[id_centro_gest], ${body['codice_part'], ${body['descrizione'], ${body['tipo_procedura'], ${body['stato_attuazione'], ${body[id_tipo_processo], ${body['0'], ${body['0'], ${body['0'], ${body['0'], ${body['0'], ${body['0'], ${body['0'], ${body['0'], ${body['0'], ${body['0'], ${body['0'], ${body['0'], ${body['0'], ${body['0'], ${body['0'], ${body['0'], ${body['0'], ${body['0'], ${body['0'], ${body['0'], ${body['0'], ${body['0'], ${body['0'], ${body['0'], ${body['0'], ${body['0'], ${body['0'], ${body['0'], ${body['0'], ${body['0'], ${body['0'], ${body['0'], ${body['0'], ${body['0'], ${body['0'], ${body['0'], ${body['0'], ${body['0'], ${body['0'], ${body['0'], ${body['0'], ${body['0'], ${body['0'], ${body['0'])RETURNING id_procedura;`";"`Update entrasp.SET codice_azienda=${body['codice_azienda'], codice=${body['codice'], descrizione_breve=${body['descrizione_breve'], id_procedura_parent=${body[id_procedura_parent], ordinamento=${body[ordinamento], tree_path=${body['tree_path'], frequenza=${body['frequenza'], strumento_informatico=${body['strumento_informatico'], id_centro_gest=${body[id_centro_gest], codice_part=${body['codice_part'], descrizione=${body['descrizione'], tipo_procedura=${body['tipo_procedura'], stato_attuazione=${body['stato_attuazione'], id_tipo_processo=${body[id_tipo_processo], 0=${body['0'], 0=${body['0'], 0=${body['0'], 0=${body['0'], 0=${body['0'], 0=${body['0'], 0=${body['0'], 0=${body['0'], 0=${body['0'], 0=${body['0'], 0=${body['0'], 0=${body['0'], 0=${body['0'], 0=${body['0'], 0=${body['0'], 0=${body['0'], 0=${body['0'], 0=${body['0'], 0=${body['0'], 0=${body['0'], 0=${body['0'], 0=${body['0'], 0=${body['0'], 0=${body['0'], 0=${body['0'], 0=${body['0'], 0=${body['0'], 0=${body['0'], 0=${body['0'], 0=${body['0'], 0=${body['0'], 0=${body['0'], 0=${body['0'], 0=${body['0'], 0=${body['0'], 0=${body['0'], 0=${body['0'], 0=${body['0'], 0=${body['0'], 0=${body['0'], 0=${body['0'], 0=${body['0'], 0=${body['0'], 0=${body['0'], 0=${body['0'], 0=${body['0'], 0=${body['0'], 0=${body['0'], 0=${body['0'], 0=${body['0'], 0=${body['0'], 0=${body['0'], 0=${body['0'], 0=${body['0'], 0=${body['0'], 0=${body['0'], 0=${body['0'], 0=${body['0']WHERE codice_azienda=${body['codice_azienda'] AND id_procedura=${body['id_procedura'];`";"`DELETE FROM entrasp.WHERE codice_azienda=${body['codice_azienda'] AND id_procedura=${body['id_procedura'];`"
0;input;;;0;;false;true;true;false;false;false;0;;;codice_azienda, codice, descrizione_breve, id_procedura_parent, ordinamento, tree_path, frequenza, strumento_informatico, id_centro_gest, codice_part, descrizione, tipo_procedura, stato_attuazione, id_tipo_processo, 0, 0, 0, 0, 0, 0, 0, 0, 0, 0, 0, 0, 0, 0, 0, 0, 0, 0, 0, 0, 0, 0, 0, 0, 0, 0, 0, 0, 0, 0, 0, 0, 0, 0, 0, 0, 0, 0, 0, 0, 0, 0, 0, 0, 0;${body['codice_azienda'], ${body['codice'], ${body['descrizione_breve'], ${body[id_procedura_parent], ${body[ordinamento], ${body['tree_path'], ${body['frequenza'], ${body['strumento_informatico'], ${body[id_centro_gest], ${body['codice_part'], ${body['descrizione'], ${body['tipo_procedura'], ${body['stato_attuazione'], ${body[id_tipo_processo], ${body['0'], ${body['0'], ${body['0'], ${body['0'], ${body['0'], ${body['0'], ${body['0'], ${body['0'], ${body['0'], ${body['0'], ${body['0'], ${body['0'], ${body['0'], ${body['0'], ${body['0'], ${body['0'], ${body['0'], ${body['0'], ${body['0'], ${body['0'], ${body['0'], ${body['0'], ${body['0'], ${body['0'], ${body['0'], ${body['0'], ${body['0'], ${body['0'], ${body['0'], ${body['0'], ${body['0'], ${body['0'], ${body['0'], ${body['0'], ${body['0'], ${body['0'], ${body['0'], ${body['0'], ${body['0'], ${body['0'], ${body['0'], ${body['0'], ${body['0'], ${body['0'], ${body['0'];codice_azienda=${body['codice_azienda'], codice=${body['codice'], descrizione_breve=${body['descrizione_breve'], id_procedura_parent=${body[id_procedura_parent], ordinamento=${body[ordinamento], tree_path=${body['tree_path'], frequenza=${body['frequenza'], strumento_informatico=${body['strumento_informatico'], id_centro_gest=${body[id_centro_gest], codice_part=${body['codice_part'], descrizione=${body['descrizione'], tipo_procedura=${body['tipo_procedura'], stato_attuazione=${body['stato_attuazione'], id_tipo_processo=${body[id_tipo_processo], 0=${body['0'], 0=${body['0'], 0=${body['0'], 0=${body['0'], 0=${body['0'], 0=${body['0'], 0=${body['0'], 0=${body['0'], 0=${body['0'], 0=${body['0'], 0=${body['0'], 0=${body['0'], 0=${body['0'], 0=${body['0'], 0=${body['0'], 0=${body['0'], 0=${body['0'], 0=${body['0'], 0=${body['0'], 0=${body['0'], 0=${body['0'], 0=${body['0'], 0=${body['0'], 0=${body['0'], 0=${body['0'], 0=${body['0'], 0=${body['0'], 0=${body['0'], 0=${body['0'], 0=${body['0'], 0=${body['0'], 0=${body['0'], 0=${body['0'], 0=${body['0'], 0=${body['0'], 0=${body['0'], 0=${body['0'], 0=${body['0'], 0=${body['0'], 0=${body['0'], 0=${body['0'], 0=${body['0'], 0=${body['0'], 0=${body['0'], 0=${body['0'];;;codice_azienda=${body['codice_azienda'] AND id_procedura=${body['id_procedura'];;;;"`INSERT INTO entrasp.(codice_azienda, codice, descrizione_breve, id_procedura_parent, ordinamento, tree_path, frequenza, strumento_informatico, id_centro_gest, codice_part, descrizione, tipo_procedura, stato_attuazione, id_tipo_processo, 0, 0, 0, 0, 0, 0, 0, 0, 0, 0, 0, 0, 0, 0, 0, 0, 0, 0, 0, 0, 0, 0, 0, 0, 0, 0, 0, 0, 0, 0, 0, 0, 0, 0, 0, 0, 0, 0, 0, 0, 0, 0, 0, 0, 0)Values(${body['codice_azienda'], ${body['codice'], ${body['descrizione_breve'], ${body[id_procedura_parent], ${body[ordinamento], ${body['tree_path'], ${body['frequenza'], ${body['strumento_informatico'], ${body[id_centro_gest], ${body['codice_part'], ${body['descrizione'], ${body['tipo_procedura'], ${body['stato_attuazione'], ${body[id_tipo_processo], ${body['0'], ${body['0'], ${body['0'], ${body['0'], ${body['0'], ${body['0'], ${body['0'], ${body['0'], ${body['0'], ${body['0'], ${body['0'], ${body['0'], ${body['0'], ${body['0'], ${body['0'], ${body['0'], ${body['0'], ${body['0'], ${body['0'], ${body['0'], ${body['0'], ${body['0'], ${body['0'], ${body['0'], ${body['0'], ${body['0'], ${body['0'], ${body['0'], ${body['0'], ${body['0'], ${body['0'], ${body['0'], ${body['0'], ${body['0'], ${body['0'], ${body['0'], ${body['0'], ${body['0'], ${body['0'], ${body['0'], ${body['0'], ${body['0'], ${body['0'], ${body['0'], ${body['0'])RETURNING id_procedura;`";"`Update entrasp.SET codice_azienda=${body['codice_azienda'], codice=${body['codice'], descrizione_breve=${body['descrizione_breve'], id_procedura_parent=${body[id_procedura_parent], ordinamento=${body[ordinamento], tree_path=${body['tree_path'], frequenza=${body['frequenza'], strumento_informatico=${body['strumento_informatico'], id_centro_gest=${body[id_centro_gest], codice_part=${body['codice_part'], descrizione=${body['descrizione'], tipo_procedura=${body['tipo_procedura'], stato_attuazione=${body['stato_attuazione'], id_tipo_processo=${body[id_tipo_processo], 0=${body['0'], 0=${body['0'], 0=${body['0'], 0=${body['0'], 0=${body['0'], 0=${body['0'], 0=${body['0'], 0=${body['0'], 0=${body['0'], 0=${body['0'], 0=${body['0'], 0=${body['0'], 0=${body['0'], 0=${body['0'], 0=${body['0'], 0=${body['0'], 0=${body['0'], 0=${body['0'], 0=${body['0'], 0=${body['0'], 0=${body['0'], 0=${body['0'], 0=${body['0'], 0=${body['0'], 0=${body['0'], 0=${body['0'], 0=${body['0'], 0=${body['0'], 0=${body['0'], 0=${body['0'], 0=${body['0'], 0=${body['0'], 0=${body['0'], 0=${body['0'], 0=${body['0'], 0=${body['0'], 0=${body['0'], 0=${body['0'], 0=${body['0'], 0=${body['0'], 0=${body['0'], 0=${body['0'], 0=${body['0'], 0=${body['0'], 0=${body['0'], 0=${body['0'], 0=${body['0'], 0=${body['0'], 0=${body['0'], 0=${body['0'], 0=${body['0'], 0=${body['0'], 0=${body['0'], 0=${body['0'], 0=${body['0'], 0=${body['0'], 0=${body['0'], 0=${body['0'], 0=${body['0']WHERE codice_azienda=${body['codice_azienda'] AND id_procedura=${body['id_procedura'];`";"`DELETE FROM entrasp.WHERE codice_azienda=${body['codice_azienda'] AND id_procedura=${body['id_procedura'];`"
0;input;;;0;;false;true;true;false;false;false;0;;;codice_azienda, codice, descrizione_breve, id_procedura_parent, ordinamento, tree_path, frequenza, strumento_informatico, id_centro_gest, codice_part, descrizione, tipo_procedura, stato_attuazione, id_tipo_processo, 0, 0, 0, 0, 0, 0, 0, 0, 0, 0, 0, 0, 0, 0, 0, 0, 0, 0, 0, 0, 0, 0, 0, 0, 0, 0, 0, 0, 0, 0, 0, 0, 0, 0, 0, 0, 0, 0, 0, 0, 0, 0, 0, 0, 0, 0;${body['codice_azienda'], ${body['codice'], ${body['descrizione_breve'], ${body[id_procedura_parent], ${body[ordinamento], ${body['tree_path'], ${body['frequenza'], ${body['strumento_informatico'], ${body[id_centro_gest], ${body['codice_part'], ${body['descrizione'], ${body['tipo_procedura'], ${body['stato_attuazione'], ${body[id_tipo_processo], ${body['0'], ${body['0'], ${body['0'], ${body['0'], ${body['0'], ${body['0'], ${body['0'], ${body['0'], ${body['0'], ${body['0'], ${body['0'], ${body['0'], ${body['0'], ${body['0'], ${body['0'], ${body['0'], ${body['0'], ${body['0'], ${body['0'], ${body['0'], ${body['0'], ${body['0'], ${body['0'], ${body['0'], ${body['0'], ${body['0'], ${body['0'], ${body['0'], ${body['0'], ${body['0'], ${body['0'], ${body['0'], ${body['0'], ${body['0'], ${body['0'], ${body['0'], ${body['0'], ${body['0'], ${body['0'], ${body['0'], ${body['0'], ${body['0'], ${body['0'], ${body['0'], ${body['0'], ${body['0'];codice_azienda=${body['codice_azienda'], codice=${body['codice'], descrizione_breve=${body['descrizione_breve'], id_procedura_parent=${body[id_procedura_parent], ordinamento=${body[ordinamento], tree_path=${body['tree_path'], frequenza=${body['frequenza'], strumento_informatico=${body['strumento_informatico'], id_centro_gest=${body[id_centro_gest], codice_part=${body['codice_part'], descrizione=${body['descrizione'], tipo_procedura=${body['tipo_procedura'], stato_attuazione=${body['stato_attuazione'], id_tipo_processo=${body[id_tipo_processo], 0=${body['0'], 0=${body['0'], 0=${body['0'], 0=${body['0'], 0=${body['0'], 0=${body['0'], 0=${body['0'], 0=${body['0'], 0=${body['0'], 0=${body['0'], 0=${body['0'], 0=${body['0'], 0=${body['0'], 0=${body['0'], 0=${body['0'], 0=${body['0'], 0=${body['0'], 0=${body['0'], 0=${body['0'], 0=${body['0'], 0=${body['0'], 0=${body['0'], 0=${body['0'], 0=${body['0'], 0=${body['0'], 0=${body['0'], 0=${body['0'], 0=${body['0'], 0=${body['0'], 0=${body['0'], 0=${body['0'], 0=${body['0'], 0=${body['0'], 0=${body['0'], 0=${body['0'], 0=${body['0'], 0=${body['0'], 0=${body['0'], 0=${body['0'], 0=${body['0'], 0=${body['0'], 0=${body['0'], 0=${body['0'], 0=${body['0'], 0=${body['0'], 0=${body['0'];;;codice_azienda=${body['codice_azienda'] AND id_procedura=${body['id_procedura'];;;;"`INSERT INTO entrasp.(codice_azienda, codice, descrizione_breve, id_procedura_parent, ordinamento, tree_path, frequenza, strumento_informatico, id_centro_gest, codice_part, descrizione, tipo_procedura, stato_attuazione, id_tipo_processo, 0, 0, 0, 0, 0, 0, 0, 0, 0, 0, 0, 0, 0, 0, 0, 0, 0, 0, 0, 0, 0, 0, 0, 0, 0, 0, 0, 0, 0, 0, 0, 0, 0, 0, 0, 0, 0, 0, 0, 0, 0, 0, 0, 0, 0, 0)Values(${body['codice_azienda'], ${body['codice'], ${body['descrizione_breve'], ${body[id_procedura_parent], ${body[ordinamento], ${body['tree_path'], ${body['frequenza'], ${body['strumento_informatico'], ${body[id_centro_gest], ${body['codice_part'], ${body['descrizione'], ${body['tipo_procedura'], ${body['stato_attuazione'], ${body[id_tipo_processo], ${body['0'], ${body['0'], ${body['0'], ${body['0'], ${body['0'], ${body['0'], ${body['0'], ${body['0'], ${body['0'], ${body['0'], ${body['0'], ${body['0'], ${body['0'], ${body['0'], ${body['0'], ${body['0'], ${body['0'], ${body['0'], ${body['0'], ${body['0'], ${body['0'], ${body['0'], ${body['0'], ${body['0'], ${body['0'], ${body['0'], ${body['0'], ${body['0'], ${body['0'], ${body['0'], ${body['0'], ${body['0'], ${body['0'], ${body['0'], ${body['0'], ${body['0'], ${body['0'], ${body['0'], ${body['0'], ${body['0'], ${body['0'], ${body['0'], ${body['0'], ${body['0'], ${body['0'], ${body['0'])RETURNING id_procedura;`";"`Update entrasp.SET codice_azienda=${body['codice_azienda'], codice=${body['codice'], descrizione_breve=${body['descrizione_breve'], id_procedura_parent=${body[id_procedura_parent], ordinamento=${body[ordinamento], tree_path=${body['tree_path'], frequenza=${body['frequenza'], strumento_informatico=${body['strumento_informatico'], id_centro_gest=${body[id_centro_gest], codice_part=${body['codice_part'], descrizione=${body['descrizione'], tipo_procedura=${body['tipo_procedura'], stato_attuazione=${body['stato_attuazione'], id_tipo_processo=${body[id_tipo_processo], 0=${body['0'], 0=${body['0'], 0=${body['0'], 0=${body['0'], 0=${body['0'], 0=${body['0'], 0=${body['0'], 0=${body['0'], 0=${body['0'], 0=${body['0'], 0=${body['0'], 0=${body['0'], 0=${body['0'], 0=${body['0'], 0=${body['0'], 0=${body['0'], 0=${body['0'], 0=${body['0'], 0=${body['0'], 0=${body['0'], 0=${body['0'], 0=${body['0'], 0=${body['0'], 0=${body['0'], 0=${body['0'], 0=${body['0'], 0=${body['0'], 0=${body['0'], 0=${body['0'], 0=${body['0'], 0=${body['0'], 0=${body['0'], 0=${body['0'], 0=${body['0'], 0=${body['0'], 0=${body['0'], 0=${body['0'], 0=${body['0'], 0=${body['0'], 0=${body['0'], 0=${body['0'], 0=${body['0'], 0=${body['0'], 0=${body['0'], 0=${body['0'], 0=${body['0'], 0=${body['0'], 0=${body['0'], 0=${body['0'], 0=${body['0'], 0=${body['0'], 0=${body['0'], 0=${body['0'], 0=${body['0'], 0=${body['0'], 0=${body['0'], 0=${body['0'], 0=${body['0'], 0=${body['0'], 0=${body['0']WHERE codice_azienda=${body['codice_azienda'] AND id_procedura=${body['id_procedura'];`";"`DELETE FROM entrasp.WHERE codice_azienda=${body['codice_azienda'] AND id_procedura=${body['id_procedura'];`"
0;input;;;0;;false;true;true;false;false;false;0;;;codice_azienda, codice, descrizione_breve, id_procedura_parent, ordinamento, tree_path, frequenza, strumento_informatico, id_centro_gest, codice_part, descrizione, tipo_procedura, stato_attuazione, id_tipo_processo, 0, 0, 0, 0, 0, 0, 0, 0, 0, 0, 0, 0, 0, 0, 0, 0, 0, 0, 0, 0, 0, 0, 0, 0, 0, 0, 0, 0, 0, 0, 0, 0, 0, 0, 0, 0, 0, 0, 0, 0, 0, 0, 0, 0, 0, 0, 0;${body['codice_azienda'], ${body['codice'], ${body['descrizione_breve'], ${body[id_procedura_parent], ${body[ordinamento], ${body['tree_path'], ${body['frequenza'], ${body['strumento_informatico'], ${body[id_centro_gest], ${body['codice_part'], ${body['descrizione'], ${body['tipo_procedura'], ${body['stato_attuazione'], ${body[id_tipo_processo], ${body['0'], ${body['0'], ${body['0'], ${body['0'], ${body['0'], ${body['0'], ${body['0'], ${body['0'], ${body['0'], ${body['0'], ${body['0'], ${body['0'], ${body['0'], ${body['0'], ${body['0'], ${body['0'], ${body['0'], ${body['0'], ${body['0'], ${body['0'], ${body['0'], ${body['0'], ${body['0'], ${body['0'], ${body['0'], ${body['0'], ${body['0'], ${body['0'], ${body['0'], ${body['0'], ${body['0'], ${body['0'], ${body['0'], ${body['0'], ${body['0'], ${body['0'], ${body['0'], ${body['0'], ${body['0'], ${body['0'], ${body['0'], ${body['0'], ${body['0'], ${body['0'], ${body['0'], ${body['0'], ${body['0'];codice_azienda=${body['codice_azienda'], codice=${body['codice'], descrizione_breve=${body['descrizione_breve'], id_procedura_parent=${body[id_procedura_parent], ordinamento=${body[ordinamento], tree_path=${body['tree_path'], frequenza=${body['frequenza'], strumento_informatico=${body['strumento_informatico'], id_centro_gest=${body[id_centro_gest], codice_part=${body['codice_part'], descrizione=${body['descrizione'], tipo_procedura=${body['tipo_procedura'], stato_attuazione=${body['stato_attuazione'], id_tipo_processo=${body[id_tipo_processo], 0=${body['0'], 0=${body['0'], 0=${body['0'], 0=${body['0'], 0=${body['0'], 0=${body['0'], 0=${body['0'], 0=${body['0'], 0=${body['0'], 0=${body['0'], 0=${body['0'], 0=${body['0'], 0=${body['0'], 0=${body['0'], 0=${body['0'], 0=${body['0'], 0=${body['0'], 0=${body['0'], 0=${body['0'], 0=${body['0'], 0=${body['0'], 0=${body['0'], 0=${body['0'], 0=${body['0'], 0=${body['0'], 0=${body['0'], 0=${body['0'], 0=${body['0'], 0=${body['0'], 0=${body['0'], 0=${body['0'], 0=${body['0'], 0=${body['0'], 0=${body['0'], 0=${body['0'], 0=${body['0'], 0=${body['0'], 0=${body['0'], 0=${body['0'], 0=${body['0'], 0=${body['0'], 0=${body['0'], 0=${body['0'], 0=${body['0'], 0=${body['0'], 0=${body['0'], 0=${body['0'];;;codice_azienda=${body['codice_azienda'] AND id_procedura=${body['id_procedura'];;;;"`INSERT INTO entrasp.(codice_azienda, codice, descrizione_breve, id_procedura_parent, ordinamento, tree_path, frequenza, strumento_informatico, id_centro_gest, codice_part, descrizione, tipo_procedura, stato_attuazione, id_tipo_processo, 0, 0, 0, 0, 0, 0, 0, 0, 0, 0, 0, 0, 0, 0, 0, 0, 0, 0, 0, 0, 0, 0, 0, 0, 0, 0, 0, 0, 0, 0, 0, 0, 0, 0, 0, 0, 0, 0, 0, 0, 0, 0, 0, 0, 0, 0, 0)Values(${body['codice_azienda'], ${body['codice'], ${body['descrizione_breve'], ${body[id_procedura_parent], ${body[ordinamento], ${body['tree_path'], ${body['frequenza'], ${body['strumento_informatico'], ${body[id_centro_gest], ${body['codice_part'], ${body['descrizione'], ${body['tipo_procedura'], ${body['stato_attuazione'], ${body[id_tipo_processo], ${body['0'], ${body['0'], ${body['0'], ${body['0'], ${body['0'], ${body['0'], ${body['0'], ${body['0'], ${body['0'], ${body['0'], ${body['0'], ${body['0'], ${body['0'], ${body['0'], ${body['0'], ${body['0'], ${body['0'], ${body['0'], ${body['0'], ${body['0'], ${body['0'], ${body['0'], ${body['0'], ${body['0'], ${body['0'], ${body['0'], ${body['0'], ${body['0'], ${body['0'], ${body['0'], ${body['0'], ${body['0'], ${body['0'], ${body['0'], ${body['0'], ${body['0'], ${body['0'], ${body['0'], ${body['0'], ${body['0'], ${body['0'], ${body['0'], ${body['0'], ${body['0'], ${body['0'], ${body['0'], ${body['0'])RETURNING id_procedura;`";"`Update entrasp.SET codice_azienda=${body['codice_azienda'], codice=${body['codice'], descrizione_breve=${body['descrizione_breve'], id_procedura_parent=${body[id_procedura_parent], ordinamento=${body[ordinamento], tree_path=${body['tree_path'], frequenza=${body['frequenza'], strumento_informatico=${body['strumento_informatico'], id_centro_gest=${body[id_centro_gest], codice_part=${body['codice_part'], descrizione=${body['descrizione'], tipo_procedura=${body['tipo_procedura'], stato_attuazione=${body['stato_attuazione'], id_tipo_processo=${body[id_tipo_processo], 0=${body['0'], 0=${body['0'], 0=${body['0'], 0=${body['0'], 0=${body['0'], 0=${body['0'], 0=${body['0'], 0=${body['0'], 0=${body['0'], 0=${body['0'], 0=${body['0'], 0=${body['0'], 0=${body['0'], 0=${body['0'], 0=${body['0'], 0=${body['0'], 0=${body['0'], 0=${body['0'], 0=${body['0'], 0=${body['0'], 0=${body['0'], 0=${body['0'], 0=${body['0'], 0=${body['0'], 0=${body['0'], 0=${body['0'], 0=${body['0'], 0=${body['0'], 0=${body['0'], 0=${body['0'], 0=${body['0'], 0=${body['0'], 0=${body['0'], 0=${body['0'], 0=${body['0'], 0=${body['0'], 0=${body['0'], 0=${body['0'], 0=${body['0'], 0=${body['0'], 0=${body['0'], 0=${body['0'], 0=${body['0'], 0=${body['0'], 0=${body['0'], 0=${body['0'], 0=${body['0'], 0=${body['0'], 0=${body['0'], 0=${body['0'], 0=${body['0'], 0=${body['0'], 0=${body['0'], 0=${body['0'], 0=${body['0'], 0=${body['0'], 0=${body['0'], 0=${body['0'], 0=${body['0'], 0=${body['0'], 0=${body['0']WHERE codice_azienda=${body['codice_azienda'] AND id_procedura=${body['id_procedura'];`";"`DELETE FROM entrasp.WHERE codice_azienda=${body['codice_azienda'] AND id_procedura=${body['id_procedura'];`"
0;input;;;0;;false;true;true;false;false;false;0;;;codice_azienda, codice, descrizione_breve, id_procedura_parent, ordinamento, tree_path, frequenza, strumento_informatico, id_centro_gest, codice_part, descrizione, tipo_procedura, stato_attuazione, id_tipo_processo, 0, 0, 0, 0, 0, 0, 0, 0, 0, 0, 0, 0, 0, 0, 0, 0, 0, 0, 0, 0, 0, 0, 0, 0, 0, 0, 0, 0, 0, 0, 0, 0, 0, 0, 0, 0, 0, 0, 0, 0, 0, 0, 0, 0, 0, 0, 0, 0;${body['codice_azienda'], ${body['codice'], ${body['descrizione_breve'], ${body[id_procedura_parent], ${body[ordinamento], ${body['tree_path'], ${body['frequenza'], ${body['strumento_informatico'], ${body[id_centro_gest], ${body['codice_part'], ${body['descrizione'], ${body['tipo_procedura'], ${body['stato_attuazione'], ${body[id_tipo_processo], ${body['0'], ${body['0'], ${body['0'], ${body['0'], ${body['0'], ${body['0'], ${body['0'], ${body['0'], ${body['0'], ${body['0'], ${body['0'], ${body['0'], ${body['0'], ${body['0'], ${body['0'], ${body['0'], ${body['0'], ${body['0'], ${body['0'], ${body['0'], ${body['0'], ${body['0'], ${body['0'], ${body['0'], ${body['0'], ${body['0'], ${body['0'], ${body['0'], ${body['0'], ${body['0'], ${body['0'], ${body['0'], ${body['0'], ${body['0'], ${body['0'], ${body['0'], ${body['0'], ${body['0'], ${body['0'], ${body['0'], ${body['0'], ${body['0'], ${body['0'], ${body['0'], ${body['0'], ${body['0'], ${body['0'], ${body['0'];codice_azienda=${body['codice_azienda'], codice=${body['codice'], descrizione_breve=${body['descrizione_breve'], id_procedura_parent=${body[id_procedura_parent], ordinamento=${body[ordinamento], tree_path=${body['tree_path'], frequenza=${body['frequenza'], strumento_informatico=${body['strumento_informatico'], id_centro_gest=${body[id_centro_gest], codice_part=${body['codice_part'], descrizione=${body['descrizione'], tipo_procedura=${body['tipo_procedura'], stato_attuazione=${body['stato_attuazione'], id_tipo_processo=${body[id_tipo_processo], 0=${body['0'], 0=${body['0'], 0=${body['0'], 0=${body['0'], 0=${body['0'], 0=${body['0'], 0=${body['0'], 0=${body['0'], 0=${body['0'], 0=${body['0'], 0=${body['0'], 0=${body['0'], 0=${body['0'], 0=${body['0'], 0=${body['0'], 0=${body['0'], 0=${body['0'], 0=${body['0'], 0=${body['0'], 0=${body['0'], 0=${body['0'], 0=${body['0'], 0=${body['0'], 0=${body['0'], 0=${body['0'], 0=${body['0'], 0=${body['0'], 0=${body['0'], 0=${body['0'], 0=${body['0'], 0=${body['0'], 0=${body['0'], 0=${body['0'], 0=${body['0'], 0=${body['0'], 0=${body['0'], 0=${body['0'], 0=${body['0'], 0=${body['0'], 0=${body['0'], 0=${body['0'], 0=${body['0'], 0=${body['0'], 0=${body['0'], 0=${body['0'], 0=${body['0'], 0=${body['0'], 0=${body['0'];;;codice_azienda=${body['codice_azienda'] AND id_procedura=${body['id_procedura'];;;;"`INSERT INTO entrasp.(codice_azienda, codice, descrizione_breve, id_procedura_parent, ordinamento, tree_path, frequenza, strumento_informatico, id_centro_gest, codice_part, descrizione, tipo_procedura, stato_attuazione, id_tipo_processo, 0, 0, 0, 0, 0, 0, 0, 0, 0, 0, 0, 0, 0, 0, 0, 0, 0, 0, 0, 0, 0, 0, 0, 0, 0, 0, 0, 0, 0, 0, 0, 0, 0, 0, 0, 0, 0, 0, 0, 0, 0, 0, 0, 0, 0, 0, 0, 0)Values(${body['codice_azienda'], ${body['codice'], ${body['descrizione_breve'], ${body[id_procedura_parent], ${body[ordinamento], ${body['tree_path'], ${body['frequenza'], ${body['strumento_informatico'], ${body[id_centro_gest], ${body['codice_part'], ${body['descrizione'], ${body['tipo_procedura'], ${body['stato_attuazione'], ${body[id_tipo_processo], ${body['0'], ${body['0'], ${body['0'], ${body['0'], ${body['0'], ${body['0'], ${body['0'], ${body['0'], ${body['0'], ${body['0'], ${body['0'], ${body['0'], ${body['0'], ${body['0'], ${body['0'], ${body['0'], ${body['0'], ${body['0'], ${body['0'], ${body['0'], ${body['0'], ${body['0'], ${body['0'], ${body['0'], ${body['0'], ${body['0'], ${body['0'], ${body['0'], ${body['0'], ${body['0'], ${body['0'], ${body['0'], ${body['0'], ${body['0'], ${body['0'], ${body['0'], ${body['0'], ${body['0'], ${body['0'], ${body['0'], ${body['0'], ${body['0'], ${body['0'], ${body['0'], ${body['0'], ${body['0'], ${body['0'], ${body['0'])RETURNING id_procedura;`";"`Update entrasp.SET codice_azienda=${body['codice_azienda'], codice=${body['codice'], descrizione_breve=${body['descrizione_breve'], id_procedura_parent=${body[id_procedura_parent], ordinamento=${body[ordinamento], tree_path=${body['tree_path'], frequenza=${body['frequenza'], strumento_informatico=${body['strumento_informatico'], id_centro_gest=${body[id_centro_gest], codice_part=${body['codice_part'], descrizione=${body['descrizione'], tipo_procedura=${body['tipo_procedura'], stato_attuazione=${body['stato_attuazione'], id_tipo_processo=${body[id_tipo_processo], 0=${body['0'], 0=${body['0'], 0=${body['0'], 0=${body['0'], 0=${body['0'], 0=${body['0'], 0=${body['0'], 0=${body['0'], 0=${body['0'], 0=${body['0'], 0=${body['0'], 0=${body['0'], 0=${body['0'], 0=${body['0'], 0=${body['0'], 0=${body['0'], 0=${body['0'], 0=${body['0'], 0=${body['0'], 0=${body['0'], 0=${body['0'], 0=${body['0'], 0=${body['0'], 0=${body['0'], 0=${body['0'], 0=${body['0'], 0=${body['0'], 0=${body['0'], 0=${body['0'], 0=${body['0'], 0=${body['0'], 0=${body['0'], 0=${body['0'], 0=${body['0'], 0=${body['0'], 0=${body['0'], 0=${body['0'], 0=${body['0'], 0=${body['0'], 0=${body['0'], 0=${body['0'], 0=${body['0'], 0=${body['0'], 0=${body['0'], 0=${body['0'], 0=${body['0'], 0=${body['0'], 0=${body['0'], 0=${body['0'], 0=${body['0'], 0=${body['0'], 0=${body['0'], 0=${body['0'], 0=${body['0'], 0=${body['0'], 0=${body['0'], 0=${body['0'], 0=${body['0'], 0=${body['0'], 0=${body['0'], 0=${body['0'], 0=${body['0']WHERE codice_azienda=${body['codice_azienda'] AND id_procedura=${body['id_procedura'];`";"`DELETE FROM entrasp.WHERE codice_azienda=${body['codice_azienda'] AND id_procedura=${body['id_procedura'];`"
0;input;;;0;;false;true;true;false;false;false;0;;;codice_azienda, codice, descrizione_breve, id_procedura_parent, ordinamento, tree_path, frequenza, strumento_informatico, id_centro_gest, codice_part, descrizione, tipo_procedura, stato_attuazione, id_tipo_processo, 0, 0, 0, 0, 0, 0, 0, 0, 0, 0, 0, 0, 0, 0, 0, 0, 0, 0, 0, 0, 0, 0, 0, 0, 0, 0, 0, 0, 0, 0, 0, 0, 0, 0, 0, 0, 0, 0, 0, 0, 0, 0, 0, 0, 0, 0, 0, 0, 0;${body['codice_azienda'], ${body['codice'], ${body['descrizione_breve'], ${body[id_procedura_parent], ${body[ordinamento], ${body['tree_path'], ${body['frequenza'], ${body['strumento_informatico'], ${body[id_centro_gest], ${body['codice_part'], ${body['descrizione'], ${body['tipo_procedura'], ${body['stato_attuazione'], ${body[id_tipo_processo], ${body['0'], ${body['0'], ${body['0'], ${body['0'], ${body['0'], ${body['0'], ${body['0'], ${body['0'], ${body['0'], ${body['0'], ${body['0'], ${body['0'], ${body['0'], ${body['0'], ${body['0'], ${body['0'], ${body['0'], ${body['0'], ${body['0'], ${body['0'], ${body['0'], ${body['0'], ${body['0'], ${body['0'], ${body['0'], ${body['0'], ${body['0'], ${body['0'], ${body['0'], ${body['0'], ${body['0'], ${body['0'], ${body['0'], ${body['0'], ${body['0'], ${body['0'], ${body['0'], ${body['0'], ${body['0'], ${body['0'], ${body['0'], ${body['0'], ${body['0'], ${body['0'], ${body['0'], ${body['0'], ${body['0'], ${body['0'], ${body['0'];codice_azienda=${body['codice_azienda'], codice=${body['codice'], descrizione_breve=${body['descrizione_breve'], id_procedura_parent=${body[id_procedura_parent], ordinamento=${body[ordinamento], tree_path=${body['tree_path'], frequenza=${body['frequenza'], strumento_informatico=${body['strumento_informatico'], id_centro_gest=${body[id_centro_gest], codice_part=${body['codice_part'], descrizione=${body['descrizione'], tipo_procedura=${body['tipo_procedura'], stato_attuazione=${body['stato_attuazione'], id_tipo_processo=${body[id_tipo_processo], 0=${body['0'], 0=${body['0'], 0=${body['0'], 0=${body['0'], 0=${body['0'], 0=${body['0'], 0=${body['0'], 0=${body['0'], 0=${body['0'], 0=${body['0'], 0=${body['0'], 0=${body['0'], 0=${body['0'], 0=${body['0'], 0=${body['0'], 0=${body['0'], 0=${body['0'], 0=${body['0'], 0=${body['0'], 0=${body['0'], 0=${body['0'], 0=${body['0'], 0=${body['0'], 0=${body['0'], 0=${body['0'], 0=${body['0'], 0=${body['0'], 0=${body['0'], 0=${body['0'], 0=${body['0'], 0=${body['0'], 0=${body['0'], 0=${body['0'], 0=${body['0'], 0=${body['0'], 0=${body['0'], 0=${body['0'], 0=${body['0'], 0=${body['0'], 0=${body['0'], 0=${body['0'], 0=${body['0'], 0=${body['0'], 0=${body['0'], 0=${body['0'], 0=${body['0'], 0=${body['0'], 0=${body['0'], 0=${body['0'];;;codice_azienda=${body['codice_azienda'] AND id_procedura=${body['id_procedura'];;;;"`INSERT INTO entrasp.(codice_azienda, codice, descrizione_breve, id_procedura_parent, ordinamento, tree_path, frequenza, strumento_informatico, id_centro_gest, codice_part, descrizione, tipo_procedura, stato_attuazione, id_tipo_processo, 0, 0, 0, 0, 0, 0, 0, 0, 0, 0, 0, 0, 0, 0, 0, 0, 0, 0, 0, 0, 0, 0, 0, 0, 0, 0, 0, 0, 0, 0, 0, 0, 0, 0, 0, 0, 0, 0, 0, 0, 0, 0, 0, 0, 0, 0, 0, 0, 0)Values(${body['codice_azienda'], ${body['codice'], ${body['descrizione_breve'], ${body[id_procedura_parent], ${body[ordinamento], ${body['tree_path'], ${body['frequenza'], ${body['strumento_informatico'], ${body[id_centro_gest], ${body['codice_part'], ${body['descrizione'], ${body['tipo_procedura'], ${body['stato_attuazione'], ${body[id_tipo_processo], ${body['0'], ${body['0'], ${body['0'], ${body['0'], ${body['0'], ${body['0'], ${body['0'], ${body['0'], ${body['0'], ${body['0'], ${body['0'], ${body['0'], ${body['0'], ${body['0'], ${body['0'], ${body['0'], ${body['0'], ${body['0'], ${body['0'], ${body['0'], ${body['0'], ${body['0'], ${body['0'], ${body['0'], ${body['0'], ${body['0'], ${body['0'], ${body['0'], ${body['0'], ${body['0'], ${body['0'], ${body['0'], ${body['0'], ${body['0'], ${body['0'], ${body['0'], ${body['0'], ${body['0'], ${body['0'], ${body['0'], ${body['0'], ${body['0'], ${body['0'], ${body['0'], ${body['0'], ${body['0'], ${body['0'], ${body['0'], ${body['0'])RETURNING id_procedura;`";"`Update entrasp.SET codice_azienda=${body['codice_azienda'], codice=${body['codice'], descrizione_breve=${body['descrizione_breve'], id_procedura_parent=${body[id_procedura_parent], ordinamento=${body[ordinamento], tree_path=${body['tree_path'], frequenza=${body['frequenza'], strumento_informatico=${body['strumento_informatico'], id_centro_gest=${body[id_centro_gest], codice_part=${body['codice_part'], descrizione=${body['descrizione'], tipo_procedura=${body['tipo_procedura'], stato_attuazione=${body['stato_attuazione'], id_tipo_processo=${body[id_tipo_processo], 0=${body['0'], 0=${body['0'], 0=${body['0'], 0=${body['0'], 0=${body['0'], 0=${body['0'], 0=${body['0'], 0=${body['0'], 0=${body['0'], 0=${body['0'], 0=${body['0'], 0=${body['0'], 0=${body['0'], 0=${body['0'], 0=${body['0'], 0=${body['0'], 0=${body['0'], 0=${body['0'], 0=${body['0'], 0=${body['0'], 0=${body['0'], 0=${body['0'], 0=${body['0'], 0=${body['0'], 0=${body['0'], 0=${body['0'], 0=${body['0'], 0=${body['0'], 0=${body['0'], 0=${body['0'], 0=${body['0'], 0=${body['0'], 0=${body['0'], 0=${body['0'], 0=${body['0'], 0=${body['0'], 0=${body['0'], 0=${body['0'], 0=${body['0'], 0=${body['0'], 0=${body['0'], 0=${body['0'], 0=${body['0'], 0=${body['0'], 0=${body['0'], 0=${body['0'], 0=${body['0'], 0=${body['0'], 0=${body['0'], 0=${body['0'], 0=${body['0'], 0=${body['0'], 0=${body['0'], 0=${body['0'], 0=${body['0'], 0=${body['0'], 0=${body['0'], 0=${body['0'], 0=${body['0'], 0=${body['0'], 0=${body['0'], 0=${body['0'], 0=${body['0']WHERE codice_azienda=${body['codice_azienda'] AND id_procedura=${body['id_procedura'];`";"`DELETE FROM entrasp.WHERE codice_azienda=${body['codice_azienda'] AND id_procedura=${body['id_procedura'];`"
0;input;;;0;;false;true;true;false;false;false;0;;;codice_azienda, codice, descrizione_breve, id_procedura_parent, ordinamento, tree_path, frequenza, strumento_informatico, id_centro_gest, codice_part, descrizione, tipo_procedura, stato_attuazione, id_tipo_processo, 0, 0, 0, 0, 0, 0, 0, 0, 0, 0, 0, 0, 0, 0, 0, 0, 0, 0, 0, 0, 0, 0, 0, 0, 0, 0, 0, 0, 0, 0, 0, 0, 0, 0, 0, 0, 0, 0, 0, 0, 0, 0, 0, 0, 0, 0, 0, 0, 0, 0;${body['codice_azienda'], ${body['codice'], ${body['descrizione_breve'], ${body[id_procedura_parent], ${body[ordinamento], ${body['tree_path'], ${body['frequenza'], ${body['strumento_informatico'], ${body[id_centro_gest], ${body['codice_part'], ${body['descrizione'], ${body['tipo_procedura'], ${body['stato_attuazione'], ${body[id_tipo_processo], ${body['0'], ${body['0'], ${body['0'], ${body['0'], ${body['0'], ${body['0'], ${body['0'], ${body['0'], ${body['0'], ${body['0'], ${body['0'], ${body['0'], ${body['0'], ${body['0'], ${body['0'], ${body['0'], ${body['0'], ${body['0'], ${body['0'], ${body['0'], ${body['0'], ${body['0'], ${body['0'], ${body['0'], ${body['0'], ${body['0'], ${body['0'], ${body['0'], ${body['0'], ${body['0'], ${body['0'], ${body['0'], ${body['0'], ${body['0'], ${body['0'], ${body['0'], ${body['0'], ${body['0'], ${body['0'], ${body['0'], ${body['0'], ${body['0'], ${body['0'], ${body['0'], ${body['0'], ${body['0'], ${body['0'], ${body['0'], ${body['0'], ${body['0'];codice_azienda=${body['codice_azienda'], codice=${body['codice'], descrizione_breve=${body['descrizione_breve'], id_procedura_parent=${body[id_procedura_parent], ordinamento=${body[ordinamento], tree_path=${body['tree_path'], frequenza=${body['frequenza'], strumento_informatico=${body['strumento_informatico'], id_centro_gest=${body[id_centro_gest], codice_part=${body['codice_part'], descrizione=${body['descrizione'], tipo_procedura=${body['tipo_procedura'], stato_attuazione=${body['stato_attuazione'], id_tipo_processo=${body[id_tipo_processo], 0=${body['0'], 0=${body['0'], 0=${body['0'], 0=${body['0'], 0=${body['0'], 0=${body['0'], 0=${body['0'], 0=${body['0'], 0=${body['0'], 0=${body['0'], 0=${body['0'], 0=${body['0'], 0=${body['0'], 0=${body['0'], 0=${body['0'], 0=${body['0'], 0=${body['0'], 0=${body['0'], 0=${body['0'], 0=${body['0'], 0=${body['0'], 0=${body['0'], 0=${body['0'], 0=${body['0'], 0=${body['0'], 0=${body['0'], 0=${body['0'], 0=${body['0'], 0=${body['0'], 0=${body['0'], 0=${body['0'], 0=${body['0'], 0=${body['0'], 0=${body['0'], 0=${body['0'], 0=${body['0'], 0=${body['0'], 0=${body['0'], 0=${body['0'], 0=${body['0'], 0=${body['0'], 0=${body['0'], 0=${body['0'], 0=${body['0'], 0=${body['0'], 0=${body['0'], 0=${body['0'], 0=${body['0'], 0=${body['0'], 0=${body['0'];;;codice_azienda=${body['codice_azienda'] AND id_procedura=${body['id_procedura'];;;;"`INSERT INTO entrasp.(codice_azienda, codice, descrizione_breve, id_procedura_parent, ordinamento, tree_path, frequenza, strumento_informatico, id_centro_gest, codice_part, descrizione, tipo_procedura, stato_attuazione, id_tipo_processo, 0, 0, 0, 0, 0, 0, 0, 0, 0, 0, 0, 0, 0, 0, 0, 0, 0, 0, 0, 0, 0, 0, 0, 0, 0, 0, 0, 0, 0, 0, 0, 0, 0, 0, 0, 0, 0, 0, 0, 0, 0, 0, 0, 0, 0, 0, 0, 0, 0, 0)Values(${body['codice_azienda'], ${body['codice'], ${body['descrizione_breve'], ${body[id_procedura_parent], ${body[ordinamento], ${body['tree_path'], ${body['frequenza'], ${body['strumento_informatico'], ${body[id_centro_gest], ${body['codice_part'], ${body['descrizione'], ${body['tipo_procedura'], ${body['stato_attuazione'], ${body[id_tipo_processo], ${body['0'], ${body['0'], ${body['0'], ${body['0'], ${body['0'], ${body['0'], ${body['0'], ${body['0'], ${body['0'], ${body['0'], ${body['0'], ${body['0'], ${body['0'], ${body['0'], ${body['0'], ${body['0'], ${body['0'], ${body['0'], ${body['0'], ${body['0'], ${body['0'], ${body['0'], ${body['0'], ${body['0'], ${body['0'], ${body['0'], ${body['0'], ${body['0'], ${body['0'], ${body['0'], ${body['0'], ${body['0'], ${body['0'], ${body['0'], ${body['0'], ${body['0'], ${body['0'], ${body['0'], ${body['0'], ${body['0'], ${body['0'], ${body['0'], ${body['0'], ${body['0'], ${body['0'], ${body['0'], ${body['0'], ${body['0'], ${body['0'], ${body['0'])RETURNING id_procedura;`";"`Update entrasp.SET codice_azienda=${body['codice_azienda'], codice=${body['codice'], descrizione_breve=${body['descrizione_breve'], id_procedura_parent=${body[id_procedura_parent], ordinamento=${body[ordinamento], tree_path=${body['tree_path'], frequenza=${body['frequenza'], strumento_informatico=${body['strumento_informatico'], id_centro_gest=${body[id_centro_gest], codice_part=${body['codice_part'], descrizione=${body['descrizione'], tipo_procedura=${body['tipo_procedura'], stato_attuazione=${body['stato_attuazione'], id_tipo_processo=${body[id_tipo_processo], 0=${body['0'], 0=${body['0'], 0=${body['0'], 0=${body['0'], 0=${body['0'], 0=${body['0'], 0=${body['0'], 0=${body['0'], 0=${body['0'], 0=${body['0'], 0=${body['0'], 0=${body['0'], 0=${body['0'], 0=${body['0'], 0=${body['0'], 0=${body['0'], 0=${body['0'], 0=${body['0'], 0=${body['0'], 0=${body['0'], 0=${body['0'], 0=${body['0'], 0=${body['0'], 0=${body['0'], 0=${body['0'], 0=${body['0'], 0=${body['0'], 0=${body['0'], 0=${body['0'], 0=${body['0'], 0=${body['0'], 0=${body['0'], 0=${body['0'], 0=${body['0'], 0=${body['0'], 0=${body['0'], 0=${body['0'], 0=${body['0'], 0=${body['0'], 0=${body['0'], 0=${body['0'], 0=${body['0'], 0=${body['0'], 0=${body['0'], 0=${body['0'], 0=${body['0'], 0=${body['0'], 0=${body['0'], 0=${body['0'], 0=${body['0'], 0=${body['0'], 0=${body['0'], 0=${body['0'], 0=${body['0'], 0=${body['0'], 0=${body['0'], 0=${body['0'], 0=${body['0'], 0=${body['0'], 0=${body['0'], 0=${body['0'], 0=${body['0'], 0=${body['0'], 0=${body['0']WHERE codice_azienda=${body['codice_azienda'] AND id_procedura=${body['id_procedura'];`";"`DELETE FROM entrasp.WHERE codice_azienda=${body['codice_azienda'] AND id_procedura=${body['id_procedura'];`"
0;input;;;0;;false;true;true;false;false;false;0;;;codice_azienda, codice, descrizione_breve, id_procedura_parent, ordinamento, tree_path, frequenza, strumento_informatico, id_centro_gest, codice_part, descrizione, tipo_procedura, stato_attuazione, id_tipo_processo, 0, 0, 0, 0, 0, 0, 0, 0, 0, 0, 0, 0, 0, 0, 0, 0, 0, 0, 0, 0, 0, 0, 0, 0, 0, 0, 0, 0, 0, 0, 0, 0, 0, 0, 0, 0, 0, 0, 0, 0, 0, 0, 0, 0, 0, 0, 0, 0, 0, 0, 0;${body['codice_azienda'], ${body['codice'], ${body['descrizione_breve'], ${body[id_procedura_parent], ${body[ordinamento], ${body['tree_path'], ${body['frequenza'], ${body['strumento_informatico'], ${body[id_centro_gest], ${body['codice_part'], ${body['descrizione'], ${body['tipo_procedura'], ${body['stato_attuazione'], ${body[id_tipo_processo], ${body['0'], ${body['0'], ${body['0'], ${body['0'], ${body['0'], ${body['0'], ${body['0'], ${body['0'], ${body['0'], ${body['0'], ${body['0'], ${body['0'], ${body['0'], ${body['0'], ${body['0'], ${body['0'], ${body['0'], ${body['0'], ${body['0'], ${body['0'], ${body['0'], ${body['0'], ${body['0'], ${body['0'], ${body['0'], ${body['0'], ${body['0'], ${body['0'], ${body['0'], ${body['0'], ${body['0'], ${body['0'], ${body['0'], ${body['0'], ${body['0'], ${body['0'], ${body['0'], ${body['0'], ${body['0'], ${body['0'], ${body['0'], ${body['0'], ${body['0'], ${body['0'], ${body['0'], ${body['0'], ${body['0'], ${body['0'], ${body['0'], ${body['0'], ${body['0'];codice_azienda=${body['codice_azienda'], codice=${body['codice'], descrizione_breve=${body['descrizione_breve'], id_procedura_parent=${body[id_procedura_parent], ordinamento=${body[ordinamento], tree_path=${body['tree_path'], frequenza=${body['frequenza'], strumento_informatico=${body['strumento_informatico'], id_centro_gest=${body[id_centro_gest], codice_part=${body['codice_part'], descrizione=${body['descrizione'], tipo_procedura=${body['tipo_procedura'], stato_attuazione=${body['stato_attuazione'], id_tipo_processo=${body[id_tipo_processo], 0=${body['0'], 0=${body['0'], 0=${body['0'], 0=${body['0'], 0=${body['0'], 0=${body['0'], 0=${body['0'], 0=${body['0'], 0=${body['0'], 0=${body['0'], 0=${body['0'], 0=${body['0'], 0=${body['0'], 0=${body['0'], 0=${body['0'], 0=${body['0'], 0=${body['0'], 0=${body['0'], 0=${body['0'], 0=${body['0'], 0=${body['0'], 0=${body['0'], 0=${body['0'], 0=${body['0'], 0=${body['0'], 0=${body['0'], 0=${body['0'], 0=${body['0'], 0=${body['0'], 0=${body['0'], 0=${body['0'], 0=${body['0'], 0=${body['0'], 0=${body['0'], 0=${body['0'], 0=${body['0'], 0=${body['0'], 0=${body['0'], 0=${body['0'], 0=${body['0'], 0=${body['0'], 0=${body['0'], 0=${body['0'], 0=${body['0'], 0=${body['0'], 0=${body['0'], 0=${body['0'], 0=${body['0'], 0=${body['0'], 0=${body['0'], 0=${body['0'];;;codice_azienda=${body['codice_azienda'] AND id_procedura=${body['id_procedura'];;;;"`INSERT INTO entrasp.(codice_azienda, codice, descrizione_breve, id_procedura_parent, ordinamento, tree_path, frequenza, strumento_informatico, id_centro_gest, codice_part, descrizione, tipo_procedura, stato_attuazione, id_tipo_processo, 0, 0, 0, 0, 0, 0, 0, 0, 0, 0, 0, 0, 0, 0, 0, 0, 0, 0, 0, 0, 0, 0, 0, 0, 0, 0, 0, 0, 0, 0, 0, 0, 0, 0, 0, 0, 0, 0, 0, 0, 0, 0, 0, 0, 0, 0, 0, 0, 0, 0, 0)Values(${body['codice_azienda'], ${body['codice'], ${body['descrizione_breve'], ${body[id_procedura_parent], ${body[ordinamento], ${body['tree_path'], ${body['frequenza'], ${body['strumento_informatico'], ${body[id_centro_gest], ${body['codice_part'], ${body['descrizione'], ${body['tipo_procedura'], ${body['stato_attuazione'], ${body[id_tipo_processo], ${body['0'], ${body['0'], ${body['0'], ${body['0'], ${body['0'], ${body['0'], ${body['0'], ${body['0'], ${body['0'], ${body['0'], ${body['0'], ${body['0'], ${body['0'], ${body['0'], ${body['0'], ${body['0'], ${body['0'], ${body['0'], ${body['0'], ${body['0'], ${body['0'], ${body['0'], ${body['0'], ${body['0'], ${body['0'], ${body['0'], ${body['0'], ${body['0'], ${body['0'], ${body['0'], ${body['0'], ${body['0'], ${body['0'], ${body['0'], ${body['0'], ${body['0'], ${body['0'], ${body['0'], ${body['0'], ${body['0'], ${body['0'], ${body['0'], ${body['0'], ${body['0'], ${body['0'], ${body['0'], ${body['0'], ${body['0'], ${body['0'], ${body['0'], ${body['0'])RETURNING id_procedura;`";"`Update entrasp.SET codice_azienda=${body['codice_azienda'], codice=${body['codice'], descrizione_breve=${body['descrizione_breve'], id_procedura_parent=${body[id_procedura_parent], ordinamento=${body[ordinamento], tree_path=${body['tree_path'], frequenza=${body['frequenza'], strumento_informatico=${body['strumento_informatico'], id_centro_gest=${body[id_centro_gest], codice_part=${body['codice_part'], descrizione=${body['descrizione'], tipo_procedura=${body['tipo_procedura'], stato_attuazione=${body['stato_attuazione'], id_tipo_processo=${body[id_tipo_processo], 0=${body['0'], 0=${body['0'], 0=${body['0'], 0=${body['0'], 0=${body['0'], 0=${body['0'], 0=${body['0'], 0=${body['0'], 0=${body['0'], 0=${body['0'], 0=${body['0'], 0=${body['0'], 0=${body['0'], 0=${body['0'], 0=${body['0'], 0=${body['0'], 0=${body['0'], 0=${body['0'], 0=${body['0'], 0=${body['0'], 0=${body['0'], 0=${body['0'], 0=${body['0'], 0=${body['0'], 0=${body['0'], 0=${body['0'], 0=${body['0'], 0=${body['0'], 0=${body['0'], 0=${body['0'], 0=${body['0'], 0=${body['0'], 0=${body['0'], 0=${body['0'], 0=${body['0'], 0=${body['0'], 0=${body['0'], 0=${body['0'], 0=${body['0'], 0=${body['0'], 0=${body['0'], 0=${body['0'], 0=${body['0'], 0=${body['0'], 0=${body['0'], 0=${body['0'], 0=${body['0'], 0=${body['0'], 0=${body['0'], 0=${body['0'], 0=${body['0'], 0=${body['0'], 0=${body['0'], 0=${body['0'], 0=${body['0'], 0=${body['0'], 0=${body['0'], 0=${body['0'], 0=${body['0'], 0=${body['0'], 0=${body['0'], 0=${body['0'], 0=${body['0'], 0=${body['0'], 0=${body['0']WHERE codice_azienda=${body['codice_azienda'] AND id_procedura=${body['id_procedura'];`";"`DELETE FROM entrasp.WHERE codice_azienda=${body['codice_azienda'] AND id_procedura=${body['id_procedura'];`"
0;input;;;0;;false;true;true;false;false;false;0;;;codice_azienda, codice, descrizione_breve, id_procedura_parent, ordinamento, tree_path, frequenza, strumento_informatico, id_centro_gest, codice_part, descrizione, tipo_procedura, stato_attuazione, id_tipo_processo, 0, 0, 0, 0, 0, 0, 0, 0, 0, 0, 0, 0, 0, 0, 0, 0, 0, 0, 0, 0, 0, 0, 0, 0, 0, 0, 0, 0, 0, 0, 0, 0, 0, 0, 0, 0, 0, 0, 0, 0, 0, 0, 0, 0, 0, 0, 0, 0, 0, 0, 0, 0;${body['codice_azienda'], ${body['codice'], ${body['descrizione_breve'], ${body[id_procedura_parent], ${body[ordinamento], ${body['tree_path'], ${body['frequenza'], ${body['strumento_informatico'], ${body[id_centro_gest], ${body['codice_part'], ${body['descrizione'], ${body['tipo_procedura'], ${body['stato_attuazione'], ${body[id_tipo_processo], ${body['0'], ${body['0'], ${body['0'], ${body['0'], ${body['0'], ${body['0'], ${body['0'], ${body['0'], ${body['0'], ${body['0'], ${body['0'], ${body['0'], ${body['0'], ${body['0'], ${body['0'], ${body['0'], ${body['0'], ${body['0'], ${body['0'], ${body['0'], ${body['0'], ${body['0'], ${body['0'], ${body['0'], ${body['0'], ${body['0'], ${body['0'], ${body['0'], ${body['0'], ${body['0'], ${body['0'], ${body['0'], ${body['0'], ${body['0'], ${body['0'], ${body['0'], ${body['0'], ${body['0'], ${body['0'], ${body['0'], ${body['0'], ${body['0'], ${body['0'], ${body['0'], ${body['0'], ${body['0'], ${body['0'], ${body['0'], ${body['0'], ${body['0'], ${body['0'], ${body['0'];codice_azienda=${body['codice_azienda'], codice=${body['codice'], descrizione_breve=${body['descrizione_breve'], id_procedura_parent=${body[id_procedura_parent], ordinamento=${body[ordinamento], tree_path=${body['tree_path'], frequenza=${body['frequenza'], strumento_informatico=${body['strumento_informatico'], id_centro_gest=${body[id_centro_gest], codice_part=${body['codice_part'], descrizione=${body['descrizione'], tipo_procedura=${body['tipo_procedura'], stato_attuazione=${body['stato_attuazione'], id_tipo_processo=${body[id_tipo_processo], 0=${body['0'], 0=${body['0'], 0=${body['0'], 0=${body['0'], 0=${body['0'], 0=${body['0'], 0=${body['0'], 0=${body['0'], 0=${body['0'], 0=${body['0'], 0=${body['0'], 0=${body['0'], 0=${body['0'], 0=${body['0'], 0=${body['0'], 0=${body['0'], 0=${body['0'], 0=${body['0'], 0=${body['0'], 0=${body['0'], 0=${body['0'], 0=${body['0'], 0=${body['0'], 0=${body['0'], 0=${body['0'], 0=${body['0'], 0=${body['0'], 0=${body['0'], 0=${body['0'], 0=${body['0'], 0=${body['0'], 0=${body['0'], 0=${body['0'], 0=${body['0'], 0=${body['0'], 0=${body['0'], 0=${body['0'], 0=${body['0'], 0=${body['0'], 0=${body['0'], 0=${body['0'], 0=${body['0'], 0=${body['0'], 0=${body['0'], 0=${body['0'], 0=${body['0'], 0=${body['0'], 0=${body['0'], 0=${body['0'], 0=${body['0'], 0=${body['0'], 0=${body['0'];;;codice_azienda=${body['codice_azienda'] AND id_procedura=${body['id_procedura'];;;;"`INSERT INTO entrasp.(codice_azienda, codice, descrizione_breve, id_procedura_parent, ordinamento, tree_path, frequenza, strumento_informatico, id_centro_gest, codice_part, descrizione, tipo_procedura, stato_attuazione, id_tipo_processo, 0, 0, 0, 0, 0, 0, 0, 0, 0, 0, 0, 0, 0, 0, 0, 0, 0, 0, 0, 0, 0, 0, 0, 0, 0, 0, 0, 0, 0, 0, 0, 0, 0, 0, 0, 0, 0, 0, 0, 0, 0, 0, 0, 0, 0, 0, 0, 0, 0, 0, 0, 0)Values(${body['codice_azienda'], ${body['codice'], ${body['descrizione_breve'], ${body[id_procedura_parent], ${body[ordinamento], ${body['tree_path'], ${body['frequenza'], ${body['strumento_informatico'], ${body[id_centro_gest], ${body['codice_part'], ${body['descrizione'], ${body['tipo_procedura'], ${body['stato_attuazione'], ${body[id_tipo_processo], ${body['0'], ${body['0'], ${body['0'], ${body['0'], ${body['0'], ${body['0'], ${body['0'], ${body['0'], ${body['0'], ${body['0'], ${body['0'], ${body['0'], ${body['0'], ${body['0'], ${body['0'], ${body['0'], ${body['0'], ${body['0'], ${body['0'], ${body['0'], ${body['0'], ${body['0'], ${body['0'], ${body['0'], ${body['0'], ${body['0'], ${body['0'], ${body['0'], ${body['0'], ${body['0'], ${body['0'], ${body['0'], ${body['0'], ${body['0'], ${body['0'], ${body['0'], ${body['0'], ${body['0'], ${body['0'], ${body['0'], ${body['0'], ${body['0'], ${body['0'], ${body['0'], ${body['0'], ${body['0'], ${body['0'], ${body['0'], ${body['0'], ${body['0'], ${body['0'], ${body['0'])RETURNING id_procedura;`";"`Update entrasp.SET codice_azienda=${body['codice_azienda'], codice=${body['codice'], descrizione_breve=${body['descrizione_breve'], id_procedura_parent=${body[id_procedura_parent], ordinamento=${body[ordinamento], tree_path=${body['tree_path'], frequenza=${body['frequenza'], strumento_informatico=${body['strumento_informatico'], id_centro_gest=${body[id_centro_gest], codice_part=${body['codice_part'], descrizione=${body['descrizione'], tipo_procedura=${body['tipo_procedura'], stato_attuazione=${body['stato_attuazione'], id_tipo_processo=${body[id_tipo_processo], 0=${body['0'], 0=${body['0'], 0=${body['0'], 0=${body['0'], 0=${body['0'], 0=${body['0'], 0=${body['0'], 0=${body['0'], 0=${body['0'], 0=${body['0'], 0=${body['0'], 0=${body['0'], 0=${body['0'], 0=${body['0'], 0=${body['0'], 0=${body['0'], 0=${body['0'], 0=${body['0'], 0=${body['0'], 0=${body['0'], 0=${body['0'], 0=${body['0'], 0=${body['0'], 0=${body['0'], 0=${body['0'], 0=${body['0'], 0=${body['0'], 0=${body['0'], 0=${body['0'], 0=${body['0'], 0=${body['0'], 0=${body['0'], 0=${body['0'], 0=${body['0'], 0=${body['0'], 0=${body['0'], 0=${body['0'], 0=${body['0'], 0=${body['0'], 0=${body['0'], 0=${body['0'], 0=${body['0'], 0=${body['0'], 0=${body['0'], 0=${body['0'], 0=${body['0'], 0=${body['0'], 0=${body['0'], 0=${body['0'], 0=${body['0'], 0=${body['0'], 0=${body['0'], 0=${body['0'], 0=${body['0'], 0=${body['0'], 0=${body['0'], 0=${body['0'], 0=${body['0'], 0=${body['0'], 0=${body['0'], 0=${body['0'], 0=${body['0'], 0=${body['0'], 0=${body['0'], 0=${body['0'], 0=${body['0']WHERE codice_azienda=${body['codice_azienda'] AND id_procedura=${body['id_procedura'];`";"`DELETE FROM entrasp.WHERE codice_azienda=${body['codice_azienda'] AND id_procedura=${body['id_procedura'];`"
0;input;;;0;;false;true;true;false;false;false;0;;;codice_azienda, codice, descrizione_breve, id_procedura_parent, ordinamento, tree_path, frequenza, strumento_informatico, id_centro_gest, codice_part, descrizione, tipo_procedura, stato_attuazione, id_tipo_processo, 0, 0, 0, 0, 0, 0, 0, 0, 0, 0, 0, 0, 0, 0, 0, 0, 0, 0, 0, 0, 0, 0, 0, 0, 0, 0, 0, 0, 0, 0, 0, 0, 0, 0, 0, 0, 0, 0, 0, 0, 0, 0, 0, 0, 0, 0, 0, 0, 0, 0, 0, 0, 0;${body['codice_azienda'], ${body['codice'], ${body['descrizione_breve'], ${body[id_procedura_parent], ${body[ordinamento], ${body['tree_path'], ${body['frequenza'], ${body['strumento_informatico'], ${body[id_centro_gest], ${body['codice_part'], ${body['descrizione'], ${body['tipo_procedura'], ${body['stato_attuazione'], ${body[id_tipo_processo], ${body['0'], ${body['0'], ${body['0'], ${body['0'], ${body['0'], ${body['0'], ${body['0'], ${body['0'], ${body['0'], ${body['0'], ${body['0'], ${body['0'], ${body['0'], ${body['0'], ${body['0'], ${body['0'], ${body['0'], ${body['0'], ${body['0'], ${body['0'], ${body['0'], ${body['0'], ${body['0'], ${body['0'], ${body['0'], ${body['0'], ${body['0'], ${body['0'], ${body['0'], ${body['0'], ${body['0'], ${body['0'], ${body['0'], ${body['0'], ${body['0'], ${body['0'], ${body['0'], ${body['0'], ${body['0'], ${body['0'], ${body['0'], ${body['0'], ${body['0'], ${body['0'], ${body['0'], ${body['0'], ${body['0'], ${body['0'], ${body['0'], ${body['0'], ${body['0'], ${body['0'], ${body['0'];codice_azienda=${body['codice_azienda'], codice=${body['codice'], descrizione_breve=${body['descrizione_breve'], id_procedura_parent=${body[id_procedura_parent], ordinamento=${body[ordinamento], tree_path=${body['tree_path'], frequenza=${body['frequenza'], strumento_informatico=${body['strumento_informatico'], id_centro_gest=${body[id_centro_gest], codice_part=${body['codice_part'], descrizione=${body['descrizione'], tipo_procedura=${body['tipo_procedura'], stato_attuazione=${body['stato_attuazione'], id_tipo_processo=${body[id_tipo_processo], 0=${body['0'], 0=${body['0'], 0=${body['0'], 0=${body['0'], 0=${body['0'], 0=${body['0'], 0=${body['0'], 0=${body['0'], 0=${body['0'], 0=${body['0'], 0=${body['0'], 0=${body['0'], 0=${body['0'], 0=${body['0'], 0=${body['0'], 0=${body['0'], 0=${body['0'], 0=${body['0'], 0=${body['0'], 0=${body['0'], 0=${body['0'], 0=${body['0'], 0=${body['0'], 0=${body['0'], 0=${body['0'], 0=${body['0'], 0=${body['0'], 0=${body['0'], 0=${body['0'], 0=${body['0'], 0=${body['0'], 0=${body['0'], 0=${body['0'], 0=${body['0'], 0=${body['0'], 0=${body['0'], 0=${body['0'], 0=${body['0'], 0=${body['0'], 0=${body['0'], 0=${body['0'], 0=${body['0'], 0=${body['0'], 0=${body['0'], 0=${body['0'], 0=${body['0'], 0=${body['0'], 0=${body['0'], 0=${body['0'], 0=${body['0'], 0=${body['0'], 0=${body['0'], 0=${body['0'];;;codice_azienda=${body['codice_azienda'] AND id_procedura=${body['id_procedura'];;;;"`INSERT INTO entrasp.(codice_azienda, codice, descrizione_breve, id_procedura_parent, ordinamento, tree_path, frequenza, strumento_informatico, id_centro_gest, codice_part, descrizione, tipo_procedura, stato_attuazione, id_tipo_processo, 0, 0, 0, 0, 0, 0, 0, 0, 0, 0, 0, 0, 0, 0, 0, 0, 0, 0, 0, 0, 0, 0, 0, 0, 0, 0, 0, 0, 0, 0, 0, 0, 0, 0, 0, 0, 0, 0, 0, 0, 0, 0, 0, 0, 0, 0, 0, 0, 0, 0, 0, 0, 0)Values(${body['codice_azienda'], ${body['codice'], ${body['descrizione_breve'], ${body[id_procedura_parent], ${body[ordinamento], ${body['tree_path'], ${body['frequenza'], ${body['strumento_informatico'], ${body[id_centro_gest], ${body['codice_part'], ${body['descrizione'], ${body['tipo_procedura'], ${body['stato_attuazione'], ${body[id_tipo_processo], ${body['0'], ${body['0'], ${body['0'], ${body['0'], ${body['0'], ${body['0'], ${body['0'], ${body['0'], ${body['0'], ${body['0'], ${body['0'], ${body['0'], ${body['0'], ${body['0'], ${body['0'], ${body['0'], ${body['0'], ${body['0'], ${body['0'], ${body['0'], ${body['0'], ${body['0'], ${body['0'], ${body['0'], ${body['0'], ${body['0'], ${body['0'], ${body['0'], ${body['0'], ${body['0'], ${body['0'], ${body['0'], ${body['0'], ${body['0'], ${body['0'], ${body['0'], ${body['0'], ${body['0'], ${body['0'], ${body['0'], ${body['0'], ${body['0'], ${body['0'], ${body['0'], ${body['0'], ${body['0'], ${body['0'], ${body['0'], ${body['0'], ${body['0'], ${body['0'], ${body['0'], ${body['0'])RETURNING id_procedura;`";"`Update entrasp.SET WHERE codice_azienda=${body['codice_azienda'] AND id_procedura=${body['id_procedura'];`";"`DELETE FROM entrasp.WHERE codice_azienda=${body['codice_azienda'] AND id_procedura=${body['id_procedura'];`"
0;input;;;0;;false;true;true;false;false;false;0;;;codice_azienda, codice, descrizione_breve, id_procedura_parent, ordinamento, tree_path, frequenza, strumento_informatico, id_centro_gest, codice_part, descrizione, tipo_procedura, stato_attuazione, id_tipo_processo, 0, 0, 0, 0, 0, 0, 0, 0, 0, 0, 0, 0, 0, 0, 0, 0, 0, 0, 0, 0, 0, 0, 0, 0, 0, 0, 0, 0, 0, 0, 0, 0, 0, 0, 0, 0, 0, 0, 0, 0, 0, 0, 0, 0, 0, 0, 0, 0, 0, 0, 0, 0, 0, 0;${body['codice_azienda'], ${body['codice'], ${body['descrizione_breve'], ${body[id_procedura_parent], ${body[ordinamento], ${body['tree_path'], ${body['frequenza'], ${body['strumento_informatico'], ${body[id_centro_gest], ${body['codice_part'], ${body['descrizione'], ${body['tipo_procedura'], ${body['stato_attuazione'], ${body[id_tipo_processo], ${body['0'], ${body['0'], ${body['0'], ${body['0'], ${body['0'], ${body['0'], ${body['0'], ${body['0'], ${body['0'], ${body['0'], ${body['0'], ${body['0'], ${body['0'], ${body['0'], ${body['0'], ${body['0'], ${body['0'], ${body['0'], ${body['0'], ${body['0'], ${body['0'], ${body['0'], ${body['0'], ${body['0'], ${body['0'], ${body['0'], ${body['0'], ${body['0'], ${body['0'], ${body['0'], ${body['0'], ${body['0'], ${body['0'], ${body['0'], ${body['0'], ${body['0'], ${body['0'], ${body['0'], ${body['0'], ${body['0'], ${body['0'], ${body['0'], ${body['0'], ${body['0'], ${body['0'], ${body['0'], ${body['0'], ${body['0'], ${body['0'], ${body['0'], ${body['0'], ${body['0'], ${body['0'], ${body['0'];codice_azienda=${body['codice_azienda'], codice=${body['codice'], descrizione_breve=${body['descrizione_breve'], id_procedura_parent=${body[id_procedura_parent], ordinamento=${body[ordinamento], tree_path=${body['tree_path'], frequenza=${body['frequenza'], strumento_informatico=${body['strumento_informatico'], id_centro_gest=${body[id_centro_gest], codice_part=${body['codice_part'], descrizione=${body['descrizione'], tipo_procedura=${body['tipo_procedura'], stato_attuazione=${body['stato_attuazione'], id_tipo_processo=${body[id_tipo_processo], 0=${body['0'], 0=${body['0'], 0=${body['0'], 0=${body['0'], 0=${body['0'], 0=${body['0'], 0=${body['0'], 0=${body['0'], 0=${body['0'], 0=${body['0'], 0=${body['0'], 0=${body['0'], 0=${body['0'], 0=${body['0'], 0=${body['0'], 0=${body['0'], 0=${body['0'], 0=${body['0'], 0=${body['0'], 0=${body['0'], 0=${body['0'], 0=${body['0'], 0=${body['0'], 0=${body['0'], 0=${body['0'], 0=${body['0'], 0=${body['0'], 0=${body['0'], 0=${body['0'], 0=${body['0'], 0=${body['0'], 0=${body['0'], 0=${body['0'], 0=${body['0'], 0=${body['0'], 0=${body['0'], 0=${body['0'], 0=${body['0'], 0=${body['0'], 0=${body['0'], 0=${body['0'], 0=${body['0'], 0=${body['0'], 0=${body['0'], 0=${body['0'], 0=${body['0'], 0=${body['0'], 0=${body['0'], 0=${body['0'], 0=${body['0'], 0=${body['0'], 0=${body['0'], 0=${body['0'], 0=${body['0'];;;codice_azienda=${body['codice_azienda'] AND id_procedura=${body['id_procedura'];;;;"`INSERT INTO entrasp.(codice_azienda, codice, descrizione_breve, id_procedura_parent, ordinamento, tree_path, frequenza, strumento_informatico, id_centro_gest, codice_part, descrizione, tipo_procedura, stato_attuazione, id_tipo_processo, 0, 0, 0, 0, 0, 0, 0, 0, 0, 0, 0, 0, 0, 0, 0, 0, 0, 0, 0, 0, 0, 0, 0, 0, 0, 0, 0, 0, 0, 0, 0, 0, 0, 0, 0, 0, 0, 0, 0, 0, 0, 0, 0, 0, 0, 0, 0, 0, 0, 0, 0, 0, 0, 0)Values(${body['codice_azienda'], ${body['codice'], ${body['descrizione_breve'], ${body[id_procedura_parent], ${body[ordinamento], ${body['tree_path'], ${body['frequenza'], ${body['strumento_informatico'], ${body[id_centro_gest], ${body['codice_part'], ${body['descrizione'], ${body['tipo_procedura'], ${body['stato_attuazione'], ${body[id_tipo_processo], ${body['0'], ${body['0'], ${body['0'], ${body['0'], ${body['0'], ${body['0'], ${body['0'], ${body['0'], ${body['0'], ${body['0'], ${body['0'], ${body['0'], ${body['0'], ${body['0'], ${body['0'], ${body['0'], ${body['0'], ${body['0'], ${body['0'], ${body['0'], ${body['0'], ${body['0'], ${body['0'], ${body['0'], ${body['0'], ${body['0'], ${body['0'], ${body['0'], ${body['0'], ${body['0'], ${body['0'], ${body['0'], ${body['0'], ${body['0'], ${body['0'], ${body['0'], ${body['0'], ${body['0'], ${body['0'], ${body['0'], ${body['0'], ${body['0'], ${body['0'], ${body['0'], ${body['0'], ${body['0'], ${body['0'], ${body['0'], ${body['0'], ${body['0'], ${body['0'], ${body['0'], ${body['0'], ${body['0'])RETURNING id_procedura;`";"`Update entrasp.SET WHERE codice_azienda=${body['codice_azienda'] AND id_procedura=${body['id_procedura'];`";"`DELETE FROM entrasp.WHERE codice_azienda=${body['codice_azienda'] AND id_procedura=${body['id_procedura'];`"
0;input;;;0;;false;true;true;false;false;false;0;;;codice_azienda, codice, descrizione_breve, id_procedura_parent, ordinamento, tree_path, frequenza, strumento_informatico, id_centro_gest, codice_part, descrizione, tipo_procedura, stato_attuazione, id_tipo_processo, 0, 0, 0, 0, 0, 0, 0, 0, 0, 0, 0, 0, 0, 0, 0, 0, 0, 0, 0, 0, 0, 0, 0, 0, 0, 0, 0, 0, 0, 0, 0, 0, 0, 0, 0, 0, 0, 0, 0, 0, 0, 0, 0, 0, 0, 0, 0, 0, 0, 0, 0, 0, 0, 0, 0;${body['codice_azienda'], ${body['codice'], ${body['descrizione_breve'], ${body[id_procedura_parent], ${body[ordinamento], ${body['tree_path'], ${body['frequenza'], ${body['strumento_informatico'], ${body[id_centro_gest], ${body['codice_part'], ${body['descrizione'], ${body['tipo_procedura'], ${body['stato_attuazione'], ${body[id_tipo_processo], ${body['0'], ${body['0'], ${body['0'], ${body['0'], ${body['0'], ${body['0'], ${body['0'], ${body['0'], ${body['0'], ${body['0'], ${body['0'], ${body['0'], ${body['0'], ${body['0'], ${body['0'], ${body['0'], ${body['0'], ${body['0'], ${body['0'], ${body['0'], ${body['0'], ${body['0'], ${body['0'], ${body['0'], ${body['0'], ${body['0'], ${body['0'], ${body['0'], ${body['0'], ${body['0'], ${body['0'], ${body['0'], ${body['0'], ${body['0'], ${body['0'], ${body['0'], ${body['0'], ${body['0'], ${body['0'], ${body['0'], ${body['0'], ${body['0'], ${body['0'], ${body['0'], ${body['0'], ${body['0'], ${body['0'], ${body['0'], ${body['0'], ${body['0'], ${body['0'], ${body['0'], ${body['0'], ${body['0'], ${body['0'];codice_azienda=${body['codice_azienda'], codice=${body['codice'], descrizione_breve=${body['descrizione_breve'], id_procedura_parent=${body[id_procedura_parent], ordinamento=${body[ordinamento], tree_path=${body['tree_path'], frequenza=${body['frequenza'], strumento_informatico=${body['strumento_informatico'], id_centro_gest=${body[id_centro_gest], codice_part=${body['codice_part'], descrizione=${body['descrizione'], tipo_procedura=${body['tipo_procedura'], stato_attuazione=${body['stato_attuazione'], id_tipo_processo=${body[id_tipo_processo], 0=${body['0'], 0=${body['0'], 0=${body['0'], 0=${body['0'], 0=${body['0'], 0=${body['0'], 0=${body['0'], 0=${body['0'], 0=${body['0'], 0=${body['0'], 0=${body['0'], 0=${body['0'], 0=${body['0'], 0=${body['0'], 0=${body['0'], 0=${body['0'], 0=${body['0'], 0=${body['0'], 0=${body['0'], 0=${body['0'], 0=${body['0'], 0=${body['0'], 0=${body['0'], 0=${body['0'], 0=${body['0'], 0=${body['0'], 0=${body['0'], 0=${body['0'], 0=${body['0'], 0=${body['0'], 0=${body['0'], 0=${body['0'], 0=${body['0'], 0=${body['0'], 0=${body['0'], 0=${body['0'], 0=${body['0'], 0=${body['0'], 0=${body['0'], 0=${body['0'], 0=${body['0'], 0=${body['0'], 0=${body['0'], 0=${body['0'], 0=${body['0'], 0=${body['0'], 0=${body['0'], 0=${body['0'], 0=${body['0'], 0=${body['0'], 0=${body['0'], 0=${body['0'], 0=${body['0'], 0=${body['0'], 0=${body['0'];;;codice_azienda=${body['codice_azienda'] AND id_procedura=${body['id_procedura'];;;;"`INSERT INTO entrasp.(codice_azienda, codice, descrizione_breve, id_procedura_parent, ordinamento, tree_path, frequenza, strumento_informatico, id_centro_gest, codice_part, descrizione, tipo_procedura, stato_attuazione, id_tipo_processo, 0, 0, 0, 0, 0, 0, 0, 0, 0, 0, 0, 0, 0, 0, 0, 0, 0, 0, 0, 0, 0, 0, 0, 0, 0, 0, 0, 0, 0, 0, 0, 0, 0, 0, 0, 0, 0, 0, 0, 0, 0, 0, 0, 0, 0, 0, 0, 0, 0, 0, 0, 0, 0, 0, 0)Values(${body['codice_azienda'], ${body['codice'], ${body['descrizione_breve'], ${body[id_procedura_parent], ${body[ordinamento], ${body['tree_path'], ${body['frequenza'], ${body['strumento_informatico'], ${body[id_centro_gest], ${body['codice_part'], ${body['descrizione'], ${body['tipo_procedura'], ${body['stato_attuazione'], ${body[id_tipo_processo], ${body['0'], ${body['0'], ${body['0'], ${body['0'], ${body['0'], ${body['0'], ${body['0'], ${body['0'], ${body['0'], ${body['0'], ${body['0'], ${body['0'], ${body['0'], ${body['0'], ${body['0'], ${body['0'], ${body['0'], ${body['0'], ${body['0'], ${body['0'], ${body['0'], ${body['0'], ${body['0'], ${body['0'], ${body['0'], ${body['0'], ${body['0'], ${body['0'], ${body['0'], ${body['0'], ${body['0'], ${body['0'], ${body['0'], ${body['0'], ${body['0'], ${body['0'], ${body['0'], ${body['0'], ${body['0'], ${body['0'], ${body['0'], ${body['0'], ${body['0'], ${body['0'], ${body['0'], ${body['0'], ${body['0'], ${body['0'], ${body['0'], ${body['0'], ${body['0'], ${body['0'], ${body['0'], ${body['0'], ${body['0'])RETURNING id_procedura;`";"`Update entrasp.SET WHERE codice_azienda=${body['codice_azienda'] AND id_procedura=${body['id_procedura'];`";"`DELETE FROM entrasp.WHERE codice_azienda=${body['codice_azienda'] AND id_procedura=${body['id_procedura'];`"
0;input;;;0;;false;true;true;false;false;false;0;;;codice_azienda, codice, descrizione_breve, id_procedura_parent, ordinamento, tree_path, frequenza, strumento_informatico, id_centro_gest, codice_part, descrizione, tipo_procedura, stato_attuazione, id_tipo_processo, 0, 0, 0, 0, 0, 0, 0, 0, 0, 0, 0, 0, 0, 0, 0, 0, 0, 0, 0, 0, 0, 0, 0, 0, 0, 0, 0, 0, 0, 0, 0, 0, 0, 0, 0, 0, 0, 0, 0, 0, 0, 0, 0, 0, 0, 0, 0, 0, 0, 0, 0, 0, 0, 0, 0, 0;${body['codice_azienda'], ${body['codice'], ${body['descrizione_breve'], ${body[id_procedura_parent], ${body[ordinamento], ${body['tree_path'], ${body['frequenza'], ${body['strumento_informatico'], ${body[id_centro_gest], ${body['codice_part'], ${body['descrizione'], ${body['tipo_procedura'], ${body['stato_attuazione'], ${body[id_tipo_processo], ${body['0'], ${body['0'], ${body['0'], ${body['0'], ${body['0'], ${body['0'], ${body['0'], ${body['0'], ${body['0'], ${body['0'], ${body['0'], ${body['0'], ${body['0'], ${body['0'], ${body['0'], ${body['0'], ${body['0'], ${body['0'], ${body['0'], ${body['0'], ${body['0'], ${body['0'], ${body['0'], ${body['0'], ${body['0'], ${body['0'], ${body['0'], ${body['0'], ${body['0'], ${body['0'], ${body['0'], ${body['0'], ${body['0'], ${body['0'], ${body['0'], ${body['0'], ${body['0'], ${body['0'], ${body['0'], ${body['0'], ${body['0'], ${body['0'], ${body['0'], ${body['0'], ${body['0'], ${body['0'], ${body['0'], ${body['0'], ${body['0'], ${body['0'], ${body['0'], ${body['0'], ${body['0'], ${body['0'], ${body['0'], ${body['0'];codice_azienda=${body['codice_azienda'], codice=${body['codice'], descrizione_breve=${body['descrizione_breve'], id_procedura_parent=${body[id_procedura_parent], ordinamento=${body[ordinamento], tree_path=${body['tree_path'], frequenza=${body['frequenza'], strumento_informatico=${body['strumento_informatico'], id_centro_gest=${body[id_centro_gest], codice_part=${body['codice_part'], descrizione=${body['descrizione'], tipo_procedura=${body['tipo_procedura'], stato_attuazione=${body['stato_attuazione'], id_tipo_processo=${body[id_tipo_processo], 0=${body['0'], 0=${body['0'], 0=${body['0'], 0=${body['0'], 0=${body['0'], 0=${body['0'], 0=${body['0'], 0=${body['0'], 0=${body['0'], 0=${body['0'], 0=${body['0'], 0=${body['0'], 0=${body['0'], 0=${body['0'], 0=${body['0'], 0=${body['0'], 0=${body['0'], 0=${body['0'], 0=${body['0'], 0=${body['0'], 0=${body['0'], 0=${body['0'], 0=${body['0'], 0=${body['0'], 0=${body['0'], 0=${body['0'], 0=${body['0'], 0=${body['0'], 0=${body['0'], 0=${body['0'], 0=${body['0'], 0=${body['0'], 0=${body['0'], 0=${body['0'], 0=${body['0'], 0=${body['0'], 0=${body['0'], 0=${body['0'], 0=${body['0'], 0=${body['0'], 0=${body['0'], 0=${body['0'], 0=${body['0'], 0=${body['0'], 0=${body['0'], 0=${body['0'], 0=${body['0'], 0=${body['0'], 0=${body['0'], 0=${body['0'], 0=${body['0'], 0=${body['0'], 0=${body['0'], 0=${body['0'], 0=${body['0'], 0=${body['0'];;;codice_azienda=${body['codice_azienda'] AND id_procedura=${body['id_procedura'];;;;"`INSERT INTO entrasp.(codice_azienda, codice, descrizione_breve, id_procedura_parent, ordinamento, tree_path, frequenza, strumento_informatico, id_centro_gest, codice_part, descrizione, tipo_procedura, stato_attuazione, id_tipo_processo, 0, 0, 0, 0, 0, 0, 0, 0, 0, 0, 0, 0, 0, 0, 0, 0, 0, 0, 0, 0, 0, 0, 0, 0, 0, 0, 0, 0, 0, 0, 0, 0, 0, 0, 0, 0, 0, 0, 0, 0, 0, 0, 0, 0, 0, 0, 0, 0, 0, 0, 0, 0, 0, 0, 0, 0)Values(${body['codice_azienda'], ${body['codice'], ${body['descrizione_breve'], ${body[id_procedura_parent], ${body[ordinamento], ${body['tree_path'], ${body['frequenza'], ${body['strumento_informatico'], ${body[id_centro_gest], ${body['codice_part'], ${body['descrizione'], ${body['tipo_procedura'], ${body['stato_attuazione'], ${body[id_tipo_processo], ${body['0'], ${body['0'], ${body['0'], ${body['0'], ${body['0'], ${body['0'], ${body['0'], ${body['0'], ${body['0'], ${body['0'], ${body['0'], ${body['0'], ${body['0'], ${body['0'], ${body['0'], ${body['0'], ${body['0'], ${body['0'], ${body['0'], ${body['0'], ${body['0'], ${body['0'], ${body['0'], ${body['0'], ${body['0'], ${body['0'], ${body['0'], ${body['0'], ${body['0'], ${body['0'], ${body['0'], ${body['0'], ${body['0'], ${body['0'], ${body['0'], ${body['0'], ${body['0'], ${body['0'], ${body['0'], ${body['0'], ${body['0'], ${body['0'], ${body['0'], ${body['0'], ${body['0'], ${body['0'], ${body['0'], ${body['0'], ${body['0'], ${body['0'], ${body['0'], ${body['0'], ${body['0'], ${body['0'], ${body['0'], ${body['0'])RETURNING id_procedura;`";"`Update entrasp.SET WHERE codice_azienda=${body['codice_azienda'] AND id_procedura=${body['id_procedura'];`";"`DELETE FROM entrasp.WHERE codice_azienda=${body['codice_azienda'] AND id_procedura=${body['id_procedura'];`"
0;input;;;0;;false;true;true;false;false;false;0;;;codice_azienda, codice, descrizione_breve, id_procedura_parent, ordinamento, tree_path, frequenza, strumento_informatico, id_centro_gest, codice_part, descrizione, tipo_procedura, stato_attuazione, id_tipo_processo, 0, 0, 0, 0, 0, 0, 0, 0, 0, 0, 0, 0, 0, 0, 0, 0, 0, 0, 0, 0, 0, 0, 0, 0, 0, 0, 0, 0, 0, 0, 0, 0, 0, 0, 0, 0, 0, 0, 0, 0, 0, 0, 0, 0, 0, 0, 0, 0, 0, 0, 0, 0, 0, 0, 0, 0, 0;${body['codice_azienda'], ${body['codice'], ${body['descrizione_breve'], ${body[id_procedura_parent], ${body[ordinamento], ${body['tree_path'], ${body['frequenza'], ${body['strumento_informatico'], ${body[id_centro_gest], ${body['codice_part'], ${body['descrizione'], ${body['tipo_procedura'], ${body['stato_attuazione'], ${body[id_tipo_processo], ${body['0'], ${body['0'], ${body['0'], ${body['0'], ${body['0'], ${body['0'], ${body['0'], ${body['0'], ${body['0'], ${body['0'], ${body['0'], ${body['0'], ${body['0'], ${body['0'], ${body['0'], ${body['0'], ${body['0'], ${body['0'], ${body['0'], ${body['0'], ${body['0'], ${body['0'], ${body['0'], ${body['0'], ${body['0'], ${body['0'], ${body['0'], ${body['0'], ${body['0'], ${body['0'], ${body['0'], ${body['0'], ${body['0'], ${body['0'], ${body['0'], ${body['0'], ${body['0'], ${body['0'], ${body['0'], ${body['0'], ${body['0'], ${body['0'], ${body['0'], ${body['0'], ${body['0'], ${body['0'], ${body['0'], ${body['0'], ${body['0'], ${body['0'], ${body['0'], ${body['0'], ${body['0'], ${body['0'], ${body['0'], ${body['0'], ${body['0'];codice_azienda=${body['codice_azienda'], codice=${body['codice'], descrizione_breve=${body['descrizione_breve'], id_procedura_parent=${body[id_procedura_parent], ordinamento=${body[ordinamento], tree_path=${body['tree_path'], frequenza=${body['frequenza'], strumento_informatico=${body['strumento_informatico'], id_centro_gest=${body[id_centro_gest], codice_part=${body['codice_part'], descrizione=${body['descrizione'], tipo_procedura=${body['tipo_procedura'], stato_attuazione=${body['stato_attuazione'], id_tipo_processo=${body[id_tipo_processo], 0=${body['0'], 0=${body['0'], 0=${body['0'], 0=${body['0'], 0=${body['0'], 0=${body['0'], 0=${body['0'], 0=${body['0'], 0=${body['0'], 0=${body['0'], 0=${body['0'], 0=${body['0'], 0=${body['0'], 0=${body['0'], 0=${body['0'], 0=${body['0'], 0=${body['0'], 0=${body['0'], 0=${body['0'], 0=${body['0'], 0=${body['0'], 0=${body['0'], 0=${body['0'], 0=${body['0'], 0=${body['0'], 0=${body['0'], 0=${body['0'], 0=${body['0'], 0=${body['0'], 0=${body['0'], 0=${body['0'], 0=${body['0'], 0=${body['0'], 0=${body['0'], 0=${body['0'], 0=${body['0'], 0=${body['0'], 0=${body['0'], 0=${body['0'], 0=${body['0'], 0=${body['0'], 0=${body['0'], 0=${body['0'], 0=${body['0'], 0=${body['0'], 0=${body['0'], 0=${body['0'], 0=${body['0'], 0=${body['0'], 0=${body['0'], 0=${body['0'], 0=${body['0'], 0=${body['0'], 0=${body['0'], 0=${body['0'], 0=${body['0'], 0=${body['0'];;;codice_azienda=${body['codice_azienda'] AND id_procedura=${body['id_procedura'];;;;"`INSERT INTO entrasp.(codice_azienda, codice, descrizione_breve, id_procedura_parent, ordinamento, tree_path, frequenza, strumento_informatico, id_centro_gest, codice_part, descrizione, tipo_procedura, stato_attuazione, id_tipo_processo, 0, 0, 0, 0, 0, 0, 0, 0, 0, 0, 0, 0, 0, 0, 0, 0, 0, 0, 0, 0, 0, 0, 0, 0, 0, 0, 0, 0, 0, 0, 0, 0, 0, 0, 0, 0, 0, 0, 0, 0, 0, 0, 0, 0, 0, 0, 0, 0, 0, 0, 0, 0, 0, 0, 0, 0, 0)Values(${body['codice_azienda'], ${body['codice'], ${body['descrizione_breve'], ${body[id_procedura_parent], ${body[ordinamento], ${body['tree_path'], ${body['frequenza'], ${body['strumento_informatico'], ${body[id_centro_gest], ${body['codice_part'], ${body['descrizione'], ${body['tipo_procedura'], ${body['stato_attuazione'], ${body[id_tipo_processo], ${body['0'], ${body['0'], ${body['0'], ${body['0'], ${body['0'], ${body['0'], ${body['0'], ${body['0'], ${body['0'], ${body['0'], ${body['0'], ${body['0'], ${body['0'], ${body['0'], ${body['0'], ${body['0'], ${body['0'], ${body['0'], ${body['0'], ${body['0'], ${body['0'], ${body['0'], ${body['0'], ${body['0'], ${body['0'], ${body['0'], ${body['0'], ${body['0'], ${body['0'], ${body['0'], ${body['0'], ${body['0'], ${body['0'], ${body['0'], ${body['0'], ${body['0'], ${body['0'], ${body['0'], ${body['0'], ${body['0'], ${body['0'], ${body['0'], ${body['0'], ${body['0'], ${body['0'], ${body['0'], ${body['0'], ${body['0'], ${body['0'], ${body['0'], ${body['0'], ${body['0'], ${body['0'], ${body['0'], ${body['0'], ${body['0'], ${body['0'])RETURNING id_procedura;`";"`Update entrasp.SET WHERE codice_azienda=${body['codice_azienda'] AND id_procedura=${body['id_procedura'];`";"`DELETE FROM entrasp.WHERE codice_azienda=${body['codice_azienda'] AND id_procedura=${body['id_procedura'];`"
0;input;;;0;;false;true;true;false;false;false;0;;;codice_azienda, codice, descrizione_breve, id_procedura_parent, ordinamento, tree_path, frequenza, strumento_informatico, id_centro_gest, codice_part, descrizione, tipo_procedura, stato_attuazione, id_tipo_processo, 0, 0, 0, 0, 0, 0, 0, 0, 0, 0, 0, 0, 0, 0, 0, 0, 0, 0, 0, 0, 0, 0, 0, 0, 0, 0, 0, 0, 0, 0, 0, 0, 0, 0, 0, 0, 0, 0, 0, 0, 0, 0, 0, 0, 0, 0, 0, 0, 0, 0, 0, 0, 0, 0, 0, 0, 0, 0;${body['codice_azienda'], ${body['codice'], ${body['descrizione_breve'], ${body[id_procedura_parent], ${body[ordinamento], ${body['tree_path'], ${body['frequenza'], ${body['strumento_informatico'], ${body[id_centro_gest], ${body['codice_part'], ${body['descrizione'], ${body['tipo_procedura'], ${body['stato_attuazione'], ${body[id_tipo_processo], ${body['0'], ${body['0'], ${body['0'], ${body['0'], ${body['0'], ${body['0'], ${body['0'], ${body['0'], ${body['0'], ${body['0'], ${body['0'], ${body['0'], ${body['0'], ${body['0'], ${body['0'], ${body['0'], ${body['0'], ${body['0'], ${body['0'], ${body['0'], ${body['0'], ${body['0'], ${body['0'], ${body['0'], ${body['0'], ${body['0'], ${body['0'], ${body['0'], ${body['0'], ${body['0'], ${body['0'], ${body['0'], ${body['0'], ${body['0'], ${body['0'], ${body['0'], ${body['0'], ${body['0'], ${body['0'], ${body['0'], ${body['0'], ${body['0'], ${body['0'], ${body['0'], ${body['0'], ${body['0'], ${body['0'], ${body['0'], ${body['0'], ${body['0'], ${body['0'], ${body['0'], ${body['0'], ${body['0'], ${body['0'], ${body['0'], ${body['0'], ${body['0'];codice_azienda=${body['codice_azienda'], codice=${body['codice'], descrizione_breve=${body['descrizione_breve'], id_procedura_parent=${body[id_procedura_parent], ordinamento=${body[ordinamento], tree_path=${body['tree_path'], frequenza=${body['frequenza'], strumento_informatico=${body['strumento_informatico'], id_centro_gest=${body[id_centro_gest], codice_part=${body['codice_part'], descrizione=${body['descrizione'], tipo_procedura=${body['tipo_procedura'], stato_attuazione=${body['stato_attuazione'], id_tipo_processo=${body[id_tipo_processo], 0=${body['0'], 0=${body['0'], 0=${body['0'], 0=${body['0'], 0=${body['0'], 0=${body['0'], 0=${body['0'], 0=${body['0'], 0=${body['0'], 0=${body['0'], 0=${body['0'], 0=${body['0'], 0=${body['0'], 0=${body['0'], 0=${body['0'], 0=${body['0'], 0=${body['0'], 0=${body['0'], 0=${body['0'], 0=${body['0'], 0=${body['0'], 0=${body['0'], 0=${body['0'], 0=${body['0'], 0=${body['0'], 0=${body['0'], 0=${body['0'], 0=${body['0'], 0=${body['0'], 0=${body['0'], 0=${body['0'], 0=${body['0'], 0=${body['0'], 0=${body['0'], 0=${body['0'], 0=${body['0'], 0=${body['0'], 0=${body['0'], 0=${body['0'], 0=${body['0'], 0=${body['0'], 0=${body['0'], 0=${body['0'], 0=${body['0'], 0=${body['0'], 0=${body['0'], 0=${body['0'], 0=${body['0'], 0=${body['0'], 0=${body['0'], 0=${body['0'], 0=${body['0'], 0=${body['0'], 0=${body['0'], 0=${body['0'], 0=${body['0'], 0=${body['0'], 0=${body['0'];;;codice_azienda=${body['codice_azienda'] AND id_procedura=${body['id_procedura'];;;;"`INSERT INTO entrasp.(codice_azienda, codice, descrizione_breve, id_procedura_parent, ordinamento, tree_path, frequenza, strumento_informatico, id_centro_gest, codice_part, descrizione, tipo_procedura, stato_attuazione, id_tipo_processo, 0, 0, 0, 0, 0, 0, 0, 0, 0, 0, 0, 0, 0, 0, 0, 0, 0, 0, 0, 0, 0, 0, 0, 0, 0, 0, 0, 0, 0, 0, 0, 0, 0, 0, 0, 0, 0, 0, 0, 0, 0, 0, 0, 0, 0, 0, 0, 0, 0, 0, 0, 0, 0, 0, 0, 0, 0, 0)Values(${body['codice_azienda'], ${body['codice'], ${body['descrizione_breve'], ${body[id_procedura_parent], ${body[ordinamento], ${body['tree_path'], ${body['frequenza'], ${body['strumento_informatico'], ${body[id_centro_gest], ${body['codice_part'], ${body['descrizione'], ${body['tipo_procedura'], ${body['stato_attuazione'], ${body[id_tipo_processo], ${body['0'], ${body['0'], ${body['0'], ${body['0'], ${body['0'], ${body['0'], ${body['0'], ${body['0'], ${body['0'], ${body['0'], ${body['0'], ${body['0'], ${body['0'], ${body['0'], ${body['0'], ${body['0'], ${body['0'], ${body['0'], ${body['0'], ${body['0'], ${body['0'], ${body['0'], ${body['0'], ${body['0'], ${body['0'], ${body['0'], ${body['0'], ${body['0'], ${body['0'], ${body['0'], ${body['0'], ${body['0'], ${body['0'], ${body['0'], ${body['0'], ${body['0'], ${body['0'], ${body['0'], ${body['0'], ${body['0'], ${body['0'], ${body['0'], ${body['0'], ${body['0'], ${body['0'], ${body['0'], ${body['0'], ${body['0'], ${body['0'], ${body['0'], ${body['0'], ${body['0'], ${body['0'], ${body['0'], ${body['0'], ${body['0'], ${body['0'], ${body['0'])RETURNING id_procedura;`";"`Update entrasp.SET WHERE codice_azienda=${body['codice_azienda'] AND id_procedura=${body['id_procedura'];`";"`DELETE FROM entrasp.WHERE codice_azienda=${body['codice_azienda'] AND id_procedura=${body['id_procedura'];`"
0;input;;;0;;false;true;true;false;false;false;0;;;codice_azienda, codice, descrizione_breve, id_procedura_parent, ordinamento, tree_path, frequenza, strumento_informatico, id_centro_gest, codice_part, descrizione, tipo_procedura, stato_attuazione, id_tipo_processo, 0, 0, 0, 0, 0, 0, 0, 0, 0, 0, 0, 0, 0, 0, 0, 0, 0, 0, 0, 0, 0, 0, 0, 0, 0, 0, 0, 0, 0, 0, 0, 0, 0, 0, 0, 0, 0, 0, 0, 0, 0, 0, 0, 0, 0, 0, 0, 0, 0, 0, 0, 0, 0, 0, 0, 0, 0, 0, 0;${body['codice_azienda'], ${body['codice'], ${body['descrizione_breve'], ${body[id_procedura_parent], ${body[ordinamento], ${body['tree_path'], ${body['frequenza'], ${body['strumento_informatico'], ${body[id_centro_gest], ${body['codice_part'], ${body['descrizione'], ${body['tipo_procedura'], ${body['stato_attuazione'], ${body[id_tipo_processo], ${body['0'], ${body['0'], ${body['0'], ${body['0'], ${body['0'], ${body['0'], ${body['0'], ${body['0'], ${body['0'], ${body['0'], ${body['0'], ${body['0'], ${body['0'], ${body['0'], ${body['0'], ${body['0'], ${body['0'], ${body['0'], ${body['0'], ${body['0'], ${body['0'], ${body['0'], ${body['0'], ${body['0'], ${body['0'], ${body['0'], ${body['0'], ${body['0'], ${body['0'], ${body['0'], ${body['0'], ${body['0'], ${body['0'], ${body['0'], ${body['0'], ${body['0'], ${body['0'], ${body['0'], ${body['0'], ${body['0'], ${body['0'], ${body['0'], ${body['0'], ${body['0'], ${body['0'], ${body['0'], ${body['0'], ${body['0'], ${body['0'], ${body['0'], ${body['0'], ${body['0'], ${body['0'], ${body['0'], ${body['0'], ${body['0'], ${body['0'], ${body['0'], ${body['0'];codice_azienda=${body['codice_azienda'], codice=${body['codice'], descrizione_breve=${body['descrizione_breve'], id_procedura_parent=${body[id_procedura_parent], ordinamento=${body[ordinamento], tree_path=${body['tree_path'], frequenza=${body['frequenza'], strumento_informatico=${body['strumento_informatico'], id_centro_gest=${body[id_centro_gest], codice_part=${body['codice_part'], descrizione=${body['descrizione'], tipo_procedura=${body['tipo_procedura'], stato_attuazione=${body['stato_attuazione'], id_tipo_processo=${body[id_tipo_processo], 0=${body['0'], 0=${body['0'], 0=${body['0'], 0=${body['0'], 0=${body['0'], 0=${body['0'], 0=${body['0'], 0=${body['0'], 0=${body['0'], 0=${body['0'], 0=${body['0'], 0=${body['0'], 0=${body['0'], 0=${body['0'], 0=${body['0'], 0=${body['0'], 0=${body['0'], 0=${body['0'], 0=${body['0'], 0=${body['0'], 0=${body['0'], 0=${body['0'], 0=${body['0'], 0=${body['0'], 0=${body['0'], 0=${body['0'], 0=${body['0'], 0=${body['0'], 0=${body['0'], 0=${body['0'], 0=${body['0'], 0=${body['0'], 0=${body['0'], 0=${body['0'], 0=${body['0'], 0=${body['0'], 0=${body['0'], 0=${body['0'], 0=${body['0'], 0=${body['0'], 0=${body['0'], 0=${body['0'], 0=${body['0'], 0=${body['0'], 0=${body['0'], 0=${body['0'], 0=${body['0'], 0=${body['0'], 0=${body['0'], 0=${body['0'], 0=${body['0'], 0=${body['0'], 0=${body['0'], 0=${body['0'], 0=${body['0'], 0=${body['0'], 0=${body['0'], 0=${body['0'], 0=${body['0'];;;codice_azienda=${body['codice_azienda'] AND id_procedura=${body['id_procedura'];;;;"`INSERT INTO entrasp.(codice_azienda, codice, descrizione_breve, id_procedura_parent, ordinamento, tree_path, frequenza, strumento_informatico, id_centro_gest, codice_part, descrizione, tipo_procedura, stato_attuazione, id_tipo_processo, 0, 0, 0, 0, 0, 0, 0, 0, 0, 0, 0, 0, 0, 0, 0, 0, 0, 0, 0, 0, 0, 0, 0, 0, 0, 0, 0, 0, 0, 0, 0, 0, 0, 0, 0, 0, 0, 0, 0, 0, 0, 0, 0, 0, 0, 0, 0, 0, 0, 0, 0, 0, 0, 0, 0, 0, 0, 0, 0)Values(${body['codice_azienda'], ${body['codice'], ${body['descrizione_breve'], ${body[id_procedura_parent], ${body[ordinamento], ${body['tree_path'], ${body['frequenza'], ${body['strumento_informatico'], ${body[id_centro_gest], ${body['codice_part'], ${body['descrizione'], ${body['tipo_procedura'], ${body['stato_attuazione'], ${body[id_tipo_processo], ${body['0'], ${body['0'], ${body['0'], ${body['0'], ${body['0'], ${body['0'], ${body['0'], ${body['0'], ${body['0'], ${body['0'], ${body['0'], ${body['0'], ${body['0'], ${body['0'], ${body['0'], ${body['0'], ${body['0'], ${body['0'], ${body['0'], ${body['0'], ${body['0'], ${body['0'], ${body['0'], ${body['0'], ${body['0'], ${body['0'], ${body['0'], ${body['0'], ${body['0'], ${body['0'], ${body['0'], ${body['0'], ${body['0'], ${body['0'], ${body['0'], ${body['0'], ${body['0'], ${body['0'], ${body['0'], ${body['0'], ${body['0'], ${body['0'], ${body['0'], ${body['0'], ${body['0'], ${body['0'], ${body['0'], ${body['0'], ${body['0'], ${body['0'], ${body['0'], ${body['0'], ${body['0'], ${body['0'], ${body['0'], ${body['0'], ${body['0'], ${body['0'], ${body['0'])RETURNING id_procedura;`";"`Update entrasp.SET WHERE codice_azienda=${body['codice_azienda'] AND id_procedura=${body['id_procedura'];`";"`DELETE FROM entrasp.WHERE codice_azienda=${body['codice_azienda'] AND id_procedura=${body['id_procedura'];`"
0;input;;;0;;false;true;true;false;false;false;0;;;codice_azienda, codice, descrizione_breve, id_procedura_parent, ordinamento, tree_path, frequenza, strumento_informatico, id_centro_gest, codice_part, descrizione, tipo_procedura, stato_attuazione, id_tipo_processo, 0, 0, 0, 0, 0, 0, 0, 0, 0, 0, 0, 0, 0, 0, 0, 0, 0, 0, 0, 0, 0, 0, 0, 0, 0, 0, 0, 0, 0, 0, 0, 0, 0, 0, 0, 0, 0, 0, 0, 0, 0, 0, 0, 0, 0, 0, 0, 0, 0, 0, 0, 0, 0, 0, 0, 0, 0, 0, 0, 0;${body['codice_azienda'], ${body['codice'], ${body['descrizione_breve'], ${body[id_procedura_parent], ${body[ordinamento], ${body['tree_path'], ${body['frequenza'], ${body['strumento_informatico'], ${body[id_centro_gest], ${body['codice_part'], ${body['descrizione'], ${body['tipo_procedura'], ${body['stato_attuazione'], ${body[id_tipo_processo], ${body['0'], ${body['0'], ${body['0'], ${body['0'], ${body['0'], ${body['0'], ${body['0'], ${body['0'], ${body['0'], ${body['0'], ${body['0'], ${body['0'], ${body['0'], ${body['0'], ${body['0'], ${body['0'], ${body['0'], ${body['0'], ${body['0'], ${body['0'], ${body['0'], ${body['0'], ${body['0'], ${body['0'], ${body['0'], ${body['0'], ${body['0'], ${body['0'], ${body['0'], ${body['0'], ${body['0'], ${body['0'], ${body['0'], ${body['0'], ${body['0'], ${body['0'], ${body['0'], ${body['0'], ${body['0'], ${body['0'], ${body['0'], ${body['0'], ${body['0'], ${body['0'], ${body['0'], ${body['0'], ${body['0'], ${body['0'], ${body['0'], ${body['0'], ${body['0'], ${body['0'], ${body['0'], ${body['0'], ${body['0'], ${body['0'], ${body['0'], ${body['0'], ${body['0'], ${body['0'];codice_azienda=${body['codice_azienda'], codice=${body['codice'], descrizione_breve=${body['descrizione_breve'], id_procedura_parent=${body[id_procedura_parent], ordinamento=${body[ordinamento], tree_path=${body['tree_path'], frequenza=${body['frequenza'], strumento_informatico=${body['strumento_informatico'], id_centro_gest=${body[id_centro_gest], codice_part=${body['codice_part'], descrizione=${body['descrizione'], tipo_procedura=${body['tipo_procedura'], stato_attuazione=${body['stato_attuazione'], id_tipo_processo=${body[id_tipo_processo], 0=${body['0'], 0=${body['0'], 0=${body['0'], 0=${body['0'], 0=${body['0'], 0=${body['0'], 0=${body['0'], 0=${body['0'], 0=${body['0'], 0=${body['0'], 0=${body['0'], 0=${body['0'], 0=${body['0'], 0=${body['0'], 0=${body['0'], 0=${body['0'], 0=${body['0'], 0=${body['0'], 0=${body['0'], 0=${body['0'], 0=${body['0'], 0=${body['0'], 0=${body['0'], 0=${body['0'], 0=${body['0'], 0=${body['0'], 0=${body['0'], 0=${body['0'], 0=${body['0'], 0=${body['0'], 0=${body['0'], 0=${body['0'], 0=${body['0'], 0=${body['0'], 0=${body['0'], 0=${body['0'], 0=${body['0'], 0=${body['0'], 0=${body['0'], 0=${body['0'], 0=${body['0'], 0=${body['0'], 0=${body['0'], 0=${body['0'], 0=${body['0'], 0=${body['0'], 0=${body['0'], 0=${body['0'], 0=${body['0'], 0=${body['0'], 0=${body['0'], 0=${body['0'], 0=${body['0'], 0=${body['0'], 0=${body['0'], 0=${body['0'], 0=${body['0'], 0=${body['0'], 0=${body['0'], 0=${body['0'];;;codice_azienda=${body['codice_azienda'] AND id_procedura=${body['id_procedura'];;;;"`INSERT INTO entrasp.(codice_azienda, codice, descrizione_breve, id_procedura_parent, ordinamento, tree_path, frequenza, strumento_informatico, id_centro_gest, codice_part, descrizione, tipo_procedura, stato_attuazione, id_tipo_processo, 0, 0, 0, 0, 0, 0, 0, 0, 0, 0, 0, 0, 0, 0, 0, 0, 0, 0, 0, 0, 0, 0, 0, 0, 0, 0, 0, 0, 0, 0, 0, 0, 0, 0, 0, 0, 0, 0, 0, 0, 0, 0, 0, 0, 0, 0, 0, 0, 0, 0, 0, 0, 0, 0, 0, 0, 0, 0, 0, 0)Values(${body['codice_azienda'], ${body['codice'], ${body['descrizione_breve'], ${body[id_procedura_parent], ${body[ordinamento], ${body['tree_path'], ${body['frequenza'], ${body['strumento_informatico'], ${body[id_centro_gest], ${body['codice_part'], ${body['descrizione'], ${body['tipo_procedura'], ${body['stato_attuazione'], ${body[id_tipo_processo], ${body['0'], ${body['0'], ${body['0'], ${body['0'], ${body['0'], ${body['0'], ${body['0'], ${body['0'], ${body['0'], ${body['0'], ${body['0'], ${body['0'], ${body['0'], ${body['0'], ${body['0'], ${body['0'], ${body['0'], ${body['0'], ${body['0'], ${body['0'], ${body['0'], ${body['0'], ${body['0'], ${body['0'], ${body['0'], ${body['0'], ${body['0'], ${body['0'], ${body['0'], ${body['0'], ${body['0'], ${body['0'], ${body['0'], ${body['0'], ${body['0'], ${body['0'], ${body['0'], ${body['0'], ${body['0'], ${body['0'], ${body['0'], ${body['0'], ${body['0'], ${body['0'], ${body['0'], ${body['0'], ${body['0'], ${body['0'], ${body['0'], ${body['0'], ${body['0'], ${body['0'], ${body['0'], ${body['0'], ${body['0'], ${body['0'], ${body['0'], ${body['0'], ${body['0'], ${body['0'])RETURNING id_procedura;`";"`Update entrasp.SET WHERE codice_azienda=${body['codice_azienda'] AND id_procedura=${body['id_procedura'];`";"`DELETE FROM entrasp.WHERE codice_azienda=${body['codice_azienda'] AND id_procedura=${body['id_procedura'];`"
0;input;;;0;;false;true;true;false;false;false;0;;;codice_azienda, codice, descrizione_breve, id_procedura_parent, ordinamento, tree_path, frequenza, strumento_informatico, id_centro_gest, codice_part, descrizione, tipo_procedura, stato_attuazione, id_tipo_processo, 0, 0, 0, 0, 0, 0, 0, 0, 0, 0, 0, 0, 0, 0, 0, 0, 0, 0, 0, 0, 0, 0, 0, 0, 0, 0, 0, 0, 0, 0, 0, 0, 0, 0, 0, 0, 0, 0, 0, 0, 0, 0, 0, 0, 0, 0, 0, 0, 0, 0, 0, 0, 0, 0, 0, 0, 0, 0, 0, 0, 0;${body['codice_azienda'], ${body['codice'], ${body['descrizione_breve'], ${body[id_procedura_parent], ${body[ordinamento], ${body['tree_path'], ${body['frequenza'], ${body['strumento_informatico'], ${body[id_centro_gest], ${body['codice_part'], ${body['descrizione'], ${body['tipo_procedura'], ${body['stato_attuazione'], ${body[id_tipo_processo], ${body['0'], ${body['0'], ${body['0'], ${body['0'], ${body['0'], ${body['0'], ${body['0'], ${body['0'], ${body['0'], ${body['0'], ${body['0'], ${body['0'], ${body['0'], ${body['0'], ${body['0'], ${body['0'], ${body['0'], ${body['0'], ${body['0'], ${body['0'], ${body['0'], ${body['0'], ${body['0'], ${body['0'], ${body['0'], ${body['0'], ${body['0'], ${body['0'], ${body['0'], ${body['0'], ${body['0'], ${body['0'], ${body['0'], ${body['0'], ${body['0'], ${body['0'], ${body['0'], ${body['0'], ${body['0'], ${body['0'], ${body['0'], ${body['0'], ${body['0'], ${body['0'], ${body['0'], ${body['0'], ${body['0'], ${body['0'], ${body['0'], ${body['0'], ${body['0'], ${body['0'], ${body['0'], ${body['0'], ${body['0'], ${body['0'], ${body['0'], ${body['0'], ${body['0'], ${body['0'], ${body['0'];codice_azienda=${body['codice_azienda'], codice=${body['codice'], descrizione_breve=${body['descrizione_breve'], id_procedura_parent=${body[id_procedura_parent], ordinamento=${body[ordinamento], tree_path=${body['tree_path'], frequenza=${body['frequenza'], strumento_informatico=${body['strumento_informatico'], id_centro_gest=${body[id_centro_gest], codice_part=${body['codice_part'], descrizione=${body['descrizione'], tipo_procedura=${body['tipo_procedura'], stato_attuazione=${body['stato_attuazione'], id_tipo_processo=${body[id_tipo_processo], 0=${body['0'], 0=${body['0'], 0=${body['0'], 0=${body['0'], 0=${body['0'], 0=${body['0'], 0=${body['0'], 0=${body['0'], 0=${body['0'], 0=${body['0'], 0=${body['0'], 0=${body['0'], 0=${body['0'], 0=${body['0'], 0=${body['0'], 0=${body['0'], 0=${body['0'], 0=${body['0'], 0=${body['0'], 0=${body['0'], 0=${body['0'], 0=${body['0'], 0=${body['0'], 0=${body['0'], 0=${body['0'], 0=${body['0'], 0=${body['0'], 0=${body['0'], 0=${body['0'], 0=${body['0'], 0=${body['0'], 0=${body['0'], 0=${body['0'], 0=${body['0'], 0=${body['0'], 0=${body['0'], 0=${body['0'], 0=${body['0'], 0=${body['0'], 0=${body['0'], 0=${body['0'], 0=${body['0'], 0=${body['0'], 0=${body['0'], 0=${body['0'], 0=${body['0'], 0=${body['0'], 0=${body['0'], 0=${body['0'], 0=${body['0'], 0=${body['0'], 0=${body['0'], 0=${body['0'], 0=${body['0'], 0=${body['0'], 0=${body['0'], 0=${body['0'], 0=${body['0'], 0=${body['0'], 0=${body['0'], 0=${body['0'];;;codice_azienda=${body['codice_azienda'] AND id_procedura=${body['id_procedura'];;;;"`INSERT INTO entrasp.(codice_azienda, codice, descrizione_breve, id_procedura_parent, ordinamento, tree_path, frequenza, strumento_informatico, id_centro_gest, codice_part, descrizione, tipo_procedura, stato_attuazione, id_tipo_processo, 0, 0, 0, 0, 0, 0, 0, 0, 0, 0, 0, 0, 0, 0, 0, 0, 0, 0, 0, 0, 0, 0, 0, 0, 0, 0, 0, 0, 0, 0, 0, 0, 0, 0, 0, 0, 0, 0, 0, 0, 0, 0, 0, 0, 0, 0, 0, 0, 0, 0, 0, 0, 0, 0, 0, 0, 0, 0, 0, 0, 0)Values(${body['codice_azienda'], ${body['codice'], ${body['descrizione_breve'], ${body[id_procedura_parent], ${body[ordinamento], ${body['tree_path'], ${body['frequenza'], ${body['strumento_informatico'], ${body[id_centro_gest], ${body['codice_part'], ${body['descrizione'], ${body['tipo_procedura'], ${body['stato_attuazione'], ${body[id_tipo_processo], ${body['0'], ${body['0'], ${body['0'], ${body['0'], ${body['0'], ${body['0'], ${body['0'], ${body['0'], ${body['0'], ${body['0'], ${body['0'], ${body['0'], ${body['0'], ${body['0'], ${body['0'], ${body['0'], ${body['0'], ${body['0'], ${body['0'], ${body['0'], ${body['0'], ${body['0'], ${body['0'], ${body['0'], ${body['0'], ${body['0'], ${body['0'], ${body['0'], ${body['0'], ${body['0'], ${body['0'], ${body['0'], ${body['0'], ${body['0'], ${body['0'], ${body['0'], ${body['0'], ${body['0'], ${body['0'], ${body['0'], ${body['0'], ${body['0'], ${body['0'], ${body['0'], ${body['0'], ${body['0'], ${body['0'], ${body['0'], ${body['0'], ${body['0'], ${body['0'], ${body['0'], ${body['0'], ${body['0'], ${body['0'], ${body['0'], ${body['0'], ${body['0'], ${body['0'], ${body['0'], ${body['0'])RETURNING id_procedura;`";"`Update entrasp.SET WHERE codice_azienda=${body['codice_azienda'] AND id_procedura=${body['id_procedura'];`";"`DELETE FROM entrasp.WHERE codice_azienda=${body['codice_azienda'] AND id_procedura=${body['id_procedura'];`"
0;input;;;0;;false;true;true;false;false;false;0;;;codice_azienda, codice, descrizione_breve, id_procedura_parent, ordinamento, tree_path, frequenza, strumento_informatico, id_centro_gest, codice_part, descrizione, tipo_procedura, stato_attuazione, id_tipo_processo, 0, 0, 0, 0, 0, 0, 0, 0, 0, 0, 0, 0, 0, 0, 0, 0, 0, 0, 0, 0, 0, 0, 0, 0, 0, 0, 0, 0, 0, 0, 0, 0, 0, 0, 0, 0, 0, 0, 0, 0, 0, 0, 0, 0, 0, 0, 0, 0, 0, 0, 0, 0, 0, 0, 0, 0, 0, 0, 0, 0, 0, 0;${body['codice_azienda'], ${body['codice'], ${body['descrizione_breve'], ${body[id_procedura_parent], ${body[ordinamento], ${body['tree_path'], ${body['frequenza'], ${body['strumento_informatico'], ${body[id_centro_gest], ${body['codice_part'], ${body['descrizione'], ${body['tipo_procedura'], ${body['stato_attuazione'], ${body[id_tipo_processo], ${body['0'], ${body['0'], ${body['0'], ${body['0'], ${body['0'], ${body['0'], ${body['0'], ${body['0'], ${body['0'], ${body['0'], ${body['0'], ${body['0'], ${body['0'], ${body['0'], ${body['0'], ${body['0'], ${body['0'], ${body['0'], ${body['0'], ${body['0'], ${body['0'], ${body['0'], ${body['0'], ${body['0'], ${body['0'], ${body['0'], ${body['0'], ${body['0'], ${body['0'], ${body['0'], ${body['0'], ${body['0'], ${body['0'], ${body['0'], ${body['0'], ${body['0'], ${body['0'], ${body['0'], ${body['0'], ${body['0'], ${body['0'], ${body['0'], ${body['0'], ${body['0'], ${body['0'], ${body['0'], ${body['0'], ${body['0'], ${body['0'], ${body['0'], ${body['0'], ${body['0'], ${body['0'], ${body['0'], ${body['0'], ${body['0'], ${body['0'], ${body['0'], ${body['0'], ${body['0'], ${body['0'], ${body['0'];codice_azienda=${body['codice_azienda'], codice=${body['codice'], descrizione_breve=${body['descrizione_breve'], id_procedura_parent=${body[id_procedura_parent], ordinamento=${body[ordinamento], tree_path=${body['tree_path'], frequenza=${body['frequenza'], strumento_informatico=${body['strumento_informatico'], id_centro_gest=${body[id_centro_gest], codice_part=${body['codice_part'], descrizione=${body['descrizione'], tipo_procedura=${body['tipo_procedura'], stato_attuazione=${body['stato_attuazione'], id_tipo_processo=${body[id_tipo_processo], 0=${body['0'], 0=${body['0'], 0=${body['0'], 0=${body['0'], 0=${body['0'], 0=${body['0'], 0=${body['0'], 0=${body['0'], 0=${body['0'], 0=${body['0'], 0=${body['0'], 0=${body['0'], 0=${body['0'], 0=${body['0'], 0=${body['0'], 0=${body['0'], 0=${body['0'], 0=${body['0'], 0=${body['0'], 0=${body['0'], 0=${body['0'], 0=${body['0'], 0=${body['0'], 0=${body['0'], 0=${body['0'], 0=${body['0'], 0=${body['0'], 0=${body['0'], 0=${body['0'], 0=${body['0'], 0=${body['0'], 0=${body['0'], 0=${body['0'], 0=${body['0'], 0=${body['0'], 0=${body['0'], 0=${body['0'], 0=${body['0'], 0=${body['0'], 0=${body['0'], 0=${body['0'], 0=${body['0'], 0=${body['0'], 0=${body['0'], 0=${body['0'], 0=${body['0'], 0=${body['0'], 0=${body['0'], 0=${body['0'], 0=${body['0'], 0=${body['0'], 0=${body['0'], 0=${body['0'], 0=${body['0'], 0=${body['0'], 0=${body['0'], 0=${body['0'], 0=${body['0'], 0=${body['0'], 0=${body['0'], 0=${body['0'], 0=${body['0'];;;codice_azienda=${body['codice_azienda'] AND id_procedura=${body['id_procedura'];;;;"`INSERT INTO entrasp.(codice_azienda, codice, descrizione_breve, id_procedura_parent, ordinamento, tree_path, frequenza, strumento_informatico, id_centro_gest, codice_part, descrizione, tipo_procedura, stato_attuazione, id_tipo_processo, 0, 0, 0, 0, 0, 0, 0, 0, 0, 0, 0, 0, 0, 0, 0, 0, 0, 0, 0, 0, 0, 0, 0, 0, 0, 0, 0, 0, 0, 0, 0, 0, 0, 0, 0, 0, 0, 0, 0, 0, 0, 0, 0, 0, 0, 0, 0, 0, 0, 0, 0, 0, 0, 0, 0, 0, 0, 0, 0, 0, 0, 0)Values(${body['codice_azienda'], ${body['codice'], ${body['descrizione_breve'], ${body[id_procedura_parent], ${body[ordinamento], ${body['tree_path'], ${body['frequenza'], ${body['strumento_informatico'], ${body[id_centro_gest], ${body['codice_part'], ${body['descrizione'], ${body['tipo_procedura'], ${body['stato_attuazione'], ${body[id_tipo_processo], ${body['0'], ${body['0'], ${body['0'], ${body['0'], ${body['0'], ${body['0'], ${body['0'], ${body['0'], ${body['0'], ${body['0'], ${body['0'], ${body['0'], ${body['0'], ${body['0'], ${body['0'], ${body['0'], ${body['0'], ${body['0'], ${body['0'], ${body['0'], ${body['0'], ${body['0'], ${body['0'], ${body['0'], ${body['0'], ${body['0'], ${body['0'], ${body['0'], ${body['0'], ${body['0'], ${body['0'], ${body['0'], ${body['0'], ${body['0'], ${body['0'], ${body['0'], ${body['0'], ${body['0'], ${body['0'], ${body['0'], ${body['0'], ${body['0'], ${body['0'], ${body['0'], ${body['0'], ${body['0'], ${body['0'], ${body['0'], ${body['0'], ${body['0'], ${body['0'], ${body['0'], ${body['0'], ${body['0'], ${body['0'], ${body['0'], ${body['0'], ${body['0'], ${body['0'], ${body['0'], ${body['0'], ${body['0'])RETURNING id_procedura;`";"`Update entrasp.SET WHERE codice_azienda=${body['codice_azienda'] AND id_procedura=${body['id_procedura'];`";"`DELETE FROM entrasp.WHERE codice_azienda=${body['codice_azienda'] AND id_procedura=${body['id_procedura'];`"
0;input;;;0;;false;true;true;false;false;false;0;;;codice_azienda, codice, descrizione_breve, id_procedura_parent, ordinamento, tree_path, frequenza, strumento_informatico, id_centro_gest, codice_part, descrizione, tipo_procedura, stato_attuazione, id_tipo_processo, 0, 0, 0, 0, 0, 0, 0, 0, 0, 0, 0, 0, 0, 0, 0, 0, 0, 0, 0, 0, 0, 0, 0, 0, 0, 0, 0, 0, 0, 0, 0, 0, 0, 0, 0, 0, 0, 0, 0, 0, 0, 0, 0, 0, 0, 0, 0, 0, 0, 0, 0, 0, 0, 0, 0, 0, 0, 0, 0, 0, 0, 0, 0;${body['codice_azienda'], ${body['codice'], ${body['descrizione_breve'], ${body[id_procedura_parent], ${body[ordinamento], ${body['tree_path'], ${body['frequenza'], ${body['strumento_informatico'], ${body[id_centro_gest], ${body['codice_part'], ${body['descrizione'], ${body['tipo_procedura'], ${body['stato_attuazione'], ${body[id_tipo_processo], ${body['0'], ${body['0'], ${body['0'], ${body['0'], ${body['0'], ${body['0'], ${body['0'], ${body['0'], ${body['0'], ${body['0'], ${body['0'], ${body['0'], ${body['0'], ${body['0'], ${body['0'], ${body['0'], ${body['0'], ${body['0'], ${body['0'], ${body['0'], ${body['0'], ${body['0'], ${body['0'], ${body['0'], ${body['0'], ${body['0'], ${body['0'], ${body['0'], ${body['0'], ${body['0'], ${body['0'], ${body['0'], ${body['0'], ${body['0'], ${body['0'], ${body['0'], ${body['0'], ${body['0'], ${body['0'], ${body['0'], ${body['0'], ${body['0'], ${body['0'], ${body['0'], ${body['0'], ${body['0'], ${body['0'], ${body['0'], ${body['0'], ${body['0'], ${body['0'], ${body['0'], ${body['0'], ${body['0'], ${body['0'], ${body['0'], ${body['0'], ${body['0'], ${body['0'], ${body['0'], ${body['0'], ${body['0'], ${body['0'];codice_azienda=${body['codice_azienda'], codice=${body['codice'], descrizione_breve=${body['descrizione_breve'], id_procedura_parent=${body[id_procedura_parent], ordinamento=${body[ordinamento], tree_path=${body['tree_path'], frequenza=${body['frequenza'], strumento_informatico=${body['strumento_informatico'], id_centro_gest=${body[id_centro_gest], codice_part=${body['codice_part'], descrizione=${body['descrizione'], tipo_procedura=${body['tipo_procedura'], stato_attuazione=${body['stato_attuazione'], id_tipo_processo=${body[id_tipo_processo], 0=${body['0'], 0=${body['0'], 0=${body['0'], 0=${body['0'], 0=${body['0'], 0=${body['0'], 0=${body['0'], 0=${body['0'], 0=${body['0'], 0=${body['0'], 0=${body['0'], 0=${body['0'], 0=${body['0'], 0=${body['0'], 0=${body['0'], 0=${body['0'], 0=${body['0'], 0=${body['0'], 0=${body['0'], 0=${body['0'], 0=${body['0'], 0=${body['0'], 0=${body['0'], 0=${body['0'], 0=${body['0'], 0=${body['0'], 0=${body['0'], 0=${body['0'], 0=${body['0'], 0=${body['0'], 0=${body['0'], 0=${body['0'], 0=${body['0'], 0=${body['0'], 0=${body['0'], 0=${body['0'], 0=${body['0'], 0=${body['0'], 0=${body['0'], 0=${body['0'], 0=${body['0'], 0=${body['0'], 0=${body['0'], 0=${body['0'], 0=${body['0'], 0=${body['0'], 0=${body['0'], 0=${body['0'], 0=${body['0'], 0=${body['0'], 0=${body['0'], 0=${body['0'], 0=${body['0'], 0=${body['0'], 0=${body['0'], 0=${body['0'], 0=${body['0'], 0=${body['0'], 0=${body['0'], 0=${body['0'], 0=${body['0'], 0=${body['0'], 0=${body['0'];;;codice_azienda=${body['codice_azienda'] AND id_procedura=${body['id_procedura'];;;;"`INSERT INTO entrasp.(codice_azienda, codice, descrizione_breve, id_procedura_parent, ordinamento, tree_path, frequenza, strumento_informatico, id_centro_gest, codice_part, descrizione, tipo_procedura, stato_attuazione, id_tipo_processo, 0, 0, 0, 0, 0, 0, 0, 0, 0, 0, 0, 0, 0, 0, 0, 0, 0, 0, 0, 0, 0, 0, 0, 0, 0, 0, 0, 0, 0, 0, 0, 0, 0, 0, 0, 0, 0, 0, 0, 0, 0, 0, 0, 0, 0, 0, 0, 0, 0, 0, 0, 0, 0, 0, 0, 0, 0, 0, 0, 0, 0, 0, 0)Values(${body['codice_azienda'], ${body['codice'], ${body['descrizione_breve'], ${body[id_procedura_parent], ${body[ordinamento], ${body['tree_path'], ${body['frequenza'], ${body['strumento_informatico'], ${body[id_centro_gest], ${body['codice_part'], ${body['descrizione'], ${body['tipo_procedura'], ${body['stato_attuazione'], ${body[id_tipo_processo], ${body['0'], ${body['0'], ${body['0'], ${body['0'], ${body['0'], ${body['0'], ${body['0'], ${body['0'], ${body['0'], ${body['0'], ${body['0'], ${body['0'], ${body['0'], ${body['0'], ${body['0'], ${body['0'], ${body['0'], ${body['0'], ${body['0'], ${body['0'], ${body['0'], ${body['0'], ${body['0'], ${body['0'], ${body['0'], ${body['0'], ${body['0'], ${body['0'], ${body['0'], ${body['0'], ${body['0'], ${body['0'], ${body['0'], ${body['0'], ${body['0'], ${body['0'], ${body['0'], ${body['0'], ${body['0'], ${body['0'], ${body['0'], ${body['0'], ${body['0'], ${body['0'], ${body['0'], ${body['0'], ${body['0'], ${body['0'], ${body['0'], ${body['0'], ${body['0'], ${body['0'], ${body['0'], ${body['0'], ${body['0'], ${body['0'], ${body['0'], ${body['0'], ${body['0'], ${body['0'], ${body['0'], ${body['0'], ${body['0'])RETURNING id_procedura;`";"`Update entrasp.SET WHERE codice_azienda=${body['codice_azienda'] AND id_procedura=${body['id_procedura'];`";"`DELETE FROM entrasp.WHERE codice_azienda=${body['codice_azienda'] AND id_procedura=${body['id_procedura'];`"
0;input;;;0;;false;true;true;false;false;false;0;;;codice_azienda, codice, descrizione_breve, id_procedura_parent, ordinamento, tree_path, frequenza, strumento_informatico, id_centro_gest, codice_part, descrizione, tipo_procedura, stato_attuazione, id_tipo_processo, 0, 0, 0, 0, 0, 0, 0, 0, 0, 0, 0, 0, 0, 0, 0, 0, 0, 0, 0, 0, 0, 0, 0, 0, 0, 0, 0, 0, 0, 0, 0, 0, 0, 0, 0, 0, 0, 0, 0, 0, 0, 0, 0, 0, 0, 0, 0, 0, 0, 0, 0, 0, 0, 0, 0, 0, 0, 0, 0, 0, 0, 0, 0, 0;${body['codice_azienda'], ${body['codice'], ${body['descrizione_breve'], ${body[id_procedura_parent], ${body[ordinamento], ${body['tree_path'], ${body['frequenza'], ${body['strumento_informatico'], ${body[id_centro_gest], ${body['codice_part'], ${body['descrizione'], ${body['tipo_procedura'], ${body['stato_attuazione'], ${body[id_tipo_processo], ${body['0'], ${body['0'], ${body['0'], ${body['0'], ${body['0'], ${body['0'], ${body['0'], ${body['0'], ${body['0'], ${body['0'], ${body['0'], ${body['0'], ${body['0'], ${body['0'], ${body['0'], ${body['0'], ${body['0'], ${body['0'], ${body['0'], ${body['0'], ${body['0'], ${body['0'], ${body['0'], ${body['0'], ${body['0'], ${body['0'], ${body['0'], ${body['0'], ${body['0'], ${body['0'], ${body['0'], ${body['0'], ${body['0'], ${body['0'], ${body['0'], ${body['0'], ${body['0'], ${body['0'], ${body['0'], ${body['0'], ${body['0'], ${body['0'], ${body['0'], ${body['0'], ${body['0'], ${body['0'], ${body['0'], ${body['0'], ${body['0'], ${body['0'], ${body['0'], ${body['0'], ${body['0'], ${body['0'], ${body['0'], ${body['0'], ${body['0'], ${body['0'], ${body['0'], ${body['0'], ${body['0'], ${body['0'], ${body['0'], ${body['0'];codice_azienda=${body['codice_azienda'], codice=${body['codice'], descrizione_breve=${body['descrizione_breve'], id_procedura_parent=${body[id_procedura_parent], ordinamento=${body[ordinamento], tree_path=${body['tree_path'], frequenza=${body['frequenza'], strumento_informatico=${body['strumento_informatico'], id_centro_gest=${body[id_centro_gest], codice_part=${body['codice_part'], descrizione=${body['descrizione'], tipo_procedura=${body['tipo_procedura'], stato_attuazione=${body['stato_attuazione'], id_tipo_processo=${body[id_tipo_processo], 0=${body['0'], 0=${body['0'], 0=${body['0'], 0=${body['0'], 0=${body['0'], 0=${body['0'], 0=${body['0'], 0=${body['0'], 0=${body['0'], 0=${body['0'], 0=${body['0'], 0=${body['0'], 0=${body['0'], 0=${body['0'], 0=${body['0'], 0=${body['0'], 0=${body['0'], 0=${body['0'], 0=${body['0'], 0=${body['0'], 0=${body['0'], 0=${body['0'], 0=${body['0'], 0=${body['0'], 0=${body['0'], 0=${body['0'], 0=${body['0'], 0=${body['0'], 0=${body['0'], 0=${body['0'], 0=${body['0'], 0=${body['0'], 0=${body['0'], 0=${body['0'], 0=${body['0'], 0=${body['0'], 0=${body['0'], 0=${body['0'], 0=${body['0'], 0=${body['0'], 0=${body['0'], 0=${body['0'], 0=${body['0'], 0=${body['0'], 0=${body['0'], 0=${body['0'], 0=${body['0'], 0=${body['0'], 0=${body['0'], 0=${body['0'], 0=${body['0'], 0=${body['0'], 0=${body['0'], 0=${body['0'], 0=${body['0'], 0=${body['0'], 0=${body['0'], 0=${body['0'], 0=${body['0'], 0=${body['0'], 0=${body['0'], 0=${body['0'], 0=${body['0'], 0=${body['0'];;;codice_azienda=${body['codice_azienda'] AND id_procedura=${body['id_procedura'];;;;"`INSERT INTO entrasp.(codice_azienda, codice, descrizione_breve, id_procedura_parent, ordinamento, tree_path, frequenza, strumento_informatico, id_centro_gest, codice_part, descrizione, tipo_procedura, stato_attuazione, id_tipo_processo, 0, 0, 0, 0, 0, 0, 0, 0, 0, 0, 0, 0, 0, 0, 0, 0, 0, 0, 0, 0, 0, 0, 0, 0, 0, 0, 0, 0, 0, 0, 0, 0, 0, 0, 0, 0, 0, 0, 0, 0, 0, 0, 0, 0, 0, 0, 0, 0, 0, 0, 0, 0, 0, 0, 0, 0, 0, 0, 0, 0, 0, 0, 0, 0)Values(${body['codice_azienda'], ${body['codice'], ${body['descrizione_breve'], ${body[id_procedura_parent], ${body[ordinamento], ${body['tree_path'], ${body['frequenza'], ${body['strumento_informatico'], ${body[id_centro_gest], ${body['codice_part'], ${body['descrizione'], ${body['tipo_procedura'], ${body['stato_attuazione'], ${body[id_tipo_processo], ${body['0'], ${body['0'], ${body['0'], ${body['0'], ${body['0'], ${body['0'], ${body['0'], ${body['0'], ${body['0'], ${body['0'], ${body['0'], ${body['0'], ${body['0'], ${body['0'], ${body['0'], ${body['0'], ${body['0'], ${body['0'], ${body['0'], ${body['0'], ${body['0'], ${body['0'], ${body['0'], ${body['0'], ${body['0'], ${body['0'], ${body['0'], ${body['0'], ${body['0'], ${body['0'], ${body['0'], ${body['0'], ${body['0'], ${body['0'], ${body['0'], ${body['0'], ${body['0'], ${body['0'], ${body['0'], ${body['0'], ${body['0'], ${body['0'], ${body['0'], ${body['0'], ${body['0'], ${body['0'], ${body['0'], ${body['0'], ${body['0'], ${body['0'], ${body['0'], ${body['0'], ${body['0'], ${body['0'], ${body['0'], ${body['0'], ${body['0'], ${body['0'], ${body['0'], ${body['0'], ${body['0'], ${body['0'], ${body['0'], ${body['0'])RETURNING id_procedura;`";"`Update entrasp.SET WHERE codice_azienda=${body['codice_azienda'] AND id_procedura=${body['id_procedura'];`";"`DELETE FROM entrasp.WHERE codice_azienda=${body['codice_azienda'] AND id_procedura=${body['id_procedura'];`"
0;input;;;0;;false;true;true;false;false;false;0;;;codice_azienda, codice, descrizione_breve, id_procedura_parent, ordinamento, tree_path, frequenza, strumento_informatico, id_centro_gest, codice_part, descrizione, tipo_procedura, stato_attuazione, id_tipo_processo, 0, 0, 0, 0, 0, 0, 0, 0, 0, 0, 0, 0, 0, 0, 0, 0, 0, 0, 0, 0, 0, 0, 0, 0, 0, 0, 0, 0, 0, 0, 0, 0, 0, 0, 0, 0, 0, 0, 0, 0, 0, 0, 0, 0, 0, 0, 0, 0, 0, 0, 0, 0, 0, 0, 0, 0, 0, 0, 0, 0, 0, 0, 0, 0, 0;${body['codice_azienda'], ${body['codice'], ${body['descrizione_breve'], ${body[id_procedura_parent], ${body[ordinamento], ${body['tree_path'], ${body['frequenza'], ${body['strumento_informatico'], ${body[id_centro_gest], ${body['codice_part'], ${body['descrizione'], ${body['tipo_procedura'], ${body['stato_attuazione'], ${body[id_tipo_processo], ${body['0'], ${body['0'], ${body['0'], ${body['0'], ${body['0'], ${body['0'], ${body['0'], ${body['0'], ${body['0'], ${body['0'], ${body['0'], ${body['0'], ${body['0'], ${body['0'], ${body['0'], ${body['0'], ${body['0'], ${body['0'], ${body['0'], ${body['0'], ${body['0'], ${body['0'], ${body['0'], ${body['0'], ${body['0'], ${body['0'], ${body['0'], ${body['0'], ${body['0'], ${body['0'], ${body['0'], ${body['0'], ${body['0'], ${body['0'], ${body['0'], ${body['0'], ${body['0'], ${body['0'], ${body['0'], ${body['0'], ${body['0'], ${body['0'], ${body['0'], ${body['0'], ${body['0'], ${body['0'], ${body['0'], ${body['0'], ${body['0'], ${body['0'], ${body['0'], ${body['0'], ${body['0'], ${body['0'], ${body['0'], ${body['0'], ${body['0'], ${body['0'], ${body['0'], ${body['0'], ${body['0'], ${body['0'], ${body['0'], ${body['0'], ${body['0'];codice_azienda=${body['codice_azienda'], codice=${body['codice'], descrizione_breve=${body['descrizione_breve'], id_procedura_parent=${body[id_procedura_parent], ordinamento=${body[ordinamento], tree_path=${body['tree_path'], frequenza=${body['frequenza'], strumento_informatico=${body['strumento_informatico'], id_centro_gest=${body[id_centro_gest], codice_part=${body['codice_part'], descrizione=${body['descrizione'], tipo_procedura=${body['tipo_procedura'], stato_attuazione=${body['stato_attuazione'], id_tipo_processo=${body[id_tipo_processo], 0=${body['0'], 0=${body['0'], 0=${body['0'], 0=${body['0'], 0=${body['0'], 0=${body['0'], 0=${body['0'], 0=${body['0'], 0=${body['0'], 0=${body['0'], 0=${body['0'], 0=${body['0'], 0=${body['0'], 0=${body['0'], 0=${body['0'], 0=${body['0'], 0=${body['0'], 0=${body['0'], 0=${body['0'], 0=${body['0'], 0=${body['0'], 0=${body['0'], 0=${body['0'], 0=${body['0'], 0=${body['0'], 0=${body['0'], 0=${body['0'], 0=${body['0'], 0=${body['0'], 0=${body['0'], 0=${body['0'], 0=${body['0'], 0=${body['0'], 0=${body['0'], 0=${body['0'], 0=${body['0'], 0=${body['0'], 0=${body['0'], 0=${body['0'], 0=${body['0'], 0=${body['0'], 0=${body['0'], 0=${body['0'], 0=${body['0'], 0=${body['0'], 0=${body['0'], 0=${body['0'], 0=${body['0'], 0=${body['0'], 0=${body['0'], 0=${body['0'], 0=${body['0'], 0=${body['0'], 0=${body['0'], 0=${body['0'], 0=${body['0'], 0=${body['0'], 0=${body['0'], 0=${body['0'], 0=${body['0'], 0=${body['0'], 0=${body['0'], 0=${body['0'], 0=${body['0'], 0=${body['0'];;;codice_azienda=${body['codice_azienda'] AND id_procedura=${body['id_procedura'];;;;"`INSERT INTO entrasp.(codice_azienda, codice, descrizione_breve, id_procedura_parent, ordinamento, tree_path, frequenza, strumento_informatico, id_centro_gest, codice_part, descrizione, tipo_procedura, stato_attuazione, id_tipo_processo, 0, 0, 0, 0, 0, 0, 0, 0, 0, 0, 0, 0, 0, 0, 0, 0, 0, 0, 0, 0, 0, 0, 0, 0, 0, 0, 0, 0, 0, 0, 0, 0, 0, 0, 0, 0, 0, 0, 0, 0, 0, 0, 0, 0, 0, 0, 0, 0, 0, 0, 0, 0, 0, 0, 0, 0, 0, 0, 0, 0, 0, 0, 0, 0, 0)Values(${body['codice_azienda'], ${body['codice'], ${body['descrizione_breve'], ${body[id_procedura_parent], ${body[ordinamento], ${body['tree_path'], ${body['frequenza'], ${body['strumento_informatico'], ${body[id_centro_gest], ${body['codice_part'], ${body['descrizione'], ${body['tipo_procedura'], ${body['stato_attuazione'], ${body[id_tipo_processo], ${body['0'], ${body['0'], ${body['0'], ${body['0'], ${body['0'], ${body['0'], ${body['0'], ${body['0'], ${body['0'], ${body['0'], ${body['0'], ${body['0'], ${body['0'], ${body['0'], ${body['0'], ${body['0'], ${body['0'], ${body['0'], ${body['0'], ${body['0'], ${body['0'], ${body['0'], ${body['0'], ${body['0'], ${body['0'], ${body['0'], ${body['0'], ${body['0'], ${body['0'], ${body['0'], ${body['0'], ${body['0'], ${body['0'], ${body['0'], ${body['0'], ${body['0'], ${body['0'], ${body['0'], ${body['0'], ${body['0'], ${body['0'], ${body['0'], ${body['0'], ${body['0'], ${body['0'], ${body['0'], ${body['0'], ${body['0'], ${body['0'], ${body['0'], ${body['0'], ${body['0'], ${body['0'], ${body['0'], ${body['0'], ${body['0'], ${body['0'], ${body['0'], ${body['0'], ${body['0'], ${body['0'], ${body['0'], ${body['0'], ${body['0'], ${body['0'])RETURNING id_procedura;`";"`Update entrasp.SET WHERE codice_azienda=${body['codice_azienda'] AND id_procedura=${body['id_procedura'];`";"`DELETE FROM entrasp.WHERE codice_azienda=${body['codice_azienda'] AND id_procedura=${body['id_procedura'];`"
0;input;;;0;;false;true;true;false;false;false;0;;;codice_azienda, codice, descrizione_breve, id_procedura_parent, ordinamento, tree_path, frequenza, strumento_informatico, id_centro_gest, codice_part, descrizione, tipo_procedura, stato_attuazione, id_tipo_processo, 0, 0, 0, 0, 0, 0, 0, 0, 0, 0, 0, 0, 0, 0, 0, 0, 0, 0, 0, 0, 0, 0, 0, 0, 0, 0, 0, 0, 0, 0, 0, 0, 0, 0, 0, 0, 0, 0, 0, 0, 0, 0, 0, 0, 0, 0, 0, 0, 0, 0, 0, 0, 0, 0, 0, 0, 0, 0, 0, 0, 0, 0, 0, 0, 0, 0;${body['codice_azienda'], ${body['codice'], ${body['descrizione_breve'], ${body[id_procedura_parent], ${body[ordinamento], ${body['tree_path'], ${body['frequenza'], ${body['strumento_informatico'], ${body[id_centro_gest], ${body['codice_part'], ${body['descrizione'], ${body['tipo_procedura'], ${body['stato_attuazione'], ${body[id_tipo_processo], ${body['0'], ${body['0'], ${body['0'], ${body['0'], ${body['0'], ${body['0'], ${body['0'], ${body['0'], ${body['0'], ${body['0'], ${body['0'], ${body['0'], ${body['0'], ${body['0'], ${body['0'], ${body['0'], ${body['0'], ${body['0'], ${body['0'], ${body['0'], ${body['0'], ${body['0'], ${body['0'], ${body['0'], ${body['0'], ${body['0'], ${body['0'], ${body['0'], ${body['0'], ${body['0'], ${body['0'], ${body['0'], ${body['0'], ${body['0'], ${body['0'], ${body['0'], ${body['0'], ${body['0'], ${body['0'], ${body['0'], ${body['0'], ${body['0'], ${body['0'], ${body['0'], ${body['0'], ${body['0'], ${body['0'], ${body['0'], ${body['0'], ${body['0'], ${body['0'], ${body['0'], ${body['0'], ${body['0'], ${body['0'], ${body['0'], ${body['0'], ${body['0'], ${body['0'], ${body['0'], ${body['0'], ${body['0'], ${body['0'], ${body['0'], ${body['0'], ${body['0'];codice_azienda=${body['codice_azienda'], codice=${body['codice'], descrizione_breve=${body['descrizione_breve'], id_procedura_parent=${body[id_procedura_parent], ordinamento=${body[ordinamento], tree_path=${body['tree_path'], frequenza=${body['frequenza'], strumento_informatico=${body['strumento_informatico'], id_centro_gest=${body[id_centro_gest], codice_part=${body['codice_part'], descrizione=${body['descrizione'], tipo_procedura=${body['tipo_procedura'], stato_attuazione=${body['stato_attuazione'], id_tipo_processo=${body[id_tipo_processo], 0=${body['0'], 0=${body['0'], 0=${body['0'], 0=${body['0'], 0=${body['0'], 0=${body['0'], 0=${body['0'], 0=${body['0'], 0=${body['0'], 0=${body['0'], 0=${body['0'], 0=${body['0'], 0=${body['0'], 0=${body['0'], 0=${body['0'], 0=${body['0'], 0=${body['0'], 0=${body['0'], 0=${body['0'], 0=${body['0'], 0=${body['0'], 0=${body['0'], 0=${body['0'], 0=${body['0'], 0=${body['0'], 0=${body['0'], 0=${body['0'], 0=${body['0'], 0=${body['0'], 0=${body['0'], 0=${body['0'], 0=${body['0'], 0=${body['0'], 0=${body['0'], 0=${body['0'], 0=${body['0'], 0=${body['0'], 0=${body['0'], 0=${body['0'], 0=${body['0'], 0=${body['0'], 0=${body['0'], 0=${body['0'], 0=${body['0'], 0=${body['0'], 0=${body['0'], 0=${body['0'], 0=${body['0'], 0=${body['0'], 0=${body['0'], 0=${body['0'], 0=${body['0'], 0=${body['0'], 0=${body['0'], 0=${body['0'], 0=${body['0'], 0=${body['0'], 0=${body['0'], 0=${body['0'], 0=${body['0'], 0=${body['0'], 0=${body['0'], 0=${body['0'], 0=${body['0'], 0=${body['0'], 0=${body['0'];;;codice_azienda=${body['codice_azienda'] AND id_procedura=${body['id_procedura'];;;;"`INSERT INTO entrasp.(codice_azienda, codice, descrizione_breve, id_procedura_parent, ordinamento, tree_path, frequenza, strumento_informatico, id_centro_gest, codice_part, descrizione, tipo_procedura, stato_attuazione, id_tipo_processo, 0, 0, 0, 0, 0, 0, 0, 0, 0, 0, 0, 0, 0, 0, 0, 0, 0, 0, 0, 0, 0, 0, 0, 0, 0, 0, 0, 0, 0, 0, 0, 0, 0, 0, 0, 0, 0, 0, 0, 0, 0, 0, 0, 0, 0, 0, 0, 0, 0, 0, 0, 0, 0, 0, 0, 0, 0, 0, 0, 0, 0, 0, 0, 0, 0, 0)Values(${body['codice_azienda'], ${body['codice'], ${body['descrizione_breve'], ${body[id_procedura_parent], ${body[ordinamento], ${body['tree_path'], ${body['frequenza'], ${body['strumento_informatico'], ${body[id_centro_gest], ${body['codice_part'], ${body['descrizione'], ${body['tipo_procedura'], ${body['stato_attuazione'], ${body[id_tipo_processo], ${body['0'], ${body['0'], ${body['0'], ${body['0'], ${body['0'], ${body['0'], ${body['0'], ${body['0'], ${body['0'], ${body['0'], ${body['0'], ${body['0'], ${body['0'], ${body['0'], ${body['0'], ${body['0'], ${body['0'], ${body['0'], ${body['0'], ${body['0'], ${body['0'], ${body['0'], ${body['0'], ${body['0'], ${body['0'], ${body['0'], ${body['0'], ${body['0'], ${body['0'], ${body['0'], ${body['0'], ${body['0'], ${body['0'], ${body['0'], ${body['0'], ${body['0'], ${body['0'], ${body['0'], ${body['0'], ${body['0'], ${body['0'], ${body['0'], ${body['0'], ${body['0'], ${body['0'], ${body['0'], ${body['0'], ${body['0'], ${body['0'], ${body['0'], ${body['0'], ${body['0'], ${body['0'], ${body['0'], ${body['0'], ${body['0'], ${body['0'], ${body['0'], ${body['0'], ${body['0'], ${body['0'], ${body['0'], ${body['0'], ${body['0'], ${body['0'], ${body['0'])RETURNING id_procedura;`";"`Update entrasp.SET WHERE codice_azienda=${body['codice_azienda'] AND id_procedura=${body['id_procedura'];`";"`DELETE FROM entrasp.WHERE codice_azienda=${body['codice_azienda'] AND id_procedura=${body['id_procedura'];`"
;;;;;;;;;;;;;;;;;;;;;;;;;;
;;;;;;;;;;;;;;;;;;;;;;;;;;
;;;;;;;;;;;;;;;;;;;;;;;;;;
;;;;;;;;;;;;;;;;;;;;;;;;;;
;;;;;;;;;;;;;;;;;;;;;;;;;;
;;;;;;;;;;;;;;;;;;;;;;;;;;
;;;;;;;;;;;;;;;;;;;;;;;;;;
;;;;;;;;;;;;;;;;;;;;;;;;;;
;;;;;;;;;;;;;;;;;;;;;;;;;;
;;;;;;;;;;;;;;;;;;;;;;;;;;
;;;;;;;;;;;;;;;;;;;;;;;;;;
;;;;;;;;;;;;;;;;;;;;;;;;;;
;;;;;;;;;;;;;;;;;;;;;;;;;;
;;;;;;;;;;;;;;;;;;;;;;;;;;
;;;;;;;;;;;;;;;;;;;;;;;;;;
;;;;;;;;;;;;;;;;;;;;;;;;;;
;;;;;;;;;;;;;;;;;;;;;;;;;;
;input;;;;;true;true;true;;;;;;;;;;;;;;;;;;
;combobox;;;;;false;false;false;;;;;;;;;;;;;;;;;;
;;;;;;;;;;;;;;;;;;;;;;;;;;
;;;;;;;;;;;;;;;;;;;;;;;;;;
;;;;;;;;;;;;;;;;;;;;;;;;;;
;;;;;;;;;;;;;;;;;;;;;;;;;;
;;;;;;;;;;;;;;;;;;;;;;;;;;
;;;;;;;;;;;;;;;;;;;;;;;;;;
;;;;;;;;;;;;;;;;;;;;;;;;;;
;;;;;;;;;;;;;;;;;;;;;;;;;;
;;;;;;;;;;;;;;;;;;;;;;;;;;
;;;;;;;;;;;;;;;;;;;;;;;;;;
;;;;;;;;;;;;;;;;;;;;;;;;;;
;;;;;;;;;;;;;;;;;;;;;;;;;;
;;;;;;;;;;;;;;;;;;;;;;;;;;
;;;;;;;;;;;;;;;;;;;;;;;;;;
;;;;;;;;;;;;;;;;;;;;;;;;;;
;;;;;;;;;;;;;;;;;;;;;;;;;;
;;;;;;;;;;;;;;;;;;;;;;;;;;
;;;;;;;;;;;;;;;;;;;;;;;;;;
;;;;;;;;;;;;;;;;;;;;;;;;;;
;;;;;;;;;;;;;;;;;;;;;;;;;;
;;;;;;;;;;;;;;;;;;;;;;;;;;
;;;;;;;;;;;;;;;;;;;;;;;;;;
;;;;;;;;;;;;;;;;;;;;;;;;;;
;;;;;;;;;;;;;;;;;;;;;;;;;;
;;;;;;;;;;;;;;;;;;;;;;;;;;
;;;;;;;;;;;;;;;;;;;;;;;;;;
;;;;;;;;;;;;;;;;;;;;;;;;;;
;;;;;;;;;;;;;;;;;;;;;;;;;;
;;;;;;;;;;;;;;;;;;;;;;;;;;
;;;;;;;;;;;;;;;;;;;;;;;;;;
;;;;;;;;;;;;;;;;;;;;;;;;;;
;;;;;;;;;;;;;;;;;;;;;;;;;;
;;;;;;;;;;;;;;;;;;;;;;;;;;
;;;;;;;;;;;;;;;;;;;;;;;;;;
;;;;;;;;;;;;;;;;;;;;;;;;;;
;;;;;;;;;;;;;;;;;;;;;;;;;;
;;;;;;;;;;;;;;;;;;;;;;;;;;
;;;;;;;;;;;;;;;;;;;;;;;;;;
;;;;;;;;;;;;;;;;;;;;;;;;;;
;;;;;;;;;;;;;;;;;;;;;;;;;;
;;;;;;;;;;;;;;;;;;;;;;;;;;
;;;;;;;;;;;;;;;;;;;;;;;;;;
;;;;;;;;;;;;;;;;;;;;;;;;;;
;;;;;;;;;;;;;;;;;;;;;;;;;;
;;;;;;;;;;;;;;;;;;;;;;;;;;
;;;;;;;;;;;;;;;;;;;;;;;;;;
;;;;;;;;;;;;;;;;;;;;;;;;;;
;;;;;;;;;;;;;;;;;;;;;;;;;;
;;;;;;;;;;;;;;;;;;;;;;;;;;
;;;;;;;;;;;;;;;;;;;;;;;;;;
;;;;;;;;;;;;;;;;;;;;;;;;;;
;;;;;;;;;;;;;;;;;;;;;;;;;;
;;;;;;;;;;;;;;;;;;;;;;;;;;
;;;;;;;;;;;;;;;;;;;;;;;;;;
;;;;;;;;;;;;;;;;;;;;;;;;;;
;;;;;;;;;;;;;;;;;;;;;;;;;;
;;;;;;;;;;;;;;;;;;;;;;;;;;
;;;;;;;;;;;;;;;;;;;;;;;;;;
;;;;;;;;;;;;;;;;;;;;;;;;;;
;;;;;;;;;;;;;;;;;;;;;;;;;;
;;;;;;;;;;;;;;;;;;;;;;;;;;
;;;;;;;;;;;;;;;;;;;;;;;;;;
;;;;;;;;;;;;;;;;;;;;;;;;;;
;;;;;;;;;;;;;;;;;;;;;;;;;;
;;;;;;;;;;;;;;;;;;;;;;;;;;
;;;;;;;;;;;;;;;;;;;;;;;;;;
;;;;;;;;;;;;;;;;;;;;;;;;;;
;;;;;;;;;;;;;;;;;;;;;;;;;;
;;;;;;;;;;;;;;;;;;;;;;;;;;
;;;;;;;;;;;;;;;;;;;;;;;;;;
;;;;;;;;;;;;;;;;;;;;;;;;;;
;;;;;;;;;;;;;;;;;;;;;;;;;;
;;;;;;;;;;;;;;;;;;;;;;;;;;
;;;;;;;;;;;;;;;;;;;;;;;;;;
;;;;;;;;;;;;;;;;;;;;;;;;;;
;;;;;;;;;;;;;;;;;;;;;;;;;;
;;;;;;;;;;;;;;;;;;;;;;;;;;
;;;;;;;;;;;;;;;;;;;;;;;;;;
;;;;;;;;;;;;;;;;;;;;;;;;;;
;;;;;;;;;;;;;;;;;;;;;;;;;;
;;;;;;;;;;;;;;;;;;;;;;;;;;
;;;;;;;;;;;;;;;;;;;;;;;;;;
;;;;;;;;;;;;;;;;;;;;;;;;;;
;;;;;;;;;;;;;;;;;;;;;;;;;;
;;;;;;;;;;;;;;;;;;;;;;;;;;
;;;;;;;;;;;;;;;;;;;;;;;;;;
;;;;;;;;;;;;;;;;;;;;;;;;;;
;;;;;;;;;;;;;;;;;;;;;;;;;;
;;;;;;;;;;;;;;;;;;;;;;;;;;
;;;;;;;;;;;;;;;;;;;;;;;;;;
;;;;;;;;;;;;;;;;;;;;;;;;;;
;;;;;;;;;;;;;;;;;;;;;;;;;;
;;;;;;;;;;;;;;;;;;;;;;;;;;
;;;;;;;;;;;;;;;;;;;;;;;;;;
;;;;;;;;;;;;;;;;;;;;;;;;;;
;;;;;;;;;;;;;;;;;;;;;;;;;;
;;;;;;;;;;;;;;;;;;;;;;;;;;
;;;;;;;;;;;;;;;;;;;;;;;;;;
;;;;;;;;;;;;;;;;;;;;;;;;;;
;;;;;;;;;;;;;;;;;;;;;;;;;;
;;;;;;;;;;;;;;;;;;;;;;;;;;
;;;;;;;;;;;;;;;;;;;;;;;;;;
;;;;;;;;;;;;;;;;;;;;;;;;;;
;;;;;;;;;;;;;;;;;;;;;;;;;;
;;;;;;;;;;;;;;;;;;;;;;;;;;
;;;;;;;;;;;;;;;;;;;;;;;;;;
;;;;;;;;;;;;;;;;;;;;;;;;;;
;;;;;;;;;;;;;;;;;;;;;;;;;;
;;;;;;;;;;;;;;;;;;;;;;;;;;
;;;;;;;;;;;;;;;;;;;;;;;;;;
;;;;;;;;;;;;;;;;;;;;;;;;;;
;;;;;;;;;;;;;;;;;;;;;;;;;;
